Region index,Region label,Time,Speed [kmh],Free flow speed [kmh],Congestion level [%],Travel time per 10 km [min]
0,Bangkok,2025-01-01T00:00,37.1,48.1,29.5,16.1
0,Bangkok,2025-01-01T01:00,39.1,48.9,25.1,15.3
0,Bangkok,2025-01-01T02:00,46.8,49.3,5.3,12.8
0,Bangkok,2025-01-01T03:00,49.6,48.8,0,12
0,Bangkok,2025-01-01T04:00,51,49.4,0,11.7
0,Bangkok,2025-01-01T05:00,53.2,51.9,0,11.2
0,Bangkok,2025-01-01T06:00,54.4,53.6,0,11
0,Bangkok,2025-01-01T07:00,54,55.9,3.6,11.1
0,Bangkok,2025-01-01T08:00,52.6,56.3,7.1,11.4
0,Bangkok,2025-01-01T09:00,51.3,56.7,10.4,11.6
0,Bangkok,2025-01-01T10:00,49.5,57,15.3,12.1
0,Bangkok,2025-01-01T11:00,46.9,56.8,20.9,12.7
0,Bangkok,2025-01-01T12:00,46.1,56.6,22.8,13
0,Bangkok,2025-01-01T13:00,45.5,56.5,24.3,13.1
0,Bangkok,2025-01-01T14:00,44.4,56.4,27,13.4
0,Bangkok,2025-01-01T15:00,44,56.5,28.4,13.6
0,Bangkok,2025-01-01T16:00,44.2,56.6,28.1,13.5
0,Bangkok,2025-01-01T17:00,44.3,56.4,27.2,13.5
0,Bangkok,2025-01-01T18:00,42.8,55.7,30.1,14
0,Bangkok,2025-01-01T19:00,43.9,55.7,27,13.6
0,Bangkok,2025-01-01T20:00,46.1,55.7,20.8,13
0,Bangkok,2025-01-01T21:00,48.3,55.3,14.5,12.4
0,Bangkok,2025-01-01T22:00,49.8,54.9,10.1,12
0,Bangkok,2025-01-01T23:00,52.5,55.2,5.1,11.4
0,Bangkok,2025-01-02T00:00,53.8,55.1,2.4,11.1
0,Bangkok,2025-01-02T01:00,54.5,54.5,0,11
0,Bangkok,2025-01-02T02:00,55.3,54.3,0,10.8
0,Bangkok,2025-01-02T03:00,55.6,54.3,0,10.7
0,Bangkok,2025-01-02T04:00,57.8,57.3,0,10.3
0,Bangkok,2025-01-02T05:00,55.6,58.5,5.2,10.7
0,Bangkok,2025-01-02T06:00,49.2,56.7,15.3,12.1
0,Bangkok,2025-01-02T07:00,45.6,54.5,19.4,13.1
0,Bangkok,2025-01-02T08:00,46.5,53.7,15.4,12.8
0,Bangkok,2025-01-02T09:00,47.9,54.7,14.3,12.5
0,Bangkok,2025-01-02T10:00,47.2,55.3,16.9,12.6
0,Bangkok,2025-01-02T11:00,45.9,55,19.7,13
0,Bangkok,2025-01-02T12:00,44.8,54.5,21.7,13.3
0,Bangkok,2025-01-02T13:00,44.9,54.8,21.9,13.3
0,Bangkok,2025-01-02T14:00,44.9,55.1,22.5,13.3
0,Bangkok,2025-01-02T15:00,44.3,55.1,24.2,13.5
0,Bangkok,2025-01-02T16:00,42.1,54.7,30,14.2
0,Bangkok,2025-01-02T17:00,38.7,54.2,40.1,15.4
0,Bangkok,2025-01-02T18:00,37.6,53.3,41.5,15.9
0,Bangkok,2025-01-02T19:00,41.4,53.1,28.2,14.4
0,Bangkok,2025-01-02T20:00,44.5,53.3,19.7,13.4
0,Bangkok,2025-01-02T21:00,46.5,53.1,14.2,12.8
0,Bangkok,2025-01-02T22:00,47.9,52.9,10.3,12.5
0,Bangkok,2025-01-02T23:00,50.1,52.9,5.5,11.9
0,Bangkok,2025-01-03T00:00,51,52.3,2.5,11.7
0,Bangkok,2025-01-03T01:00,52.2,52.6,0.8,11.4
0,Bangkok,2025-01-03T02:00,52.7,52.9,0.3,11.3
0,Bangkok,2025-01-03T03:00,54.5,54.4,0,10.9
0,Bangkok,2025-01-03T04:00,55.1,55.8,1.3,10.8
0,Bangkok,2025-01-03T05:00,53.9,57,5.7,11.1
0,Bangkok,2025-01-03T06:00,48.3,55.8,15.5,12.4
0,Bangkok,2025-01-03T07:00,44.3,54.1,22,13.5
0,Bangkok,2025-01-03T08:00,44.2,53.7,21.5,13.5
0,Bangkok,2025-01-03T09:00,44.5,54.6,22.5,13.4
0,Bangkok,2025-01-03T10:00,43.6,55,26,13.7
0,Bangkok,2025-01-03T11:00,42.6,54.8,28.7,14
0,Bangkok,2025-01-03T12:00,42.3,54.6,29.1,14.1
0,Bangkok,2025-01-03T13:00,41.9,54.6,30.3,14.3
0,Bangkok,2025-01-03T14:00,41.4,55.1,33,14.4
0,Bangkok,2025-01-03T15:00,40.8,55,34.5,14.6
0,Bangkok,2025-01-03T16:00,39.5,54.8,38.6,15.1
0,Bangkok,2025-01-03T17:00,35.7,54.2,51.9,16.8
0,Bangkok,2025-01-03T18:00,35.3,53.4,51.2,16.9
0,Bangkok,2025-01-03T19:00,39.4,53,34.3,15.2
0,Bangkok,2025-01-03T20:00,42.2,53.1,25.6,14.1
0,Bangkok,2025-01-03T21:00,43.6,52.6,20.6,13.7
0,Bangkok,2025-01-03T22:00,44.6,51.8,15.9,13.4
0,Bangkok,2025-01-03T23:00,47.2,51.5,9,12.6
0,Bangkok,2025-01-04T00:00,49.4,51.7,4.6,12.1
0,Bangkok,2025-01-04T01:00,50.3,51.4,2.2,11.9
0,Bangkok,2025-01-04T02:00,50.4,51.2,1.4,11.8
0,Bangkok,2025-01-04T03:00,51.7,52.1,0.8,11.5
0,Bangkok,2025-01-04T04:00,53.2,54.2,1.8,11.2
0,Bangkok,2025-01-04T05:00,54.3,56.8,4.5,11
0,Bangkok,2025-01-04T06:00,53.4,57,6.7,11.2
0,Bangkok,2025-01-04T07:00,50.6,55.7,10,11.8
0,Bangkok,2025-01-04T08:00,47.2,55,16.4,12.6
0,Bangkok,2025-01-04T09:00,44.7,55.5,24,13.4
0,Bangkok,2025-01-04T10:00,41.9,55.4,32.2,14.3
0,Bangkok,2025-01-04T11:00,39.6,54.8,38.4,15.1
0,Bangkok,2025-01-04T12:00,38.4,54.5,41.9,15.6
0,Bangkok,2025-01-04T13:00,38.9,54.5,39.8,15.3
0,Bangkok,2025-01-04T14:00,39,54.6,40,15.3
0,Bangkok,2025-01-04T15:00,38.6,54.6,41.1,15.5
0,Bangkok,2025-01-04T16:00,38.9,54.6,40.3,15.4
0,Bangkok,2025-01-04T17:00,37.8,54.3,43.6,15.8
0,Bangkok,2025-01-04T18:00,38.2,53.7,40.6,15.6
0,Bangkok,2025-01-04T19:00,40.2,53.4,32.7,14.8
0,Bangkok,2025-01-04T20:00,42.2,53.5,26.7,14.2
0,Bangkok,2025-01-04T21:00,43.3,52.8,21.9,13.8
0,Bangkok,2025-01-04T22:00,44.5,52.3,17.4,13.4
0,Bangkok,2025-01-04T23:00,47.4,52.5,10.7,12.6
0,Bangkok,2025-01-05T00:00,48.9,52.1,6.5,12.2
0,Bangkok,2025-01-05T01:00,50.1,52.1,3.9,11.9
0,Bangkok,2025-01-05T02:00,50.9,51.6,1.3,11.7
0,Bangkok,2025-01-05T03:00,51.6,51.9,0.5,11.6
0,Bangkok,2025-01-05T04:00,53.8,54.1,0.4,11.1
0,Bangkok,2025-01-05T05:00,54.7,56.7,3.6,10.9
0,Bangkok,2025-01-05T06:00,53.5,56.7,5.9,11.1
0,Bangkok,2025-01-05T07:00,52.2,55.8,6.7,11.4
0,Bangkok,2025-01-05T08:00,49,55,12.3,12.2
0,Bangkok,2025-01-05T09:00,46.4,54.9,18.3,12.9
0,Bangkok,2025-01-05T10:00,44.4,55,23.9,13.5
0,Bangkok,2025-01-05T11:00,42.2,54.9,29.9,14.1
0,Bangkok,2025-01-05T12:00,40.8,54.7,33.9,14.6
0,Bangkok,2025-01-05T13:00,40.5,54.9,35.5,14.7
0,Bangkok,2025-01-05T14:00,39.7,55.1,38.6,15
0,Bangkok,2025-01-05T15:00,38.6,55,42.4,15.5
0,Bangkok,2025-01-05T16:00,37.9,55.2,45.6,15.8
0,Bangkok,2025-01-05T17:00,37.7,54.8,45.3,15.9
0,Bangkok,2025-01-05T18:00,38.2,54.1,41.7,15.7
0,Bangkok,2025-01-05T19:00,40.5,54.1,33.4,14.7
0,Bangkok,2025-01-05T20:00,43,54.2,25.8,13.9
0,Bangkok,2025-01-05T21:00,45,53.9,19.6,13.3
0,Bangkok,2025-01-05T22:00,46.6,53.2,14.1,12.8
0,Bangkok,2025-01-05T23:00,48.4,53.3,10.1,12.3
0,Bangkok,2025-01-06T00:00,50.4,52.4,3.9,11.8
0,Bangkok,2025-01-06T01:00,51.5,52.2,1.4,11.6
0,Bangkok,2025-01-06T02:00,51.6,51.7,0.1,11.6
0,Bangkok,2025-01-06T03:00,53,53.2,0.4,11.3
0,Bangkok,2025-01-06T04:00,55.3,56.3,1.7,10.8
0,Bangkok,2025-01-06T05:00,51.5,57.7,12.1,11.6
0,Bangkok,2025-01-06T06:00,36.5,55.7,52.4,16.3
0,Bangkok,2025-01-06T07:00,28,53.1,89.7,21.3
0,Bangkok,2025-01-06T08:00,29,53,82.4,20.6
0,Bangkok,2025-01-06T09:00,32.9,53.7,63.4,18.2
0,Bangkok,2025-01-06T10:00,36.6,54.6,48.9,16.3
0,Bangkok,2025-01-06T11:00,38.5,54.4,41.2,15.5
0,Bangkok,2025-01-06T12:00,39.2,54.3,38.3,15.2
0,Bangkok,2025-01-06T13:00,39,54.3,38.9,15.3
0,Bangkok,2025-01-06T14:00,37.9,54.3,43.3,15.8
0,Bangkok,2025-01-06T15:00,35.8,54.2,51.4,16.7
0,Bangkok,2025-01-06T16:00,32.5,53.5,64.7,18.4
0,Bangkok,2025-01-06T17:00,28.4,53,86.4,21
0,Bangkok,2025-01-06T18:00,26.9,52.3,94.1,22.2
0,Bangkok,2025-01-06T19:00,32,52.1,63,18.7
0,Bangkok,2025-01-06T20:00,38.3,51.9,35.1,15.6
0,Bangkok,2025-01-06T21:00,42,51.2,21.9,14.2
0,Bangkok,2025-01-06T22:00,44,50.4,14.5,13.6
0,Bangkok,2025-01-06T23:00,46.6,50.3,7.9,12.8
0,Bangkok,2025-01-07T00:00,48,50,4.3,12.4
0,Bangkok,2025-01-07T01:00,49,50.2,2.5,12.2
0,Bangkok,2025-01-07T02:00,49.9,50.8,1.7,12
0,Bangkok,2025-01-07T03:00,51.3,52.1,1.4,11.6
0,Bangkok,2025-01-07T04:00,53.5,55.3,3.3,11.2
0,Bangkok,2025-01-07T05:00,50.6,56.6,11.9,11.8
0,Bangkok,2025-01-07T06:00,36.7,54.8,49.3,16.3
0,Bangkok,2025-01-07T07:00,28.2,52.7,86.7,21.2
0,Bangkok,2025-01-07T08:00,28.4,52.8,85.6,21
0,Bangkok,2025-01-07T09:00,31.4,53.8,71.2,19
0,Bangkok,2025-01-07T10:00,33.8,54.4,60.7,17.7
0,Bangkok,2025-01-07T11:00,35.2,54.2,54.1,17
0,Bangkok,2025-01-07T12:00,35.9,54.1,50.6,16.6
0,Bangkok,2025-01-07T13:00,36.7,54.3,47.7,16.3
0,Bangkok,2025-01-07T14:00,35.3,54.2,53.3,16.9
0,Bangkok,2025-01-07T15:00,33.4,54,61.7,17.9
0,Bangkok,2025-01-07T16:00,30.7,53.7,75,19.5
0,Bangkok,2025-01-07T17:00,27,53.1,96.7,22.2
0,Bangkok,2025-01-07T18:00,25.9,52.3,101.4,23
0,Bangkok,2025-01-07T19:00,30.5,52.1,70.7,19.6
0,Bangkok,2025-01-07T20:00,36.8,51.9,41.1,16.3
0,Bangkok,2025-01-07T21:00,40.7,51.2,25.9,14.7
0,Bangkok,2025-01-07T22:00,43,50.2,16.7,13.9
0,Bangkok,2025-01-07T23:00,45.6,50,9.7,13.1
0,Bangkok,2025-01-08T00:00,47.7,50.1,5,12.5
0,Bangkok,2025-01-08T01:00,48.2,49.6,2.8,12.4
0,Bangkok,2025-01-08T02:00,49.1,50.1,1.8,12.1
0,Bangkok,2025-01-08T03:00,50.4,51.6,2.3,11.8
0,Bangkok,2025-01-08T04:00,52.9,54.9,3.7,11.3
0,Bangkok,2025-01-08T05:00,50.5,56.5,11.9,11.8
0,Bangkok,2025-01-08T06:00,36.8,54.7,48.7,16.2
0,Bangkok,2025-01-08T07:00,28.3,52.8,86.5,21.1
0,Bangkok,2025-01-08T08:00,28.7,52.7,83.4,20.8
0,Bangkok,2025-01-08T09:00,31.7,53.9,69.9,18.9
0,Bangkok,2025-01-08T10:00,33.7,54.3,60.9,17.7
0,Bangkok,2025-01-08T11:00,35.3,54.4,53.9,16.9
0,Bangkok,2025-01-08T12:00,36.2,54.2,49.8,16.5
0,Bangkok,2025-01-08T13:00,36.9,54.3,46.9,16.2
0,Bangkok,2025-01-08T14:00,35.4,54.4,53.8,16.9
0,Bangkok,2025-01-08T15:00,32.9,54.3,65.1,18.2
0,Bangkok,2025-01-08T16:00,30.6,53.9,76.1,19.6
0,Bangkok,2025-01-08T17:00,27.3,53.3,95.1,21.9
0,Bangkok,2025-01-08T18:00,26,52.4,101.1,23
0,Bangkok,2025-01-08T19:00,30.2,52,72.3,19.8
0,Bangkok,2025-01-08T20:00,36.4,52,42.8,16.4
0,Bangkok,2025-01-08T21:00,40.2,51.1,27.1,14.9
0,Bangkok,2025-01-08T22:00,42.4,50.1,18,14.1
0,Bangkok,2025-01-08T23:00,45.4,49.8,9.8,13.2
0,Bangkok,2025-01-09T00:00,46.8,49.6,5.9,12.7
0,Bangkok,2025-01-09T01:00,48,49.6,3.3,12.4
0,Bangkok,2025-01-09T02:00,48.9,50,2.1,12.2
0,Bangkok,2025-01-09T03:00,50.7,51.8,2,11.8
0,Bangkok,2025-01-09T04:00,52.3,54.3,3.8,11.4
0,Bangkok,2025-01-09T05:00,50.6,56.4,11.4,11.8
0,Bangkok,2025-01-09T06:00,37.3,54.9,46.9,16
0,Bangkok,2025-01-09T07:00,28.8,52.8,83,20.7
0,Bangkok,2025-01-09T08:00,29.7,52.9,77.9,20.1
0,Bangkok,2025-01-09T09:00,32.5,54,66.2,18.4
0,Bangkok,2025-01-09T10:00,34.5,54.5,58.1,17.3
0,Bangkok,2025-01-09T11:00,35.6,54.3,52.4,16.8
0,Bangkok,2025-01-09T12:00,36.3,54.3,49.4,16.4
0,Bangkok,2025-01-09T13:00,36.8,54.3,47.6,16.2
0,Bangkok,2025-01-09T14:00,35.5,54.5,53.2,16.8
0,Bangkok,2025-01-09T15:00,33.3,54.4,63.4,18
0,Bangkok,2025-01-09T16:00,30.5,53.8,76.1,19.6
0,Bangkok,2025-01-09T17:00,27.1,53.1,95.5,22
0,Bangkok,2025-01-09T18:00,26.6,52.2,96.4,22.5
0,Bangkok,2025-01-09T19:00,31.4,52.1,65.7,19
0,Bangkok,2025-01-09T20:00,37.2,51.9,39.4,16
0,Bangkok,2025-01-09T21:00,40.2,51.2,27.1,14.8
0,Bangkok,2025-01-09T22:00,42,50.3,19.8,14.2
0,Bangkok,2025-01-09T23:00,44.8,50.1,11.8,13.3
0,Bangkok,2025-01-10T00:00,46.7,49.8,6.6,12.8
0,Bangkok,2025-01-10T01:00,48.2,49.5,2.7,12.4
0,Bangkok,2025-01-10T02:00,48.6,49.5,1.9,12.3
0,Bangkok,2025-01-10T03:00,50.3,51.5,2.3,11.9
0,Bangkok,2025-01-10T04:00,52.1,54.2,4.1,11.5
0,Bangkok,2025-01-10T05:00,50.9,56.5,10.9,11.7
0,Bangkok,2025-01-10T06:00,38.4,54.8,42.8,15.6
0,Bangkok,2025-01-10T07:00,30.7,53,72.5,19.5
0,Bangkok,2025-01-10T08:00,32.1,53.1,65.1,18.6
0,Bangkok,2025-01-10T09:00,34.8,54.3,55.9,17.2
0,Bangkok,2025-01-10T10:00,35.2,54.5,54.6,17
0,Bangkok,2025-01-10T11:00,35.3,54.3,53.6,16.9
0,Bangkok,2025-01-10T12:00,35.3,54.4,53.9,16.9
0,Bangkok,2025-01-10T13:00,35.2,54.4,54.6,17
0,Bangkok,2025-01-10T14:00,33,54.4,64.8,18.1
0,Bangkok,2025-01-10T15:00,30.3,54.3,79,19.7
0,Bangkok,2025-01-10T16:00,28.1,54,91.8,21.3
0,Bangkok,2025-01-10T17:00,25.3,53.2,110,23.6
0,Bangkok,2025-01-10T18:00,25.2,52.5,108.1,23.7
0,Bangkok,2025-01-10T19:00,30.1,52.8,75,19.8
0,Bangkok,2025-01-10T20:00,36.4,53,45.6,16.4
0,Bangkok,2025-01-10T21:00,38.7,52.1,34.8,15.5
0,Bangkok,2025-01-10T22:00,39.5,51.3,29.7,15.1
0,Bangkok,2025-01-10T23:00,43,50.5,17.5,13.9
0,Bangkok,2025-01-11T00:00,45.6,50.1,9.8,13.1
0,Bangkok,2025-01-11T01:00,46.8,49.6,5.9,12.8
0,Bangkok,2025-01-11T02:00,47.1,48.9,3.8,12.7
0,Bangkok,2025-01-11T03:00,48.7,50.1,2.9,12.3
0,Bangkok,2025-01-11T04:00,52,53.3,2.5,11.5
0,Bangkok,2025-01-11T05:00,54.1,56.5,4.5,11
0,Bangkok,2025-01-11T06:00,51.1,56.8,11.1,11.7
0,Bangkok,2025-01-11T07:00,47.8,55.9,16.9,12.5
0,Bangkok,2025-01-11T08:00,43.3,55.6,28.2,13.8
0,Bangkok,2025-01-11T09:00,40.1,55.8,38.9,14.9
0,Bangkok,2025-01-11T10:00,37.3,55.5,48.7,16
0,Bangkok,2025-01-11T11:00,35.3,55,55.7,16.9
0,Bangkok,2025-01-11T12:00,34.1,54.6,60,17.5
0,Bangkok,2025-01-11T13:00,34.5,54.4,57.5,17.3
0,Bangkok,2025-01-11T14:00,34.7,54.6,57,17.2
0,Bangkok,2025-01-11T15:00,34.4,54.5,58.2,17.3
0,Bangkok,2025-01-11T16:00,34,54.3,59.4,17.6
0,Bangkok,2025-01-11T17:00,32.9,54,63.9,18.2
0,Bangkok,2025-01-11T18:00,34.1,53.3,56.4,17.5
0,Bangkok,2025-01-11T19:00,37.4,53,41.4,16
0,Bangkok,2025-01-11T20:00,39.8,52.7,32.4,15
0,Bangkok,2025-01-11T21:00,40.6,52.1,28.3,14.7
0,Bangkok,2025-01-11T22:00,41.4,51.2,23.7,14.4
0,Bangkok,2025-01-11T23:00,44.2,50.5,14.2,13.5
0,Bangkok,2025-01-12T00:00,46.5,50,7.5,12.8
0,Bangkok,2025-01-12T01:00,47.6,49.6,4.1,12.5
0,Bangkok,2025-01-12T02:00,48,49.2,2.4,12.4
0,Bangkok,2025-01-12T03:00,49.5,49.9,0.7,12.1
0,Bangkok,2025-01-12T04:00,52.2,52.4,0.4,11.4
0,Bangkok,2025-01-12T05:00,54.9,55.9,1.9,10.9
0,Bangkok,2025-01-12T06:00,53.4,56.3,5.5,11.2
0,Bangkok,2025-01-12T07:00,51.4,55.8,8.4,11.6
0,Bangkok,2025-01-12T08:00,47.7,54.9,15.2,12.5
0,Bangkok,2025-01-12T09:00,45.5,55,20.9,13.1
0,Bangkok,2025-01-12T10:00,43.4,55,26.7,13.8
0,Bangkok,2025-01-12T11:00,41.3,54.6,32.2,14.5
0,Bangkok,2025-01-12T12:00,40.1,54.5,35.8,14.9
0,Bangkok,2025-01-12T13:00,39.9,54.5,36.5,15
0,Bangkok,2025-01-12T14:00,39.7,54.8,37.9,15
0,Bangkok,2025-01-12T15:00,38.8,54.9,41.3,15.4
0,Bangkok,2025-01-12T16:00,37.8,54.9,45.1,15.8
0,Bangkok,2025-01-12T17:00,37.5,54.8,46.1,15.9
0,Bangkok,2025-01-12T18:00,38,54,41.9,15.7
0,Bangkok,2025-01-12T19:00,40,54,35.2,14.9
0,Bangkok,2025-01-12T20:00,41.8,54,29,14.3
0,Bangkok,2025-01-12T21:00,43.5,53.4,22.7,13.7
0,Bangkok,2025-01-12T22:00,45.1,52.4,16.2,13.2
0,Bangkok,2025-01-12T23:00,48,51.7,7.6,12.4
0,Bangkok,2025-01-13T00:00,49.9,51.4,2.9,12
0,Bangkok,2025-01-13T01:00,50.1,50.5,0.8,11.9
0,Bangkok,2025-01-13T02:00,50.3,50.7,0.6,11.9
0,Bangkok,2025-01-13T03:00,51.8,52.1,0.5,11.5
0,Bangkok,2025-01-13T04:00,54.6,55.7,2,10.9
0,Bangkok,2025-01-13T05:00,51.8,57.9,11.9,11.5
0,Bangkok,2025-01-13T06:00,36.9,55.6,50.6,16.2
0,Bangkok,2025-01-13T07:00,27.9,53,89.9,21.4
0,Bangkok,2025-01-13T08:00,28.8,53.1,84,20.7
0,Bangkok,2025-01-13T09:00,33,54,63.6,18.1
0,Bangkok,2025-01-13T10:00,36.4,54.6,50,16.4
0,Bangkok,2025-01-13T11:00,37.2,54.3,45.8,16
0,Bangkok,2025-01-13T12:00,38,54.4,43,15.7
0,Bangkok,2025-01-13T13:00,38.8,54.4,40,15.4
0,Bangkok,2025-01-13T14:00,37.6,54.4,44.8,15.9
0,Bangkok,2025-01-13T15:00,35.2,54.1,53.6,17
0,Bangkok,2025-01-13T16:00,32.3,53.8,66.4,18.5
0,Bangkok,2025-01-13T17:00,28.3,53.2,87.8,21.1
0,Bangkok,2025-01-13T18:00,27.6,52.4,89.4,21.6
0,Bangkok,2025-01-13T19:00,32.2,51.9,60.9,18.5
0,Bangkok,2025-01-13T20:00,38.5,51.9,34.6,15.5
0,Bangkok,2025-01-13T21:00,41.7,51.1,22.4,14.3
0,Bangkok,2025-01-13T22:00,43.2,50.4,16.4,13.8
0,Bangkok,2025-01-13T23:00,45.5,50.1,10.2,13.1
0,Bangkok,2025-01-14T00:00,48.1,50.3,4.5,12.4
0,Bangkok,2025-01-14T01:00,49.5,50.7,2.5,12.1
0,Bangkok,2025-01-14T02:00,49.6,50.5,1.7,12
0,Bangkok,2025-01-14T03:00,51.2,52,1.5,11.7
0,Bangkok,2025-01-14T04:00,53.4,55,3,11.2
0,Bangkok,2025-01-14T05:00,50.5,56.4,11.7,11.8
0,Bangkok,2025-01-14T06:00,37.2,54.8,47,16
0,Bangkok,2025-01-14T07:00,28.6,52.8,84.2,20.9
0,Bangkok,2025-01-14T08:00,28.8,52.9,83.3,20.7
0,Bangkok,2025-01-14T09:00,31.5,54,71.1,19
0,Bangkok,2025-01-14T10:00,33.8,54.2,60.1,17.6
0,Bangkok,2025-01-14T11:00,36.1,54.3,50.2,16.5
0,Bangkok,2025-01-14T12:00,37.2,54.3,45.9,16.1
0,Bangkok,2025-01-14T13:00,37.4,54.2,44.7,16
0,Bangkok,2025-01-14T14:00,36.2,54.4,49.9,16.5
0,Bangkok,2025-01-14T15:00,33.9,54.3,59.9,17.6
0,Bangkok,2025-01-14T16:00,31.5,53.8,70.6,18.9
0,Bangkok,2025-01-14T17:00,27.6,53.1,92.1,21.7
0,Bangkok,2025-01-14T18:00,27.2,52.5,92.7,22
0,Bangkok,2025-01-14T19:00,31.5,52,64.7,18.9
0,Bangkok,2025-01-14T20:00,37.4,52,38.8,16
0,Bangkok,2025-01-14T21:00,40.9,51.2,25.1,14.6
0,Bangkok,2025-01-14T22:00,42.9,50.5,17.7,13.9
0,Bangkok,2025-01-14T23:00,45.2,49.9,10.3,13.2
0,Bangkok,2025-01-15T00:00,47.4,49.9,5.1,12.6
0,Bangkok,2025-01-15T01:00,48.2,49.7,3,12.4
0,Bangkok,2025-01-15T02:00,49.4,50.3,1.8,12.1
0,Bangkok,2025-01-15T03:00,50.9,52,2.1,11.7
0,Bangkok,2025-01-15T04:00,53.2,55.1,3.4,11.2
0,Bangkok,2025-01-15T05:00,50.5,56.4,11.5,11.8
0,Bangkok,2025-01-15T06:00,37.4,54.8,46.3,16
0,Bangkok,2025-01-15T07:00,29.2,52.8,80.7,20.5
0,Bangkok,2025-01-15T08:00,29.6,53.1,79.2,20.2
0,Bangkok,2025-01-15T09:00,31.8,54,69.4,18.8
0,Bangkok,2025-01-15T10:00,34.2,54.4,59,17.5
0,Bangkok,2025-01-15T11:00,34.8,54,55.1,17.2
0,Bangkok,2025-01-15T12:00,35.9,54.1,50.9,16.7
0,Bangkok,2025-01-15T13:00,36.7,54.1,47.4,16.3
0,Bangkok,2025-01-15T14:00,35.4,54.2,52.9,16.9
0,Bangkok,2025-01-15T15:00,33.5,54.2,61.5,17.8
0,Bangkok,2025-01-15T16:00,31.1,53.9,73.4,19.2
0,Bangkok,2025-01-15T17:00,27.4,53.2,94.3,21.8
0,Bangkok,2025-01-15T18:00,26.5,52.4,97.3,22.5
0,Bangkok,2025-01-15T19:00,30.9,52,68,19.3
0,Bangkok,2025-01-15T20:00,36.7,51.9,41.4,16.3
0,Bangkok,2025-01-15T21:00,40,51.1,27.9,14.9
0,Bangkok,2025-01-15T22:00,41.8,50.2,19.9,14.3
0,Bangkok,2025-01-15T23:00,44.8,50.2,11.9,13.3
0,Bangkok,2025-01-16T00:00,47.2,50.1,5.9,12.6
0,Bangkok,2025-01-16T01:00,47.9,49.9,4,12.5
0,Bangkok,2025-01-16T02:00,48.6,50.1,3,12.3
0,Bangkok,2025-01-16T03:00,50,51.4,2.6,11.9
0,Bangkok,2025-01-16T04:00,52.8,54.3,2.7,11.3
0,Bangkok,2025-01-16T05:00,52,56.7,9,11.5
0,Bangkok,2025-01-16T06:00,42.8,56.1,30.9,13.9
0,Bangkok,2025-01-16T07:00,35.5,54.3,53,16.8
0,Bangkok,2025-01-16T08:00,33.6,53.5,59,17.8
0,Bangkok,2025-01-16T09:00,34.8,54.3,56.1,17.2
0,Bangkok,2025-01-16T10:00,35.6,54.7,53.5,16.8
0,Bangkok,2025-01-16T11:00,35.9,54.2,51,16.6
0,Bangkok,2025-01-16T12:00,36.6,54.4,48.6,16.3
0,Bangkok,2025-01-16T13:00,37,54.4,47,16.2
0,Bangkok,2025-01-16T14:00,36.6,54.7,49.3,16.3
0,Bangkok,2025-01-16T15:00,35.9,54.7,52.1,16.6
0,Bangkok,2025-01-16T16:00,33.9,54.3,60.2,17.6
0,Bangkok,2025-01-16T17:00,29.5,53.5,81.2,20.3
0,Bangkok,2025-01-16T18:00,28.7,52.6,82.9,20.8
0,Bangkok,2025-01-16T19:00,33,52.3,58.2,18.1
0,Bangkok,2025-01-16T20:00,38,52.2,37.2,15.7
0,Bangkok,2025-01-16T21:00,40,51.2,28.1,14.9
0,Bangkok,2025-01-16T22:00,41.7,50.4,20.9,14.3
0,Bangkok,2025-01-16T23:00,45,50.4,11.9,13.3
0,Bangkok,2025-01-17T00:00,47,49.8,5.9,12.7
0,Bangkok,2025-01-17T01:00,48.3,50,3.5,12.4
0,Bangkok,2025-01-17T02:00,49.1,50.3,2.5,12.2
0,Bangkok,2025-01-17T03:00,50.1,51.7,3,11.9
0,Bangkok,2025-01-17T04:00,52.8,54.8,3.7,11.3
0,Bangkok,2025-01-17T05:00,50.7,56.4,11.1,11.8
0,Bangkok,2025-01-17T06:00,38.8,54.9,41.5,15.4
0,Bangkok,2025-01-17T07:00,30.9,52.9,70.9,19.3
0,Bangkok,2025-01-17T08:00,32.3,53.5,65.4,18.5
0,Bangkok,2025-01-17T09:00,35,54.5,55.5,17.1
0,Bangkok,2025-01-17T10:00,36.3,54.7,50.7,16.5
0,Bangkok,2025-01-17T11:00,36.7,54.6,48.5,16.3
0,Bangkok,2025-01-17T12:00,36.7,54.5,48.1,16.3
0,Bangkok,2025-01-17T13:00,36.6,54.6,49.2,16.3
0,Bangkok,2025-01-17T14:00,34.9,54.7,56.7,17.1
0,Bangkok,2025-01-17T15:00,32.4,54.5,68,18.4
0,Bangkok,2025-01-17T16:00,29.4,54.1,84.2,20.4
0,Bangkok,2025-01-17T17:00,26.3,53.3,102.6,22.7
0,Bangkok,2025-01-17T18:00,26.6,52.8,98.4,22.5
0,Bangkok,2025-01-17T19:00,31.6,52.8,66.7,18.9
0,Bangkok,2025-01-17T20:00,36.7,52.7,43.6,16.3
0,Bangkok,2025-01-17T21:00,38.9,52.2,34.2,15.4
0,Bangkok,2025-01-17T22:00,39.3,51.2,30.3,15.2
0,Bangkok,2025-01-17T23:00,42.7,50.6,18.6,14
0,Bangkok,2025-01-18T00:00,45.3,50.2,10.7,13.2
0,Bangkok,2025-01-18T01:00,46.9,49.4,5.2,12.7
0,Bangkok,2025-01-18T02:00,47.3,49.2,3.9,12.6
0,Bangkok,2025-01-18T03:00,48.9,50.2,2.5,12.2
0,Bangkok,2025-01-18T04:00,52.4,53.6,2.1,11.4
0,Bangkok,2025-01-18T05:00,54,57.1,5.8,11.1
0,Bangkok,2025-01-18T06:00,51.7,57.2,10.5,11.5
0,Bangkok,2025-01-18T07:00,47.9,56.3,17.5,12.5
0,Bangkok,2025-01-18T08:00,43.3,55.7,28.4,13.8
0,Bangkok,2025-01-18T09:00,39.9,56,40.3,15
0,Bangkok,2025-01-18T10:00,36.5,55.5,52,16.4
0,Bangkok,2025-01-18T11:00,34,55,61.5,17.6
0,Bangkok,2025-01-18T12:00,32.4,54.5,67.7,18.4
0,Bangkok,2025-01-18T13:00,33.4,54.5,63,17.9
0,Bangkok,2025-01-18T14:00,34.3,54.6,58.9,17.4
0,Bangkok,2025-01-18T15:00,34,54.5,60.2,17.6
0,Bangkok,2025-01-18T16:00,33.2,54.4,63.7,18
0,Bangkok,2025-01-18T17:00,31.7,54,70.3,18.9
0,Bangkok,2025-01-18T18:00,33.6,53.5,59.4,17.8
0,Bangkok,2025-01-18T19:00,37.2,53.2,42.7,16
0,Bangkok,2025-01-18T20:00,39.2,52.8,34.6,15.2
0,Bangkok,2025-01-18T21:00,39.8,52,30.4,15
0,Bangkok,2025-01-18T22:00,41,51.2,24.8,14.6
0,Bangkok,2025-01-18T23:00,44,50.8,15.5,13.6
0,Bangkok,2025-01-19T00:00,46.4,50.3,8.4,12.9
0,Bangkok,2025-01-19T01:00,47.7,49.7,4.2,12.5
0,Bangkok,2025-01-19T02:00,48,49.5,2.9,12.4
0,Bangkok,2025-01-19T03:00,49.3,49.9,1.2,12.1
0,Bangkok,2025-01-19T04:00,52.1,52.5,0.6,11.4
0,Bangkok,2025-01-19T05:00,54.5,55.8,2.5,11
0,Bangkok,2025-01-19T06:00,53.1,56.3,5.8,11.2
0,Bangkok,2025-01-19T07:00,50.8,55.5,9,11.7
0,Bangkok,2025-01-19T08:00,47.6,55,15.5,12.5
0,Bangkok,2025-01-19T09:00,45.1,55,21.9,13.2
0,Bangkok,2025-01-19T10:00,42.7,54.9,28.6,14
0,Bangkok,2025-01-19T11:00,41,54.7,33.3,14.6
0,Bangkok,2025-01-19T12:00,39.5,54.3,37.5,15.1
0,Bangkok,2025-01-19T13:00,39.6,54.5,37.5,15.1
0,Bangkok,2025-01-19T14:00,39.6,55,38.7,15.1
0,Bangkok,2025-01-19T15:00,38.8,55.1,41.8,15.4
0,Bangkok,2025-01-19T16:00,38.1,55.2,45,15.7
0,Bangkok,2025-01-19T17:00,37.6,55,46.3,15.9
0,Bangkok,2025-01-19T18:00,37.8,54.4,43.8,15.8
0,Bangkok,2025-01-19T19:00,39.2,54.1,38.1,15.2
0,Bangkok,2025-01-19T20:00,41.2,54.1,31.2,14.5
0,Bangkok,2025-01-19T21:00,42.8,53.3,24.6,14
0,Bangkok,2025-01-19T22:00,45.1,52.3,15.9,13.2
0,Bangkok,2025-01-19T23:00,47.3,51.4,8.5,12.6
0,Bangkok,2025-01-20T00:00,49.1,50.9,3.5,12.2
0,Bangkok,2025-01-20T01:00,49.8,50.6,1.5,12
0,Bangkok,2025-01-20T02:00,50,50.3,0.5,11.9
0,Bangkok,2025-01-20T03:00,51.8,52.2,0.7,11.5
0,Bangkok,2025-01-20T04:00,54.2,55.5,2.4,11
0,Bangkok,2025-01-20T05:00,51.6,57.6,11.6,11.6
0,Bangkok,2025-01-20T06:00,36.9,55.5,50.2,16.2
0,Bangkok,2025-01-20T07:00,28.9,53,83.4,20.7
0,Bangkok,2025-01-20T08:00,29.2,52.9,81.1,20.5
0,Bangkok,2025-01-20T09:00,32.1,54,68,18.6
0,Bangkok,2025-01-20T10:00,34.9,54.6,56.1,17.1
0,Bangkok,2025-01-20T11:00,36.4,54.4,49.2,16.4
0,Bangkok,2025-01-20T12:00,37.1,54.2,46,16.1
0,Bangkok,2025-01-20T13:00,38,54.2,42.5,15.7
0,Bangkok,2025-01-20T14:00,37.1,54.5,46.6,16.1
0,Bangkok,2025-01-20T15:00,35,54.3,55,17.1
0,Bangkok,2025-01-20T16:00,32.6,53.8,65,18.3
0,Bangkok,2025-01-20T17:00,29.1,53.2,82.8,20.6
0,Bangkok,2025-01-20T18:00,28.9,52.4,81.1,20.7
0,Bangkok,2025-01-20T19:00,34.2,52.1,52.3,17.5
0,Bangkok,2025-01-20T20:00,39.4,51.7,31.3,15.2
0,Bangkok,2025-01-20T21:00,41.8,50.9,21.6,14.3
0,Bangkok,2025-01-20T22:00,43.4,50.2,15.7,13.8
0,Bangkok,2025-01-20T23:00,45.4,50,9.8,13.1
0,Bangkok,2025-01-21T00:00,47.7,50.1,5,12.5
0,Bangkok,2025-01-21T01:00,49.1,50.6,2.9,12.2
0,Bangkok,2025-01-21T02:00,49.1,50.4,2.6,12.2
0,Bangkok,2025-01-21T03:00,50.6,51.7,2.2,11.8
0,Bangkok,2025-01-21T04:00,53,54.9,3.5,11.3
0,Bangkok,2025-01-21T05:00,50.5,56.3,11.3,11.8
0,Bangkok,2025-01-21T06:00,37,54.7,47.7,16.1
0,Bangkok,2025-01-21T07:00,28.7,52.7,83.3,20.8
0,Bangkok,2025-01-21T08:00,28.7,52.8,84,20.8
0,Bangkok,2025-01-21T09:00,31.2,53.7,72.2,19.2
0,Bangkok,2025-01-21T10:00,33.2,54.1,62.5,18
0,Bangkok,2025-01-21T11:00,34.4,54,56.7,17.4
0,Bangkok,2025-01-21T12:00,35.5,54.1,52.1,16.8
0,Bangkok,2025-01-21T13:00,36.9,54.2,46.7,16.2
0,Bangkok,2025-01-21T14:00,36.2,54.5,50.3,16.5
0,Bangkok,2025-01-21T15:00,34.3,54.2,57.9,17.4
0,Bangkok,2025-01-21T16:00,31.4,53.6,70.8,19
0,Bangkok,2025-01-21T17:00,27.9,53.1,89.9,21.4
0,Bangkok,2025-01-21T18:00,27.4,52.3,91,21.8
0,Bangkok,2025-01-21T19:00,31.6,51.8,64,18.9
0,Bangkok,2025-01-21T20:00,37.5,51.7,37.7,15.9
0,Bangkok,2025-01-21T21:00,40.4,50.9,25.8,14.8
0,Bangkok,2025-01-21T22:00,42.4,50.4,18.7,14.1
0,Bangkok,2025-01-21T23:00,45,50.1,11.2,13.3
0,Bangkok,2025-01-22T00:00,47.1,49.9,6,12.7
0,Bangkok,2025-01-22T01:00,48.1,49.9,3.5,12.4
0,Bangkok,2025-01-22T02:00,48.5,49.8,2.6,12.3
0,Bangkok,2025-01-22T03:00,50.6,52,2.6,11.8
0,Bangkok,2025-01-22T04:00,52.6,54.4,3.3,11.3
0,Bangkok,2025-01-22T05:00,50.4,56.1,11.1,11.8
0,Bangkok,2025-01-22T06:00,37.5,54.7,45.9,15.9
0,Bangkok,2025-01-22T07:00,29.4,52.8,79.1,20.3
0,Bangkok,2025-01-22T08:00,29.5,53,79.5,20.3
0,Bangkok,2025-01-22T09:00,32,53.9,68.1,18.7
0,Bangkok,2025-01-22T10:00,34,54.3,59.3,17.6
0,Bangkok,2025-01-22T11:00,35.2,54.2,53.9,17
0,Bangkok,2025-01-22T12:00,36,54.2,50.5,16.6
0,Bangkok,2025-01-22T13:00,37,54.3,46.5,16.1
0,Bangkok,2025-01-22T14:00,36.1,54.5,50.7,16.5
0,Bangkok,2025-01-22T15:00,34,54.3,59.3,17.6
0,Bangkok,2025-01-22T16:00,31.1,53.8,72.6,19.2
0,Bangkok,2025-01-22T17:00,27.8,53.1,90.6,21.5
0,Bangkok,2025-01-22T18:00,27.8,52.2,87.9,21.5
0,Bangkok,2025-01-22T19:00,32.5,52,59.5,18.4
0,Bangkok,2025-01-22T20:00,37.7,51.7,37.2,15.9
0,Bangkok,2025-01-22T21:00,40.4,51.1,26.5,14.8
0,Bangkok,2025-01-22T22:00,41.9,50.3,19.9,14.2
0,Bangkok,2025-01-22T23:00,44.4,50,12.7,13.5
0,Bangkok,2025-01-23T00:00,46.5,50,7.4,12.8
0,Bangkok,2025-01-23T01:00,47.7,49.6,4,12.5
0,Bangkok,2025-01-23T02:00,48.8,50.1,2.5,12.2
0,Bangkok,2025-01-23T03:00,49.5,51,2.9,12.1
0,Bangkok,2025-01-23T04:00,52.9,54.6,3.1,11.3
0,Bangkok,2025-01-23T05:00,50.9,56.5,10.8,11.7
0,Bangkok,2025-01-23T06:00,38.4,54.9,42.9,15.6
0,Bangkok,2025-01-23T07:00,30.3,53.1,75.1,19.7
0,Bangkok,2025-01-23T08:00,30.8,53.1,72.6,19.4
0,Bangkok,2025-01-23T09:00,33.8,54.2,60.1,17.7
0,Bangkok,2025-01-23T10:00,35.9,54.6,52,16.6
0,Bangkok,2025-01-23T11:00,36.3,54.3,49.5,16.5
0,Bangkok,2025-01-23T12:00,37,54.3,46.7,16.2
0,Bangkok,2025-01-23T13:00,37.7,54.6,44.7,15.8
0,Bangkok,2025-01-23T14:00,36.6,54.6,49.1,16.3
0,Bangkok,2025-01-23T15:00,34.6,54.5,57.5,17.3
0,Bangkok,2025-01-23T16:00,32,54.2,69.5,18.7
0,Bangkok,2025-01-23T17:00,28.3,53.5,89.1,21.2
0,Bangkok,2025-01-23T18:00,28.2,52.5,86.2,21.2
0,Bangkok,2025-01-23T19:00,33.2,52.2,57,18
0,Bangkok,2025-01-23T20:00,38,51.9,36.5,15.7
0,Bangkok,2025-01-23T21:00,40.1,51.1,27.3,14.9
0,Bangkok,2025-01-23T22:00,41.8,50.2,20,14.3
0,Bangkok,2025-01-23T23:00,44.9,50.2,11.6,13.3
0,Bangkok,2025-01-24T00:00,46.9,49.7,5.8,12.7
0,Bangkok,2025-01-24T01:00,48.1,49.8,3.4,12.4
0,Bangkok,2025-01-24T02:00,49.4,50.5,2.1,12.1
0,Bangkok,2025-01-24T03:00,50.4,51.4,1.8,11.8
0,Bangkok,2025-01-24T04:00,53.1,54.8,3.2,11.2
0,Bangkok,2025-01-24T05:00,51,56.4,10.6,11.7
0,Bangkok,2025-01-24T06:00,40.1,55.3,37.8,14.9
0,Bangkok,2025-01-24T07:00,33.3,53.7,61.2,17.9
0,Bangkok,2025-01-24T08:00,33.5,53.5,59.6,17.8
0,Bangkok,2025-01-24T09:00,35.5,54.7,53.9,16.8
0,Bangkok,2025-01-24T10:00,36.1,54.8,51.5,16.5
0,Bangkok,2025-01-24T11:00,35.9,54.8,52.3,16.6
0,Bangkok,2025-01-24T12:00,35.3,54.6,54.6,16.9
0,Bangkok,2025-01-24T13:00,35.3,54.9,55.4,16.9
0,Bangkok,2025-01-24T14:00,33.8,55,62.5,17.7
0,Bangkok,2025-01-24T15:00,31.6,54.9,73.5,18.9
0,Bangkok,2025-01-24T16:00,29.4,54.6,85.2,20.3
0,Bangkok,2025-01-24T17:00,26.2,53.7,104.8,22.8
0,Bangkok,2025-01-24T18:00,26,53.2,104,23
0,Bangkok,2025-01-24T19:00,30.8,53.1,72.4,19.4
0,Bangkok,2025-01-24T20:00,36.5,53,45,16.4
0,Bangkok,2025-01-24T21:00,38.8,52.1,34.2,15.4
0,Bangkok,2025-01-24T22:00,39.4,51,29.6,15.2
0,Bangkok,2025-01-24T23:00,43,50.8,18,13.9
0,Bangkok,2025-01-25T00:00,45.3,50.2,10.8,13.2
0,Bangkok,2025-01-25T01:00,46.7,49.5,6,12.8
0,Bangkok,2025-01-25T02:00,47.5,49.4,4,12.6
0,Bangkok,2025-01-25T03:00,49.6,50.9,2.5,12
0,Bangkok,2025-01-25T04:00,52.1,53.5,2.6,11.5
0,Bangkok,2025-01-25T05:00,53.9,57,5.7,11.1
0,Bangkok,2025-01-25T06:00,51.4,57.2,11.1,11.6
0,Bangkok,2025-01-25T07:00,47.6,56.2,17.9,12.5
0,Bangkok,2025-01-25T08:00,43,55.9,30,13.9
0,Bangkok,2025-01-25T09:00,38.9,55.8,43.3,15.3
0,Bangkok,2025-01-25T10:00,35.8,55.6,55.3,16.7
0,Bangkok,2025-01-25T11:00,33.6,55.2,63.8,17.8
0,Bangkok,2025-01-25T12:00,32,54.6,70.5,18.7
0,Bangkok,2025-01-25T13:00,33,54.9,66.3,18.1
0,Bangkok,2025-01-25T14:00,33.3,55,64.9,17.9
0,Bangkok,2025-01-25T15:00,33.1,54.9,65.8,18.1
0,Bangkok,2025-01-25T16:00,32.9,54.7,66,18.2
0,Bangkok,2025-01-25T17:00,31.8,54.2,70,18.8
0,Bangkok,2025-01-25T18:00,33.6,53.6,59.1,17.8
0,Bangkok,2025-01-25T19:00,37.3,53,42.2,16
0,Bangkok,2025-01-25T20:00,39.5,52.7,33.3,15.1
0,Bangkok,2025-01-25T21:00,39.9,52,30.1,15
0,Bangkok,2025-01-25T22:00,40.4,51.3,26.8,14.8
0,Bangkok,2025-01-25T23:00,42.8,50.6,18,13.9
0,Bangkok,2025-01-26T00:00,45.4,49.9,9.9,13.2
0,Bangkok,2025-01-26T01:00,47.3,49.8,5.1,12.6
0,Bangkok,2025-01-26T02:00,47.6,49.4,3.6,12.5
0,Bangkok,2025-01-26T03:00,49.4,50.5,2.1,12.1
0,Bangkok,2025-01-26T04:00,51.7,52.7,1.9,11.6
0,Bangkok,2025-01-26T05:00,54.2,56.1,3.5,11
0,Bangkok,2025-01-26T06:00,52.3,56.5,8.1,11.4
0,Bangkok,2025-01-26T07:00,49.6,55.8,12.5,12
0,Bangkok,2025-01-26T08:00,47.1,55.5,17.7,12.7
0,Bangkok,2025-01-26T09:00,45,55.6,23.5,13.3
0,Bangkok,2025-01-26T10:00,42.7,55.4,29.8,14
0,Bangkok,2025-01-26T11:00,40.9,55,34.3,14.6
0,Bangkok,2025-01-26T12:00,39.7,54.9,38.2,15
0,Bangkok,2025-01-26T13:00,39.5,55.1,39.4,15.1
0,Bangkok,2025-01-26T14:00,39.1,55.5,41.8,15.3
0,Bangkok,2025-01-26T15:00,38.2,55.5,45.1,15.6
0,Bangkok,2025-01-26T16:00,37.6,55.4,47,15.9
0,Bangkok,2025-01-26T17:00,37.7,55.2,46.3,15.9
0,Bangkok,2025-01-26T18:00,38.4,54.6,42,15.5
0,Bangkok,2025-01-26T19:00,40,54.5,35.9,14.9
0,Bangkok,2025-01-26T20:00,42.1,54.7,29.9,14.2
0,Bangkok,2025-01-26T21:00,43,54.1,25.9,13.9
0,Bangkok,2025-01-26T22:00,44.6,53.2,19.2,13.4
0,Bangkok,2025-01-26T23:00,47.7,52.3,9.4,12.5
0,Bangkok,2025-01-27T00:00,48.8,50.9,4.4,12.2
0,Bangkok,2025-01-27T01:00,49.9,51,2.1,12
0,Bangkok,2025-01-27T02:00,49.8,50.5,1.2,12
0,Bangkok,2025-01-27T03:00,51.8,52,0.4,11.5
0,Bangkok,2025-01-27T04:00,54.1,55.6,2.6,11
0,Bangkok,2025-01-27T05:00,51.7,57.7,11.6,11.5
0,Bangkok,2025-01-27T06:00,39.2,56.1,43,15.2
0,Bangkok,2025-01-27T07:00,31.3,53.8,71.4,19.1
0,Bangkok,2025-01-27T08:00,30.9,53.4,72.6,19.3
0,Bangkok,2025-01-27T09:00,32.7,54.1,65.1,18.3
0,Bangkok,2025-01-27T10:00,34.5,54.3,57.2,17.3
0,Bangkok,2025-01-27T11:00,35,54.2,54.6,17
0,Bangkok,2025-01-27T12:00,35.6,54.2,52.2,16.8
0,Bangkok,2025-01-27T13:00,36.5,54.3,48.7,16.4
0,Bangkok,2025-01-27T14:00,35.6,54.4,53,16.8
0,Bangkok,2025-01-27T15:00,33.5,54.3,61.9,17.8
0,Bangkok,2025-01-27T16:00,31.2,53.9,72.2,19.1
0,Bangkok,2025-01-27T17:00,27.3,53.1,94,21.8
0,Bangkok,2025-01-27T18:00,26.6,52.5,96.9,22.4
0,Bangkok,2025-01-27T19:00,31.2,52.3,67.2,19.1
0,Bangkok,2025-01-27T20:00,37.7,52,37.7,15.8
0,Bangkok,2025-01-27T21:00,40.8,51.1,25.2,14.6
0,Bangkok,2025-01-27T22:00,42.3,50.2,18.7,14.1
0,Bangkok,2025-01-27T23:00,45.1,50,10.6,13.2
0,Bangkok,2025-01-28T00:00,47.9,50.4,5,12.5
0,Bangkok,2025-01-28T01:00,49,50.5,3.1,12.2
0,Bangkok,2025-01-28T02:00,48.9,50.1,2.3,12.2
0,Bangkok,2025-01-28T03:00,50.5,51.5,1.8,11.8
0,Bangkok,2025-01-28T04:00,52.7,54.4,3.1,11.3
0,Bangkok,2025-01-28T05:00,51.3,56.3,9.6,11.6
0,Bangkok,2025-01-28T06:00,41.8,55.3,32.3,14.3
0,Bangkok,2025-01-28T07:00,35.1,53.6,52.4,17
0,Bangkok,2025-01-28T08:00,35.5,53.4,50.4,16.8
0,Bangkok,2025-01-28T09:00,37.2,54.4,46.1,16.1
0,Bangkok,2025-01-28T10:00,38.3,54.5,42.2,15.6
0,Bangkok,2025-01-28T11:00,39.4,54.2,37.5,15.2
0,Bangkok,2025-01-28T12:00,39.4,54.2,37.3,15.2
0,Bangkok,2025-01-28T13:00,39,54.2,38.9,15.3
0,Bangkok,2025-01-28T14:00,37.2,54.3,46.1,16.1
0,Bangkok,2025-01-28T15:00,35.1,54.2,54.3,17
0,Bangkok,2025-01-28T16:00,33.1,54.1,63,18
0,Bangkok,2025-01-28T17:00,30,53.4,77.9,19.9
0,Bangkok,2025-01-28T18:00,29.6,52.7,77.6,20.2
0,Bangkok,2025-01-28T19:00,33.9,52.1,53.6,17.6
0,Bangkok,2025-01-28T20:00,38.7,51.9,33.9,15.4
0,Bangkok,2025-01-28T21:00,40.7,51.1,25.5,14.7
0,Bangkok,2025-01-28T22:00,41.9,50.3,19.9,14.3
0,Bangkok,2025-01-28T23:00,44.1,49.5,12.1,13.5
0,Bangkok,2025-01-29T00:00,46.7,49.8,6.6,12.8
0,Bangkok,2025-01-29T01:00,47.2,49.1,3.9,12.6
0,Bangkok,2025-01-29T02:00,48.7,49.7,2.2,12.3
0,Bangkok,2025-01-29T03:00,50.1,50.9,1.5,11.9
0,Bangkok,2025-01-29T04:00,53.1,54.2,2.1,11.2
0,Bangkok,2025-01-29T05:00,52.3,56.3,7.7,11.4
0,Bangkok,2025-01-29T06:00,41.8,55.1,31.8,14.3
0,Bangkok,2025-01-29T07:00,35.2,53.4,51.3,16.9
0,Bangkok,2025-01-29T08:00,36.9,53.5,44.9,16.2
0,Bangkok,2025-01-29T09:00,39.5,54.5,38,15.1
0,Bangkok,2025-01-29T10:00,40.1,55,37.2,14.9
0,Bangkok,2025-01-29T11:00,39.2,54.7,39.5,15.2
0,Bangkok,2025-01-29T12:00,38.5,54.2,40.6,15.5
0,Bangkok,2025-01-29T13:00,39.2,54.3,38.3,15.2
0,Bangkok,2025-01-29T14:00,38.3,54.4,42.1,15.6
0,Bangkok,2025-01-29T15:00,36.6,54.3,48.5,16.3
0,Bangkok,2025-01-29T16:00,34.2,54.1,58.3,17.5
0,Bangkok,2025-01-29T17:00,31,53.5,72.3,19.3
0,Bangkok,2025-01-29T18:00,31.2,52.8,69.1,19.1
0,Bangkok,2025-01-29T19:00,35,52.1,48.6,17.1
0,Bangkok,2025-01-29T20:00,38.9,51.8,33.2,15.4
0,Bangkok,2025-01-29T21:00,40.4,51.1,26.6,14.8
0,Bangkok,2025-01-29T22:00,41.8,50.3,20.3,14.3
0,Bangkok,2025-01-29T23:00,44.3,49.5,11.7,13.5
0,Bangkok,2025-01-30T00:00,46.4,49.1,5.6,12.9
0,Bangkok,2025-01-30T01:00,47.4,49.1,3.3,12.6
0,Bangkok,2025-01-30T02:00,48.8,49.7,1.7,12.2
0,Bangkok,2025-01-30T03:00,49.9,50.8,1.7,12
0,Bangkok,2025-01-30T04:00,52.6,54.2,3,11.4
0,Bangkok,2025-01-30T05:00,51.3,56.3,9.7,11.6
0,Bangkok,2025-01-30T06:00,39.2,55,39.9,15.2
0,Bangkok,2025-01-30T07:00,31.3,53.2,69.6,19.1
0,Bangkok,2025-01-30T08:00,31.8,53.4,67.7,18.8
0,Bangkok,2025-01-30T09:00,34,54.3,59.7,17.6
0,Bangkok,2025-01-30T10:00,35.5,54.4,53,16.8
0,Bangkok,2025-01-30T11:00,37,54.4,46.9,16.1
0,Bangkok,2025-01-30T12:00,38,54.4,43.2,15.7
0,Bangkok,2025-01-30T13:00,38.4,54.3,41.4,15.6
0,Bangkok,2025-01-30T14:00,37.5,54.6,45.5,15.9
0,Bangkok,2025-01-30T15:00,35.4,54.4,53.4,16.9
0,Bangkok,2025-01-30T16:00,33,54.1,63.6,18.1
0,Bangkok,2025-01-30T17:00,29.5,53.6,81.4,20.2
0,Bangkok,2025-01-30T18:00,29.4,52.7,79.1,20.3
0,Bangkok,2025-01-30T19:00,33.6,52.3,55.4,17.8
0,Bangkok,2025-01-30T20:00,38.1,51.9,36.2,15.7
0,Bangkok,2025-01-30T21:00,40.3,51.2,27,14.8
0,Bangkok,2025-01-30T22:00,41.2,50.1,21.4,14.5
0,Bangkok,2025-01-30T23:00,44.4,49.7,12,13.5
0,Bangkok,2025-01-31T00:00,46.9,49.6,5.6,12.7
0,Bangkok,2025-01-31T01:00,47.8,49.5,3.6,12.5
0,Bangkok,2025-01-31T02:00,48.6,49.7,2.1,12.3
0,Bangkok,2025-01-31T03:00,50.6,51.3,1.4,11.8
0,Bangkok,2025-01-31T04:00,52.7,54.3,3,11.3
0,Bangkok,2025-01-31T05:00,51.5,56.4,9.3,11.6
0,Bangkok,2025-01-31T06:00,40.4,54.9,36,14.8
0,Bangkok,2025-01-31T07:00,32.7,53.2,62.3,18.3
0,Bangkok,2025-01-31T08:00,33.9,53.5,57.8,17.6
0,Bangkok,2025-01-31T09:00,36.5,54.5,49.4,16.4
0,Bangkok,2025-01-31T10:00,36.9,54.7,48,16.2
0,Bangkok,2025-01-31T11:00,36.5,54.6,49.2,16.4
0,Bangkok,2025-01-31T12:00,36.6,54.7,49.4,16.3
0,Bangkok,2025-01-31T13:00,36.6,54.7,49.2,16.3
0,Bangkok,2025-01-31T14:00,34.7,54.8,57.8,17.2
0,Bangkok,2025-01-31T15:00,32.6,54.7,67.6,18.3
0,Bangkok,2025-01-31T16:00,30.3,54.2,78.8,19.7
0,Bangkok,2025-01-31T17:00,27.3,53.4,95.6,21.9
0,Bangkok,2025-01-31T18:00,27.3,52.7,93.3,21.9
0,Bangkok,2025-01-31T19:00,31.5,53,68.2,19
0,Bangkok,2025-01-31T20:00,36.3,53,45.8,16.4
0,Bangkok,2025-01-31T21:00,38.1,52.4,37.5,15.7
0,Bangkok,2025-01-31T22:00,38,51.2,34.4,15.7
0,Bangkok,2025-01-31T23:00,41.5,50.5,21.4,14.4
0,Bangkok,2025-02-01T00:00,44.4,49.5,11.5,13.4
0,Bangkok,2025-02-01T01:00,46.7,49.4,5.8,12.8
0,Bangkok,2025-02-01T02:00,46.8,48.5,3.6,12.8
0,Bangkok,2025-02-01T03:00,48.8,49.8,2,12.2
0,Bangkok,2025-02-01T04:00,51.8,53,2.2,11.5
0,Bangkok,2025-02-01T05:00,54,56.6,4.8,11.1
0,Bangkok,2025-02-01T06:00,51.9,56.8,9.4,11.5
0,Bangkok,2025-02-01T07:00,49.3,56.2,13.9,12.1
0,Bangkok,2025-02-01T08:00,44.6,55.7,24.9,13.4
0,Bangkok,2025-02-01T09:00,40.5,56.1,38.3,14.7
0,Bangkok,2025-02-01T10:00,37.1,55.9,50.6,16.1
0,Bangkok,2025-02-01T11:00,34.4,55.2,60.6,17.4
0,Bangkok,2025-02-01T12:00,33.1,54.8,65.6,18.1
0,Bangkok,2025-02-01T13:00,34,54.9,61.2,17.6
0,Bangkok,2025-02-01T14:00,34.6,55,58.8,17.3
0,Bangkok,2025-02-01T15:00,34.4,54.7,59,17.4
0,Bangkok,2025-02-01T16:00,34.2,54.5,59.3,17.5
0,Bangkok,2025-02-01T17:00,33.1,54.3,63.9,18
0,Bangkok,2025-02-01T18:00,34.3,53.6,56.2,17.4
0,Bangkok,2025-02-01T19:00,37.2,53.1,42.7,16.1
0,Bangkok,2025-02-01T20:00,39.3,52.7,34,15.2
0,Bangkok,2025-02-01T21:00,40.2,52.1,29.6,14.9
0,Bangkok,2025-02-01T22:00,41.1,51.3,25,14.5
0,Bangkok,2025-02-01T23:00,43.9,50.5,15,13.6
0,Bangkok,2025-02-02T00:00,46.1,49.9,8,12.9
0,Bangkok,2025-02-02T01:00,47.3,49.4,4.5,12.6
0,Bangkok,2025-02-02T02:00,47.8,49,2.4,12.5
0,Bangkok,2025-02-02T03:00,49.3,49.8,1,12.1
0,Bangkok,2025-02-02T04:00,51.7,51.8,0.2,11.6
0,Bangkok,2025-02-02T05:00,54.4,56,2.9,11
0,Bangkok,2025-02-02T06:00,53,56.6,6.7,11.3
0,Bangkok,2025-02-02T07:00,51.1,55.6,8.7,11.7
0,Bangkok,2025-02-02T08:00,48.7,55.5,14,12.3
0,Bangkok,2025-02-02T09:00,45.8,55.3,20.7,13
0,Bangkok,2025-02-02T10:00,43.3,55.3,27.7,13.8
0,Bangkok,2025-02-02T11:00,40.7,55,35.1,14.7
0,Bangkok,2025-02-02T12:00,39.2,54.8,39.6,15.2
0,Bangkok,2025-02-02T13:00,39.1,55.1,40.8,15.3
0,Bangkok,2025-02-02T14:00,38.9,55.4,42.3,15.3
0,Bangkok,2025-02-02T15:00,37.9,55.5,46.4,15.8
0,Bangkok,2025-02-02T16:00,36.7,55.4,50.8,16.3
0,Bangkok,2025-02-02T17:00,35.8,55.1,53.9,16.7
0,Bangkok,2025-02-02T18:00,36.5,54.6,49.5,16.4
0,Bangkok,2025-02-02T19:00,37.8,54.2,43.4,15.8
0,Bangkok,2025-02-02T20:00,40.1,54.4,35.7,14.9
0,Bangkok,2025-02-02T21:00,42.5,54,26.8,14
0,Bangkok,2025-02-02T22:00,44,52.6,19.5,13.6
0,Bangkok,2025-02-02T23:00,47.1,51.7,9.7,12.7
0,Bangkok,2025-02-03T00:00,48.8,50.9,4.2,12.2
0,Bangkok,2025-02-03T01:00,49.8,50.6,1.6,12
0,Bangkok,2025-02-03T02:00,50.6,51,0.8,11.8
0,Bangkok,2025-02-03T03:00,51.8,52.1,0.5,11.5
0,Bangkok,2025-02-03T04:00,54.3,55.7,2.5,11
0,Bangkok,2025-02-03T05:00,51.4,57.6,12.1,11.6
0,Bangkok,2025-02-03T06:00,36.6,55.7,51.9,16.3
0,Bangkok,2025-02-03T07:00,28.3,53.3,88,21.1
0,Bangkok,2025-02-03T08:00,28.5,53.1,86.1,21
0,Bangkok,2025-02-03T09:00,31.5,54.1,71.7,19
0,Bangkok,2025-02-03T10:00,34.1,54.6,60,17.5
0,Bangkok,2025-02-03T11:00,35.9,54.7,52.3,16.7
0,Bangkok,2025-02-03T12:00,36.3,54.5,50,16.4
0,Bangkok,2025-02-03T13:00,37.5,54.7,45.7,15.9
0,Bangkok,2025-02-03T14:00,36.8,54.9,49.2,16.2
0,Bangkok,2025-02-03T15:00,34.3,54.5,58.6,17.4
0,Bangkok,2025-02-03T16:00,31.1,53.9,73,19.2
0,Bangkok,2025-02-03T17:00,27.6,53.5,93.4,21.6
0,Bangkok,2025-02-03T18:00,27.1,52.6,94.1,22.1
0,Bangkok,2025-02-03T19:00,31.5,52.4,66.4,19
0,Bangkok,2025-02-03T20:00,37.5,52.1,38.6,15.9
0,Bangkok,2025-02-03T21:00,40.8,51.1,25.4,14.7
0,Bangkok,2025-02-03T22:00,42.8,50.6,18.2,14
0,Bangkok,2025-02-03T23:00,46.1,51,10.6,13
0,Bangkok,2025-02-04T00:00,47.6,50.2,5.4,12.5
0,Bangkok,2025-02-04T01:00,48.1,49.7,3.1,12.4
0,Bangkok,2025-02-04T02:00,49.1,50.3,2.4,12.2
0,Bangkok,2025-02-04T03:00,50.5,51.7,2.4,11.8
0,Bangkok,2025-02-04T04:00,52.9,54.7,3.2,11.3
0,Bangkok,2025-02-04T05:00,50.7,56.5,11.3,11.8
0,Bangkok,2025-02-04T06:00,37.4,55,46.8,16
0,Bangkok,2025-02-04T07:00,28.5,53,85.8,21
0,Bangkok,2025-02-04T08:00,28.1,53.1,88.5,21.2
0,Bangkok,2025-02-04T09:00,30.2,53.8,78,19.8
0,Bangkok,2025-02-04T10:00,32.4,54.3,67.3,18.4
0,Bangkok,2025-02-04T11:00,34,54.2,59.1,17.5
0,Bangkok,2025-02-04T12:00,34.9,54.1,55,17.1
0,Bangkok,2025-02-04T13:00,35.8,54.2,51.5,16.7
0,Bangkok,2025-02-04T14:00,35.5,54.4,53.1,16.8
0,Bangkok,2025-02-04T15:00,33.4,54.3,62.5,17.9
0,Bangkok,2025-02-04T16:00,30.5,53.7,76.2,19.6
0,Bangkok,2025-02-04T17:00,27,53.2,97.1,22.2
0,Bangkok,2025-02-04T18:00,26.5,52.3,97.2,22.5
0,Bangkok,2025-02-04T19:00,30.3,51.8,71.1,19.7
0,Bangkok,2025-02-04T20:00,36,51.9,44,16.6
0,Bangkok,2025-02-04T21:00,39.9,51.3,28.4,15
0,Bangkok,2025-02-04T22:00,41.2,50.1,21.4,14.5
0,Bangkok,2025-02-04T23:00,44.5,50,12.2,13.4
0,Bangkok,2025-02-05T00:00,46.9,49.8,6.1,12.7
0,Bangkok,2025-02-05T01:00,48,49.6,3.2,12.4
0,Bangkok,2025-02-05T02:00,48.3,49.4,2.1,12.3
0,Bangkok,2025-02-05T03:00,49.7,51.2,2.9,12
0,Bangkok,2025-02-05T04:00,52.2,54.2,3.8,11.4
0,Bangkok,2025-02-05T05:00,50.2,56.1,11.5,11.9
0,Bangkok,2025-02-05T06:00,37.3,54.7,46.8,16
0,Bangkok,2025-02-05T07:00,28.6,53,85.3,20.9
0,Bangkok,2025-02-05T08:00,28.4,53,86.5,21
0,Bangkok,2025-02-05T09:00,30.4,53.9,77.1,19.7
0,Bangkok,2025-02-05T10:00,32.3,54.1,67.4,18.5
0,Bangkok,2025-02-05T11:00,33.8,54.2,60.4,17.7
0,Bangkok,2025-02-05T12:00,34.6,54.2,56.5,17.3
0,Bangkok,2025-02-05T13:00,35.7,54.5,52.7,16.7
0,Bangkok,2025-02-05T14:00,34.9,54.4,56.1,17.1
0,Bangkok,2025-02-05T15:00,32.8,54.2,65,18.2
0,Bangkok,2025-02-05T16:00,30.3,53.7,77.2,19.8
0,Bangkok,2025-02-05T17:00,27,53.1,96.8,22.2
0,Bangkok,2025-02-05T18:00,26.6,52.2,95.9,22.4
0,Bangkok,2025-02-05T19:00,29.9,51.7,72.5,20
0,Bangkok,2025-02-05T20:00,35.5,51.6,45.3,16.8
0,Bangkok,2025-02-05T21:00,39.5,51.2,29.3,15.1
0,Bangkok,2025-02-05T22:00,41.4,50.3,21.5,14.4
0,Bangkok,2025-02-05T23:00,44.4,49.9,12.2,13.4
0,Bangkok,2025-02-06T00:00,46.3,49.4,6.6,12.9
0,Bangkok,2025-02-06T01:00,47.6,49.6,4,12.5
0,Bangkok,2025-02-06T02:00,48.3,49.4,2.4,12.4
0,Bangkok,2025-02-06T03:00,49.7,50.9,2.5,12
0,Bangkok,2025-02-06T04:00,52.4,54.5,3.8,11.4
0,Bangkok,2025-02-06T05:00,50.7,56.3,11.1,11.8
0,Bangkok,2025-02-06T06:00,37.9,54.9,44.6,15.8
0,Bangkok,2025-02-06T07:00,29.1,53.1,82,20.5
0,Bangkok,2025-02-06T08:00,28.9,53.1,83.3,20.7
0,Bangkok,2025-02-06T09:00,31.5,54,71.5,19
0,Bangkok,2025-02-06T10:00,33.1,54.2,63.6,18.1
0,Bangkok,2025-02-06T11:00,34.8,54.4,56,17.2
0,Bangkok,2025-02-06T12:00,35.8,54.4,51.7,16.7
0,Bangkok,2025-02-06T13:00,36.8,54.4,47.8,16.2
0,Bangkok,2025-02-06T14:00,35.9,54.6,52.1,16.7
0,Bangkok,2025-02-06T15:00,33.6,54.4,61.9,17.8
0,Bangkok,2025-02-06T16:00,30.6,53.9,75.9,19.5
0,Bangkok,2025-02-06T17:00,27,53.3,96.7,22.1
0,Bangkok,2025-02-06T18:00,26.6,52.4,96.7,22.4
0,Bangkok,2025-02-06T19:00,30.2,51.8,71.5,19.8
0,Bangkok,2025-02-06T20:00,36,52,44.5,16.6
0,Bangkok,2025-02-06T21:00,39.7,51.2,28.9,15
0,Bangkok,2025-02-06T22:00,41.2,50.3,22,14.5
0,Bangkok,2025-02-06T23:00,43.9,49.8,13.3,13.6
0,Bangkok,2025-02-07T00:00,46.2,49.6,7.3,12.9
0,Bangkok,2025-02-07T01:00,47.5,49.6,4.4,12.6
0,Bangkok,2025-02-07T02:00,47.9,49.6,3.7,12.5
0,Bangkok,2025-02-07T03:00,49.7,51.2,2.9,12
0,Bangkok,2025-02-07T04:00,52.3,54.3,3.8,11.4
0,Bangkok,2025-02-07T05:00,50.6,56.2,11,11.8
0,Bangkok,2025-02-07T06:00,38.4,54.9,42.8,15.6
0,Bangkok,2025-02-07T07:00,30.5,53,73.6,19.6
0,Bangkok,2025-02-07T08:00,31.4,53.2,69.2,19
0,Bangkok,2025-02-07T09:00,34,54.3,59.7,17.6
0,Bangkok,2025-02-07T10:00,35,54.5,55.7,17.1
0,Bangkok,2025-02-07T11:00,35.3,54.5,54.4,16.9
0,Bangkok,2025-02-07T12:00,35.3,54.5,54.3,16.9
0,Bangkok,2025-02-07T13:00,35.2,54.6,54.9,17
0,Bangkok,2025-02-07T14:00,33.1,54.7,64.9,18
0,Bangkok,2025-02-07T15:00,30.8,54.6,77.1,19.4
0,Bangkok,2025-02-07T16:00,28.4,54.2,91,21.1
0,Bangkok,2025-02-07T17:00,25,53.3,112.5,23.9
0,Bangkok,2025-02-07T18:00,25.4,52.9,108.3,23.6
0,Bangkok,2025-02-07T19:00,29.4,52.8,79.5,20.3
0,Bangkok,2025-02-07T20:00,34.4,53.1,54.2,17.4
0,Bangkok,2025-02-07T21:00,37.8,52.4,38.7,15.8
0,Bangkok,2025-02-07T22:00,38.6,51.1,32.3,15.5
0,Bangkok,2025-02-07T23:00,41.9,50.4,20.4,14.3
0,Bangkok,2025-02-08T00:00,44.6,49.8,11.5,13.4
0,Bangkok,2025-02-08T01:00,46.1,49.2,6.6,13
0,Bangkok,2025-02-08T02:00,47,49,4.3,12.7
0,Bangkok,2025-02-08T03:00,48.2,50,3.6,12.4
0,Bangkok,2025-02-08T04:00,51.6,53.2,3.1,11.6
0,Bangkok,2025-02-08T05:00,53.5,57.1,6.5,11.1
0,Bangkok,2025-02-08T06:00,51.6,57.2,10.8,11.6
0,Bangkok,2025-02-08T07:00,48.4,56.2,16.2,12.3
0,Bangkok,2025-02-08T08:00,43.5,55.8,28.3,13.7
0,Bangkok,2025-02-08T09:00,39.1,55.9,42.8,15.3
0,Bangkok,2025-02-08T10:00,35.5,55.5,56.4,16.8
0,Bangkok,2025-02-08T11:00,32.9,54.8,66.4,18.1
0,Bangkok,2025-02-08T12:00,31.5,54.3,72.1,19
0,Bangkok,2025-02-08T13:00,32.2,54.5,68.8,18.5
0,Bangkok,2025-02-08T14:00,32.8,54.6,66.2,18.2
0,Bangkok,2025-02-08T15:00,32.5,54.3,66.9,18.4
0,Bangkok,2025-02-08T16:00,32.6,54.3,66.5,18.3
0,Bangkok,2025-02-08T17:00,31.4,53.9,71.5,19
0,Bangkok,2025-02-08T18:00,32.9,53.2,61.5,18.2
0,Bangkok,2025-02-08T19:00,35.7,52.8,47.9,16.7
0,Bangkok,2025-02-08T20:00,37.9,52.5,38.5,15.8
0,Bangkok,2025-02-08T21:00,38.8,51.9,33.7,15.4
0,Bangkok,2025-02-08T22:00,39.7,50.9,28.1,15.1
0,Bangkok,2025-02-08T23:00,42.8,50.2,17.4,14
0,Bangkok,2025-02-09T00:00,44.9,49.6,10.4,13.3
0,Bangkok,2025-02-09T01:00,46.7,49.5,5.9,12.8
0,Bangkok,2025-02-09T02:00,46.9,48.9,4.2,12.7
0,Bangkok,2025-02-09T03:00,47.9,49.2,2.5,12.5
0,Bangkok,2025-02-09T04:00,51,51.8,1.6,11.7
0,Bangkok,2025-02-09T05:00,53.9,55.8,3.4,11.1
0,Bangkok,2025-02-09T06:00,52.5,55.8,6.1,11.4
0,Bangkok,2025-02-09T07:00,50,55.1,10.1,11.9
0,Bangkok,2025-02-09T08:00,47.1,54.9,16.4,12.7
0,Bangkok,2025-02-09T09:00,44.6,55,23.4,13.4
0,Bangkok,2025-02-09T10:00,42.3,54.9,29.7,14.1
0,Bangkok,2025-02-09T11:00,40.3,54.6,35.6,14.8
0,Bangkok,2025-02-09T12:00,39.2,54.5,38.8,15.2
0,Bangkok,2025-02-09T13:00,39.5,54.6,38.2,15.1
0,Bangkok,2025-02-09T14:00,39.6,55,38.8,15.1
0,Bangkok,2025-02-09T15:00,38.7,55.1,42.1,15.4
0,Bangkok,2025-02-09T16:00,37.8,55,45.4,15.8
0,Bangkok,2025-02-09T17:00,37.3,54.6,46.1,16
0,Bangkok,2025-02-09T18:00,38.3,54.2,41.6,15.6
0,Bangkok,2025-02-09T19:00,38.9,53.8,38.1,15.4
0,Bangkok,2025-02-09T20:00,40.7,53.9,32.3,14.7
0,Bangkok,2025-02-09T21:00,42.7,53.5,25.1,14
0,Bangkok,2025-02-09T22:00,45.1,52.5,16.4,13.2
0,Bangkok,2025-02-09T23:00,47.3,51.6,8.8,12.6
0,Bangkok,2025-02-10T00:00,49.1,51.1,4.1,12.2
0,Bangkok,2025-02-10T01:00,50.5,51.3,1.5,11.8
0,Bangkok,2025-02-10T02:00,49.7,50.3,1.3,12
0,Bangkok,2025-02-10T03:00,51.5,51.9,0.6,11.6
0,Bangkok,2025-02-10T04:00,54.5,55.5,1.8,11
0,Bangkok,2025-02-10T05:00,51.6,57.8,11.9,11.6
0,Bangkok,2025-02-10T06:00,37.3,55.6,49,16
0,Bangkok,2025-02-10T07:00,28.2,52.9,87.7,21.2
0,Bangkok,2025-02-10T08:00,28.4,52.9,85.9,21
0,Bangkok,2025-02-10T09:00,32,54.1,69.1,18.7
0,Bangkok,2025-02-10T10:00,34.6,54.3,56.7,17.2
0,Bangkok,2025-02-10T11:00,36.5,54.4,49.2,16.4
0,Bangkok,2025-02-10T12:00,37.2,54.3,45.8,16.1
0,Bangkok,2025-02-10T13:00,38.4,54.3,41.4,15.6
0,Bangkok,2025-02-10T14:00,37.3,54.2,45.1,16
0,Bangkok,2025-02-10T15:00,35.1,54.2,54.4,17
0,Bangkok,2025-02-10T16:00,32,53.7,67.5,18.7
0,Bangkok,2025-02-10T17:00,28.4,53.1,86.4,21
0,Bangkok,2025-02-10T18:00,28.6,52.5,83.6,20.9
0,Bangkok,2025-02-10T19:00,32.3,51.8,60.2,18.5
0,Bangkok,2025-02-10T20:00,37.6,51.7,37.5,15.9
0,Bangkok,2025-02-10T21:00,40.9,51,24.5,14.6
0,Bangkok,2025-02-10T22:00,43,50.1,16.5,13.9
0,Bangkok,2025-02-10T23:00,45.2,49.9,10.2,13.2
0,Bangkok,2025-02-11T00:00,47.1,49.7,5.6,12.7
0,Bangkok,2025-02-11T01:00,48,49.6,3.4,12.4
0,Bangkok,2025-02-11T02:00,48.6,49.8,2.6,12.3
0,Bangkok,2025-02-11T03:00,50.3,51.4,2.1,11.9
0,Bangkok,2025-02-11T04:00,52.7,54.5,3.4,11.3
0,Bangkok,2025-02-11T05:00,50.5,56.4,11.6,11.8
0,Bangkok,2025-02-11T06:00,38,54.9,44.4,15.7
0,Bangkok,2025-02-11T07:00,29.2,52.9,80.5,20.4
0,Bangkok,2025-02-11T08:00,29.4,53,80,20.3
0,Bangkok,2025-02-11T09:00,31.3,53.8,71.7,19.1
0,Bangkok,2025-02-11T10:00,33,54.2,63.8,18.1
0,Bangkok,2025-02-11T11:00,34.6,54.2,56.6,17.3
0,Bangkok,2025-02-11T12:00,35.6,54.3,52.4,16.8
0,Bangkok,2025-02-11T13:00,36.3,54.4,49.9,16.5
0,Bangkok,2025-02-11T14:00,35.4,54.7,54.3,16.9
0,Bangkok,2025-02-11T15:00,32.7,54.4,66,18.3
0,Bangkok,2025-02-11T16:00,29.6,54,82.1,20.2
0,Bangkok,2025-02-11T17:00,26.1,53.2,103.7,22.9
0,Bangkok,2025-02-11T18:00,26,52.7,102,23
0,Bangkok,2025-02-11T19:00,29.1,52.2,79.1,20.5
0,Bangkok,2025-02-11T20:00,34.3,52.1,51.9,17.4
0,Bangkok,2025-02-11T21:00,38.2,51.5,34.8,15.6
0,Bangkok,2025-02-11T22:00,40.1,50.6,25.9,14.9
0,Bangkok,2025-02-11T23:00,43.3,49.8,14.9,13.8
0,Bangkok,2025-02-12T00:00,45.6,49.5,8.3,13.1
0,Bangkok,2025-02-12T01:00,46.6,48.8,4.6,12.8
0,Bangkok,2025-02-12T02:00,48.2,49.6,2.8,12.4
0,Bangkok,2025-02-12T03:00,50.6,51.1,1,11.8
0,Bangkok,2025-02-12T04:00,54.6,55.5,1.6,10.9
0,Bangkok,2025-02-12T05:00,54.6,57.6,5.3,10.9
0,Bangkok,2025-02-12T06:00,52.3,56.9,8.6,11.4
0,Bangkok,2025-02-12T07:00,49.5,55.5,11.9,12
0,Bangkok,2025-02-12T08:00,46.7,55,17.5,12.8
0,Bangkok,2025-02-12T09:00,43.5,55.3,26.9,13.7
0,Bangkok,2025-02-12T10:00,40.1,55.1,37.3,14.9
0,Bangkok,2025-02-12T11:00,37.8,54.8,45,15.8
0,Bangkok,2025-02-12T12:00,36.9,54.3,47.3,16.2
0,Bangkok,2025-02-12T13:00,37.1,54.3,46.3,16.1
0,Bangkok,2025-02-12T14:00,37.2,54.6,46.5,16
0,Bangkok,2025-02-12T15:00,37.3,54.8,46.7,16
0,Bangkok,2025-02-12T16:00,37.9,54.7,44.1,15.7
0,Bangkok,2025-02-12T17:00,38,54.2,42.5,15.7
0,Bangkok,2025-02-12T18:00,38.8,53.4,37.6,15.4
0,Bangkok,2025-02-12T19:00,39.8,52.7,32.5,15
0,Bangkok,2025-02-12T20:00,41.6,52.7,26.4,14.3
0,Bangkok,2025-02-12T21:00,43.1,52,20.7,13.9
0,Bangkok,2025-02-12T22:00,44.7,51.3,14.9,13.4
0,Bangkok,2025-02-12T23:00,47.7,51.5,7.9,12.5
0,Bangkok,2025-02-13T00:00,48.2,50.2,4.2,12.4
0,Bangkok,2025-02-13T01:00,49.1,50,1.9,12.2
0,Bangkok,2025-02-13T02:00,50.3,50.1,0,11.9
0,Bangkok,2025-02-13T03:00,52.4,51.7,0,11.4
0,Bangkok,2025-02-13T04:00,55.1,55.1,0,10.8
0,Bangkok,2025-02-13T05:00,52,57,9.6,11.5
0,Bangkok,2025-02-13T06:00,37.6,55.2,46.6,15.9
0,Bangkok,2025-02-13T07:00,29,53,82.3,20.6
0,Bangkok,2025-02-13T08:00,28.9,53,83.1,20.7
0,Bangkok,2025-02-13T09:00,31.1,53.9,73.3,19.2
0,Bangkok,2025-02-13T10:00,33.1,54.3,63.8,18
0,Bangkok,2025-02-13T11:00,34.7,54.5,56.9,17.2
0,Bangkok,2025-02-13T12:00,35.4,54.5,53.6,16.9
0,Bangkok,2025-02-13T13:00,36.4,54.7,50.4,16.4
0,Bangkok,2025-02-13T14:00,35.4,54.6,54.2,16.9
0,Bangkok,2025-02-13T15:00,33.1,54.3,63.7,18
0,Bangkok,2025-02-13T16:00,30.2,53.9,78.5,19.8
0,Bangkok,2025-02-13T17:00,26.7,53.2,99.1,22.4
0,Bangkok,2025-02-13T18:00,27,52.6,94.5,22.1
0,Bangkok,2025-02-13T19:00,30.9,52.1,68.3,19.3
0,Bangkok,2025-02-13T20:00,35.5,51.9,45.9,16.8
0,Bangkok,2025-02-13T21:00,39,51.1,31,15.3
0,Bangkok,2025-02-13T22:00,40.5,50,23.4,14.7
0,Bangkok,2025-02-13T23:00,43.2,49.7,15,13.8
0,Bangkok,2025-02-14T00:00,45.1,49.1,8.8,13.2
0,Bangkok,2025-02-14T01:00,46.8,49.2,5,12.8
0,Bangkok,2025-02-14T02:00,47.4,49.3,4,12.6
0,Bangkok,2025-02-14T03:00,49.2,50.7,3,12.1
0,Bangkok,2025-02-14T04:00,52,54.2,4.2,11.5
0,Bangkok,2025-02-14T05:00,50.5,56.1,11,11.8
0,Bangkok,2025-02-14T06:00,38.7,54.8,41.4,15.4
0,Bangkok,2025-02-14T07:00,30.8,52.8,71.2,19.4
0,Bangkok,2025-02-14T08:00,32,52.9,65.5,18.7
0,Bangkok,2025-02-14T09:00,34.4,54.2,57.3,17.4
0,Bangkok,2025-02-14T10:00,34.9,54.4,55.6,17.1
0,Bangkok,2025-02-14T11:00,34.6,54.5,57.3,17.3
0,Bangkok,2025-02-14T12:00,33.8,54.4,60.5,17.7
0,Bangkok,2025-02-14T13:00,33.5,54.5,62.4,17.8
0,Bangkok,2025-02-14T14:00,31.6,54.7,72.8,18.9
0,Bangkok,2025-02-14T15:00,29.3,54.6,86,20.4
0,Bangkok,2025-02-14T16:00,26.7,54.2,102.9,22.4
0,Bangkok,2025-02-14T17:00,23.3,53.5,129.2,25.6
0,Bangkok,2025-02-14T18:00,23,53,129.8,25.9
0,Bangkok,2025-02-14T19:00,26.2,52.9,101.3,22.8
0,Bangkok,2025-02-14T20:00,30.5,52.5,71.8,19.6
0,Bangkok,2025-02-14T21:00,34.6,52.1,50.6,17.3
0,Bangkok,2025-02-14T22:00,36.2,51,40.9,16.5
0,Bangkok,2025-02-14T23:00,39.5,50,26.7,15.1
0,Bangkok,2025-02-15T00:00,42.9,49.4,15.1,13.9
0,Bangkok,2025-02-15T01:00,45.3,49.3,8.8,13.2
0,Bangkok,2025-02-15T02:00,46.1,48.8,5.9,13
0,Bangkok,2025-02-15T03:00,47.6,49.7,4.2,12.5
0,Bangkok,2025-02-15T04:00,51,52.8,3.5,11.7
0,Bangkok,2025-02-15T05:00,53.2,56.7,6.5,11.2
0,Bangkok,2025-02-15T06:00,51.8,57.4,10.8,11.5
0,Bangkok,2025-02-15T07:00,48.6,56.4,16.1,12.3
0,Bangkok,2025-02-15T08:00,43.7,55.8,27.5,13.7
0,Bangkok,2025-02-15T09:00,39.7,55.9,40.4,15
0,Bangkok,2025-02-15T10:00,36.6,55.6,51.6,16.3
0,Bangkok,2025-02-15T11:00,34.7,55.3,59.3,17.2
0,Bangkok,2025-02-15T12:00,33.4,54.7,63.6,17.9
0,Bangkok,2025-02-15T13:00,34.2,54.9,60.3,17.5
0,Bangkok,2025-02-15T14:00,34.5,54.9,58.9,17.3
0,Bangkok,2025-02-15T15:00,34.3,54.7,59.2,17.4
0,Bangkok,2025-02-15T16:00,34.4,54.6,58.4,17.4
0,Bangkok,2025-02-15T17:00,33.7,54.1,60.3,17.7
0,Bangkok,2025-02-15T18:00,35.9,53.5,49,16.6
0,Bangkok,2025-02-15T19:00,37.6,52.7,40,15.9
0,Bangkok,2025-02-15T20:00,39.2,52.6,34.1,15.2
0,Bangkok,2025-02-15T21:00,40,51.9,29.6,14.9
0,Bangkok,2025-02-15T22:00,40,50.9,27.2,14.9
0,Bangkok,2025-02-15T23:00,41.6,50,20.1,14.4
0,Bangkok,2025-02-16T00:00,44.5,49.6,11.5,13.4
0,Bangkok,2025-02-16T01:00,46.6,49.4,5.8,12.8
0,Bangkok,2025-02-16T02:00,47.4,49.1,3.6,12.6
0,Bangkok,2025-02-16T03:00,48.8,49.8,1.9,12.2
0,Bangkok,2025-02-16T04:00,52,52.5,1,11.5
0,Bangkok,2025-02-16T05:00,54.3,56.1,3.3,11
0,Bangkok,2025-02-16T06:00,53.7,56.7,5.6,11.1
0,Bangkok,2025-02-16T07:00,51.6,56,8.3,11.6
0,Bangkok,2025-02-16T08:00,47.8,55.1,15.3,12.5
0,Bangkok,2025-02-16T09:00,45.1,55.1,22.1,13.2
0,Bangkok,2025-02-16T10:00,42.7,55,28.7,14
0,Bangkok,2025-02-16T11:00,41.1,54.9,33.5,14.5
0,Bangkok,2025-02-16T12:00,39.9,54.8,37.5,15
0,Bangkok,2025-02-16T13:00,39.9,55.1,38.1,15
0,Bangkok,2025-02-16T14:00,40,55.5,38.5,14.9
0,Bangkok,2025-02-16T15:00,39.8,55.6,39.4,15
0,Bangkok,2025-02-16T16:00,38.6,55.5,43.6,15.5
0,Bangkok,2025-02-16T17:00,37.7,55,45.9,15.8
0,Bangkok,2025-02-16T18:00,38.7,54.4,40.6,15.4
0,Bangkok,2025-02-16T19:00,39.8,53.9,35.2,15
0,Bangkok,2025-02-16T20:00,41.5,53.9,29.8,14.4
0,Bangkok,2025-02-16T21:00,43.1,53.2,23.5,13.9
0,Bangkok,2025-02-16T22:00,44.3,52,17.4,13.5
0,Bangkok,2025-02-16T23:00,45.3,51.2,12.9,13.2
0,Bangkok,2025-02-17T00:00,48,50.7,5.5,12.4
0,Bangkok,2025-02-17T01:00,49.8,50.9,2,12
0,Bangkok,2025-02-17T02:00,49.7,50.5,1.6,12
0,Bangkok,2025-02-17T03:00,51.5,52.2,1.2,11.6
0,Bangkok,2025-02-17T04:00,54.5,55.9,2.4,10.9
0,Bangkok,2025-02-17T05:00,51.8,58.1,12.3,11.5
0,Bangkok,2025-02-17T06:00,37.7,55.7,47.7,15.9
0,Bangkok,2025-02-17T07:00,28.9,53.1,83.6,20.7
0,Bangkok,2025-02-17T08:00,29.5,53.1,79.8,20.2
0,Bangkok,2025-02-17T09:00,32.9,54,64.1,18.2
0,Bangkok,2025-02-17T10:00,35.8,54.4,51.9,16.7
0,Bangkok,2025-02-17T11:00,37.5,54.6,45.5,15.9
0,Bangkok,2025-02-17T12:00,37.9,54.3,43,15.7
0,Bangkok,2025-02-17T13:00,38.5,54.4,41,15.5
0,Bangkok,2025-02-17T14:00,37.4,54.6,45.8,16
0,Bangkok,2025-02-17T15:00,35.4,54.4,53.7,16.9
0,Bangkok,2025-02-17T16:00,32.9,53.8,63.3,18.2
0,Bangkok,2025-02-17T17:00,29.5,53,79.3,20.2
0,Bangkok,2025-02-17T18:00,29.7,52.1,75.6,20.2
0,Bangkok,2025-02-17T19:00,34.2,51.8,51.4,17.5
0,Bangkok,2025-02-17T20:00,39.1,51.4,31.5,15.3
0,Bangkok,2025-02-17T21:00,41.6,50.6,21.7,14.4
0,Bangkok,2025-02-17T22:00,43,50,16.2,13.9
0,Bangkok,2025-02-17T23:00,45.4,49.9,10,13.2
0,Bangkok,2025-02-18T00:00,46.9,49.6,5.7,12.7
0,Bangkok,2025-02-18T01:00,47.8,49.6,3.7,12.5
0,Bangkok,2025-02-18T02:00,48.4,50,3.2,12.3
0,Bangkok,2025-02-18T03:00,50.3,51.6,2.6,11.9
0,Bangkok,2025-02-18T04:00,53.5,55.2,3.1,11.1
0,Bangkok,2025-02-18T05:00,50.5,56.4,11.6,11.8
0,Bangkok,2025-02-18T06:00,38,54.9,44.4,15.7
0,Bangkok,2025-02-18T07:00,28.7,52.9,84.2,20.8
0,Bangkok,2025-02-18T08:00,25.8,52.9,105.1,23.2
0,Bangkok,2025-02-18T09:00,26.6,53.6,101.4,22.5
0,Bangkok,2025-02-18T10:00,29.1,53.9,85.3,20.6
0,Bangkok,2025-02-18T11:00,31.6,54.2,71.5,18.9
0,Bangkok,2025-02-18T12:00,33.3,54,62,17.9
0,Bangkok,2025-02-18T13:00,35.6,54,51.5,16.8
0,Bangkok,2025-02-18T14:00,35.8,54.2,51.1,16.7
0,Bangkok,2025-02-18T15:00,34.1,53.9,57.8,17.5
0,Bangkok,2025-02-18T16:00,31.8,53.5,68.1,18.8
0,Bangkok,2025-02-18T17:00,28.5,52.9,85,20.9
0,Bangkok,2025-02-18T18:00,28.1,51.9,84.2,21.2
0,Bangkok,2025-02-18T19:00,32.4,51.7,59.7,18.5
0,Bangkok,2025-02-18T20:00,37.3,51.4,37.7,16
0,Bangkok,2025-02-18T21:00,40.4,50.8,25.7,14.8
0,Bangkok,2025-02-18T22:00,42.1,50,18.7,14.2
0,Bangkok,2025-02-18T23:00,44.2,49.5,11.9,13.5
0,Bangkok,2025-02-19T00:00,46.4,49.4,6.6,12.9
0,Bangkok,2025-02-19T01:00,47.3,49.4,4.3,12.6
0,Bangkok,2025-02-19T02:00,47.8,49.3,3.2,12.5
0,Bangkok,2025-02-19T03:00,49.5,51,3.1,12.1
0,Bangkok,2025-02-19T04:00,52.6,54.6,3.7,11.3
0,Bangkok,2025-02-19T05:00,50.1,56.3,12.3,11.9
0,Bangkok,2025-02-19T06:00,37.6,54.7,45.2,15.9
0,Bangkok,2025-02-19T07:00,29.6,52.9,78.4,20.2
0,Bangkok,2025-02-19T08:00,29.8,52.8,77.3,20.1
0,Bangkok,2025-02-19T09:00,32.1,53.6,66.6,18.6
0,Bangkok,2025-02-19T10:00,34.3,54.1,57.8,17.4
0,Bangkok,2025-02-19T11:00,35.3,54,52.8,16.9
0,Bangkok,2025-02-19T12:00,36,54,49.9,16.6
0,Bangkok,2025-02-19T13:00,36.9,54.1,46.7,16.2
0,Bangkok,2025-02-19T14:00,34.3,54.4,58.2,17.4
0,Bangkok,2025-02-19T15:00,32.1,54,68,18.6
0,Bangkok,2025-02-19T16:00,31,53.7,73.1,19.3
0,Bangkok,2025-02-19T17:00,28,53,89.1,21.4
0,Bangkok,2025-02-19T18:00,28.2,52.4,85.5,21.2
0,Bangkok,2025-02-19T19:00,32.8,52,58.6,18.2
0,Bangkok,2025-02-19T20:00,37.6,51.8,37.6,15.9
0,Bangkok,2025-02-19T21:00,40.3,51.1,26.9,14.8
0,Bangkok,2025-02-19T22:00,41.7,50.1,19.9,14.3
0,Bangkok,2025-02-19T23:00,44.2,49.7,12.2,13.5
0,Bangkok,2025-02-20T00:00,46.3,49.6,7,12.9
0,Bangkok,2025-02-20T01:00,47.2,49.4,4.4,12.6
0,Bangkok,2025-02-20T02:00,47.1,49.6,5.3,12.7
0,Bangkok,2025-02-20T03:00,48,51,6.2,12.4
0,Bangkok,2025-02-20T04:00,51.7,54.7,5.8,11.5
0,Bangkok,2025-02-20T05:00,50.4,56.5,11.9,11.8
0,Bangkok,2025-02-20T06:00,39,55,40.7,15.3
0,Bangkok,2025-02-20T07:00,30.6,52.9,72.6,19.5
0,Bangkok,2025-02-20T08:00,30.7,52.9,71.9,19.4
0,Bangkok,2025-02-20T09:00,33.4,53.9,61.6,17.9
0,Bangkok,2025-02-20T10:00,35.3,54.3,53.7,16.9
0,Bangkok,2025-02-20T11:00,36,54.3,50.7,16.6
0,Bangkok,2025-02-20T12:00,36.9,54.2,46.9,16.2
0,Bangkok,2025-02-20T13:00,37.3,54.4,45.4,16
0,Bangkok,2025-02-20T14:00,36.4,54.5,49.7,16.4
0,Bangkok,2025-02-20T15:00,34.4,54.4,57.7,17.3
0,Bangkok,2025-02-20T16:00,32.5,54,66,18.4
0,Bangkok,2025-02-20T17:00,29.2,53.3,82.4,20.5
0,Bangkok,2025-02-20T18:00,29.2,52.5,80,20.5
0,Bangkok,2025-02-20T19:00,33.3,52,56.1,17.9
0,Bangkok,2025-02-20T20:00,38.1,51.8,35.7,15.7
0,Bangkok,2025-02-20T21:00,40.4,51,26.3,14.8
0,Bangkok,2025-02-20T22:00,41.6,50.2,20.5,14.4
0,Bangkok,2025-02-20T23:00,43.9,49.8,13.4,13.6
0,Bangkok,2025-02-21T00:00,45.7,49.3,7.7,13.1
0,Bangkok,2025-02-21T01:00,46.8,49,4.6,12.8
0,Bangkok,2025-02-21T02:00,48.3,49.9,3.3,12.4
0,Bangkok,2025-02-21T03:00,49.2,50.6,2.8,12.1
0,Bangkok,2025-02-21T04:00,52.4,54.1,3.3,11.4
0,Bangkok,2025-02-21T05:00,50.8,56.5,11.2,11.8
0,Bangkok,2025-02-21T06:00,40.1,55.1,37.3,14.9
0,Bangkok,2025-02-21T07:00,32.1,53.1,65.1,18.6
0,Bangkok,2025-02-21T08:00,32.3,53.1,64.1,18.5
0,Bangkok,2025-02-21T09:00,34.9,54.4,55.6,17.1
0,Bangkok,2025-02-21T10:00,36.5,54.8,50.2,16.4
0,Bangkok,2025-02-21T11:00,36.5,54.5,49.3,16.4
0,Bangkok,2025-02-21T12:00,34.8,54.6,56.5,17.2
0,Bangkok,2025-02-21T13:00,34.7,54.5,56.8,17.2
0,Bangkok,2025-02-21T14:00,34,54.8,60.8,17.6
0,Bangkok,2025-02-21T15:00,31.9,54.5,70.9,18.7
0,Bangkok,2025-02-21T16:00,30,54.2,80.4,19.9
0,Bangkok,2025-02-21T17:00,27.2,53.5,96.4,22
0,Bangkok,2025-02-21T18:00,27.3,52.7,93.1,21.9
0,Bangkok,2025-02-21T19:00,31.7,52.7,66.3,18.9
0,Bangkok,2025-02-21T20:00,36.5,52.7,44.4,16.4
0,Bangkok,2025-02-21T21:00,38.3,51.8,35.1,15.6
0,Bangkok,2025-02-21T22:00,39.7,51,28.5,15.1
0,Bangkok,2025-02-21T23:00,41.9,50.3,19.8,14.2
0,Bangkok,2025-02-22T00:00,44.6,49.5,11.1,13.4
0,Bangkok,2025-02-22T01:00,46.2,49.2,6.6,12.9
0,Bangkok,2025-02-22T02:00,46.4,48.7,4.9,12.9
0,Bangkok,2025-02-22T03:00,47.8,49.6,3.8,12.5
0,Bangkok,2025-02-22T04:00,51.7,53.5,3.5,11.6
0,Bangkok,2025-02-22T05:00,53.7,57.1,6.2,11.1
0,Bangkok,2025-02-22T06:00,52,57.3,10,11.5
0,Bangkok,2025-02-22T07:00,48.8,56.6,15.9,12.2
0,Bangkok,2025-02-22T08:00,43.7,55.8,27.4,13.7
0,Bangkok,2025-02-22T09:00,39.8,55.8,40.2,15
0,Bangkok,2025-02-22T10:00,36.9,55.5,50.3,16.2
0,Bangkok,2025-02-22T11:00,35,55.2,57.6,17.1
0,Bangkok,2025-02-22T12:00,33.1,54.5,64.3,18
0,Bangkok,2025-02-22T13:00,33.9,54.7,61,17.6
0,Bangkok,2025-02-22T14:00,34,54.8,60.8,17.6
0,Bangkok,2025-02-22T15:00,33.6,54.6,62.3,17.8
0,Bangkok,2025-02-22T16:00,33.6,54.8,62.9,17.8
0,Bangkok,2025-02-22T17:00,32.2,54.3,68.5,18.5
0,Bangkok,2025-02-22T18:00,33.8,53.7,58.7,17.7
0,Bangkok,2025-02-22T19:00,37,53,43.4,16.2
0,Bangkok,2025-02-22T20:00,38.7,52.5,35.8,15.4
0,Bangkok,2025-02-22T21:00,39.8,52,30.4,15
0,Bangkok,2025-02-22T22:00,40,51.3,28.3,14.9
0,Bangkok,2025-02-22T23:00,42.2,50.5,19.5,14.1
0,Bangkok,2025-02-23T00:00,44.6,50,11.9,13.4
0,Bangkok,2025-02-23T01:00,45.8,49,6.9,13
0,Bangkok,2025-02-23T02:00,46.7,48.6,4,12.8
0,Bangkok,2025-02-23T03:00,48.2,49.2,2.2,12.4
0,Bangkok,2025-02-23T04:00,51.6,52.3,1.3,11.6
0,Bangkok,2025-02-23T05:00,53.9,55.9,3.7,11.1
0,Bangkok,2025-02-23T06:00,53.4,56.5,5.6,11.2
0,Bangkok,2025-02-23T07:00,51.4,55.9,8.8,11.6
0,Bangkok,2025-02-23T08:00,47.7,55.1,15.4,12.5
0,Bangkok,2025-02-23T09:00,45.2,55.1,21.8,13.2
0,Bangkok,2025-02-23T10:00,43.2,55,27.2,13.8
0,Bangkok,2025-02-23T11:00,41.4,54.7,31.8,14.4
0,Bangkok,2025-02-23T12:00,40.1,54.5,35.8,14.9
0,Bangkok,2025-02-23T13:00,39.9,54.8,37.2,15
0,Bangkok,2025-02-23T14:00,39.7,55.1,38.6,15
0,Bangkok,2025-02-23T15:00,39,55.2,41.5,15.3
0,Bangkok,2025-02-23T16:00,38.6,54.9,42.2,15.5
0,Bangkok,2025-02-23T17:00,38.2,54.8,43.2,15.6
0,Bangkok,2025-02-23T18:00,38.8,54.4,40.1,15.4
0,Bangkok,2025-02-23T19:00,39.7,54.1,36.2,15.1
0,Bangkok,2025-02-23T20:00,41.4,53.8,30,14.4
0,Bangkok,2025-02-23T21:00,43,52.9,23,13.9
0,Bangkok,2025-02-23T22:00,44.5,52.1,16.9,13.4
0,Bangkok,2025-02-23T23:00,46.8,51.7,10.3,12.7
0,Bangkok,2025-02-24T00:00,48.6,50.8,4.5,12.3
0,Bangkok,2025-02-24T01:00,49.5,50.5,2.1,12.1
0,Bangkok,2025-02-24T02:00,49.3,50,1.3,12.1
0,Bangkok,2025-02-24T03:00,50.8,51.5,1.4,11.7
0,Bangkok,2025-02-24T04:00,53.9,55.4,2.7,11.1
0,Bangkok,2025-02-24T05:00,51.4,57.7,12.2,11.6
0,Bangkok,2025-02-24T06:00,37.9,55.8,47.2,15.8
0,Bangkok,2025-02-24T07:00,29.2,53.2,82,20.4
0,Bangkok,2025-02-24T08:00,29.5,53,79.9,20.3
0,Bangkok,2025-02-24T09:00,32.6,53.9,65.2,18.3
0,Bangkok,2025-02-24T10:00,35.8,54.4,51.9,16.7
0,Bangkok,2025-02-24T11:00,37.6,54.4,44.7,15.9
0,Bangkok,2025-02-24T12:00,38.1,54.2,42,15.7
0,Bangkok,2025-02-24T13:00,38.2,54,41.5,15.7
0,Bangkok,2025-02-24T14:00,36.3,54.2,49.3,16.5
0,Bangkok,2025-02-24T15:00,33.9,54.1,59.4,17.6
0,Bangkok,2025-02-24T16:00,32.4,53.9,66.4,18.5
0,Bangkok,2025-02-24T17:00,27.8,53.4,91.7,21.5
0,Bangkok,2025-02-24T18:00,27.7,52.7,90.2,21.6
0,Bangkok,2025-02-24T19:00,32.9,52.2,58.4,18.1
0,Bangkok,2025-02-24T20:00,38.7,51.8,33.7,15.4
0,Bangkok,2025-02-24T21:00,41.7,51,22.2,14.3
0,Bangkok,2025-02-24T22:00,42.6,50,17.4,14
0,Bangkok,2025-02-24T23:00,45,49.9,10.9,13.3
0,Bangkok,2025-02-25T00:00,46.7,49.5,5.8,12.8
0,Bangkok,2025-02-25T01:00,47.3,49.1,3.7,12.6
0,Bangkok,2025-02-25T02:00,49,50.2,2.5,12.2
0,Bangkok,2025-02-25T03:00,49.6,50.6,2,12
0,Bangkok,2025-02-25T04:00,52.3,54.3,3.8,11.4
0,Bangkok,2025-02-25T05:00,50.1,56.7,13.1,11.9
0,Bangkok,2025-02-25T06:00,38.4,55.4,44,15.5
0,Bangkok,2025-02-25T07:00,29.1,53.2,82.3,20.5
0,Bangkok,2025-02-25T08:00,28.4,52.9,86.1,21
0,Bangkok,2025-02-25T09:00,31.3,53.8,71.7,19.1
0,Bangkok,2025-02-25T10:00,33.9,54.2,59.9,17.6
0,Bangkok,2025-02-25T11:00,35.5,54.1,52.4,16.8
0,Bangkok,2025-02-25T12:00,36.1,53.9,49.3,16.5
0,Bangkok,2025-02-25T13:00,36.3,53.9,48.2,16.4
0,Bangkok,2025-02-25T14:00,35,54,54.1,17.1
0,Bangkok,2025-02-25T15:00,33.2,54,62.7,18
0,Bangkok,2025-02-25T16:00,31.8,53.8,69,18.8
0,Bangkok,2025-02-25T17:00,28.3,53.1,87.3,21.1
0,Bangkok,2025-02-25T18:00,27.9,52.4,87.3,21.4
0,Bangkok,2025-02-25T19:00,32.4,51.9,60.4,18.5
0,Bangkok,2025-02-25T20:00,37.3,51.6,38.1,16
0,Bangkok,2025-02-25T21:00,40.6,51.1,25.8,14.7
0,Bangkok,2025-02-25T22:00,41.7,50,19.7,14.3
0,Bangkok,2025-02-25T23:00,44.5,49.6,11.4,13.4
0,Bangkok,2025-02-26T00:00,46.5,49.3,5.9,12.8
0,Bangkok,2025-02-26T01:00,47.3,49.2,4,12.6
0,Bangkok,2025-02-26T02:00,47.8,49.2,2.8,12.5
0,Bangkok,2025-02-26T03:00,49.1,50.6,3,12.2
0,Bangkok,2025-02-26T04:00,52.2,53.8,3.1,11.4
0,Bangkok,2025-02-26T05:00,50.9,56.4,10.7,11.7
0,Bangkok,2025-02-26T06:00,39.9,55.2,38.1,15
0,Bangkok,2025-02-26T07:00,30.9,53.1,71.7,19.3
0,Bangkok,2025-02-26T08:00,29.8,52.8,77.1,20.1
0,Bangkok,2025-02-26T09:00,31.5,53.7,70.2,18.9
0,Bangkok,2025-02-26T10:00,33.5,54.1,61.2,17.8
0,Bangkok,2025-02-26T11:00,35.5,54,51.9,16.8
0,Bangkok,2025-02-26T12:00,36,53.8,49.6,16.6
0,Bangkok,2025-02-26T13:00,36.2,54,49,16.5
0,Bangkok,2025-02-26T14:00,35.5,54.2,52.5,16.8
0,Bangkok,2025-02-26T15:00,34.2,54.1,58.2,17.5
0,Bangkok,2025-02-26T16:00,32.3,53.9,67,18.5
0,Bangkok,2025-02-26T17:00,28.6,53.1,85.4,20.9
0,Bangkok,2025-02-26T18:00,28.7,52.4,82.2,20.8
0,Bangkok,2025-02-26T19:00,32.3,51.9,60.7,18.5
0,Bangkok,2025-02-26T20:00,37.2,51.7,39,16.1
0,Bangkok,2025-02-26T21:00,39.8,51,28.1,15
0,Bangkok,2025-02-26T22:00,41.7,50.3,20.5,14.3
0,Bangkok,2025-02-26T23:00,44.7,50.3,12.4,13.4
0,Bangkok,2025-02-27T00:00,46,49.3,7.2,13
0,Bangkok,2025-02-27T01:00,46.7,48.9,4.6,12.8
0,Bangkok,2025-02-27T02:00,47.2,48.4,2.6,12.7
0,Bangkok,2025-02-27T03:00,49.6,50.8,2.3,12
0,Bangkok,2025-02-27T04:00,52.3,53.9,3,11.4
0,Bangkok,2025-02-27T05:00,51.5,56.7,10,11.6
0,Bangkok,2025-02-27T06:00,41.2,55.4,34.4,14.5
0,Bangkok,2025-02-27T07:00,32.4,53.4,64.9,18.5
0,Bangkok,2025-02-27T08:00,31.1,53.1,70.7,19.2
0,Bangkok,2025-02-27T09:00,33,54,63.5,18.1
0,Bangkok,2025-02-27T10:00,34.8,54.5,56.6,17.2
0,Bangkok,2025-02-27T11:00,35.8,54.5,52.2,16.7
0,Bangkok,2025-02-27T12:00,36.3,54.4,49.5,16.4
0,Bangkok,2025-02-27T13:00,36.1,54.3,50.5,16.6
0,Bangkok,2025-02-27T14:00,35,54.5,55.6,17.1
0,Bangkok,2025-02-27T15:00,33.8,54.5,61.1,17.7
0,Bangkok,2025-02-27T16:00,31.7,54,70.5,18.9
0,Bangkok,2025-02-27T17:00,28.4,53.4,87.9,21.1
0,Bangkok,2025-02-27T18:00,28.4,52.5,84.4,21
0,Bangkok,2025-02-27T19:00,33,52.1,57.9,18.1
0,Bangkok,2025-02-27T20:00,37.4,51.7,38.2,16
0,Bangkok,2025-02-27T21:00,39.7,51.2,28.9,15.1
0,Bangkok,2025-02-27T22:00,41.2,50.3,22,14.5
0,Bangkok,2025-02-27T23:00,44,49.7,12.8,13.6
0,Bangkok,2025-02-28T00:00,46.2,49.4,6.9,12.9
0,Bangkok,2025-02-28T01:00,47.2,49.1,4.1,12.7
0,Bangkok,2025-02-28T02:00,48.1,49.4,2.7,12.4
0,Bangkok,2025-02-28T03:00,49.9,50.9,2,12
0,Bangkok,2025-02-28T04:00,52.4,54.1,3.3,11.4
0,Bangkok,2025-02-28T05:00,50.9,56.3,10.6,11.7
0,Bangkok,2025-02-28T06:00,42.7,55.7,30.4,14
0,Bangkok,2025-02-28T07:00,34.2,53.6,56.7,17.5
0,Bangkok,2025-02-28T08:00,33.2,53.1,59.9,18
0,Bangkok,2025-02-28T09:00,34.7,54.3,56.5,17.2
0,Bangkok,2025-02-28T10:00,35,54.7,56,17.1
0,Bangkok,2025-02-28T11:00,34.7,54.5,56.9,17.2
0,Bangkok,2025-02-28T12:00,34.1,54.5,59.4,17.5
0,Bangkok,2025-02-28T13:00,34.2,54.7,59.9,17.5
0,Bangkok,2025-02-28T14:00,32.7,54.9,67.8,18.3
0,Bangkok,2025-02-28T15:00,30.8,54.8,77.6,19.4
0,Bangkok,2025-02-28T16:00,29,54.4,87.2,20.6
0,Bangkok,2025-02-28T17:00,25.5,53.4,108.9,23.4
0,Bangkok,2025-02-28T18:00,25.4,53,108.3,23.5
0,Bangkok,2025-02-28T19:00,28.4,52.7,85.1,21
0,Bangkok,2025-02-28T20:00,32.9,52.4,59.1,18.1
0,Bangkok,2025-02-28T21:00,36.2,52.1,43.9,16.5
0,Bangkok,2025-02-28T22:00,37.3,51.1,37,16
0,Bangkok,2025-02-28T23:00,40.7,50.4,23.5,14.7
0,Bangkok,2025-03-01T00:00,44,49.7,12.8,13.6
0,Bangkok,2025-03-01T01:00,45.6,49.1,7.6,13.1
0,Bangkok,2025-03-01T02:00,46.3,48.8,5.5,12.9
0,Bangkok,2025-03-01T03:00,47.6,49.5,4,12.5
0,Bangkok,2025-03-01T04:00,51.3,53,3.1,11.6
0,Bangkok,2025-03-01T05:00,53.7,56.8,5.8,11.1
0,Bangkok,2025-03-01T06:00,52.4,57.5,9.6,11.4
0,Bangkok,2025-03-01T07:00,48.5,56.4,16.2,12.3
0,Bangkok,2025-03-01T08:00,43.7,55.9,27.7,13.7
0,Bangkok,2025-03-01T09:00,39.2,55.8,42.3,15.2
0,Bangkok,2025-03-01T10:00,35.7,55.5,55.4,16.7
0,Bangkok,2025-03-01T11:00,33.8,55,62.6,17.7
0,Bangkok,2025-03-01T12:00,32.5,54.6,67.8,18.4
0,Bangkok,2025-03-01T13:00,32.6,54.6,67.6,18.3
0,Bangkok,2025-03-01T14:00,33,54.7,65.6,18.1
0,Bangkok,2025-03-01T15:00,33,54.6,65.2,18.1
0,Bangkok,2025-03-01T16:00,32.7,54.5,66.5,18.3
0,Bangkok,2025-03-01T17:00,31,54,74.2,19.3
0,Bangkok,2025-03-01T18:00,32.2,53.4,65.6,18.5
0,Bangkok,2025-03-01T19:00,35.5,53,49.2,16.8
0,Bangkok,2025-03-01T20:00,38,52.5,37.9,15.7
0,Bangkok,2025-03-01T21:00,39.3,52,32,15.2
0,Bangkok,2025-03-01T22:00,40.3,51.4,27.3,14.8
0,Bangkok,2025-03-01T23:00,42.8,50.2,17.2,14
0,Bangkok,2025-03-02T00:00,45.6,50.3,10.3,13.1
0,Bangkok,2025-03-02T01:00,46.5,49.2,5.8,12.8
0,Bangkok,2025-03-02T02:00,46.9,48.9,4.1,12.7
0,Bangkok,2025-03-02T03:00,48.4,49.4,2.1,12.3
0,Bangkok,2025-03-02T04:00,51.9,52.8,1.5,11.5
0,Bangkok,2025-03-02T05:00,54,56,3.6,11
0,Bangkok,2025-03-02T06:00,54,56.6,4.8,11.1
0,Bangkok,2025-03-02T07:00,51.5,55.8,8.3,11.6
0,Bangkok,2025-03-02T08:00,47.8,55.4,15.9,12.5
0,Bangkok,2025-03-02T09:00,45.1,55.4,22.9,13.2
0,Bangkok,2025-03-02T10:00,42.4,55.1,29.9,14.1
0,Bangkok,2025-03-02T11:00,40.3,54.9,36,14.8
0,Bangkok,2025-03-02T12:00,39,54.8,40.5,15.3
0,Bangkok,2025-03-02T13:00,38.9,55,41.4,15.4
0,Bangkok,2025-03-02T14:00,38.5,55.2,43.4,15.5
0,Bangkok,2025-03-02T15:00,38,55.3,45.3,15.7
0,Bangkok,2025-03-02T16:00,36.8,55.3,50.1,16.2
0,Bangkok,2025-03-02T17:00,35.6,54.9,53.8,16.8
0,Bangkok,2025-03-02T18:00,37.4,54.4,45.3,16
0,Bangkok,2025-03-02T19:00,38.7,54.3,40.3,15.4
0,Bangkok,2025-03-02T20:00,40.2,53.9,33.9,14.9
0,Bangkok,2025-03-02T21:00,42,53.3,27,14.2
0,Bangkok,2025-03-02T22:00,44.2,52.5,18.5,13.5
0,Bangkok,2025-03-02T23:00,47.5,51.6,8.6,12.6
0,Bangkok,2025-03-03T00:00,48.6,50.7,4.3,12.3
0,Bangkok,2025-03-03T01:00,49.1,50.1,2,12.2
0,Bangkok,2025-03-03T02:00,49.4,49.8,0.7,12.1
0,Bangkok,2025-03-03T03:00,50.9,51.4,0.9,11.7
0,Bangkok,2025-03-03T04:00,53.9,55.1,2.1,11.1
0,Bangkok,2025-03-03T05:00,52,57.6,10.7,11.5
0,Bangkok,2025-03-03T06:00,41.1,56.7,37.8,14.5
0,Bangkok,2025-03-03T07:00,31.3,53.9,71.8,19.1
0,Bangkok,2025-03-03T08:00,30.1,53.2,76.7,19.9
0,Bangkok,2025-03-03T09:00,32.7,53.9,64.8,18.3
0,Bangkok,2025-03-03T10:00,35.3,54.5,54.1,16.9
0,Bangkok,2025-03-03T11:00,37,54.6,47.4,16.1
0,Bangkok,2025-03-03T12:00,37.3,54.3,45.3,16
0,Bangkok,2025-03-03T13:00,38.4,54.5,42,15.6
0,Bangkok,2025-03-03T14:00,37.7,54.7,45.1,15.9
0,Bangkok,2025-03-03T15:00,36,54.6,51.2,16.6
0,Bangkok,2025-03-03T16:00,34.2,54.2,58.3,17.5
0,Bangkok,2025-03-03T17:00,30,53.2,77.3,19.9
0,Bangkok,2025-03-03T18:00,29.1,52.5,79.9,20.5
0,Bangkok,2025-03-03T19:00,33,51.9,57.1,18.1
0,Bangkok,2025-03-03T20:00,37.7,51.4,36.3,15.8
0,Bangkok,2025-03-03T21:00,41,51,24.4,14.6
0,Bangkok,2025-03-03T22:00,42.4,49.9,17.6,14.1
0,Bangkok,2025-03-03T23:00,44.8,49.7,10.7,13.3
0,Bangkok,2025-03-04T00:00,46.6,49.3,5.8,12.8
0,Bangkok,2025-03-04T01:00,47.6,49.3,3.6,12.5
0,Bangkok,2025-03-04T02:00,48.5,50,3.1,12.3
0,Bangkok,2025-03-04T03:00,50.2,51.4,2.4,11.9
0,Bangkok,2025-03-04T04:00,52.8,54.5,3.2,11.3
0,Bangkok,2025-03-04T05:00,51.4,56.7,10.2,11.6
0,Bangkok,2025-03-04T06:00,42.6,55.9,31.2,14
0,Bangkok,2025-03-04T07:00,32.8,53.7,63.6,18.2
0,Bangkok,2025-03-04T08:00,30.3,53,75.2,19.7
0,Bangkok,2025-03-04T09:00,31.8,53.7,68.8,18.8
0,Bangkok,2025-03-04T10:00,33.8,54.2,60.3,17.7
0,Bangkok,2025-03-04T11:00,34.4,54.2,57.6,17.4
0,Bangkok,2025-03-04T12:00,35.4,54.4,53.3,16.9
0,Bangkok,2025-03-04T13:00,36.6,54.5,48.6,16.3
0,Bangkok,2025-03-04T14:00,36.3,54.8,50.8,16.5
0,Bangkok,2025-03-04T15:00,35.2,54.8,55.3,17
0,Bangkok,2025-03-04T16:00,32.9,54.2,64.3,18.1
0,Bangkok,2025-03-04T17:00,28.6,53.2,86,20.9
0,Bangkok,2025-03-04T18:00,28.3,52.3,84.3,21.1
0,Bangkok,2025-03-04T19:00,32.1,51.8,61.2,18.6
0,Bangkok,2025-03-04T20:00,37,51.6,39.5,16.2
0,Bangkok,2025-03-04T21:00,40,50.9,27.3,14.9
0,Bangkok,2025-03-04T22:00,41.8,50.2,20,14.3
0,Bangkok,2025-03-04T23:00,44.4,49.8,12.1,13.4
0,Bangkok,2025-03-05T00:00,45.9,49.2,7.2,13
0,Bangkok,2025-03-05T01:00,47.1,49.2,4.5,12.7
0,Bangkok,2025-03-05T02:00,48,49.7,3.5,12.4
0,Bangkok,2025-03-05T03:00,49.2,50.8,3.1,12.1
0,Bangkok,2025-03-05T04:00,52.2,54.3,4.1,11.4
0,Bangkok,2025-03-05T05:00,51.4,56.5,9.9,11.6
0,Bangkok,2025-03-05T06:00,42.8,55.9,30.6,14
0,Bangkok,2025-03-05T07:00,33.2,53.8,62,18
0,Bangkok,2025-03-05T08:00,30.6,53.2,73.5,19.5
0,Bangkok,2025-03-05T09:00,32,53.9,68.1,18.6
0,Bangkok,2025-03-05T10:00,33.9,54.4,60.3,17.6
0,Bangkok,2025-03-05T11:00,34.9,54.5,55.8,17.1
0,Bangkok,2025-03-05T12:00,35.4,54.6,53.8,16.9
0,Bangkok,2025-03-05T13:00,36.1,54.5,51,16.6
0,Bangkok,2025-03-05T14:00,35.5,54.5,53.5,16.8
0,Bangkok,2025-03-05T15:00,34.3,54.5,58.6,17.4
0,Bangkok,2025-03-05T16:00,32.3,54.1,67.6,18.5
0,Bangkok,2025-03-05T17:00,28,53.3,89.9,21.3
0,Bangkok,2025-03-05T18:00,27.9,52.4,87.7,21.4
0,Bangkok,2025-03-05T19:00,31.7,52,64,18.9
0,Bangkok,2025-03-05T20:00,36.4,51.6,41.5,16.4
0,Bangkok,2025-03-05T21:00,39.2,50.9,29.7,15.2
0,Bangkok,2025-03-05T22:00,41.2,49.8,20.8,14.5
0,Bangkok,2025-03-05T23:00,43.9,49.4,12.4,13.6
0,Bangkok,2025-03-06T00:00,46,49,6.4,13
0,Bangkok,2025-03-06T01:00,47,48.9,4,12.7
0,Bangkok,2025-03-06T02:00,47.8,49.5,3.6,12.5
0,Bangkok,2025-03-06T03:00,49.5,50.9,2.7,12.1
0,Bangkok,2025-03-06T04:00,53.1,55,3.6,11.2
0,Bangkok,2025-03-06T05:00,51.9,56.8,9.3,11.5
0,Bangkok,2025-03-06T06:00,44,55.8,26.8,13.6
0,Bangkok,2025-03-06T07:00,34.6,53.8,55.3,17.2
0,Bangkok,2025-03-06T08:00,32.5,53.2,63.5,18.4
0,Bangkok,2025-03-06T09:00,33.1,53.8,62.2,18
0,Bangkok,2025-03-06T10:00,34.7,54.4,56.6,17.2
0,Bangkok,2025-03-06T11:00,35.6,54.3,52.2,16.8
0,Bangkok,2025-03-06T12:00,35.9,54.1,50.6,16.6
0,Bangkok,2025-03-06T13:00,36.8,54.4,47.9,16.3
0,Bangkok,2025-03-06T14:00,35.9,54.5,51.6,16.6
0,Bangkok,2025-03-06T15:00,34.5,54.6,58.2,17.3
0,Bangkok,2025-03-06T16:00,32.3,54.3,68.2,18.5
0,Bangkok,2025-03-06T17:00,28.2,53.3,88.9,21.2
0,Bangkok,2025-03-06T18:00,28.1,52.6,87,21.2
0,Bangkok,2025-03-06T19:00,31.6,52.1,64.6,18.9
0,Bangkok,2025-03-06T20:00,36.7,51.8,41,16.3
0,Bangkok,2025-03-06T21:00,39.4,51.1,29.7,15.2
0,Bangkok,2025-03-06T22:00,41.1,50.1,21.8,14.5
0,Bangkok,2025-03-06T23:00,44.2,49.9,13,13.5
0,Bangkok,2025-03-07T00:00,45.9,49.3,7.3,13
0,Bangkok,2025-03-07T01:00,46.8,49.1,4.7,12.8
0,Bangkok,2025-03-07T02:00,47.4,49.3,3.9,12.6
0,Bangkok,2025-03-07T03:00,48.9,50.6,3.3,12.2
0,Bangkok,2025-03-07T04:00,52.4,54.5,3.9,11.4
0,Bangkok,2025-03-07T05:00,51.5,56.7,10,11.6
0,Bangkok,2025-03-07T06:00,44.6,56,25.5,13.4
0,Bangkok,2025-03-07T07:00,36.4,54.1,48.3,16.4
0,Bangkok,2025-03-07T08:00,34.3,53.3,55.5,17.4
0,Bangkok,2025-03-07T09:00,35.7,54.5,52.5,16.7
0,Bangkok,2025-03-07T10:00,36.1,54.7,51.5,16.6
0,Bangkok,2025-03-07T11:00,35.7,54.4,52.4,16.7
0,Bangkok,2025-03-07T12:00,35.1,54.3,54.8,17
0,Bangkok,2025-03-07T13:00,35.1,54.6,55.6,17
0,Bangkok,2025-03-07T14:00,33.8,54.8,62,17.7
0,Bangkok,2025-03-07T15:00,31.8,54.7,71.7,18.8
0,Bangkok,2025-03-07T16:00,29.1,54.2,86.4,20.6
0,Bangkok,2025-03-07T17:00,24.2,53.4,120,24.7
0,Bangkok,2025-03-07T18:00,23.1,53.2,130.1,25.9
0,Bangkok,2025-03-07T19:00,27.6,53.5,93.6,21.6
0,Bangkok,2025-03-07T20:00,32.6,53.4,63.5,18.3
0,Bangkok,2025-03-07T21:00,37,52.8,42.8,16.2
0,Bangkok,2025-03-07T22:00,39.8,51.8,29.9,15
0,Bangkok,2025-03-07T23:00,43.1,50.6,17.2,13.8
0,Bangkok,2025-03-08T00:00,45.2,49.9,10.1,13.2
0,Bangkok,2025-03-08T01:00,46.5,49.2,5.6,12.8
0,Bangkok,2025-03-08T02:00,46.6,48.8,4.6,12.8
0,Bangkok,2025-03-08T03:00,48.8,50.2,2.9,12.2
0,Bangkok,2025-03-08T04:00,52.3,53.5,2.3,11.4
0,Bangkok,2025-03-08T05:00,54.1,57.2,5.6,11
0,Bangkok,2025-03-08T06:00,51.3,56.8,10.6,11.6
0,Bangkok,2025-03-08T07:00,47.1,56.1,19,12.7
0,Bangkok,2025-03-08T08:00,43.7,55.9,27.7,13.7
0,Bangkok,2025-03-08T09:00,39.9,56,40.1,15
0,Bangkok,2025-03-08T10:00,36.9,55.4,50.2,16.2
0,Bangkok,2025-03-08T11:00,35,55,56.9,17.1
0,Bangkok,2025-03-08T12:00,33.5,54.2,61.8,17.8
0,Bangkok,2025-03-08T13:00,34.1,54.3,59,17.5
0,Bangkok,2025-03-08T14:00,34.5,54.5,58.1,17.3
0,Bangkok,2025-03-08T15:00,34.2,54.6,59.6,17.5
0,Bangkok,2025-03-08T16:00,33.5,54.4,62,17.8
0,Bangkok,2025-03-08T17:00,31.6,53.8,69.7,18.9
0,Bangkok,2025-03-08T18:00,34.1,53.5,56.8,17.5
0,Bangkok,2025-03-08T19:00,37,52.8,42.7,16.2
0,Bangkok,2025-03-08T20:00,38.5,52.3,35.7,15.5
0,Bangkok,2025-03-08T21:00,39.9,51.9,30,15
0,Bangkok,2025-03-08T22:00,41,51,24.4,14.6
0,Bangkok,2025-03-08T23:00,43.7,50.3,15,13.7
0,Bangkok,2025-03-09T00:00,45.6,49.7,8.9,13.1
0,Bangkok,2025-03-09T01:00,46.3,48.8,5.3,12.9
0,Bangkok,2025-03-09T02:00,46.6,48.6,4.1,12.8
0,Bangkok,2025-03-09T03:00,48.1,49.2,2.2,12.4
0,Bangkok,2025-03-09T04:00,51.7,52.2,1,11.6
0,Bangkok,2025-03-09T05:00,54.5,56.3,3.2,11
0,Bangkok,2025-03-09T06:00,53.6,56.7,5.6,11.1
0,Bangkok,2025-03-09T07:00,50.3,55.5,10.2,11.9
0,Bangkok,2025-03-09T08:00,47.8,55.2,15.3,12.5
0,Bangkok,2025-03-09T09:00,45.6,55.2,21.1,13.1
0,Bangkok,2025-03-09T10:00,43.3,54.9,26.6,13.8
0,Bangkok,2025-03-09T11:00,41.5,54.8,31.9,14.4
0,Bangkok,2025-03-09T12:00,39.9,54.7,36.9,15
0,Bangkok,2025-03-09T13:00,39.6,54.9,38.7,15.1
0,Bangkok,2025-03-09T14:00,39.6,55.5,40.1,15.1
0,Bangkok,2025-03-09T15:00,38.6,55.5,43.5,15.5
0,Bangkok,2025-03-09T16:00,38.1,55.6,45.9,15.7
0,Bangkok,2025-03-09T17:00,37.3,55.3,48.1,16
0,Bangkok,2025-03-09T18:00,38.1,54.7,43.2,15.7
0,Bangkok,2025-03-09T19:00,39.8,54.5,36.8,15
0,Bangkok,2025-03-09T20:00,40.8,53.9,32.2,14.6
0,Bangkok,2025-03-09T21:00,42.7,53.6,25.6,14
0,Bangkok,2025-03-09T22:00,44.9,53,18.1,13.3
0,Bangkok,2025-03-09T23:00,47.7,52.1,9,12.5
0,Bangkok,2025-03-10T00:00,49.3,51.2,4,12.1
0,Bangkok,2025-03-10T01:00,49.8,50.9,2.1,12
0,Bangkok,2025-03-10T02:00,49.9,50.4,1,12
0,Bangkok,2025-03-10T03:00,50.8,51.3,1,11.8
0,Bangkok,2025-03-10T04:00,53.8,55.1,2.3,11.1
0,Bangkok,2025-03-10T05:00,52.6,57.9,10,11.3
0,Bangkok,2025-03-10T06:00,43.7,56.8,30,13.7
0,Bangkok,2025-03-10T07:00,33.4,54.1,61.9,17.9
0,Bangkok,2025-03-10T08:00,31.7,53.1,67.7,18.9
0,Bangkok,2025-03-10T09:00,34,53.9,58.4,17.6
0,Bangkok,2025-03-10T10:00,36.1,54.5,50.9,16.6
0,Bangkok,2025-03-10T11:00,37.4,54.7,46.2,16
0,Bangkok,2025-03-10T12:00,37.3,54.5,46,16
0,Bangkok,2025-03-10T13:00,38.2,54.7,43.2,15.6
0,Bangkok,2025-03-10T14:00,37.9,55,44.7,15.7
0,Bangkok,2025-03-10T15:00,36.9,55,48.9,16.2
0,Bangkok,2025-03-10T16:00,35.4,54.7,54.3,16.9
0,Bangkok,2025-03-10T17:00,30.8,53.5,73.4,19.4
0,Bangkok,2025-03-10T18:00,30.7,52.8,72,19.5
0,Bangkok,2025-03-10T19:00,34.9,52.3,49.7,17.1
0,Bangkok,2025-03-10T20:00,39.1,51.7,32.3,15.3
0,Bangkok,2025-03-10T21:00,41.6,51.2,22.9,14.3
0,Bangkok,2025-03-10T22:00,43.2,50.3,16.5,13.8
0,Bangkok,2025-03-10T23:00,45.5,50,9.9,13.1
0,Bangkok,2025-03-11T00:00,46.7,49.5,5.8,12.8
0,Bangkok,2025-03-11T01:00,47.3,48.8,3,12.6
0,Bangkok,2025-03-11T02:00,48.2,49.1,1.8,12.4
0,Bangkok,2025-03-11T03:00,49.4,51,3,12.1
0,Bangkok,2025-03-11T04:00,52.6,54.4,3.4,11.3
0,Bangkok,2025-03-11T05:00,51.7,56.6,9.5,11.6
0,Bangkok,2025-03-11T06:00,43.9,56,27.7,13.6
0,Bangkok,2025-03-11T07:00,34.5,54.1,56.6,17.3
0,Bangkok,2025-03-11T08:00,31.1,53.1,70.4,19.2
0,Bangkok,2025-03-11T09:00,32.3,54,67.1,18.5
0,Bangkok,2025-03-11T10:00,34.6,54.5,57.5,17.3
0,Bangkok,2025-03-11T11:00,35.6,54.6,53.1,16.8
0,Bangkok,2025-03-11T12:00,35.9,54.6,51.7,16.6
0,Bangkok,2025-03-11T13:00,37.1,54.7,47.4,16.1
0,Bangkok,2025-03-11T14:00,36.9,54.8,48.2,16.2
0,Bangkok,2025-03-11T15:00,36,54.7,51.7,16.6
0,Bangkok,2025-03-11T16:00,33.6,54.3,61.3,17.8
0,Bangkok,2025-03-11T17:00,29.5,53.5,81.1,20.3
0,Bangkok,2025-03-11T18:00,28.9,52.6,81.7,20.7
0,Bangkok,2025-03-11T19:00,32.2,52,61.2,18.5
0,Bangkok,2025-03-11T20:00,37,51.6,39.5,16.2
0,Bangkok,2025-03-11T21:00,40,50.9,27.2,14.9
0,Bangkok,2025-03-11T22:00,41.8,50.2,20.1,14.3
0,Bangkok,2025-03-11T23:00,44.2,49.7,12.3,13.5
0,Bangkok,2025-03-12T00:00,46.1,49.2,6.8,13
0,Bangkok,2025-03-12T01:00,46.9,49.1,4.7,12.7
0,Bangkok,2025-03-12T02:00,47.7,49.1,2.9,12.5
0,Bangkok,2025-03-12T03:00,49.6,50.6,2.2,12
0,Bangkok,2025-03-12T04:00,52.7,54.6,3.6,11.3
0,Bangkok,2025-03-12T05:00,51.2,56.5,10.4,11.7
0,Bangkok,2025-03-12T06:00,44.4,56,26.1,13.5
0,Bangkok,2025-03-12T07:00,34.6,54.1,56.3,17.3
0,Bangkok,2025-03-12T08:00,30.9,53.3,72.1,19.3
0,Bangkok,2025-03-12T09:00,31.7,54,70,18.8
0,Bangkok,2025-03-12T10:00,33.7,54.5,61.8,17.7
0,Bangkok,2025-03-12T11:00,35.1,54.5,55.1,17
0,Bangkok,2025-03-12T12:00,36,54.7,51.8,16.6
0,Bangkok,2025-03-12T13:00,36.6,54.5,48.8,16.3
0,Bangkok,2025-03-12T14:00,36.4,54.8,50.5,16.4
0,Bangkok,2025-03-12T15:00,35.5,54.8,54,16.8
0,Bangkok,2025-03-12T16:00,33.4,54.4,62.8,17.9
0,Bangkok,2025-03-12T17:00,28.8,53.5,85.3,20.7
0,Bangkok,2025-03-12T18:00,27.9,52.7,88.7,21.4
0,Bangkok,2025-03-12T19:00,31.9,52.1,63.3,18.7
0,Bangkok,2025-03-12T20:00,36.7,51.7,40.7,16.3
0,Bangkok,2025-03-12T21:00,39.9,51,27.8,15
0,Bangkok,2025-03-12T22:00,41.6,50.1,20.4,14.4
0,Bangkok,2025-03-12T23:00,44.1,49.6,12.4,13.6
0,Bangkok,2025-03-13T00:00,46,49,6.6,13
0,Bangkok,2025-03-13T01:00,46.7,48.6,4.1,12.8
0,Bangkok,2025-03-13T02:00,47.5,48.8,2.6,12.6
0,Bangkok,2025-03-13T03:00,49.5,50.4,1.7,12.1
0,Bangkok,2025-03-13T04:00,52.2,53.5,2.4,11.4
0,Bangkok,2025-03-13T05:00,51.4,56.3,9.6,11.6
0,Bangkok,2025-03-13T06:00,44.2,55.9,26.3,13.5
0,Bangkok,2025-03-13T07:00,35.4,54.2,53,16.9
0,Bangkok,2025-03-13T08:00,32.3,53.4,64.9,18.5
0,Bangkok,2025-03-13T09:00,32.4,54,66.7,18.5
0,Bangkok,2025-03-13T10:00,33.8,54.4,60.9,17.7
0,Bangkok,2025-03-13T11:00,33.9,54.4,60.5,17.6
0,Bangkok,2025-03-13T12:00,34.8,54.3,55.8,17.2
0,Bangkok,2025-03-13T13:00,36.6,54.5,48.7,16.3
0,Bangkok,2025-03-13T14:00,36.7,54.7,49,16.3
0,Bangkok,2025-03-13T15:00,36.2,54.9,51.7,16.5
0,Bangkok,2025-03-13T16:00,34.1,54.4,59.3,17.5
0,Bangkok,2025-03-13T17:00,29.5,53.2,80.6,20.3
0,Bangkok,2025-03-13T18:00,28.5,52.6,84.6,21
0,Bangkok,2025-03-13T19:00,33.1,52.4,58,18
0,Bangkok,2025-03-13T20:00,38.3,52,35.5,15.6
0,Bangkok,2025-03-13T21:00,40.5,51.2,26.2,14.7
0,Bangkok,2025-03-13T22:00,41.4,50,20.6,14.4
0,Bangkok,2025-03-13T23:00,44.4,49.8,12.1,13.5
0,Bangkok,2025-03-14T00:00,46.1,49.2,6.6,12.9
0,Bangkok,2025-03-14T01:00,47.3,49.2,4.1,12.6
0,Bangkok,2025-03-14T02:00,47.6,49,3,12.6
0,Bangkok,2025-03-14T03:00,49.3,50.7,2.8,12.1
0,Bangkok,2025-03-14T04:00,52.7,54.4,3.3,11.3
0,Bangkok,2025-03-14T05:00,51.6,56.7,9.8,11.6
0,Bangkok,2025-03-14T06:00,45.4,56.1,23.4,13.1
0,Bangkok,2025-03-14T07:00,37.1,54.2,46,16.1
0,Bangkok,2025-03-14T08:00,34.5,53.5,54.8,17.3
0,Bangkok,2025-03-14T09:00,35,54.4,55.2,17.1
0,Bangkok,2025-03-14T10:00,35.4,54.7,54.3,16.9
0,Bangkok,2025-03-14T11:00,35.6,54.9,54.2,16.8
0,Bangkok,2025-03-14T12:00,34.9,54.7,56.7,17.1
0,Bangkok,2025-03-14T13:00,34.8,54.9,57.8,17.2
0,Bangkok,2025-03-14T14:00,33.9,55.2,62.8,17.6
0,Bangkok,2025-03-14T15:00,32.9,55.3,68.1,18.2
0,Bangkok,2025-03-14T16:00,30.4,54.7,79.7,19.6
0,Bangkok,2025-03-14T17:00,26.7,53.5,100.6,22.4
0,Bangkok,2025-03-14T18:00,26.3,52.9,101.1,22.7
0,Bangkok,2025-03-14T19:00,29.3,52.8,79.9,20.4
0,Bangkok,2025-03-14T20:00,34.5,52.8,52.8,17.3
0,Bangkok,2025-03-14T21:00,37.6,52.1,38.2,15.9
0,Bangkok,2025-03-14T22:00,38.8,51,31.4,15.4
0,Bangkok,2025-03-14T23:00,42.1,50.1,19.1,14.2
0,Bangkok,2025-03-15T00:00,44.6,49.4,10.8,13.4
0,Bangkok,2025-03-15T01:00,45.9,48.9,6.4,13
0,Bangkok,2025-03-15T02:00,46.3,48.6,5,12.9
0,Bangkok,2025-03-15T03:00,47.8,49.6,3.7,12.5
0,Bangkok,2025-03-15T04:00,51.5,52.9,2.7,11.6
0,Bangkok,2025-03-15T05:00,53.5,57,6.3,11.1
0,Bangkok,2025-03-15T06:00,51.9,57,9.8,11.5
0,Bangkok,2025-03-15T07:00,47.4,56,18.2,12.6
0,Bangkok,2025-03-15T08:00,42.7,55.5,30,14
0,Bangkok,2025-03-15T09:00,38.2,55.6,45.2,15.6
0,Bangkok,2025-03-15T10:00,35.3,55.2,56.5,16.9
0,Bangkok,2025-03-15T11:00,33.5,54.9,63.8,17.8
0,Bangkok,2025-03-15T12:00,32.1,54.5,69.4,18.6
0,Bangkok,2025-03-15T13:00,32.9,54.6,66.1,18.2
0,Bangkok,2025-03-15T14:00,33.4,54.8,63.7,17.9
0,Bangkok,2025-03-15T15:00,33.5,54.6,62.9,17.8
0,Bangkok,2025-03-15T16:00,32.9,54.4,65.1,18.1
0,Bangkok,2025-03-15T17:00,31.3,54,72.1,19.1
0,Bangkok,2025-03-15T18:00,33,53.2,61.3,18.1
0,Bangkok,2025-03-15T19:00,36.2,52.7,45.6,16.5
0,Bangkok,2025-03-15T20:00,38.3,52.3,36.7,15.6
0,Bangkok,2025-03-15T21:00,39.6,52,31.2,15.1
0,Bangkok,2025-03-15T22:00,40.7,51.3,26,14.7
0,Bangkok,2025-03-15T23:00,43.2,50.3,16.5,13.8
0,Bangkok,2025-03-16T00:00,45,49.6,9.9,13.3
0,Bangkok,2025-03-16T01:00,46.3,49.2,6.2,12.9
0,Bangkok,2025-03-16T02:00,46.6,48.8,4.6,12.8
0,Bangkok,2025-03-16T03:00,48.1,49.4,2.6,12.4
0,Bangkok,2025-03-16T04:00,52.1,52.8,1.2,11.4
0,Bangkok,2025-03-16T05:00,54.5,56.4,3.5,10.9
0,Bangkok,2025-03-16T06:00,54.1,56.7,4.8,11
0,Bangkok,2025-03-16T07:00,51.1,55.9,9.2,11.7
0,Bangkok,2025-03-16T08:00,47.3,55,16.2,12.6
0,Bangkok,2025-03-16T09:00,44.8,54.9,22.5,13.3
0,Bangkok,2025-03-16T10:00,43,55,27.8,13.9
0,Bangkok,2025-03-16T11:00,41,54.8,33.5,14.6
0,Bangkok,2025-03-16T12:00,39.5,54.6,37.9,15.1
0,Bangkok,2025-03-16T13:00,39.5,54.9,39,15.1
0,Bangkok,2025-03-16T14:00,39.5,55.1,39.4,15.1
0,Bangkok,2025-03-16T15:00,39.7,55.3,39.4,15.1
0,Bangkok,2025-03-16T16:00,38.6,55.3,43.1,15.5
0,Bangkok,2025-03-16T17:00,37,54.9,48.3,16.1
0,Bangkok,2025-03-16T18:00,37.6,54.3,44.5,15.9
0,Bangkok,2025-03-16T19:00,38.6,53.9,39.7,15.5
0,Bangkok,2025-03-16T20:00,40.2,53.8,33.9,14.9
0,Bangkok,2025-03-16T21:00,42.6,53.3,25.3,14
0,Bangkok,2025-03-16T22:00,44.9,52.4,16.5,13.3
0,Bangkok,2025-03-16T23:00,47.2,51.4,8.8,12.6
0,Bangkok,2025-03-17T00:00,48.2,50.7,5.2,12.4
0,Bangkok,2025-03-17T01:00,49.4,50.3,1.8,12.1
0,Bangkok,2025-03-17T02:00,49.5,50,1,12.1
0,Bangkok,2025-03-17T03:00,50.5,51,1,11.8
0,Bangkok,2025-03-17T04:00,53.9,55.3,2.6,11.1
0,Bangkok,2025-03-17T05:00,51.9,57.5,10.8,11.5
0,Bangkok,2025-03-17T06:00,42.4,56.4,32.9,14.1
0,Bangkok,2025-03-17T07:00,32.7,53.9,65,18.3
0,Bangkok,2025-03-17T08:00,30.5,52.9,73.5,19.6
0,Bangkok,2025-03-17T09:00,32.5,53.6,64.6,18.4
0,Bangkok,2025-03-17T10:00,35.3,54.2,53.5,16.9
0,Bangkok,2025-03-17T11:00,36.8,54.3,47.6,16.2
0,Bangkok,2025-03-17T12:00,36.8,54.2,47.2,16.2
0,Bangkok,2025-03-17T13:00,37.8,54.4,43.7,15.8
0,Bangkok,2025-03-17T14:00,36.9,54.5,47.7,16.2
0,Bangkok,2025-03-17T15:00,36.2,54.6,50.7,16.5
0,Bangkok,2025-03-17T16:00,34.8,54.3,55.8,17.2
0,Bangkok,2025-03-17T17:00,30.3,53.3,75.4,19.7
0,Bangkok,2025-03-17T18:00,29.7,52.4,76.1,20.1
0,Bangkok,2025-03-17T19:00,33.4,51.9,55.3,17.9
0,Bangkok,2025-03-17T20:00,37.8,51.4,36,15.8
0,Bangkok,2025-03-17T21:00,41.1,50.9,23.8,14.5
0,Bangkok,2025-03-17T22:00,43,50.1,16.5,13.9
0,Bangkok,2025-03-17T23:00,44.9,49.6,10.5,13.3
0,Bangkok,2025-03-18T00:00,46.8,49.6,6,12.8
0,Bangkok,2025-03-18T01:00,47.7,49.6,4.1,12.5
0,Bangkok,2025-03-18T02:00,48.3,49.9,3.4,12.4
0,Bangkok,2025-03-18T03:00,49.2,51,3.6,12.1
0,Bangkok,2025-03-18T04:00,52.2,54.7,4.8,11.4
0,Bangkok,2025-03-18T05:00,50.9,56.4,10.8,11.7
0,Bangkok,2025-03-18T06:00,43.7,55.8,27.6,13.7
0,Bangkok,2025-03-18T07:00,33.7,53.9,59.7,17.7
0,Bangkok,2025-03-18T08:00,30.2,52.7,74.6,19.8
0,Bangkok,2025-03-18T09:00,31.1,53.6,72.5,19.2
0,Bangkok,2025-03-18T10:00,33.1,54.2,63.7,18.1
0,Bangkok,2025-03-18T11:00,34.9,54.3,55.2,17.1
0,Bangkok,2025-03-18T12:00,35.2,54,53.4,17
0,Bangkok,2025-03-18T13:00,36,54.2,50.5,16.6
0,Bangkok,2025-03-18T14:00,35.3,54.3,53.8,16.9
0,Bangkok,2025-03-18T15:00,34.6,54.3,57,17.3
0,Bangkok,2025-03-18T16:00,33,54.2,63.7,18.1
0,Bangkok,2025-03-18T17:00,28.8,53.5,85.6,20.7
0,Bangkok,2025-03-18T18:00,28.4,52.5,84.9,21.1
0,Bangkok,2025-03-18T19:00,32,52,62.4,18.7
0,Bangkok,2025-03-18T20:00,36.1,51.5,42.4,16.5
0,Bangkok,2025-03-18T21:00,39.7,51.1,28.4,15
0,Bangkok,2025-03-18T22:00,41.9,50,19.3,14.2
0,Bangkok,2025-03-18T23:00,44.8,49.8,11,13.3
0,Bangkok,2025-03-19T00:00,46.2,49.2,6.4,12.9
0,Bangkok,2025-03-19T01:00,47.2,49.2,4.3,12.7
0,Bangkok,2025-03-19T02:00,47.9,49.3,3,12.5
0,Bangkok,2025-03-19T03:00,49.3,51,3.3,12.1
0,Bangkok,2025-03-19T04:00,52.2,54.2,3.8,11.4
0,Bangkok,2025-03-19T05:00,51.2,56.3,9.9,11.6
0,Bangkok,2025-03-19T06:00,44.3,55.8,26.1,13.5
0,Bangkok,2025-03-19T07:00,34.2,53.8,57.1,17.5
0,Bangkok,2025-03-19T08:00,30.8,52.9,71.6,19.4
0,Bangkok,2025-03-19T09:00,31.7,53.5,68.9,18.9
0,Bangkok,2025-03-19T10:00,33.7,54,59.9,17.7
0,Bangkok,2025-03-19T11:00,35.2,54,53.4,17
0,Bangkok,2025-03-19T12:00,35.6,54.1,51.7,16.8
0,Bangkok,2025-03-19T13:00,36.4,54.2,48.7,16.4
0,Bangkok,2025-03-19T14:00,35.9,54.2,50.9,16.6
0,Bangkok,2025-03-19T15:00,34.7,54.3,56.4,17.2
0,Bangkok,2025-03-19T16:00,32.5,54,65.8,18.4
0,Bangkok,2025-03-19T17:00,28.4,53.2,87.3,21.1
0,Bangkok,2025-03-19T18:00,28.4,52.4,84.1,21
0,Bangkok,2025-03-19T19:00,32.1,51.9,61.9,18.6
0,Bangkok,2025-03-19T20:00,36.6,51.6,41.1,16.3
0,Bangkok,2025-03-19T21:00,39.7,50.9,28,15
0,Bangkok,2025-03-19T22:00,42,50.4,19.9,14.2
0,Bangkok,2025-03-19T23:00,44.6,49.8,11.6,13.4
0,Bangkok,2025-03-20T00:00,46.2,49.4,6.9,12.9
0,Bangkok,2025-03-20T01:00,47.3,49.2,4.1,12.6
0,Bangkok,2025-03-20T02:00,47.6,49.3,3.5,12.6
0,Bangkok,2025-03-20T03:00,49.3,50.8,2.9,12.1
0,Bangkok,2025-03-20T04:00,52.6,54.5,3.6,11.3
0,Bangkok,2025-03-20T05:00,50.9,56.3,10.6,11.7
0,Bangkok,2025-03-20T06:00,44.4,56,26,13.4
0,Bangkok,2025-03-20T07:00,35.2,54.1,53.6,17
0,Bangkok,2025-03-20T08:00,32.1,53.1,65.5,18.6
0,Bangkok,2025-03-20T09:00,33.1,53.8,62.3,18
0,Bangkok,2025-03-20T10:00,34.7,54.1,56,17.2
0,Bangkok,2025-03-20T11:00,36,54.1,50.3,16.6
0,Bangkok,2025-03-20T12:00,36.1,54,49.4,16.6
0,Bangkok,2025-03-20T13:00,36,54.2,50.1,16.6
0,Bangkok,2025-03-20T14:00,35.5,54.4,52.9,16.8
0,Bangkok,2025-03-20T15:00,35.3,54.7,54.7,16.9
0,Bangkok,2025-03-20T16:00,33.2,54.1,62.7,18
0,Bangkok,2025-03-20T17:00,28.8,53.3,84.9,20.7
0,Bangkok,2025-03-20T18:00,27.9,52.2,86.6,21.4
0,Bangkok,2025-03-20T19:00,31.9,52.2,63.3,18.7
0,Bangkok,2025-03-20T20:00,36.7,51.9,41.5,16.3
0,Bangkok,2025-03-20T21:00,39.9,51.4,28.9,15
0,Bangkok,2025-03-20T22:00,42.1,50.6,20,14.2
0,Bangkok,2025-03-20T23:00,44.5,49.9,11.9,13.4
0,Bangkok,2025-03-21T00:00,45.9,49.3,7.2,13
0,Bangkok,2025-03-21T01:00,47.1,49.2,4.4,12.7
0,Bangkok,2025-03-21T02:00,48,49.5,3,12.4
0,Bangkok,2025-03-21T03:00,49.2,50.7,3.1,12.1
0,Bangkok,2025-03-21T04:00,52.3,54.4,4,11.4
0,Bangkok,2025-03-21T05:00,51.6,56.4,9.3,11.6
0,Bangkok,2025-03-21T06:00,46.1,56.2,21.9,12.9
0,Bangkok,2025-03-21T07:00,37.1,54.3,46,16.1
0,Bangkok,2025-03-21T08:00,34.4,53.4,55.1,17.4
0,Bangkok,2025-03-21T09:00,35.4,54.2,53.2,16.9
0,Bangkok,2025-03-21T10:00,35.6,54.6,53.3,16.8
0,Bangkok,2025-03-21T11:00,35.5,54.4,53,16.8
0,Bangkok,2025-03-21T12:00,34.9,54.2,55.5,17.1
0,Bangkok,2025-03-21T13:00,34.8,54.4,56.2,17.2
0,Bangkok,2025-03-21T14:00,33.9,54.4,60.5,17.6
0,Bangkok,2025-03-21T15:00,33,54.8,65.8,18.1
0,Bangkok,2025-03-21T16:00,30.8,54.4,76.4,19.4
0,Bangkok,2025-03-21T17:00,27,53.4,97.7,22.1
0,Bangkok,2025-03-21T18:00,27.3,52.7,92.8,21.9
0,Bangkok,2025-03-21T19:00,31.2,52.7,68.8,19.1
0,Bangkok,2025-03-21T20:00,35.7,53,48.2,16.7
0,Bangkok,2025-03-21T21:00,38.4,52.3,36,15.6
0,Bangkok,2025-03-21T22:00,39.7,51.3,29.2,15
0,Bangkok,2025-03-21T23:00,42.8,50.6,18,13.9
0,Bangkok,2025-03-22T00:00,44.7,49.9,11.5,13.3
0,Bangkok,2025-03-22T01:00,46.2,49.3,6.6,12.9
0,Bangkok,2025-03-22T02:00,46.4,48.8,5.2,12.9
0,Bangkok,2025-03-22T03:00,48.3,49.9,3.2,12.4
0,Bangkok,2025-03-22T04:00,52.2,53.7,2.9,11.4
0,Bangkok,2025-03-22T05:00,54.1,57.4,5.9,11
0,Bangkok,2025-03-22T06:00,53.2,58,9.1,11.2
0,Bangkok,2025-03-22T07:00,48.3,56.9,17.8,12.4
0,Bangkok,2025-03-22T08:00,42.9,55.9,30.2,13.9
0,Bangkok,2025-03-22T09:00,39.2,55.8,42.2,15.2
0,Bangkok,2025-03-22T10:00,36.9,55.3,49.8,16.2
0,Bangkok,2025-03-22T11:00,35.1,55.1,56.9,17
0,Bangkok,2025-03-22T12:00,33.8,54.6,61.5,17.7
0,Bangkok,2025-03-22T13:00,34.5,54.8,58.9,17.3
0,Bangkok,2025-03-22T14:00,34.8,55,57.8,17.2
0,Bangkok,2025-03-22T15:00,34.3,54.9,60,17.4
0,Bangkok,2025-03-22T16:00,33.4,54.6,63.4,17.9
0,Bangkok,2025-03-22T17:00,32,54.2,69.5,18.7
0,Bangkok,2025-03-22T18:00,34.5,53.5,55.1,17.3
0,Bangkok,2025-03-22T19:00,37.6,52.8,40.2,15.9
0,Bangkok,2025-03-22T20:00,39.5,52.3,32.5,15.1
0,Bangkok,2025-03-22T21:00,40.7,52,27.6,14.7
0,Bangkok,2025-03-22T22:00,41.5,51.1,23.1,14.4
0,Bangkok,2025-03-22T23:00,44.2,50.5,14.1,13.5
0,Bangkok,2025-03-23T00:00,45.9,50.3,9.5,13
0,Bangkok,2025-03-23T01:00,46.6,49.2,5.4,12.8
0,Bangkok,2025-03-23T02:00,47.2,49,3.7,12.6
0,Bangkok,2025-03-23T03:00,48.3,49.4,2.2,12.4
0,Bangkok,2025-03-23T04:00,52.4,52.9,1,11.4
0,Bangkok,2025-03-23T05:00,56.4,58.1,3,10.6
0,Bangkok,2025-03-23T06:00,55.8,58.5,4.7,10.7
0,Bangkok,2025-03-23T07:00,52.6,57.3,8.8,11.3
0,Bangkok,2025-03-23T08:00,48.6,55.9,15,12.3
0,Bangkok,2025-03-23T09:00,45.9,55.5,20.7,13
0,Bangkok,2025-03-23T10:00,43.9,55.3,25.8,13.6
0,Bangkok,2025-03-23T11:00,42.2,55.2,30.6,14.1
0,Bangkok,2025-03-23T12:00,41,55.2,34.5,14.6
0,Bangkok,2025-03-23T13:00,40.8,55.4,35.9,14.7
0,Bangkok,2025-03-23T14:00,41,55.8,36,14.6
0,Bangkok,2025-03-23T15:00,41,56,36.5,14.6
0,Bangkok,2025-03-23T16:00,39.6,55.8,40.7,15.1
0,Bangkok,2025-03-23T17:00,38.9,55.5,42.5,15.3
0,Bangkok,2025-03-23T18:00,39.8,54.9,38,15
0,Bangkok,2025-03-23T19:00,40.5,54.6,34.9,14.8
0,Bangkok,2025-03-23T20:00,41,54.1,31.8,14.6
0,Bangkok,2025-03-23T21:00,43.2,53.6,23.9,13.8
0,Bangkok,2025-03-23T22:00,45.6,52.6,15.3,13.1
0,Bangkok,2025-03-23T23:00,47.7,51.6,8,12.5
0,Bangkok,2025-03-24T00:00,48.5,50.6,4.2,12.3
0,Bangkok,2025-03-24T01:00,49,49.9,1.7,12.2
0,Bangkok,2025-03-24T02:00,49.7,50.2,1,12
0,Bangkok,2025-03-24T03:00,51.6,51.8,0.4,11.6
0,Bangkok,2025-03-24T04:00,54.1,55.4,2.3,11
0,Bangkok,2025-03-24T05:00,52.6,58,10.2,11.4
0,Bangkok,2025-03-24T06:00,44,57,29.3,13.6
0,Bangkok,2025-03-24T07:00,33.5,54.2,61.9,17.9
0,Bangkok,2025-03-24T08:00,30.8,53,71.9,19.4
0,Bangkok,2025-03-24T09:00,33.3,53.9,61.9,18
0,Bangkok,2025-03-24T10:00,36.2,54.7,50.9,16.5
0,Bangkok,2025-03-24T11:00,37.5,54.9,46.1,15.9
0,Bangkok,2025-03-24T12:00,37.7,54.6,44.8,15.8
0,Bangkok,2025-03-24T13:00,38.6,54.8,42,15.5
0,Bangkok,2025-03-24T14:00,37.7,54.9,45.5,15.8
0,Bangkok,2025-03-24T15:00,36.8,54.8,48.7,16.2
0,Bangkok,2025-03-24T16:00,34.4,54.2,57.4,17.4
0,Bangkok,2025-03-24T17:00,30.2,53.4,76.3,19.8
0,Bangkok,2025-03-24T18:00,29.7,52.3,75.8,20.1
0,Bangkok,2025-03-24T19:00,33.7,51.7,53.3,17.7
0,Bangkok,2025-03-24T20:00,38.6,51.5,33.2,15.5
0,Bangkok,2025-03-24T21:00,41.6,51.1,22.7,14.4
0,Bangkok,2025-03-24T22:00,42.8,50.2,17.4,14
0,Bangkok,2025-03-24T23:00,45.3,50,10.3,13.2
0,Bangkok,2025-03-25T00:00,46.6,49.4,5.9,12.8
0,Bangkok,2025-03-25T01:00,47.7,49.5,3.7,12.5
0,Bangkok,2025-03-25T02:00,48.1,49.8,3.3,12.4
0,Bangkok,2025-03-25T03:00,49.4,51.1,3.2,12.1
0,Bangkok,2025-03-25T04:00,52.5,54.5,3.8,11.4
0,Bangkok,2025-03-25T05:00,51.6,56.9,10.2,11.6
0,Bangkok,2025-03-25T06:00,44.5,56.1,26,13.4
0,Bangkok,2025-03-25T07:00,33.7,53.8,59.7,17.7
0,Bangkok,2025-03-25T08:00,30.5,53.1,73.8,19.6
0,Bangkok,2025-03-25T09:00,31.5,53.8,70.4,18.9
0,Bangkok,2025-03-25T10:00,33.4,54.4,62.7,17.9
0,Bangkok,2025-03-25T11:00,34.8,54.3,56,17.2
0,Bangkok,2025-03-25T12:00,35.4,54.4,53.4,16.9
0,Bangkok,2025-03-25T13:00,36,54.6,51.5,16.6
0,Bangkok,2025-03-25T14:00,35.2,54.8,55.5,17
0,Bangkok,2025-03-25T15:00,34.5,54.6,58.5,17.3
0,Bangkok,2025-03-25T16:00,32.6,54.3,66.3,18.3
0,Bangkok,2025-03-25T17:00,28.3,53.5,88.4,21.1
0,Bangkok,2025-03-25T18:00,27.6,52.5,90.4,21.7
0,Bangkok,2025-03-25T19:00,30.7,51.9,69.1,19.5
0,Bangkok,2025-03-25T20:00,35.7,51.8,45.2,16.7
0,Bangkok,2025-03-25T21:00,39.7,51.1,28.9,15.1
0,Bangkok,2025-03-25T22:00,41.7,50.4,21,14.3
0,Bangkok,2025-03-25T23:00,44.5,50,12.2,13.4
0,Bangkok,2025-03-26T00:00,46.4,49.5,6.6,12.9
0,Bangkok,2025-03-26T01:00,47.1,49.1,4.3,12.7
0,Bangkok,2025-03-26T02:00,47.7,49.6,3.9,12.5
0,Bangkok,2025-03-26T03:00,49.5,51.1,3.1,12.1
0,Bangkok,2025-03-26T04:00,52.3,54.5,4.1,11.4
0,Bangkok,2025-03-26T05:00,51.4,56.5,9.8,11.6
0,Bangkok,2025-03-26T06:00,45.1,56.2,24.5,13.2
0,Bangkok,2025-03-26T07:00,34.5,54,56.5,17.3
0,Bangkok,2025-03-26T08:00,31.3,53.2,69.5,19.1
0,Bangkok,2025-03-26T09:00,32.2,54,67.6,18.6
0,Bangkok,2025-03-26T10:00,33.7,54.5,61.2,17.7
0,Bangkok,2025-03-26T11:00,35.1,54.5,55.1,17
0,Bangkok,2025-03-26T12:00,35.1,54.4,54.8,17
0,Bangkok,2025-03-26T13:00,35.7,54.5,52.3,16.7
0,Bangkok,2025-03-26T14:00,34.6,54.4,57,17.3
0,Bangkok,2025-03-26T15:00,33.9,54.4,60.4,17.6
0,Bangkok,2025-03-26T16:00,32.1,54.3,68.8,18.6
0,Bangkok,2025-03-26T17:00,28,53.3,90,21.3
0,Bangkok,2025-03-26T18:00,27.5,52.6,91,21.7
0,Bangkok,2025-03-26T19:00,30.3,51.9,71.1,19.7
0,Bangkok,2025-03-26T20:00,35,51.7,47.6,17.1
0,Bangkok,2025-03-26T21:00,38.8,51.2,31.8,15.4
0,Bangkok,2025-03-26T22:00,41.5,50.4,21.5,14.4
0,Bangkok,2025-03-26T23:00,44.3,49.7,12.1,13.5
0,Bangkok,2025-03-27T00:00,46.1,49.2,6.7,13
0,Bangkok,2025-03-27T01:00,46.8,48.9,4.4,12.8
0,Bangkok,2025-03-27T02:00,48.1,49.7,3.1,12.4
0,Bangkok,2025-03-27T03:00,49.5,51,3,12.1
0,Bangkok,2025-03-27T04:00,51.7,54.1,4.5,11.5
0,Bangkok,2025-03-27T05:00,51.4,56.5,9.8,11.6
0,Bangkok,2025-03-27T06:00,45.3,56.2,23.8,13.2
0,Bangkok,2025-03-27T07:00,35.1,54.1,54,17
0,Bangkok,2025-03-27T08:00,31.8,53.2,67.1,18.8
0,Bangkok,2025-03-27T09:00,32.1,53.9,67.8,18.6
0,Bangkok,2025-03-27T10:00,33.7,54.5,61.7,17.7
0,Bangkok,2025-03-27T11:00,34.6,54.4,57.2,17.3
0,Bangkok,2025-03-27T12:00,35.4,54.5,53.9,16.9
0,Bangkok,2025-03-27T13:00,35.6,54.8,53.6,16.8
0,Bangkok,2025-03-27T14:00,34.8,54.9,57.8,17.2
0,Bangkok,2025-03-27T15:00,34,54.9,61.1,17.6
0,Bangkok,2025-03-27T16:00,31.8,54.5,70.9,18.8
0,Bangkok,2025-03-27T17:00,27.6,53.4,93.4,21.7
0,Bangkok,2025-03-27T18:00,27.3,52.5,91.8,21.9
0,Bangkok,2025-03-27T19:00,30.5,52,70.3,19.6
0,Bangkok,2025-03-27T20:00,35.3,51.7,46.7,16.9
0,Bangkok,2025-03-27T21:00,38.7,51.4,32.7,15.4
0,Bangkok,2025-03-27T22:00,41.5,50.7,22.2,14.4
0,Bangkok,2025-03-27T23:00,44.5,50.2,12.8,13.4
0,Bangkok,2025-03-28T00:00,46.1,49.4,7.1,12.9
0,Bangkok,2025-03-28T01:00,47.1,49.3,4.7,12.7
0,Bangkok,2025-03-28T02:00,47.6,49.6,4.1,12.5
0,Bangkok,2025-03-28T03:00,49.5,51.1,3,12.1
0,Bangkok,2025-03-28T04:00,52.2,54.1,3.6,11.4
0,Bangkok,2025-03-28T05:00,51.2,56.6,10.4,11.7
0,Bangkok,2025-03-28T06:00,45.7,56.1,22.7,13.1
0,Bangkok,2025-03-28T07:00,35.8,54.2,51.3,16.7
0,Bangkok,2025-03-28T08:00,33.1,53.2,60.7,18.1
0,Bangkok,2025-03-28T09:00,34.2,54.5,59.2,17.5
0,Bangkok,2025-03-28T10:00,34.7,54.8,57.9,17.2
0,Bangkok,2025-03-28T11:00,34.2,54.8,60.1,17.5
0,Bangkok,2025-03-28T12:00,33.6,54.9,63.4,17.8
0,Bangkok,2025-03-28T13:00,29.4,55.2,87.3,20.3
0,Bangkok,2025-03-28T14:00,20.9,55.2,163.4,28.6
0,Bangkok,2025-03-28T15:00,18.8,54.9,190.9,31.7
0,Bangkok,2025-03-28T16:00,19.4,54.8,181.6,30.8
0,Bangkok,2025-03-28T17:00,19.9,54.2,172.4,30.1
0,Bangkok,2025-03-28T18:00,20.8,53.7,157.3,28.7
0,Bangkok,2025-03-28T19:00,23.5,53.8,128.8,25.4
0,Bangkok,2025-03-28T20:00,26.6,53.7,101.7,22.5
0,Bangkok,2025-03-28T21:00,30.8,53.6,73.8,19.4
0,Bangkok,2025-03-28T22:00,36.9,53.5,44.8,16.2
0,Bangkok,2025-03-28T23:00,44.4,52.8,18.9,13.4
0,Bangkok,2025-03-29T00:00,48.2,52.1,7.9,12.4
0,Bangkok,2025-03-29T01:00,48.9,51.1,4.4,12.2
0,Bangkok,2025-03-29T02:00,49.1,50.6,3.1,12.2
0,Bangkok,2025-03-29T03:00,51.2,52.1,1.9,11.7
0,Bangkok,2025-03-29T04:00,54,55.2,2.2,11
0,Bangkok,2025-03-29T05:00,54.6,58,6,10.9
0,Bangkok,2025-03-29T06:00,53.7,58.1,8.2,11.1
0,Bangkok,2025-03-29T07:00,48.6,56.9,17.1,12.3
0,Bangkok,2025-03-29T08:00,44.4,56.2,26.4,13.4
0,Bangkok,2025-03-29T09:00,40,55.9,39.6,14.9
0,Bangkok,2025-03-29T10:00,37.1,55.5,49.5,16.1
0,Bangkok,2025-03-29T11:00,35.2,55.1,56.4,17
0,Bangkok,2025-03-29T12:00,33.8,54.7,61.6,17.7
0,Bangkok,2025-03-29T13:00,33.6,54.7,62.5,17.8
0,Bangkok,2025-03-29T14:00,33.7,54.6,61.8,17.7
0,Bangkok,2025-03-29T15:00,34,54.7,60.6,17.6
0,Bangkok,2025-03-29T16:00,34.2,54.6,59.4,17.4
0,Bangkok,2025-03-29T17:00,33.4,54.2,61.9,17.9
0,Bangkok,2025-03-29T18:00,34.9,53.3,52.6,17.1
0,Bangkok,2025-03-29T19:00,37.5,52.7,40.4,15.9
0,Bangkok,2025-03-29T20:00,39.6,52.3,32,15.1
0,Bangkok,2025-03-29T21:00,41.1,52.1,26.7,14.5
0,Bangkok,2025-03-29T22:00,42.1,51.3,21.8,14.2
0,Bangkok,2025-03-29T23:00,44.4,50.7,14,13.4
0,Bangkok,2025-03-30T00:00,46.1,50.1,8.6,13
0,Bangkok,2025-03-30T01:00,47.3,49.6,4.7,12.6
0,Bangkok,2025-03-30T02:00,47.6,49.2,3.2,12.5
0,Bangkok,2025-03-30T03:00,48.5,49.4,1.9,12.3
0,Bangkok,2025-03-30T04:00,52.5,53.1,1.1,11.4
0,Bangkok,2025-03-30T05:00,55,57.4,4.3,10.8
0,Bangkok,2025-03-30T06:00,54.9,57.8,5.3,10.9
0,Bangkok,2025-03-30T07:00,51.8,57,9.8,11.5
0,Bangkok,2025-03-30T08:00,47.5,55.9,17.5,12.6
0,Bangkok,2025-03-30T09:00,44.3,55.4,25.1,13.5
0,Bangkok,2025-03-30T10:00,41.6,55.1,32.3,14.4
0,Bangkok,2025-03-30T11:00,39.3,55,39.9,15.2
0,Bangkok,2025-03-30T12:00,38.4,54.9,43,15.6
0,Bangkok,2025-03-30T13:00,36.9,54.7,47.9,16.2
0,Bangkok,2025-03-30T14:00,36.3,54.8,50.6,16.4
0,Bangkok,2025-03-30T15:00,36.9,55.1,49.3,16.2
0,Bangkok,2025-03-30T16:00,37.4,55.2,47.6,16
0,Bangkok,2025-03-30T17:00,37.5,55.1,46.7,15.9
0,Bangkok,2025-03-30T18:00,38,54.7,43.7,15.7
0,Bangkok,2025-03-30T19:00,38.6,54.4,41,15.5
0,Bangkok,2025-03-30T20:00,40.4,54.2,34,14.8
0,Bangkok,2025-03-30T21:00,42.8,53.8,25.6,14
0,Bangkok,2025-03-30T22:00,44.4,52.3,17.7,13.5
0,Bangkok,2025-03-30T23:00,45.6,51.3,12.4,13.1
0,Bangkok,2025-03-31T00:00,45.8,50.7,10.5,13
0,Bangkok,2025-03-31T01:00,49.5,50.6,2.4,12.1
0,Bangkok,2025-03-31T02:00,49.3,50,1.2,12.1
0,Bangkok,2025-03-31T03:00,50.5,51,1.1,11.8
0,Bangkok,2025-03-31T04:00,53.7,55,2.3,11.1
0,Bangkok,2025-03-31T05:00,51.8,57.6,11.3,11.5
0,Bangkok,2025-03-31T06:00,43.5,57,31,13.7
0,Bangkok,2025-03-31T07:00,33.4,54.5,62.9,17.9
0,Bangkok,2025-03-31T08:00,33.1,53.4,61.5,18.1
0,Bangkok,2025-03-31T09:00,35.8,54.6,52.4,16.7
0,Bangkok,2025-03-31T10:00,37.1,54.4,46.8,16.1
0,Bangkok,2025-03-31T11:00,34.6,54.2,56.4,17.3
0,Bangkok,2025-03-31T12:00,32.2,53.7,66.7,18.6
0,Bangkok,2025-03-31T13:00,33.4,53.8,61.2,17.9
0,Bangkok,2025-03-31T14:00,33.7,54.3,61,17.7
0,Bangkok,2025-03-31T15:00,33.1,54.3,63.9,18
0,Bangkok,2025-03-31T16:00,32.5,53.8,65.2,18.4
0,Bangkok,2025-03-31T17:00,30.1,53.3,77.3,19.9
0,Bangkok,2025-03-31T18:00,30.4,52.7,73,19.6
0,Bangkok,2025-03-31T19:00,34.8,52.3,50,17.2
0,Bangkok,2025-03-31T20:00,39,51.8,32.6,15.3
0,Bangkok,2025-03-31T21:00,42.1,51.5,22.3,14.2
0,Bangkok,2025-03-31T22:00,43.4,50.7,16.8,13.8
0,Bangkok,2025-03-31T23:00,44.8,50.1,11.7,13.3
0,Bangkok,2025-04-01T00:00,44.3,50.2,13.2,13.5
0,Bangkok,2025-04-01T01:00,47.4,50.6,6.8,12.6
0,Bangkok,2025-04-01T02:00,48.2,49.8,3.3,12.4
0,Bangkok,2025-04-01T03:00,49.8,51.2,2.8,12
0,Bangkok,2025-04-01T04:00,52.8,54.7,3.6,11.3
0,Bangkok,2025-04-01T05:00,51.3,56.3,9.8,11.6
0,Bangkok,2025-04-01T06:00,46.2,56.4,21.9,12.9
0,Bangkok,2025-04-01T07:00,37.4,54.2,44.8,16
0,Bangkok,2025-04-01T08:00,36.4,53.4,46.8,16.4
0,Bangkok,2025-04-01T09:00,38.3,54.6,42.6,15.6
0,Bangkok,2025-04-01T10:00,38.1,54.7,43.3,15.7
0,Bangkok,2025-04-01T11:00,37.6,54.4,44.7,15.9
0,Bangkok,2025-04-01T12:00,36.9,54.1,46.7,16.2
0,Bangkok,2025-04-01T13:00,37.3,54.3,45.4,16
0,Bangkok,2025-04-01T14:00,35.9,54.4,51.2,16.6
0,Bangkok,2025-04-01T15:00,35.1,54.2,54.3,17
0,Bangkok,2025-04-01T16:00,34.1,54,58.4,17.5
0,Bangkok,2025-04-01T17:00,30.4,53.2,74.8,19.6
0,Bangkok,2025-04-01T18:00,29.9,52.2,74.5,20
0,Bangkok,2025-04-01T19:00,33.8,51.7,52.6,17.7
0,Bangkok,2025-04-01T20:00,38.1,51.3,34.7,15.7
0,Bangkok,2025-04-01T21:00,41,51,24.4,14.6
0,Bangkok,2025-04-01T22:00,43,50.5,17.6,13.9
0,Bangkok,2025-04-01T23:00,45,49.7,10.4,13.3
0,Bangkok,2025-04-02T00:00,46.6,49.5,6.1,12.8
0,Bangkok,2025-04-02T01:00,47.5,49.6,4.4,12.6
0,Bangkok,2025-04-02T02:00,48.1,49.6,3,12.4
0,Bangkok,2025-04-02T03:00,49.6,50.9,2.7,12
0,Bangkok,2025-04-02T04:00,52.1,54.3,4.1,11.4
0,Bangkok,2025-04-02T05:00,51.6,56.7,9.8,11.6
0,Bangkok,2025-04-02T06:00,45.9,56.2,22.3,13
0,Bangkok,2025-04-02T07:00,35.9,54,50.2,16.6
0,Bangkok,2025-04-02T08:00,33.7,53.4,58.1,17.7
0,Bangkok,2025-04-02T09:00,35.4,54.5,53.6,16.9
0,Bangkok,2025-04-02T10:00,36.4,54.8,50.4,16.4
0,Bangkok,2025-04-02T11:00,36.5,54.4,48.9,16.4
0,Bangkok,2025-04-02T12:00,35.8,54,50.6,16.7
0,Bangkok,2025-04-02T13:00,36.2,54,49.2,16.5
0,Bangkok,2025-04-02T14:00,35.3,54.4,53.8,16.9
0,Bangkok,2025-04-02T15:00,34.7,54.4,56.9,17.2
0,Bangkok,2025-04-02T16:00,33.5,54,61,17.8
0,Bangkok,2025-04-02T17:00,29.7,53.2,79,20.1
0,Bangkok,2025-04-02T18:00,29.3,52.4,78.9,20.4
0,Bangkok,2025-04-02T19:00,32.9,51.9,57.6,18.2
0,Bangkok,2025-04-02T20:00,37.4,51.6,38,16
0,Bangkok,2025-04-02T21:00,40.6,51.3,26.2,14.7
0,Bangkok,2025-04-02T22:00,42.6,50.6,18.8,14
0,Bangkok,2025-04-02T23:00,44.9,50,11.3,13.3
0,Bangkok,2025-04-03T00:00,46.4,49.5,6.6,12.9
0,Bangkok,2025-04-03T01:00,47,49.3,4.9,12.7
0,Bangkok,2025-04-03T02:00,47.5,49.5,4.2,12.6
0,Bangkok,2025-04-03T03:00,49.2,51.1,3.8,12.1
0,Bangkok,2025-04-03T04:00,52.1,54.5,4.5,11.4
0,Bangkok,2025-04-03T05:00,51.5,56.6,9.7,11.6
0,Bangkok,2025-04-03T06:00,45.5,56.2,23.5,13.1
0,Bangkok,2025-04-03T07:00,34.7,54.2,56.3,17.2
0,Bangkok,2025-04-03T08:00,31.7,53.2,67.7,18.8
0,Bangkok,2025-04-03T09:00,33,54.2,64.3,18.1
0,Bangkok,2025-04-03T10:00,34.3,54.7,59.5,17.4
0,Bangkok,2025-04-03T11:00,35.1,54.4,54.7,17
0,Bangkok,2025-04-03T12:00,35.2,54.3,54,17
0,Bangkok,2025-04-03T13:00,35.5,54.3,52.8,16.8
0,Bangkok,2025-04-03T14:00,34.5,54.5,58,17.3
0,Bangkok,2025-04-03T15:00,33.7,54.5,61.5,17.7
0,Bangkok,2025-04-03T16:00,32.3,54.2,67.5,18.5
0,Bangkok,2025-04-03T17:00,28.4,53.2,87,21
0,Bangkok,2025-04-03T18:00,27.8,52.4,88.2,21.5
0,Bangkok,2025-04-03T19:00,31.8,52,63.2,18.8
0,Bangkok,2025-04-03T20:00,36.9,51.9,40.4,16.2
0,Bangkok,2025-04-03T21:00,39.6,51.4,29.6,15.1
0,Bangkok,2025-04-03T22:00,41.2,50.7,22.9,14.5
0,Bangkok,2025-04-03T23:00,44.1,50.2,13.5,13.5
0,Bangkok,2025-04-04T00:00,46.6,49.5,6.3,12.8
0,Bangkok,2025-04-04T01:00,47.5,49.5,4.1,12.6
0,Bangkok,2025-04-04T02:00,48.1,49.6,3,12.4
0,Bangkok,2025-04-04T03:00,49.5,50.8,2.6,12.1
0,Bangkok,2025-04-04T04:00,52.5,54.8,4.4,11.4
0,Bangkok,2025-04-04T05:00,51.8,57,10.1,11.5
0,Bangkok,2025-04-04T06:00,46.8,56.5,20.7,12.7
0,Bangkok,2025-04-04T07:00,36.9,54.3,46.9,16.2
0,Bangkok,2025-04-04T08:00,34.6,53.6,54.9,17.3
0,Bangkok,2025-04-04T09:00,35.4,54.5,54.1,16.9
0,Bangkok,2025-04-04T10:00,35.2,54.7,55.4,17
0,Bangkok,2025-04-04T11:00,34.5,54.5,57.5,17.3
0,Bangkok,2025-04-04T12:00,33.6,54.4,61.6,17.8
0,Bangkok,2025-04-04T13:00,33.1,54.6,64.7,18
0,Bangkok,2025-04-04T14:00,32.1,54.8,70.4,18.6
0,Bangkok,2025-04-04T15:00,31.1,54.6,75.1,19.2
0,Bangkok,2025-04-04T16:00,29.5,54.4,83.8,20.2
0,Bangkok,2025-04-04T17:00,25.9,53.3,105.6,23.1
0,Bangkok,2025-04-04T18:00,25.6,52.6,105.2,23.4
0,Bangkok,2025-04-04T19:00,28.7,52.8,83.4,20.8
0,Bangkok,2025-04-04T20:00,33.6,52.6,56.7,17.8
0,Bangkok,2025-04-04T21:00,37.5,52.1,38.7,15.9
0,Bangkok,2025-04-04T22:00,39.2,51,30,15.2
0,Bangkok,2025-04-04T23:00,41.9,50.2,19.9,14.3
0,Bangkok,2025-04-05T00:00,44.3,49.7,12.1,13.5
0,Bangkok,2025-04-05T01:00,46.1,49.4,7,13
0,Bangkok,2025-04-05T02:00,46.5,49.3,6,12.9
0,Bangkok,2025-04-05T03:00,48.2,50.1,4.1,12.4
0,Bangkok,2025-04-05T04:00,51.4,53.8,4.5,11.6
0,Bangkok,2025-04-05T05:00,53.6,57.6,7.3,11.1
0,Bangkok,2025-04-05T06:00,52.7,57.7,9.3,11.3
0,Bangkok,2025-04-05T07:00,47.6,56.5,18.7,12.5
0,Bangkok,2025-04-05T08:00,43.1,56,30,13.9
0,Bangkok,2025-04-05T09:00,38.7,56.1,44.8,15.4
0,Bangkok,2025-04-05T10:00,35.3,55.7,57.5,16.9
0,Bangkok,2025-04-05T11:00,33.1,55.3,67,18.1
0,Bangkok,2025-04-05T12:00,31.5,54.7,73.6,19
0,Bangkok,2025-04-05T13:00,31.7,54.7,72.2,18.8
0,Bangkok,2025-04-05T14:00,32.3,54.7,69.4,18.5
0,Bangkok,2025-04-05T15:00,32.5,54.7,68.5,18.4
0,Bangkok,2025-04-05T16:00,32.6,54.4,66.9,18.3
0,Bangkok,2025-04-05T17:00,31.9,54,69.2,18.7
0,Bangkok,2025-04-05T18:00,33.2,53.4,60.6,18
0,Bangkok,2025-04-05T19:00,36,52.9,46.8,16.6
0,Bangkok,2025-04-05T20:00,38.2,52.5,37.2,15.6
0,Bangkok,2025-04-05T21:00,39.8,52.1,31,15
0,Bangkok,2025-04-05T22:00,40.6,51.3,26.5,14.7
0,Bangkok,2025-04-05T23:00,43,50.3,16.9,13.9
0,Bangkok,2025-04-06T00:00,45.4,49.7,9.4,13.2
0,Bangkok,2025-04-06T01:00,46.6,49.3,5.8,12.8
0,Bangkok,2025-04-06T02:00,47,49,4.2,12.7
0,Bangkok,2025-04-06T03:00,48.8,49.7,1.7,12.2
0,Bangkok,2025-04-06T04:00,52.1,53.1,1.7,11.4
0,Bangkok,2025-04-06T05:00,54.6,56.6,3.6,10.9
0,Bangkok,2025-04-06T06:00,55,57.3,4.1,10.9
0,Bangkok,2025-04-06T07:00,51.2,56.6,10.4,11.7
0,Bangkok,2025-04-06T08:00,48.6,56.3,15.8,12.3
0,Bangkok,2025-04-06T09:00,45.6,56.2,23.1,13.1
0,Bangkok,2025-04-06T10:00,42.9,55.8,30.2,13.9
0,Bangkok,2025-04-06T11:00,40.6,55.4,36.3,14.7
0,Bangkok,2025-04-06T12:00,39.3,55,39.9,15.2
0,Bangkok,2025-04-06T13:00,39.4,55.2,40.1,15.2
0,Bangkok,2025-04-06T14:00,39.6,55.4,39.8,15.1
0,Bangkok,2025-04-06T15:00,39.5,55.5,40.2,15.1
0,Bangkok,2025-04-06T16:00,39.2,55.4,41.1,15.2
0,Bangkok,2025-04-06T17:00,38.4,54.8,42.4,15.5
0,Bangkok,2025-04-06T18:00,39.2,54.2,38.2,15.2
0,Bangkok,2025-04-06T19:00,39.8,53.7,34.8,15
0,Bangkok,2025-04-06T20:00,41.6,53.6,28.7,14.3
0,Bangkok,2025-04-06T21:00,43.6,53.4,22.4,13.7
0,Bangkok,2025-04-06T22:00,44.4,52.1,17.4,13.5
0,Bangkok,2025-04-06T23:00,47.1,51.8,9.9,12.7
0,Bangkok,2025-04-07T00:00,48.1,50.7,5.4,12.4
0,Bangkok,2025-04-07T01:00,48.5,50,3.2,12.3
0,Bangkok,2025-04-07T02:00,48.5,49.5,2,12.3
0,Bangkok,2025-04-07T03:00,49.7,50.5,1.5,12
0,Bangkok,2025-04-07T04:00,53.2,54.1,1.6,11.2
0,Bangkok,2025-04-07T05:00,54.7,57.7,5.5,10.9
0,Bangkok,2025-04-07T06:00,52.9,57.6,8.8,11.3
0,Bangkok,2025-04-07T07:00,46.7,55.3,18.2,12.8
0,Bangkok,2025-04-07T08:00,43.7,54.8,25.4,13.7
0,Bangkok,2025-04-07T09:00,40,55.9,39.7,14.9
0,Bangkok,2025-04-07T10:00,38.7,55.6,43.5,15.4
0,Bangkok,2025-04-07T11:00,39.1,55,40.6,15.3
0,Bangkok,2025-04-07T12:00,39.4,54.5,38.4,15.2
0,Bangkok,2025-04-07T13:00,38.9,54.4,39.9,15.4
0,Bangkok,2025-04-07T14:00,38.5,54.8,42,15.5
0,Bangkok,2025-04-07T15:00,38.2,55,43.8,15.6
0,Bangkok,2025-04-07T16:00,38.2,54.9,43.6,15.6
0,Bangkok,2025-04-07T17:00,36.8,54.4,47.7,16.2
0,Bangkok,2025-04-07T18:00,37.6,53.7,42.9,15.9
0,Bangkok,2025-04-07T19:00,39.5,53.3,34.8,15.1
0,Bangkok,2025-04-07T20:00,41.1,52.8,28.6,14.5
0,Bangkok,2025-04-07T21:00,43.3,52.4,21.1,13.8
0,Bangkok,2025-04-07T22:00,44.8,51.7,15.4,13.3
0,Bangkok,2025-04-07T23:00,46.9,51.4,9.4,12.7
0,Bangkok,2025-04-08T00:00,47.8,50.6,5.8,12.5
0,Bangkok,2025-04-08T01:00,48.3,50.2,3.9,12.4
0,Bangkok,2025-04-08T02:00,48.8,50.2,2.8,12.2
0,Bangkok,2025-04-08T03:00,50.6,51.5,1.9,11.8
0,Bangkok,2025-04-08T04:00,53.7,55.1,2.7,11.1
0,Bangkok,2025-04-08T05:00,52.1,57.4,10.1,11.4
0,Bangkok,2025-04-08T06:00,45.2,57,25.9,13.2
0,Bangkok,2025-04-08T07:00,34.2,54.3,58.8,17.5
0,Bangkok,2025-04-08T08:00,30.8,53.3,72.7,19.4
0,Bangkok,2025-04-08T09:00,31.6,54.1,71.1,18.9
0,Bangkok,2025-04-08T10:00,33.4,54.8,63.9,17.9
0,Bangkok,2025-04-08T11:00,34.3,54.8,59.3,17.4
0,Bangkok,2025-04-08T12:00,34.5,54.3,57.4,17.3
0,Bangkok,2025-04-08T13:00,35,54.4,55.5,17.1
0,Bangkok,2025-04-08T14:00,34.4,54.4,58.2,17.4
0,Bangkok,2025-04-08T15:00,34.4,54.7,58.8,17.4
0,Bangkok,2025-04-08T16:00,32.5,54.2,66.6,18.4
0,Bangkok,2025-04-08T17:00,28.1,53.2,89.5,21.3
0,Bangkok,2025-04-08T18:00,26.7,52.4,96.1,22.4
0,Bangkok,2025-04-08T19:00,30,52.1,73.8,19.9
0,Bangkok,2025-04-08T20:00,35.5,52.2,46.8,16.8
0,Bangkok,2025-04-08T21:00,39.3,51.5,30.8,15.2
0,Bangkok,2025-04-08T22:00,41.4,50.5,21.9,14.4
0,Bangkok,2025-04-08T23:00,44,50.2,14,13.6
0,Bangkok,2025-04-09T00:00,46.3,50,7.8,12.9
0,Bangkok,2025-04-09T01:00,47.7,49.8,4.4,12.5
0,Bangkok,2025-04-09T02:00,48.3,49.9,3.3,12.4
0,Bangkok,2025-04-09T03:00,49.6,51.3,3.3,12
0,Bangkok,2025-04-09T04:00,52.7,54.7,3.8,11.3
0,Bangkok,2025-04-09T05:00,51.9,57,9.8,11.5
0,Bangkok,2025-04-09T06:00,46.5,56.5,21.5,12.8
0,Bangkok,2025-04-09T07:00,35.9,54.3,51.1,16.7
0,Bangkok,2025-04-09T08:00,32.4,53.3,64.4,18.5
0,Bangkok,2025-04-09T09:00,33.3,54.2,62.7,17.9
0,Bangkok,2025-04-09T10:00,34.6,54.7,57.8,17.3
0,Bangkok,2025-04-09T11:00,35.2,54.6,55.1,17
0,Bangkok,2025-04-09T12:00,35.1,54.6,55.3,17
0,Bangkok,2025-04-09T13:00,35.3,54.5,54.3,16.9
0,Bangkok,2025-04-09T14:00,34.7,54.6,57.3,17.2
0,Bangkok,2025-04-09T15:00,33.8,54.5,60.9,17.7
0,Bangkok,2025-04-09T16:00,32.2,54.1,67.8,18.5
0,Bangkok,2025-04-09T17:00,28,53.2,89.9,21.4
0,Bangkok,2025-04-09T18:00,27.2,52.3,92.6,22
0,Bangkok,2025-04-09T19:00,30.4,52.2,71.3,19.6
0,Bangkok,2025-04-09T20:00,36,52.2,45,16.6
0,Bangkok,2025-04-09T21:00,39.7,51.6,29.8,15
0,Bangkok,2025-04-09T22:00,42.3,50.9,20.1,14.1
0,Bangkok,2025-04-09T23:00,45.1,50.3,11.4,13.2
0,Bangkok,2025-04-10T00:00,46.5,49.8,7.1,12.8
0,Bangkok,2025-04-10T01:00,46.5,50,7.4,12.8
0,Bangkok,2025-04-10T02:00,45.9,50.3,9.5,13
0,Bangkok,2025-04-10T03:00,48.8,51.8,6,12.2
0,Bangkok,2025-04-10T04:00,52.5,55.4,5.5,11.4
0,Bangkok,2025-04-10T05:00,51.6,57.5,11.3,11.6
0,Bangkok,2025-04-10T06:00,46.5,56.7,22.1,12.9
0,Bangkok,2025-04-10T07:00,36.4,54.3,48.9,16.4
0,Bangkok,2025-04-10T08:00,33.5,53.4,59.5,17.9
0,Bangkok,2025-04-10T09:00,34.3,54.3,58.1,17.4
0,Bangkok,2025-04-10T10:00,35.3,54.5,54.4,16.9
0,Bangkok,2025-04-10T11:00,35.9,54.7,52.2,16.6
0,Bangkok,2025-04-10T12:00,35.1,54.4,55,17
0,Bangkok,2025-04-10T13:00,35.2,54.4,54.6,17
0,Bangkok,2025-04-10T14:00,33.3,54.4,63.2,17.9
0,Bangkok,2025-04-10T15:00,33.2,54.5,63.7,18
0,Bangkok,2025-04-10T16:00,32.3,54,66.9,18.5
0,Bangkok,2025-04-10T17:00,28.7,53.3,85.6,20.8
0,Bangkok,2025-04-10T18:00,27.8,52.6,88.7,21.5
0,Bangkok,2025-04-10T19:00,31.3,52.6,67.8,19.1
0,Bangkok,2025-04-10T20:00,36.8,52.7,43.2,16.3
0,Bangkok,2025-04-10T21:00,40,52,30.2,14.9
0,Bangkok,2025-04-10T22:00,42.4,51.1,20.5,14.1
0,Bangkok,2025-04-10T23:00,44.9,50.5,12.3,13.3
0,Bangkok,2025-04-11T00:00,46.4,50.1,7.9,12.9
0,Bangkok,2025-04-11T01:00,48,50.5,5,12.4
0,Bangkok,2025-04-11T02:00,48.8,50.4,3.2,12.2
0,Bangkok,2025-04-11T03:00,51.5,52.6,2.1,11.6
0,Bangkok,2025-04-11T04:00,54.8,56.3,2.7,10.9
0,Bangkok,2025-04-11T05:00,53.5,58.1,8.5,11.2
0,Bangkok,2025-04-11T06:00,48.2,56.8,17.7,12.4
0,Bangkok,2025-04-11T07:00,39.4,54.4,38,15.2
0,Bangkok,2025-04-11T08:00,37.5,53.7,43,15.9
0,Bangkok,2025-04-11T09:00,38.8,54.7,40.8,15.4
0,Bangkok,2025-04-11T10:00,38.6,55,42.2,15.5
0,Bangkok,2025-04-11T11:00,37.4,54.7,46.1,16
0,Bangkok,2025-04-11T12:00,35.5,54.7,53.6,16.8
0,Bangkok,2025-04-11T13:00,34.1,54.6,60.2,17.5
0,Bangkok,2025-04-11T14:00,33.9,54.8,61.3,17.6
0,Bangkok,2025-04-11T15:00,34.2,55.1,61,17.5
0,Bangkok,2025-04-11T16:00,32.9,54.7,65.9,18.1
0,Bangkok,2025-04-11T17:00,29.3,53.7,82.7,20.4
0,Bangkok,2025-04-11T18:00,28.8,53.1,84.3,20.8
0,Bangkok,2025-04-11T19:00,31.7,53,66.9,18.8
0,Bangkok,2025-04-11T20:00,35.2,53.2,50.7,17
0,Bangkok,2025-04-11T21:00,37.9,53.1,40,15.8
0,Bangkok,2025-04-11T22:00,40.5,52.4,29.4,14.8
0,Bangkok,2025-04-11T23:00,43.8,51.7,18,13.6
0,Bangkok,2025-04-12T00:00,45.3,50.3,11,13.2
0,Bangkok,2025-04-12T01:00,47.3,50.5,6.8,12.6
0,Bangkok,2025-04-12T02:00,49.1,51.1,4,12.2
0,Bangkok,2025-04-12T03:00,52.2,53.8,3.1,11.4
0,Bangkok,2025-04-12T04:00,53.6,57.8,7.9,11.1
0,Bangkok,2025-04-12T05:00,53,60.1,13.3,11.3
0,Bangkok,2025-04-12T06:00,53.4,59.7,11.8,11.2
0,Bangkok,2025-04-12T07:00,51.3,58.1,13.3,11.6
0,Bangkok,2025-04-12T08:00,48.7,57.3,17.7,12.3
0,Bangkok,2025-04-12T09:00,45.4,56.7,24.9,13.2
0,Bangkok,2025-04-12T10:00,42.2,56.3,33.2,14.1
0,Bangkok,2025-04-12T11:00,40.1,55.6,38.7,14.9
0,Bangkok,2025-04-12T12:00,40.3,55.1,36.7,14.8
0,Bangkok,2025-04-12T13:00,41.1,55.1,34,14.5
0,Bangkok,2025-04-12T14:00,41.3,55.2,33.4,14.4
0,Bangkok,2025-04-12T15:00,41.5,55,32.4,14.4
0,Bangkok,2025-04-12T16:00,41.6,54.7,31.4,14.4
0,Bangkok,2025-04-12T17:00,40.7,54,32.4,14.7
0,Bangkok,2025-04-12T18:00,39.8,53.1,33.4,15
0,Bangkok,2025-04-12T19:00,39.1,52.6,34.3,15.3
0,Bangkok,2025-04-12T20:00,40.2,52.4,30.1,14.8
0,Bangkok,2025-04-12T21:00,41.4,51.8,24.9,14.4
0,Bangkok,2025-04-12T22:00,42.2,50.5,19.7,14.2
0,Bangkok,2025-04-12T23:00,43.1,49.6,15.1,13.9
0,Bangkok,2025-04-13T00:00,43.8,49.1,12,13.6
0,Bangkok,2025-04-13T01:00,45,48.9,8.5,13.3
0,Bangkok,2025-04-13T02:00,46.6,48.9,4.9,12.8
0,Bangkok,2025-04-13T03:00,49.4,50.4,1.9,12.1
0,Bangkok,2025-04-13T04:00,54.3,54.5,0.3,11
0,Bangkok,2025-04-13T05:00,57.9,58.7,1.3,10.3
0,Bangkok,2025-04-13T06:00,58.5,59,0.8,10.2
0,Bangkok,2025-04-13T07:00,56.1,58.7,4.5,10.6
0,Bangkok,2025-04-13T08:00,53.1,58.2,9.4,11.2
0,Bangkok,2025-04-13T09:00,50.4,57.8,14.6,11.8
0,Bangkok,2025-04-13T10:00,47.9,57.5,19.9,12.5
0,Bangkok,2025-04-13T11:00,46.5,56.6,21.6,12.8
0,Bangkok,2025-04-13T12:00,45.9,55.8,21.4,13
0,Bangkok,2025-04-13T13:00,44.6,55.4,24,13.4
0,Bangkok,2025-04-13T14:00,44.3,55.3,24.8,13.5
0,Bangkok,2025-04-13T15:00,44.2,55.4,25.2,13.5
0,Bangkok,2025-04-13T16:00,42.8,55.1,28.7,14
0,Bangkok,2025-04-13T17:00,41.1,54.2,31.8,14.5
0,Bangkok,2025-04-13T18:00,39,53,35.7,15.3
0,Bangkok,2025-04-13T19:00,38.3,52.6,37.3,15.6
0,Bangkok,2025-04-13T20:00,39.1,52.2,33.5,15.3
0,Bangkok,2025-04-13T21:00,39.7,51.2,28.9,15
0,Bangkok,2025-04-13T22:00,40.5,50.1,23.5,14.7
0,Bangkok,2025-04-13T23:00,41.3,48.8,18.1,14.5
0,Bangkok,2025-04-14T00:00,42.2,48.2,14.2,14.2
0,Bangkok,2025-04-14T01:00,43.9,48.1,9.4,13.6
0,Bangkok,2025-04-14T02:00,45.6,47.7,4.7,13.1
0,Bangkok,2025-04-14T03:00,47.5,48.4,2,12.6
0,Bangkok,2025-04-14T04:00,51.2,51.3,0.2,11.7
0,Bangkok,2025-04-14T05:00,56.3,56.3,0.1,10.6
0,Bangkok,2025-04-14T06:00,58.4,57.8,0,10.2
0,Bangkok,2025-04-14T07:00,57,58,1.6,10.5
0,Bangkok,2025-04-14T08:00,55.2,57.9,5,10.8
0,Bangkok,2025-04-14T09:00,53,57.8,8.9,11.3
0,Bangkok,2025-04-14T10:00,50.5,57.2,13.1,11.8
0,Bangkok,2025-04-14T11:00,48.6,56.4,16,12.3
0,Bangkok,2025-04-14T12:00,47.9,55.7,16.1,12.5
0,Bangkok,2025-04-14T13:00,47.4,55.7,17.5,12.6
0,Bangkok,2025-04-14T14:00,46.3,55.8,20.5,12.9
0,Bangkok,2025-04-14T15:00,44.7,55.8,24.8,13.4
0,Bangkok,2025-04-14T16:00,43.1,55.3,28.2,13.8
0,Bangkok,2025-04-14T17:00,41.5,55,32.3,14.4
0,Bangkok,2025-04-14T18:00,39.9,53.9,35,15
0,Bangkok,2025-04-14T19:00,38.7,53.2,37.4,15.4
0,Bangkok,2025-04-14T20:00,39.4,52.6,33.4,15.2
0,Bangkok,2025-04-14T21:00,39.9,51.6,29.5,15
0,Bangkok,2025-04-14T22:00,40.3,50.1,24.3,14.8
0,Bangkok,2025-04-14T23:00,41.7,49.1,17.6,14.3
0,Bangkok,2025-04-15T00:00,43.3,48.8,12.7,13.8
0,Bangkok,2025-04-15T01:00,44.2,48.4,9.4,13.5
0,Bangkok,2025-04-15T02:00,45.9,48.2,4.8,13
0,Bangkok,2025-04-15T03:00,47.4,48.4,2.2,12.6
0,Bangkok,2025-04-15T04:00,50.7,50.8,0.1,11.8
0,Bangkok,2025-04-15T05:00,55.5,55.7,0.3,10.7
0,Bangkok,2025-04-15T06:00,57.2,56.8,0,10.4
0,Bangkok,2025-04-15T07:00,56.2,56.7,0.9,10.6
0,Bangkok,2025-04-15T08:00,54.2,56.3,3.9,11
0,Bangkok,2025-04-15T09:00,52.6,56.6,7.5,11.3
0,Bangkok,2025-04-15T10:00,50.6,56.6,11.7,11.8
0,Bangkok,2025-04-15T11:00,48.6,56.1,15.4,12.3
0,Bangkok,2025-04-15T12:00,47.2,55.7,18.1,12.7
0,Bangkok,2025-04-15T13:00,45.2,55.8,23.3,13.2
0,Bangkok,2025-04-15T14:00,43.5,56.1,28.9,13.7
0,Bangkok,2025-04-15T15:00,43,56.3,30.7,13.9
0,Bangkok,2025-04-15T16:00,43.3,56,29.2,13.8
0,Bangkok,2025-04-15T17:00,38.6,55,42.4,15.5
0,Bangkok,2025-04-15T18:00,36.6,56,53.1,16.3
0,Bangkok,2025-04-15T19:00,37.4,55,47.1,16
0,Bangkok,2025-04-15T20:00,38.6,54.5,41,15.5
0,Bangkok,2025-04-15T21:00,41,54,31.7,14.6
0,Bangkok,2025-04-15T22:00,41.7,52.4,25.8,14.3
0,Bangkok,2025-04-15T23:00,42.9,51.9,21.1,13.9
0,Bangkok,2025-04-16T00:00,43.2,50.2,16.2,13.8
0,Bangkok,2025-04-16T01:00,45,49.8,10.4,13.3
0,Bangkok,2025-04-16T02:00,47.4,49.7,4.8,12.6
0,Bangkok,2025-04-16T03:00,49.2,50.2,2.1,12.1
0,Bangkok,2025-04-16T04:00,51.7,52.3,1,11.5
0,Bangkok,2025-04-16T05:00,54.2,55.7,2.8,11
0,Bangkok,2025-04-16T06:00,54.3,56.4,3.8,11
0,Bangkok,2025-04-16T07:00,51,55.1,8.1,11.7
0,Bangkok,2025-04-16T08:00,49.3,54.1,9.7,12.1
0,Bangkok,2025-04-16T09:00,49,54.6,11.5,12.2
0,Bangkok,2025-04-16T10:00,48.3,55.1,14.1,12.4
0,Bangkok,2025-04-16T11:00,47,55,17.1,12.7
0,Bangkok,2025-04-16T12:00,45.9,54.7,18.9,13
0,Bangkok,2025-04-16T13:00,46.2,55,19,12.9
0,Bangkok,2025-04-16T14:00,46.4,55.5,19.7,12.9
0,Bangkok,2025-04-16T15:00,46.4,55.5,19.7,12.9
0,Bangkok,2025-04-16T16:00,45.7,55.3,21,13.1
0,Bangkok,2025-04-16T17:00,42.4,54.3,28.1,14.1
0,Bangkok,2025-04-16T18:00,40.9,53.3,30.3,14.6
0,Bangkok,2025-04-16T19:00,41.8,53.2,27,14.3
0,Bangkok,2025-04-16T20:00,44.3,53.3,20.1,13.5
0,Bangkok,2025-04-16T21:00,46.3,53,14.5,12.9
0,Bangkok,2025-04-16T22:00,47.9,53,10.7,12.5
0,Bangkok,2025-04-16T23:00,50,53.2,6.5,11.9
0,Bangkok,2025-04-17T00:00,51,52.5,3,11.7
0,Bangkok,2025-04-17T01:00,51.6,52.3,1.3,11.6
0,Bangkok,2025-04-17T02:00,52.5,52.6,0.2,11.4
0,Bangkok,2025-04-17T03:00,53.3,53,0,11.2
0,Bangkok,2025-04-17T04:00,55.2,55.2,0,10.8
0,Bangkok,2025-04-17T05:00,54.6,57.6,5.4,10.9
0,Bangkok,2025-04-17T06:00,50.3,56.8,12.9,11.9
0,Bangkok,2025-04-17T07:00,43.2,54.8,26.8,13.8
0,Bangkok,2025-04-17T08:00,42.3,53.5,26.3,14.1
0,Bangkok,2025-04-17T09:00,43.7,54.4,24.4,13.7
0,Bangkok,2025-04-17T10:00,44,54.9,24.5,13.6
0,Bangkok,2025-04-17T11:00,43.2,54.8,26.8,13.8
0,Bangkok,2025-04-17T12:00,42.9,54.6,27.4,13.9
0,Bangkok,2025-04-17T13:00,43.1,54.9,27.3,13.9
0,Bangkok,2025-04-17T14:00,42.9,55.1,28.4,13.9
0,Bangkok,2025-04-17T15:00,43.3,55.1,27.2,13.8
0,Bangkok,2025-04-17T16:00,41.3,54.7,32.3,14.5
0,Bangkok,2025-04-17T17:00,36,53.5,48.4,16.6
0,Bangkok,2025-04-17T18:00,35.2,52.7,49.8,17
0,Bangkok,2025-04-17T19:00,38.8,52.4,35,15.4
0,Bangkok,2025-04-17T20:00,42.3,52.3,23.5,14.1
0,Bangkok,2025-04-17T21:00,44.5,52,17,13.4
0,Bangkok,2025-04-17T22:00,45.8,51.3,11.9,13
0,Bangkok,2025-04-17T23:00,47.6,51.1,7.3,12.6
0,Bangkok,2025-04-18T00:00,48.6,50.3,3.5,12.3
0,Bangkok,2025-04-18T01:00,50.1,51,1.9,11.9
0,Bangkok,2025-04-18T02:00,50.7,51.4,1.4,11.8
0,Bangkok,2025-04-18T03:00,52,52.6,1.2,11.5
0,Bangkok,2025-04-18T04:00,53.7,54.9,2.3,11.1
0,Bangkok,2025-04-18T05:00,53.5,56.7,6,11.2
0,Bangkok,2025-04-18T06:00,49.9,56.3,12.8,12
0,Bangkok,2025-04-18T07:00,42.4,54.3,28.1,14.1
0,Bangkok,2025-04-18T08:00,40.5,53.6,32.1,14.7
0,Bangkok,2025-04-18T09:00,41.5,54.6,31.5,14.4
0,Bangkok,2025-04-18T10:00,41.2,54.9,33.3,14.5
0,Bangkok,2025-04-18T11:00,40.2,54.8,36.3,14.9
0,Bangkok,2025-04-18T12:00,39.9,54.8,37.2,15
0,Bangkok,2025-04-18T13:00,40.1,55,37.1,14.9
0,Bangkok,2025-04-18T14:00,39.5,55.3,40,15.1
0,Bangkok,2025-04-18T15:00,39.5,55.3,39.7,15.1
0,Bangkok,2025-04-18T16:00,37.8,54.9,44.9,15.8
0,Bangkok,2025-04-18T17:00,33,53.9,63,18.1
0,Bangkok,2025-04-18T18:00,32.7,53,62,18.3
0,Bangkok,2025-04-18T19:00,36.2,52.6,45.3,16.5
0,Bangkok,2025-04-18T20:00,39.4,52.5,33.1,15.2
0,Bangkok,2025-04-18T21:00,41.4,52.1,25.8,14.4
0,Bangkok,2025-04-18T22:00,42.8,51,19,13.9
0,Bangkok,2025-04-18T23:00,45.3,50.7,11.7,13.2
0,Bangkok,2025-04-19T00:00,46.7,50.1,7.2,12.8
0,Bangkok,2025-04-19T01:00,48.4,50.4,4,12.3
0,Bangkok,2025-04-19T02:00,48.5,49.9,2.8,12.3
0,Bangkok,2025-04-19T03:00,49.3,50.6,2.5,12.1
0,Bangkok,2025-04-19T04:00,52,53.3,2.4,11.5
0,Bangkok,2025-04-19T05:00,53.8,56.6,5,11.1
0,Bangkok,2025-04-19T06:00,53.5,57,6.6,11.2
0,Bangkok,2025-04-19T07:00,49,55.8,13.7,12.2
0,Bangkok,2025-04-19T08:00,45.3,55.1,21.6,13.2
0,Bangkok,2025-04-19T09:00,42.6,55.5,30.1,14
0,Bangkok,2025-04-19T10:00,39.9,55.3,38.6,15
0,Bangkok,2025-04-19T11:00,38.2,55.1,44.1,15.6
0,Bangkok,2025-04-19T12:00,35.9,54.5,51.6,16.6
0,Bangkok,2025-04-19T13:00,35.1,54.5,55.2,17
0,Bangkok,2025-04-19T14:00,36.5,54.6,49.5,16.4
0,Bangkok,2025-04-19T15:00,36.6,54.5,48.8,16.3
0,Bangkok,2025-04-19T16:00,37,54.6,47.4,16.1
0,Bangkok,2025-04-19T17:00,36.6,54.1,47.6,16.3
0,Bangkok,2025-04-19T18:00,38.2,53.5,39.7,15.6
0,Bangkok,2025-04-19T19:00,39.1,53,35.3,15.3
0,Bangkok,2025-04-19T20:00,40.6,52.8,30,14.7
0,Bangkok,2025-04-19T21:00,42.2,52.6,24.7,14.2
0,Bangkok,2025-04-19T22:00,42.9,51.6,20.3,13.9
0,Bangkok,2025-04-19T23:00,45.2,50.9,12.4,13.2
0,Bangkok,2025-04-20T00:00,47.2,50.6,7.2,12.7
0,Bangkok,2025-04-20T01:00,49,50.9,3.9,12.2
0,Bangkok,2025-04-20T02:00,49.5,50.6,2.2,12.1
0,Bangkok,2025-04-20T03:00,50.3,50.9,1.1,11.9
0,Bangkok,2025-04-20T04:00,52.9,53.4,0.9,11.3
0,Bangkok,2025-04-20T05:00,54.9,56.4,2.7,10.9
0,Bangkok,2025-04-20T06:00,54.5,56.5,3.6,11
0,Bangkok,2025-04-20T07:00,51.4,55.8,8.6,11.6
0,Bangkok,2025-04-20T08:00,48.1,55.1,14.6,12.4
0,Bangkok,2025-04-20T09:00,45.2,55.2,22,13.2
0,Bangkok,2025-04-20T10:00,43.2,55.2,27.6,13.8
0,Bangkok,2025-04-20T11:00,41.5,55,32.6,14.4
0,Bangkok,2025-04-20T12:00,39.7,54.7,37.6,15
0,Bangkok,2025-04-20T13:00,39.7,54.9,38.1,15
0,Bangkok,2025-04-20T14:00,39.9,55.1,38.1,15
0,Bangkok,2025-04-20T15:00,39.6,55.1,39,15.1
0,Bangkok,2025-04-20T16:00,39.2,54.9,40.2,15.3
0,Bangkok,2025-04-20T17:00,38.4,54.5,41.8,15.5
0,Bangkok,2025-04-20T18:00,39.1,53.8,37.4,15.3
0,Bangkok,2025-04-20T19:00,39.2,53.5,36.6,15.3
0,Bangkok,2025-04-20T20:00,41.1,53.6,30.3,14.5
0,Bangkok,2025-04-20T21:00,43.3,53.4,23,13.8
0,Bangkok,2025-04-20T22:00,45.4,52.4,15.3,13.2
0,Bangkok,2025-04-20T23:00,48,51.9,8,12.4
0,Bangkok,2025-04-21T00:00,49.4,51.4,4,12.1
0,Bangkok,2025-04-21T01:00,50.5,51.4,1.6,11.8
0,Bangkok,2025-04-21T02:00,50.6,51.1,1,11.8
0,Bangkok,2025-04-21T03:00,51.5,51.9,0.6,11.6
0,Bangkok,2025-04-21T04:00,54,55.5,2.6,11
0,Bangkok,2025-04-21T05:00,52.8,57.8,9.5,11.3
0,Bangkok,2025-04-21T06:00,43.9,56.8,29.4,13.6
0,Bangkok,2025-04-21T07:00,32.5,54,66.2,18.4
0,Bangkok,2025-04-21T08:00,29.5,53,79.6,20.3
0,Bangkok,2025-04-21T09:00,31.1,54.1,73.7,19.2
0,Bangkok,2025-04-21T10:00,33.7,54.7,62,17.7
0,Bangkok,2025-04-21T11:00,35.3,54.7,55,16.9
0,Bangkok,2025-04-21T12:00,36.1,54.7,51.3,16.5
0,Bangkok,2025-04-21T13:00,37.2,54.8,47.3,16.1
0,Bangkok,2025-04-21T14:00,36.6,54.8,49.7,16.3
0,Bangkok,2025-04-21T15:00,36,55,52.6,16.6
0,Bangkok,2025-04-21T16:00,34.5,54.7,58.4,17.3
0,Bangkok,2025-04-21T17:00,29.1,53.5,83.2,20.5
0,Bangkok,2025-04-21T18:00,28.2,52.7,86.6,21.2
0,Bangkok,2025-04-21T19:00,31.1,51.9,67,19.2
0,Bangkok,2025-04-21T20:00,36.8,51.6,40.2,16.2
0,Bangkok,2025-04-21T21:00,40.8,51.1,25.1,14.6
0,Bangkok,2025-04-21T22:00,42.9,50.3,17.1,13.9
0,Bangkok,2025-04-21T23:00,45.6,50.3,10.2,13.1
0,Bangkok,2025-04-22T00:00,47.3,50.1,5.8,12.6
0,Bangkok,2025-04-22T01:00,47.7,49.5,3.7,12.5
0,Bangkok,2025-04-22T02:00,48,49.7,3.4,12.4
0,Bangkok,2025-04-22T03:00,49.9,51.5,3.3,12
0,Bangkok,2025-04-22T04:00,52.7,54.6,3.5,11.3
0,Bangkok,2025-04-22T05:00,51.9,56.6,9.1,11.5
0,Bangkok,2025-04-22T06:00,44.7,56.1,25.5,13.4
0,Bangkok,2025-04-22T07:00,32.9,53.8,63.2,18.1
0,Bangkok,2025-04-22T08:00,29.2,53,81.1,20.4
0,Bangkok,2025-04-22T09:00,29.7,53.7,80.5,20.1
0,Bangkok,2025-04-22T10:00,31.9,54.3,70.3,18.7
0,Bangkok,2025-04-22T11:00,33.4,54.4,62.6,17.9
0,Bangkok,2025-04-22T12:00,34.6,54.4,57.1,17.3
0,Bangkok,2025-04-22T13:00,36,54.6,51.6,16.6
0,Bangkok,2025-04-22T14:00,35.5,54.7,54,16.8
0,Bangkok,2025-04-22T15:00,34.7,54.9,58.2,17.2
0,Bangkok,2025-04-22T16:00,32.9,54.4,65.4,18.2
0,Bangkok,2025-04-22T17:00,28.1,53.2,88.9,21.2
0,Bangkok,2025-04-22T18:00,27.2,52.3,92.1,22
0,Bangkok,2025-04-22T19:00,30.1,51.9,72.2,19.9
0,Bangkok,2025-04-22T20:00,35.7,51.8,44.8,16.7
0,Bangkok,2025-04-22T21:00,39.8,51.2,28.6,15
0,Bangkok,2025-04-22T22:00,42,50.5,20.2,14.2
0,Bangkok,2025-04-22T23:00,44.9,49.9,11.1,13.3
0,Bangkok,2025-04-23T00:00,46.1,49,6.4,13
0,Bangkok,2025-04-23T01:00,47.1,49.1,4.3,12.7
0,Bangkok,2025-04-23T02:00,47,48.9,4,12.7
0,Bangkok,2025-04-23T03:00,49.2,50.7,3,12.1
0,Bangkok,2025-04-23T04:00,52.2,54.1,3.5,11.4
0,Bangkok,2025-04-23T05:00,52.1,56.6,8.6,11.4
0,Bangkok,2025-04-23T06:00,45.3,56.1,23.6,13.2
0,Bangkok,2025-04-23T07:00,33.6,53.8,60,17.8
0,Bangkok,2025-04-23T08:00,29.9,53.1,77.3,20
0,Bangkok,2025-04-23T09:00,30.9,53.8,73.7,19.3
0,Bangkok,2025-04-23T10:00,33.5,54.7,63,17.8
0,Bangkok,2025-04-23T11:00,34.7,54.7,57.4,17.2
0,Bangkok,2025-04-23T12:00,34.8,54.6,56.7,17.2
0,Bangkok,2025-04-23T13:00,35.3,54.6,54.4,16.9
0,Bangkok,2025-04-23T14:00,34.7,54.6,57.1,17.2
0,Bangkok,2025-04-23T15:00,34.5,54.8,58.8,17.3
0,Bangkok,2025-04-23T16:00,33.1,54.7,65.2,18.1
0,Bangkok,2025-04-23T17:00,28.4,53.5,88.4,21.1
0,Bangkok,2025-04-23T18:00,27.1,52.3,92.7,22
0,Bangkok,2025-04-23T19:00,29.9,51.8,73.3,20
0,Bangkok,2025-04-23T20:00,35,51.9,48.1,17.1
0,Bangkok,2025-04-23T21:00,38.9,51.3,31.8,15.4
0,Bangkok,2025-04-23T22:00,40.9,50.2,22.9,14.6
0,Bangkok,2025-04-23T23:00,44,49.6,12.7,13.6
0,Bangkok,2025-04-24T00:00,46.1,49.4,7,12.9
0,Bangkok,2025-04-24T01:00,47.3,49.3,4.2,12.6
0,Bangkok,2025-04-24T02:00,47.7,49.3,3.4,12.5
0,Bangkok,2025-04-24T03:00,49.2,50.6,2.8,12.1
0,Bangkok,2025-04-24T04:00,52,54.1,3.9,11.5
0,Bangkok,2025-04-24T05:00,52.1,56.5,8.3,11.5
0,Bangkok,2025-04-24T06:00,45.7,56,22.5,13.1
0,Bangkok,2025-04-24T07:00,34.2,53.9,57.4,17.5
0,Bangkok,2025-04-24T08:00,30.6,53.2,73.7,19.5
0,Bangkok,2025-04-24T09:00,31.8,54.1,69.9,18.8
0,Bangkok,2025-04-24T10:00,33.6,54.7,62.5,17.8
0,Bangkok,2025-04-24T11:00,34.5,54.7,58.1,17.3
0,Bangkok,2025-04-24T12:00,35.1,54.6,55.3,17
0,Bangkok,2025-04-24T13:00,35.9,54.6,52,16.6
0,Bangkok,2025-04-24T14:00,35.6,54.9,53.9,16.8
0,Bangkok,2025-04-24T15:00,35.3,55,55.7,16.9
0,Bangkok,2025-04-24T16:00,33.3,54.7,64.4,18
0,Bangkok,2025-04-24T17:00,28.3,53.6,89.1,21.1
0,Bangkok,2025-04-24T18:00,27.8,52.7,89.1,21.5
0,Bangkok,2025-04-24T19:00,31.3,52.1,66.3,19.1
0,Bangkok,2025-04-24T20:00,36.3,51.9,43,16.5
0,Bangkok,2025-04-24T21:00,39.5,51.4,29.9,15.1
0,Bangkok,2025-04-24T22:00,41.3,50.3,21.8,14.5
0,Bangkok,2025-04-24T23:00,44,49.7,12.9,13.6
0,Bangkok,2025-04-25T00:00,45.9,49.4,7.6,13
0,Bangkok,2025-04-25T01:00,47.2,49.3,4.3,12.6
0,Bangkok,2025-04-25T02:00,47.5,49.3,3.8,12.6
0,Bangkok,2025-04-25T03:00,49.2,50.8,3.3,12.1
0,Bangkok,2025-04-25T04:00,52.2,54.2,3.7,11.4
0,Bangkok,2025-04-25T05:00,51.8,56.3,8.6,11.5
0,Bangkok,2025-04-25T06:00,45.6,56,22.8,13.1
0,Bangkok,2025-04-25T07:00,34.6,53.9,55.4,17.2
0,Bangkok,2025-04-25T08:00,31.7,53.5,68.5,18.8
0,Bangkok,2025-04-25T09:00,32.3,54.4,68.4,18.5
0,Bangkok,2025-04-25T10:00,33.2,55,65.7,18
0,Bangkok,2025-04-25T11:00,33.5,55,64,17.8
0,Bangkok,2025-04-25T12:00,33.1,54.9,65.4,18
0,Bangkok,2025-04-25T13:00,33,54.8,65.5,18.1
0,Bangkok,2025-04-25T14:00,32,55,71.8,18.7
0,Bangkok,2025-04-25T15:00,31.1,55.1,76.8,19.2
0,Bangkok,2025-04-25T16:00,29.5,54.7,85.4,20.3
0,Bangkok,2025-04-25T17:00,25.7,53.8,109.6,23.3
0,Bangkok,2025-04-25T18:00,25,52.8,111.1,23.9
0,Bangkok,2025-04-25T19:00,27.9,52.5,88.1,21.4
0,Bangkok,2025-04-25T20:00,32.1,52.5,63.6,18.6
0,Bangkok,2025-04-25T21:00,35.9,52.1,45.2,16.6
0,Bangkok,2025-04-25T22:00,37.5,50.8,35.2,15.9
0,Bangkok,2025-04-25T23:00,41.5,50.2,20.9,14.4
0,Bangkok,2025-04-26T00:00,44.2,49.4,11.7,13.5
0,Bangkok,2025-04-26T01:00,45.7,49.2,7.5,13.1
0,Bangkok,2025-04-26T02:00,45.8,48.7,6.3,13
0,Bangkok,2025-04-26T03:00,47.7,49.6,3.9,12.5
0,Bangkok,2025-04-26T04:00,51.2,53,3.3,11.6
0,Bangkok,2025-04-26T05:00,53.8,56.7,5.3,11.1
0,Bangkok,2025-04-26T06:00,52.8,57.1,8.1,11.3
0,Bangkok,2025-04-26T07:00,47.5,56.3,18.6,12.6
0,Bangkok,2025-04-26T08:00,42.7,55.8,30.6,14
0,Bangkok,2025-04-26T09:00,38.3,55.9,45.9,15.6
0,Bangkok,2025-04-26T10:00,35.2,55.6,58,17
0,Bangkok,2025-04-26T11:00,33.2,55.2,66.3,18
0,Bangkok,2025-04-26T12:00,31.9,54.6,71.3,18.7
0,Bangkok,2025-04-26T13:00,32.6,54.9,68.3,18.3
0,Bangkok,2025-04-26T14:00,33,55,66.5,18.1
0,Bangkok,2025-04-26T15:00,33.3,55.1,65.1,17.9
0,Bangkok,2025-04-26T16:00,32.4,54.8,68.9,18.4
0,Bangkok,2025-04-26T17:00,30.4,54.3,78.4,19.6
0,Bangkok,2025-04-26T18:00,31.9,53.7,68.2,18.7
0,Bangkok,2025-04-26T19:00,34.4,52.7,53.2,17.4
0,Bangkok,2025-04-26T20:00,37,52.2,41.2,16.2
0,Bangkok,2025-04-26T21:00,38.5,51.9,34.6,15.5
0,Bangkok,2025-04-26T22:00,39.4,51,29.1,15.1
0,Bangkok,2025-04-26T23:00,42.4,50.1,18.1,14.1
0,Bangkok,2025-04-27T00:00,44.5,49.4,11,13.4
0,Bangkok,2025-04-27T01:00,45.9,49.3,7.1,13
0,Bangkok,2025-04-27T02:00,46.3,48.8,5.3,12.9
0,Bangkok,2025-04-27T03:00,47.9,49.3,2.9,12.5
0,Bangkok,2025-04-27T04:00,51.3,52.3,1.9,11.6
0,Bangkok,2025-04-27T05:00,54.1,55.5,2.6,11
0,Bangkok,2025-04-27T06:00,54.3,56.4,3.9,11
0,Bangkok,2025-04-27T07:00,50.7,55.8,9.9,11.8
0,Bangkok,2025-04-27T08:00,47.1,55.3,17.3,12.7
0,Bangkok,2025-04-27T09:00,44,55.2,25.4,13.6
0,Bangkok,2025-04-27T10:00,41.8,55.3,32.1,14.3
0,Bangkok,2025-04-27T11:00,40.2,55.1,36.8,14.8
0,Bangkok,2025-04-27T12:00,38.8,54.7,40.8,15.4
0,Bangkok,2025-04-27T13:00,38.2,54.9,43.7,15.7
0,Bangkok,2025-04-27T14:00,38.5,55,42.9,15.5
0,Bangkok,2025-04-27T15:00,38.5,55.2,43.1,15.5
0,Bangkok,2025-04-27T16:00,37.8,55,45.4,15.8
0,Bangkok,2025-04-27T17:00,37.8,55,45.5,15.8
0,Bangkok,2025-04-27T18:00,38.5,54.5,41.5,15.5
0,Bangkok,2025-04-27T19:00,39,54,38.1,15.3
0,Bangkok,2025-04-27T20:00,40.2,53.8,33.6,14.8
0,Bangkok,2025-04-27T21:00,41.8,53.1,27,14.3
0,Bangkok,2025-04-27T22:00,43.7,51.8,18.4,13.7
0,Bangkok,2025-04-27T23:00,45.7,50.9,11.2,13.1
0,Bangkok,2025-04-28T00:00,47.2,50,6,12.7
0,Bangkok,2025-04-28T01:00,48.5,49.8,2.6,12.3
0,Bangkok,2025-04-28T02:00,48.5,49.4,1.8,12.3
0,Bangkok,2025-04-28T03:00,50.3,50.9,1,11.9
0,Bangkok,2025-04-28T04:00,53.6,54.7,2.2,11.1
0,Bangkok,2025-04-28T05:00,52.7,57.6,9.3,11.3
0,Bangkok,2025-04-28T06:00,43.5,56.7,30.2,13.7
0,Bangkok,2025-04-28T07:00,31.5,53.9,70.9,19
0,Bangkok,2025-04-28T08:00,28.7,53,84.5,20.8
0,Bangkok,2025-04-28T09:00,30.2,53.8,77.9,19.8
0,Bangkok,2025-04-28T10:00,32.6,54.4,66.8,18.3
0,Bangkok,2025-04-28T11:00,34.3,54.6,59,17.4
0,Bangkok,2025-04-28T12:00,35.7,54.7,52.9,16.7
0,Bangkok,2025-04-28T13:00,36.9,54.9,48.8,16.2
0,Bangkok,2025-04-28T14:00,36.3,54.9,51.1,16.5
0,Bangkok,2025-04-28T15:00,35.7,54.9,53.6,16.7
0,Bangkok,2025-04-28T16:00,33.6,54.6,62,17.8
0,Bangkok,2025-04-28T17:00,28.4,53.3,87.7,21.1
0,Bangkok,2025-04-28T18:00,27,52.3,93.7,22.1
0,Bangkok,2025-04-28T19:00,30.7,52,69.4,19.5
0,Bangkok,2025-04-28T20:00,36.7,51.9,41.4,16.3
0,Bangkok,2025-04-28T21:00,40.7,51,25.5,14.7
0,Bangkok,2025-04-28T22:00,42,49.9,18.8,14.2
0,Bangkok,2025-04-28T23:00,44.5,49.5,11.1,13.4
0,Bangkok,2025-04-29T00:00,46.8,49.8,6.3,12.8
0,Bangkok,2025-04-29T01:00,47.8,49.6,3.7,12.5
0,Bangkok,2025-04-29T02:00,48.1,49.8,3.4,12.4
0,Bangkok,2025-04-29T03:00,48.8,51,4.6,12.2
0,Bangkok,2025-04-29T04:00,52,54.2,4.3,11.5
0,Bangkok,2025-04-29T05:00,51.7,56.4,9.1,11.6
0,Bangkok,2025-04-29T06:00,44.4,55.9,25.9,13.4
0,Bangkok,2025-04-29T07:00,32.9,54,64.1,18.2
0,Bangkok,2025-04-29T08:00,29.4,53.1,80.2,20.3
0,Bangkok,2025-04-29T09:00,30.1,53.6,77.6,19.8
0,Bangkok,2025-04-29T10:00,32.5,54.2,66.5,18.4
0,Bangkok,2025-04-29T11:00,34.3,54.4,58.4,17.4
0,Bangkok,2025-04-29T12:00,34.9,54.5,55.9,17.1
0,Bangkok,2025-04-29T13:00,35.9,54.6,51.8,16.6
0,Bangkok,2025-04-29T14:00,35,54.5,55.8,17.1
0,Bangkok,2025-04-29T15:00,33.3,54.3,63.1,18
0,Bangkok,2025-04-29T16:00,28.7,54.4,89.6,20.8
0,Bangkok,2025-04-29T17:00,25.2,53.6,112.6,23.7
0,Bangkok,2025-04-29T18:00,25.2,52.4,107.5,23.7
0,Bangkok,2025-04-29T19:00,28.5,52.3,83,21
0,Bangkok,2025-04-29T20:00,34.2,52.2,52.4,17.5
0,Bangkok,2025-04-29T21:00,39,51.5,31.9,15.3
0,Bangkok,2025-04-29T22:00,41,50.2,22.4,14.6
0,Bangkok,2025-04-29T23:00,44.2,50,13.1,13.5
0,Bangkok,2025-04-30T00:00,46.3,49.7,7.2,12.9
0,Bangkok,2025-04-30T01:00,47.5,49.6,4.3,12.6
0,Bangkok,2025-04-30T02:00,47.8,49.6,3.7,12.5
0,Bangkok,2025-04-30T03:00,49.1,50.7,3.3,12.2
0,Bangkok,2025-04-30T04:00,52.5,54.2,3.2,11.4
0,Bangkok,2025-04-30T05:00,52,56.5,8.5,11.5
0,Bangkok,2025-04-30T06:00,45,55.9,24.3,13.3
0,Bangkok,2025-04-30T07:00,33.1,53.8,62.7,18.1
0,Bangkok,2025-04-30T08:00,29.4,53.1,80.1,20.3
0,Bangkok,2025-04-30T09:00,30.7,54,75.6,19.5
0,Bangkok,2025-04-30T10:00,32.2,54.4,68.9,18.6
0,Bangkok,2025-04-30T11:00,33,54.4,64.8,18.1
0,Bangkok,2025-04-30T12:00,33.1,54.5,64.6,18.1
0,Bangkok,2025-04-30T13:00,33.3,54.7,64,17.9
0,Bangkok,2025-04-30T14:00,32.2,54.6,69.4,18.5
0,Bangkok,2025-04-30T15:00,31,54.7,76.6,19.3
0,Bangkok,2025-04-30T16:00,29,54.5,87.8,20.6
0,Bangkok,2025-04-30T17:00,25.1,53.5,113.2,23.8
0,Bangkok,2025-04-30T18:00,24.4,52.8,116.4,24.5
0,Bangkok,2025-04-30T19:00,27,52.8,95.6,22.2
0,Bangkok,2025-04-30T20:00,30.5,52.8,72.8,19.6
0,Bangkok,2025-04-30T21:00,34.2,52.6,53.6,17.5
0,Bangkok,2025-04-30T22:00,37.2,51.3,38,16.1
0,Bangkok,2025-04-30T23:00,41.1,50.3,22.4,14.5
0,Bangkok,2025-05-01T00:00,44.7,49.7,11.2,13.4
0,Bangkok,2025-05-01T01:00,46.9,49.7,5.9,12.7
0,Bangkok,2025-05-01T02:00,46.5,49,5.2,12.8
0,Bangkok,2025-05-01T03:00,44.8,52.4,17,13.3
0,Bangkok,2025-05-01T04:00,47.5,54.9,15.7,12.6
0,Bangkok,2025-05-01T05:00,50.3,57.5,14.2,11.9
0,Bangkok,2025-05-01T06:00,48,57,18.5,12.4
0,Bangkok,2025-05-01T07:00,43.5,54.9,26.3,13.7
0,Bangkok,2025-05-01T08:00,44.1,54.8,24.4,13.5
0,Bangkok,2025-05-01T09:00,44,55.5,26.2,13.6
0,Bangkok,2025-05-01T10:00,41.6,55.4,33.2,14.4
0,Bangkok,2025-05-01T11:00,39.2,54.9,39.9,15.2
0,Bangkok,2025-05-01T12:00,37.3,54.5,46,16
0,Bangkok,2025-05-01T13:00,37.3,54.4,45.9,16
0,Bangkok,2025-05-01T14:00,37.1,54.6,47.3,16.1
0,Bangkok,2025-05-01T15:00,36.2,54.5,50.2,16.5
0,Bangkok,2025-05-01T16:00,35.6,54.4,52.7,16.8
0,Bangkok,2025-05-01T17:00,36.2,53.8,48.6,16.5
0,Bangkok,2025-05-01T18:00,38.9,52.9,35.8,15.4
0,Bangkok,2025-05-01T19:00,39.2,52.4,33.6,15.2
0,Bangkok,2025-05-01T20:00,40.8,52.4,28.5,14.6
0,Bangkok,2025-05-01T21:00,42.4,52,22.5,14.1
0,Bangkok,2025-05-01T22:00,43.7,50.8,16.2,13.7
0,Bangkok,2025-05-01T23:00,45.4,49.8,9.8,13.2
0,Bangkok,2025-05-02T00:00,46.9,49.4,5.3,12.7
0,Bangkok,2025-05-02T01:00,47.3,48.9,3.4,12.6
0,Bangkok,2025-05-02T02:00,47.7,49.2,3.2,12.5
0,Bangkok,2025-05-02T03:00,49.6,50.5,1.8,12
0,Bangkok,2025-05-02T04:00,52.2,54,3.4,11.4
0,Bangkok,2025-05-02T05:00,50.1,56.9,13.4,11.9
0,Bangkok,2025-05-02T06:00,43.5,56,28.7,13.7
0,Bangkok,2025-05-02T07:00,35.5,54.2,52.6,16.8
0,Bangkok,2025-05-02T08:00,34.6,53.5,54.3,17.3
0,Bangkok,2025-05-02T09:00,36.3,54.7,50.5,16.5
0,Bangkok,2025-05-02T10:00,36,54.8,52,16.6
0,Bangkok,2025-05-02T11:00,35.8,54.7,52.7,16.7
0,Bangkok,2025-05-02T12:00,35.2,54.4,54.7,17
0,Bangkok,2025-05-02T13:00,34.6,54.7,58,17.3
0,Bangkok,2025-05-02T14:00,33,54.7,65.5,18.1
0,Bangkok,2025-05-02T15:00,32,54.8,71.3,18.7
0,Bangkok,2025-05-02T16:00,30.1,54.3,80.3,19.9
0,Bangkok,2025-05-02T17:00,27.4,53.7,95.5,21.8
0,Bangkok,2025-05-02T18:00,27.6,53,91.6,21.6
0,Bangkok,2025-05-02T19:00,31.5,52.9,67.9,19
0,Bangkok,2025-05-02T20:00,36.6,52.7,43.7,16.3
0,Bangkok,2025-05-02T21:00,39,51.6,32.2,15.3
0,Bangkok,2025-05-02T22:00,39.8,50.5,26.7,15
0,Bangkok,2025-05-02T23:00,41.6,49.5,19.1,14.4
0,Bangkok,2025-05-03T00:00,42.1,49.6,17.8,14.2
0,Bangkok,2025-05-03T01:00,45.1,49.5,9.6,13.2
0,Bangkok,2025-05-03T02:00,46,48.6,5.7,13
0,Bangkok,2025-05-03T03:00,47.8,49.7,3.9,12.5
0,Bangkok,2025-05-03T04:00,51.3,53.8,4.8,11.6
0,Bangkok,2025-05-03T05:00,51.3,57.6,12.3,11.6
0,Bangkok,2025-05-03T06:00,50.3,57.4,14.1,11.9
0,Bangkok,2025-05-03T07:00,46.2,56.7,22.5,12.9
0,Bangkok,2025-05-03T08:00,43.1,56.3,30.7,13.9
0,Bangkok,2025-05-03T09:00,40.3,56.1,39.2,14.8
0,Bangkok,2025-05-03T10:00,37.3,55.7,49.3,16
0,Bangkok,2025-05-03T11:00,35.2,55,55.9,16.9
0,Bangkok,2025-05-03T12:00,33.9,54.6,61,17.6
0,Bangkok,2025-05-03T13:00,34.2,54.6,59.4,17.4
0,Bangkok,2025-05-03T14:00,34.4,54.8,59,17.4
0,Bangkok,2025-05-03T15:00,34.5,54.8,58.7,17.3
0,Bangkok,2025-05-03T16:00,33.5,54.4,62.3,17.8
0,Bangkok,2025-05-03T17:00,30.8,54.4,76.5,19.4
0,Bangkok,2025-05-03T18:00,32.6,54.1,65.9,18.3
0,Bangkok,2025-05-03T19:00,37,53.3,44.1,16.2
0,Bangkok,2025-05-03T20:00,39.3,52.6,33.6,15.2
0,Bangkok,2025-05-03T21:00,39.9,51.7,29.3,15
0,Bangkok,2025-05-03T22:00,40.5,50.7,25.2,14.8
0,Bangkok,2025-05-03T23:00,42.4,50,17.9,14.1
0,Bangkok,2025-05-04T00:00,42.8,50.2,17.2,13.9
0,Bangkok,2025-05-04T01:00,45.4,49.7,9.4,13.2
0,Bangkok,2025-05-04T02:00,46.6,48.7,4.4,12.8
0,Bangkok,2025-05-04T03:00,48.6,49.5,1.8,12.3
0,Bangkok,2025-05-04T04:00,52.1,52.6,0.8,11.4
0,Bangkok,2025-05-04T05:00,55.3,56,1.2,10.8
0,Bangkok,2025-05-04T06:00,55.2,56.7,2.6,10.8
0,Bangkok,2025-05-04T07:00,52.2,56.6,8.3,11.4
0,Bangkok,2025-05-04T08:00,49.3,56.2,13.9,12.1
0,Bangkok,2025-05-04T09:00,46.4,56.1,20.7,12.9
0,Bangkok,2025-05-04T10:00,43.8,55.6,26.9,13.6
0,Bangkok,2025-05-04T11:00,41.2,55.3,34.1,14.5
0,Bangkok,2025-05-04T12:00,39.4,54.9,39.2,15.1
0,Bangkok,2025-05-04T13:00,39.3,55,39.9,15.2
0,Bangkok,2025-05-04T14:00,39.1,55.2,41,15.3
0,Bangkok,2025-05-04T15:00,39.3,55.3,40.8,15.2
0,Bangkok,2025-05-04T16:00,39.7,55.3,39.3,15.1
0,Bangkok,2025-05-04T17:00,40,55.1,37.6,14.9
0,Bangkok,2025-05-04T18:00,40.7,54.4,33.5,14.7
0,Bangkok,2025-05-04T19:00,40.5,54,33.4,14.8
0,Bangkok,2025-05-04T20:00,41.8,53.7,28.4,14.3
0,Bangkok,2025-05-04T21:00,43.3,53.3,23.3,13.8
0,Bangkok,2025-05-04T22:00,44,52.5,19.1,13.6
0,Bangkok,2025-05-04T23:00,46.9,51.8,10.2,12.7
0,Bangkok,2025-05-05T00:00,47.5,50.4,6,12.6
0,Bangkok,2025-05-05T01:00,48.7,50.1,2.8,12.2
0,Bangkok,2025-05-05T02:00,48.8,49.5,1.4,12.2
0,Bangkok,2025-05-05T03:00,50,50.5,0.9,11.9
0,Bangkok,2025-05-05T04:00,53.5,54.1,1,11.1
0,Bangkok,2025-05-05T05:00,55.6,57.3,2.9,10.7
0,Bangkok,2025-05-05T06:00,53.8,57.2,6.3,11.1
0,Bangkok,2025-05-05T07:00,48.7,55.4,13.7,12.3
0,Bangkok,2025-05-05T08:00,46.2,54.6,18.1,12.9
0,Bangkok,2025-05-05T09:00,43.9,55,25.3,13.6
0,Bangkok,2025-05-05T10:00,41.5,55,32.3,14.4
0,Bangkok,2025-05-05T11:00,39.9,54.7,37.1,15
0,Bangkok,2025-05-05T12:00,39.2,54.6,39.2,15.3
0,Bangkok,2025-05-05T13:00,38.5,54.6,41.6,15.5
0,Bangkok,2025-05-05T14:00,37.6,55.1,46.2,15.9
0,Bangkok,2025-05-05T15:00,37.9,55.2,45.6,15.8
0,Bangkok,2025-05-05T16:00,38.5,55.2,43.4,15.5
0,Bangkok,2025-05-05T17:00,36.5,54.7,49.4,16.3
0,Bangkok,2025-05-05T18:00,36.7,53.8,46.5,16.3
0,Bangkok,2025-05-05T19:00,38.3,53.4,39.1,15.6
0,Bangkok,2025-05-05T20:00,40.6,53.1,30.8,14.7
0,Bangkok,2025-05-05T21:00,42.6,52.5,23.1,14
0,Bangkok,2025-05-05T22:00,43.7,51.5,17.9,13.7
0,Bangkok,2025-05-05T23:00,45.6,50.8,11.2,13.1
0,Bangkok,2025-05-06T00:00,47.7,50.4,5.7,12.5
0,Bangkok,2025-05-06T01:00,48.2,49.8,3.1,12.4
0,Bangkok,2025-05-06T02:00,48.9,50.1,2.4,12.2
0,Bangkok,2025-05-06T03:00,50.5,51.4,1.6,11.8
0,Bangkok,2025-05-06T04:00,53.4,54.9,2.8,11.2
0,Bangkok,2025-05-06T05:00,52.1,57,9.5,11.5
0,Bangkok,2025-05-06T06:00,42.2,56.5,33.9,14.2
0,Bangkok,2025-05-06T07:00,28.9,54,86.3,20.7
0,Bangkok,2025-05-06T08:00,23.9,52.8,120.4,25
0,Bangkok,2025-05-06T09:00,25.7,53.1,106.6,23.3
0,Bangkok,2025-05-06T10:00,29.5,54.2,83.6,20.3
0,Bangkok,2025-05-06T11:00,32.7,54.5,66.6,18.3
0,Bangkok,2025-05-06T12:00,33.7,54.4,61.4,17.7
0,Bangkok,2025-05-06T13:00,35.3,54.6,54.3,16.9
0,Bangkok,2025-05-06T14:00,35.5,54.8,54.3,16.8
0,Bangkok,2025-05-06T15:00,34.8,54.8,57.4,17.2
0,Bangkok,2025-05-06T16:00,32.7,54.6,66.7,18.3
0,Bangkok,2025-05-06T17:00,27.7,53.5,93.1,21.6
0,Bangkok,2025-05-06T18:00,26.2,52.5,99.9,22.8
0,Bangkok,2025-05-06T19:00,29.1,52.1,78.9,20.5
0,Bangkok,2025-05-06T20:00,34.7,51.9,49.5,17.2
0,Bangkok,2025-05-06T21:00,39.5,51.3,29.7,15.1
0,Bangkok,2025-05-06T22:00,41.8,50.4,20.5,14.3
0,Bangkok,2025-05-06T23:00,44.4,49.7,11.9,13.4
0,Bangkok,2025-05-07T00:00,46.1,49.5,7.3,13
0,Bangkok,2025-05-07T01:00,46.9,49.1,4.7,12.7
0,Bangkok,2025-05-07T02:00,47.6,49.3,3.6,12.6
0,Bangkok,2025-05-07T03:00,49.3,51,3.4,12.1
0,Bangkok,2025-05-07T04:00,51.7,54.6,5.6,11.6
0,Bangkok,2025-05-07T05:00,50.8,56.8,11.8,11.8
0,Bangkok,2025-05-07T06:00,43.2,56.1,29.7,13.8
0,Bangkok,2025-05-07T07:00,32.3,53.9,66.6,18.5
0,Bangkok,2025-05-07T08:00,29.7,53.1,78.8,20.1
0,Bangkok,2025-05-07T09:00,30.8,53.8,74.3,19.4
0,Bangkok,2025-05-07T10:00,33.1,54.3,64,18.1
0,Bangkok,2025-05-07T11:00,35,54.4,55.2,17
0,Bangkok,2025-05-07T12:00,35.8,54.4,51.8,16.7
0,Bangkok,2025-05-07T13:00,36.6,54.3,48.5,16.3
0,Bangkok,2025-05-07T14:00,36.1,54.7,51.2,16.5
0,Bangkok,2025-05-07T15:00,35.6,54.6,53.3,16.8
0,Bangkok,2025-05-07T16:00,33.5,54.2,61.8,17.8
0,Bangkok,2025-05-07T17:00,28.6,53.2,86.1,20.9
0,Bangkok,2025-05-07T18:00,27.9,52.4,87.9,21.4
0,Bangkok,2025-05-07T19:00,31,52.1,67.7,19.2
0,Bangkok,2025-05-07T20:00,36.3,52,43.2,16.5
0,Bangkok,2025-05-07T21:00,39.6,51.3,29.2,15.1
0,Bangkok,2025-05-07T22:00,41.6,50.5,21.3,14.4
0,Bangkok,2025-05-07T23:00,44.3,49.9,12.5,13.5
0,Bangkok,2025-05-08T00:00,46,49.4,7.2,13
0,Bangkok,2025-05-08T01:00,46.5,49.1,5.4,12.8
0,Bangkok,2025-05-08T02:00,47.5,49.2,3.5,12.6
0,Bangkok,2025-05-08T03:00,48.8,50.6,3.5,12.2
0,Bangkok,2025-05-08T04:00,51.9,54.7,5.5,11.5
0,Bangkok,2025-05-08T05:00,51,56.6,10.9,11.7
0,Bangkok,2025-05-08T06:00,44.3,56.1,26.5,13.5
0,Bangkok,2025-05-08T07:00,33.3,53.9,61.6,17.9
0,Bangkok,2025-05-08T08:00,31.1,53.3,71.2,19.2
0,Bangkok,2025-05-08T09:00,32.9,54.3,65,18.2
0,Bangkok,2025-05-08T10:00,34.5,54.7,58.6,17.3
0,Bangkok,2025-05-08T11:00,35.4,54.8,54.5,16.9
0,Bangkok,2025-05-08T12:00,35.5,54.8,54.3,16.8
0,Bangkok,2025-05-08T13:00,35.8,54.7,52.5,16.7
0,Bangkok,2025-05-08T14:00,35,54.8,56.3,17.1
0,Bangkok,2025-05-08T15:00,32.6,54.7,67.7,18.3
0,Bangkok,2025-05-08T16:00,29.6,54.3,83,20.2
0,Bangkok,2025-05-08T17:00,26.1,53.2,103.8,22.9
0,Bangkok,2025-05-08T18:00,25.8,52.6,103.7,23.2
0,Bangkok,2025-05-08T19:00,30,52.7,75.2,19.9
0,Bangkok,2025-05-08T20:00,36.3,52.5,44.6,16.5
0,Bangkok,2025-05-08T21:00,39.8,51.7,30,15
0,Bangkok,2025-05-08T22:00,41.3,50.4,21.9,14.5
0,Bangkok,2025-05-08T23:00,43.8,49.7,13.3,13.6
0,Bangkok,2025-05-09T00:00,45.8,49.5,7.9,13
0,Bangkok,2025-05-09T01:00,46.8,49.2,4.9,12.7
0,Bangkok,2025-05-09T02:00,47.7,49.5,3.8,12.5
0,Bangkok,2025-05-09T03:00,49.4,50.9,2.9,12.1
0,Bangkok,2025-05-09T04:00,53.3,55,3.1,11.2
0,Bangkok,2025-05-09T05:00,53.6,57.2,6.6,11.1
0,Bangkok,2025-05-09T06:00,49.7,56.8,14.1,12
0,Bangkok,2025-05-09T07:00,40.1,55,37.2,14.9
0,Bangkok,2025-05-09T08:00,35.9,54,50.4,16.6
0,Bangkok,2025-05-09T09:00,35.1,54.9,56.4,17
0,Bangkok,2025-05-09T10:00,34.9,55.2,58.2,17.1
0,Bangkok,2025-05-09T11:00,34.7,55.2,59.1,17.2
0,Bangkok,2025-05-09T12:00,35.2,55,56.4,17
0,Bangkok,2025-05-09T13:00,35.6,55.1,54.6,16.8
0,Bangkok,2025-05-09T14:00,35,55.3,57.6,17
0,Bangkok,2025-05-09T15:00,35,55.5,58.4,17.1
0,Bangkok,2025-05-09T16:00,35,55.2,57.9,17.1
0,Bangkok,2025-05-09T17:00,30.4,54,77.5,19.7
0,Bangkok,2025-05-09T18:00,29.1,53.1,82,20.5
0,Bangkok,2025-05-09T19:00,32.3,53,64.1,18.5
0,Bangkok,2025-05-09T20:00,36.6,53.1,44.7,16.3
0,Bangkok,2025-05-09T21:00,39.4,52.6,33.4,15.1
0,Bangkok,2025-05-09T22:00,40.4,51.3,26.8,14.8
0,Bangkok,2025-05-09T23:00,43.7,50.8,16.1,13.7
0,Bangkok,2025-05-10T00:00,45,49.5,9.9,13.3
0,Bangkok,2025-05-10T01:00,46.1,49,6.2,13
0,Bangkok,2025-05-10T02:00,46.3,48.6,4.9,12.9
0,Bangkok,2025-05-10T03:00,48.2,50.1,3.9,12.4
0,Bangkok,2025-05-10T04:00,51.2,54.1,5.8,11.7
0,Bangkok,2025-05-10T05:00,52.7,57.1,8.2,11.3
0,Bangkok,2025-05-10T06:00,51.4,57.6,12,11.6
0,Bangkok,2025-05-10T07:00,48,56.8,18.2,12.4
0,Bangkok,2025-05-10T08:00,44.8,56.3,25.4,13.3
0,Bangkok,2025-05-10T09:00,41.1,56.3,36.9,14.5
0,Bangkok,2025-05-10T10:00,37.7,56,48.4,15.8
0,Bangkok,2025-05-10T11:00,35.7,55.5,55.4,16.7
0,Bangkok,2025-05-10T12:00,35.2,55.2,56.8,17
0,Bangkok,2025-05-10T13:00,36.2,55.1,52.1,16.5
0,Bangkok,2025-05-10T14:00,36.6,55.2,50.6,16.3
0,Bangkok,2025-05-10T15:00,36.5,54.9,50.4,16.4
0,Bangkok,2025-05-10T16:00,35.1,54.4,55.2,17
0,Bangkok,2025-05-10T17:00,27.6,54.2,96.6,21.7
0,Bangkok,2025-05-10T18:00,27.3,55.4,103.2,21.9
0,Bangkok,2025-05-10T19:00,30.5,54.9,79.6,19.6
0,Bangkok,2025-05-10T20:00,34,54.5,60,17.5
0,Bangkok,2025-05-10T21:00,37.3,53.9,44.5,16
0,Bangkok,2025-05-10T22:00,39.8,52.5,31.8,15
0,Bangkok,2025-05-10T23:00,43.3,51.1,17.9,13.8
0,Bangkok,2025-05-11T00:00,46.3,50.4,8.9,12.9
0,Bangkok,2025-05-11T01:00,47.4,49.7,4.9,12.6
0,Bangkok,2025-05-11T02:00,47.6,49,2.9,12.6
0,Bangkok,2025-05-11T03:00,49.9,50.5,1,12
0,Bangkok,2025-05-11T04:00,53.4,53.6,0.5,11.2
0,Bangkok,2025-05-11T05:00,55.7,56.8,2.1,10.7
0,Bangkok,2025-05-11T06:00,54.3,56.6,4.1,11
0,Bangkok,2025-05-11T07:00,52,56.4,8.3,11.5
0,Bangkok,2025-05-11T08:00,49.5,55.8,12.6,12.1
0,Bangkok,2025-05-11T09:00,47.5,56.1,17.9,12.6
0,Bangkok,2025-05-11T10:00,44.5,55.8,25.3,13.4
0,Bangkok,2025-05-11T11:00,43,55.5,29,13.9
0,Bangkok,2025-05-11T12:00,41.7,55.1,31.8,14.3
0,Bangkok,2025-05-11T13:00,41.3,55.1,33.5,14.5
0,Bangkok,2025-05-11T14:00,41,55.2,34.5,14.6
0,Bangkok,2025-05-11T15:00,39.9,55.2,38.3,15
0,Bangkok,2025-05-11T16:00,40.2,55.2,37.4,14.9
0,Bangkok,2025-05-11T17:00,40.8,54.8,34.3,14.6
0,Bangkok,2025-05-11T18:00,41.7,54.4,30.3,14.3
0,Bangkok,2025-05-11T19:00,41.2,53.9,30.6,14.5
0,Bangkok,2025-05-11T20:00,42.3,53.8,27.2,14.1
0,Bangkok,2025-05-11T21:00,42.7,53.7,25.7,14
0,Bangkok,2025-05-11T22:00,43.2,53.3,23.3,13.8
0,Bangkok,2025-05-11T23:00,46.5,51.9,11.5,12.8
0,Bangkok,2025-05-12T00:00,48.3,50.9,5.4,12.4
0,Bangkok,2025-05-12T01:00,49.1,50.4,2.5,12.1
0,Bangkok,2025-05-12T02:00,50.2,50.6,0.8,11.9
0,Bangkok,2025-05-12T03:00,51.3,51.6,0.5,11.6
0,Bangkok,2025-05-12T04:00,53.6,54,0.7,11.1
0,Bangkok,2025-05-12T05:00,55.7,57.4,2.9,10.7
0,Bangkok,2025-05-12T06:00,54.1,56.9,5,11
0,Bangkok,2025-05-12T07:00,49.1,55.2,12.2,12.1
0,Bangkok,2025-05-12T08:00,47.1,54.5,15.7,12.7
0,Bangkok,2025-05-12T09:00,44.7,54.9,22.8,13.4
0,Bangkok,2025-05-12T10:00,42,54.8,30.4,14.2
0,Bangkok,2025-05-12T11:00,40.9,54.5,33.1,14.6
0,Bangkok,2025-05-12T12:00,38.8,54.6,40.7,15.4
0,Bangkok,2025-05-12T13:00,37,54.9,48.2,16.1
0,Bangkok,2025-05-12T14:00,37.4,55,47.2,16
0,Bangkok,2025-05-12T15:00,36.9,54.8,48.4,16.2
0,Bangkok,2025-05-12T16:00,36.4,55.4,52.2,16.4
0,Bangkok,2025-05-12T17:00,35.4,55.5,56.8,16.9
0,Bangkok,2025-05-12T18:00,37.6,55.3,46.8,15.9
0,Bangkok,2025-05-12T19:00,39.8,55.1,38.3,15
0,Bangkok,2025-05-12T20:00,42,54.7,30,14.2
0,Bangkok,2025-05-12T21:00,44.2,54,22.2,13.5
0,Bangkok,2025-05-12T22:00,45.4,52.7,16,13.2
0,Bangkok,2025-05-12T23:00,47.8,52,8.7,12.5
0,Bangkok,2025-05-13T00:00,49.3,51.5,4.4,12.1
0,Bangkok,2025-05-13T01:00,49.8,51.1,2.5,12
0,Bangkok,2025-05-13T02:00,50.2,51.1,1.6,11.9
0,Bangkok,2025-05-13T03:00,50.8,51.5,1.4,11.7
0,Bangkok,2025-05-13T04:00,53.3,55.3,3.8,11.2
0,Bangkok,2025-05-13T05:00,50.7,57.5,13.3,11.8
0,Bangkok,2025-05-13T06:00,36.7,56.2,53,16.3
0,Bangkok,2025-05-13T07:00,24.6,53.6,118.2,24.3
0,Bangkok,2025-05-13T08:00,22.2,52.6,137.2,27
0,Bangkok,2025-05-13T09:00,24.8,53.2,114.2,24.1
0,Bangkok,2025-05-13T10:00,29.2,53.9,84.3,20.5
0,Bangkok,2025-05-13T11:00,33.2,54.1,63.1,18
0,Bangkok,2025-05-13T12:00,35.3,54,52.9,16.9
0,Bangkok,2025-05-13T13:00,36.5,53.8,47.5,16.4
0,Bangkok,2025-05-13T14:00,35.9,54.2,51.1,16.7
0,Bangkok,2025-05-13T15:00,34.8,54.3,55.7,17.2
0,Bangkok,2025-05-13T16:00,33,54.1,64,18.1
0,Bangkok,2025-05-13T17:00,27.9,53.1,89.8,21.4
0,Bangkok,2025-05-13T18:00,26.8,52.2,94.7,22.3
0,Bangkok,2025-05-13T19:00,30.3,52,71.6,19.7
0,Bangkok,2025-05-13T20:00,36.2,51.6,42.2,16.5
0,Bangkok,2025-05-13T21:00,40.5,51,26,14.8
0,Bangkok,2025-05-13T22:00,41.9,49.9,19.1,14.3
0,Bangkok,2025-05-13T23:00,44,49.8,13,13.6
0,Bangkok,2025-05-14T00:00,45.8,49.3,7.6,13
0,Bangkok,2025-05-14T01:00,47,49.3,4.7,12.7
0,Bangkok,2025-05-14T02:00,47.9,49.6,3.5,12.5
0,Bangkok,2025-05-14T03:00,48.8,50.4,3.1,12.2
0,Bangkok,2025-05-14T04:00,52.1,54.2,4,11.5
0,Bangkok,2025-05-14T05:00,50.6,56.1,10.8,11.8
0,Bangkok,2025-05-14T06:00,37.7,55.2,46,15.8
0,Bangkok,2025-05-14T07:00,27.9,53.4,91,21.4
0,Bangkok,2025-05-14T08:00,26.2,52.7,101,22.8
0,Bangkok,2025-05-14T09:00,26.6,53.5,101.3,22.5
0,Bangkok,2025-05-14T10:00,28,53.9,92.1,21.3
0,Bangkok,2025-05-14T11:00,30,54.1,80.3,19.9
0,Bangkok,2025-05-14T12:00,31.4,54,71.9,19
0,Bangkok,2025-05-14T13:00,32.5,54.2,66.4,18.4
0,Bangkok,2025-05-14T14:00,32.8,54.2,65.4,18.2
0,Bangkok,2025-05-14T15:00,32.7,54.1,65.2,18.2
0,Bangkok,2025-05-14T16:00,33.2,54.1,63.1,18
0,Bangkok,2025-05-14T17:00,29.1,53.2,82.4,20.5
0,Bangkok,2025-05-14T18:00,28.1,52.5,86.6,21.3
0,Bangkok,2025-05-14T19:00,31.1,51.8,66.5,19.2
0,Bangkok,2025-05-14T20:00,36.4,51.9,42.4,16.4
0,Bangkok,2025-05-14T21:00,39.8,51.4,29,15
0,Bangkok,2025-05-14T22:00,39.7,50.5,27.3,15.1
0,Bangkok,2025-05-14T23:00,41.8,50.1,19.7,14.3
0,Bangkok,2025-05-15T00:00,44.3,50,12.9,13.5
0,Bangkok,2025-05-15T01:00,45.6,49.8,9.3,13.1
0,Bangkok,2025-05-15T02:00,46.9,49.6,5.8,12.7
0,Bangkok,2025-05-15T03:00,48.4,51,5.2,12.3
0,Bangkok,2025-05-15T04:00,51,54.1,6.1,11.7
0,Bangkok,2025-05-15T05:00,50.2,56.3,12.1,11.9
0,Bangkok,2025-05-15T06:00,38.1,54.9,43.9,15.7
0,Bangkok,2025-05-15T07:00,29,53.2,83.5,20.6
0,Bangkok,2025-05-15T08:00,29.3,53,80.8,20.4
0,Bangkok,2025-05-15T09:00,32.2,53.9,67,18.5
0,Bangkok,2025-05-15T10:00,34.9,54.3,55.5,17.1
0,Bangkok,2025-05-15T11:00,36.2,54.3,50,16.5
0,Bangkok,2025-05-15T12:00,36.1,54.1,49.7,16.5
0,Bangkok,2025-05-15T13:00,36,54.2,50.2,16.6
0,Bangkok,2025-05-15T14:00,34.6,54.2,56.6,17.3
0,Bangkok,2025-05-15T15:00,33,54,63.6,18.1
0,Bangkok,2025-05-15T16:00,31.2,53.8,72.3,19.2
0,Bangkok,2025-05-15T17:00,27,53,96.1,22.1
0,Bangkok,2025-05-15T18:00,26,52.3,100.7,23
0,Bangkok,2025-05-15T19:00,30.2,52.1,72.2,19.8
0,Bangkok,2025-05-15T20:00,36.1,52,43.9,16.6
0,Bangkok,2025-05-15T21:00,39.6,51.3,29.3,15.1
0,Bangkok,2025-05-15T22:00,41.1,50.4,22.6,14.5
0,Bangkok,2025-05-15T23:00,44.5,49.8,11.9,13.4
0,Bangkok,2025-05-16T00:00,46.4,49.5,6.6,12.9
0,Bangkok,2025-05-16T01:00,47,49.2,4.7,12.7
0,Bangkok,2025-05-16T02:00,47.6,49.3,3.5,12.5
0,Bangkok,2025-05-16T03:00,48.9,50.3,3,12.2
0,Bangkok,2025-05-16T04:00,51.7,53.7,3.7,11.5
0,Bangkok,2025-05-16T05:00,49.9,55.7,11.6,12
0,Bangkok,2025-05-16T06:00,37.2,54.3,45.8,16.1
0,Bangkok,2025-05-16T07:00,29.7,52.9,77.7,20.1
0,Bangkok,2025-05-16T08:00,31.9,53.1,66.2,18.7
0,Bangkok,2025-05-16T09:00,34.7,54.2,56.1,17.2
0,Bangkok,2025-05-16T10:00,35.8,54.4,51.8,16.7
0,Bangkok,2025-05-16T11:00,34.4,54.4,58.1,17.4
0,Bangkok,2025-05-16T12:00,33.4,54.3,62.4,17.9
0,Bangkok,2025-05-16T13:00,33.3,54.3,62.7,17.9
0,Bangkok,2025-05-16T14:00,30.8,54.3,75.9,19.4
0,Bangkok,2025-05-16T15:00,27.9,54.3,94.5,21.4
0,Bangkok,2025-05-16T16:00,25.7,53.7,108.4,23.2
0,Bangkok,2025-05-16T17:00,24,52.9,120.1,24.9
0,Bangkok,2025-05-16T18:00,24,52.1,117,24.9
0,Bangkok,2025-05-16T19:00,27,52.2,93.3,22.2
0,Bangkok,2025-05-16T20:00,31.7,52.7,66,18.9
0,Bangkok,2025-05-16T21:00,35.7,52.3,46.5,16.8
0,Bangkok,2025-05-16T22:00,39.2,51.2,30.5,15.2
0,Bangkok,2025-05-16T23:00,42.7,50.4,18,14
0,Bangkok,2025-05-17T00:00,44.6,49.6,11.3,13.4
0,Bangkok,2025-05-17T01:00,45.9,49.2,7,13
0,Bangkok,2025-05-17T02:00,46,48.5,5.4,13
0,Bangkok,2025-05-17T03:00,47.9,49.6,3.6,12.5
0,Bangkok,2025-05-17T04:00,51.2,52.8,3.1,11.6
0,Bangkok,2025-05-17T05:00,53.5,56.6,5.7,11.2
0,Bangkok,2025-05-17T06:00,51.3,56.6,10.3,11.6
0,Bangkok,2025-05-17T07:00,46.7,55.7,19.2,12.8
0,Bangkok,2025-05-17T08:00,43.2,55.4,28,13.8
0,Bangkok,2025-05-17T09:00,39.9,55.5,38.9,15
0,Bangkok,2025-05-17T10:00,36.9,55.1,49.3,16.2
0,Bangkok,2025-05-17T11:00,34.6,54.8,58.2,17.3
0,Bangkok,2025-05-17T12:00,33,54.4,64.6,18.1
0,Bangkok,2025-05-17T13:00,33.7,54.4,61.4,17.7
0,Bangkok,2025-05-17T14:00,33.8,54.3,60.5,17.7
0,Bangkok,2025-05-17T15:00,33.4,54.2,62.1,17.9
0,Bangkok,2025-05-17T16:00,33,54.2,64,18.1
0,Bangkok,2025-05-17T17:00,31,53.8,73.2,19.2
0,Bangkok,2025-05-17T18:00,33.7,53.1,57.5,17.7
0,Bangkok,2025-05-17T19:00,37.9,52.6,38.7,15.8
0,Bangkok,2025-05-17T20:00,39.4,52.3,32.6,15.2
0,Bangkok,2025-05-17T21:00,40.2,51.6,28.3,14.9
0,Bangkok,2025-05-17T22:00,40.8,50.4,23.4,14.6
0,Bangkok,2025-05-17T23:00,42.6,49.8,16.8,14
0,Bangkok,2025-05-18T00:00,44.4,49.4,11.1,13.4
0,Bangkok,2025-05-18T01:00,44.4,48.6,9.3,13.4
0,Bangkok,2025-05-18T02:00,44.8,47.8,6.9,13.3
0,Bangkok,2025-05-18T03:00,46.5,48.3,3.8,12.8
0,Bangkok,2025-05-18T04:00,50,51.3,2.5,11.9
0,Bangkok,2025-05-18T05:00,54.3,55.4,1.9,11
0,Bangkok,2025-05-18T06:00,53.5,55.4,3.5,11.1
0,Bangkok,2025-05-18T07:00,50.4,55,9.1,11.8
0,Bangkok,2025-05-18T08:00,47.3,54.6,15.4,12.6
0,Bangkok,2025-05-18T09:00,44.7,54.6,22,13.3
0,Bangkok,2025-05-18T10:00,42.7,54.5,27.6,14
0,Bangkok,2025-05-18T11:00,40.4,54.2,34.1,14.8
0,Bangkok,2025-05-18T12:00,38.7,54.2,40,15.4
0,Bangkok,2025-05-18T13:00,37.8,54.2,43.2,15.8
0,Bangkok,2025-05-18T14:00,37.1,54.6,46.9,16.1
0,Bangkok,2025-05-18T15:00,37.8,54.8,44.9,15.8
0,Bangkok,2025-05-18T16:00,38.7,54.9,41.5,15.4
0,Bangkok,2025-05-18T17:00,38.9,54.5,40,15.3
0,Bangkok,2025-05-18T18:00,40,53.7,34.1,14.9
0,Bangkok,2025-05-18T19:00,39.7,53.2,33.9,15
0,Bangkok,2025-05-18T20:00,41.2,53.1,28.8,14.5
0,Bangkok,2025-05-18T21:00,42.9,52.3,21.8,13.9
0,Bangkok,2025-05-18T22:00,44.1,51.3,16.2,13.5
0,Bangkok,2025-05-18T23:00,46.5,50.7,9,12.8
0,Bangkok,2025-05-19T00:00,47.4,49.7,4.8,12.6
0,Bangkok,2025-05-19T01:00,47.7,49.1,2.9,12.5
0,Bangkok,2025-05-19T02:00,48,49.2,2.4,12.4
0,Bangkok,2025-05-19T03:00,49.8,50.6,1.6,12
0,Bangkok,2025-05-19T04:00,53.6,54.7,2.1,11.1
0,Bangkok,2025-05-19T05:00,50.5,57.2,13.3,11.8
0,Bangkok,2025-05-19T06:00,33.5,54.8,63.4,17.8
0,Bangkok,2025-05-19T07:00,24.6,52.8,114.6,24.3
0,Bangkok,2025-05-19T08:00,26.1,52.7,101.5,22.9
0,Bangkok,2025-05-19T09:00,29.9,53.7,79.4,20
0,Bangkok,2025-05-19T10:00,33.9,54.2,59.9,17.6
0,Bangkok,2025-05-19T11:00,36.9,54.4,47.2,16.2
0,Bangkok,2025-05-19T12:00,38.2,54.3,42.3,15.7
0,Bangkok,2025-05-19T13:00,38.3,54.2,41.4,15.6
0,Bangkok,2025-05-19T14:00,36.2,54,49.2,16.5
0,Bangkok,2025-05-19T15:00,33.5,53.8,60.4,17.8
0,Bangkok,2025-05-19T16:00,31.5,53.3,69,19
0,Bangkok,2025-05-19T17:00,28.8,52.9,83.8,20.8
0,Bangkok,2025-05-19T18:00,29,52,79.2,20.6
0,Bangkok,2025-05-19T19:00,33.6,51.6,53.8,17.8
0,Bangkok,2025-05-19T20:00,38.5,51.2,32.8,15.5
0,Bangkok,2025-05-19T21:00,41.2,50.6,22.6,14.5
0,Bangkok,2025-05-19T22:00,42.9,49.9,16.3,13.9
0,Bangkok,2025-05-19T23:00,44.9,49.3,9.8,13.3
0,Bangkok,2025-05-20T00:00,46.2,49.1,6.1,12.9
0,Bangkok,2025-05-20T01:00,47.2,49.1,4.1,12.7
0,Bangkok,2025-05-20T02:00,47.3,49.1,3.8,12.6
0,Bangkok,2025-05-20T03:00,48.8,50.3,3,12.2
0,Bangkok,2025-05-20T04:00,52.1,53.9,3.5,11.5
0,Bangkok,2025-05-20T05:00,50.3,56.1,11.6,11.9
0,Bangkok,2025-05-20T06:00,35.8,54.4,51.8,16.7
0,Bangkok,2025-05-20T07:00,27.5,52.6,91,21.7
0,Bangkok,2025-05-20T08:00,28.3,52.8,86.1,21.1
0,Bangkok,2025-05-20T09:00,30.7,53.7,74.8,19.5
0,Bangkok,2025-05-20T10:00,32.9,54.2,64.2,18.1
0,Bangkok,2025-05-20T11:00,35.3,54.2,53.7,16.9
0,Bangkok,2025-05-20T12:00,36.7,54.2,47.6,16.3
0,Bangkok,2025-05-20T13:00,37.2,54.3,45.9,16.1
0,Bangkok,2025-05-20T14:00,35.3,54.2,53.4,16.9
0,Bangkok,2025-05-20T15:00,32.1,54,68,18.6
0,Bangkok,2025-05-20T16:00,28.4,53.6,88.7,21.1
0,Bangkok,2025-05-20T17:00,25.8,52.8,104.1,23.1
0,Bangkok,2025-05-20T18:00,26.5,51.9,95.7,22.6
0,Bangkok,2025-05-20T19:00,31.2,51.7,65.5,19.1
0,Bangkok,2025-05-20T20:00,36.8,51.5,39.9,16.2
0,Bangkok,2025-05-20T21:00,40,50.7,26.8,14.9
0,Bangkok,2025-05-20T22:00,42.1,50.1,18.9,14.2
0,Bangkok,2025-05-20T23:00,44.8,49.4,10.3,13.3
0,Bangkok,2025-05-21T00:00,45.9,48.9,6.6,13
0,Bangkok,2025-05-21T01:00,47.1,49.1,4.3,12.7
0,Bangkok,2025-05-21T02:00,47.1,48.8,3.4,12.7
0,Bangkok,2025-05-21T03:00,48.6,49.9,2.7,12.3
0,Bangkok,2025-05-21T04:00,51.6,53.7,4,11.6
0,Bangkok,2025-05-21T05:00,49.7,55.5,11.7,12
0,Bangkok,2025-05-21T06:00,35.7,54.2,51.8,16.7
0,Bangkok,2025-05-21T07:00,27.8,52.5,88.8,21.5
0,Bangkok,2025-05-21T08:00,28.5,52.8,84.9,20.9
0,Bangkok,2025-05-21T09:00,29.9,53.7,79.1,20
0,Bangkok,2025-05-21T10:00,31.8,54.3,70.5,18.8
0,Bangkok,2025-05-21T11:00,34.6,54.4,57,17.3
0,Bangkok,2025-05-21T12:00,36.1,54,49.5,16.5
0,Bangkok,2025-05-21T13:00,36.5,54,47.9,16.4
0,Bangkok,2025-05-21T14:00,35.6,54.2,52,16.8
0,Bangkok,2025-05-21T15:00,33.5,53.9,60.7,17.8
0,Bangkok,2025-05-21T16:00,31.7,53.5,68.7,18.8
0,Bangkok,2025-05-21T17:00,28.7,52.9,84.2,20.8
0,Bangkok,2025-05-21T18:00,28.6,52,81.4,20.9
0,Bangkok,2025-05-21T19:00,33.4,51.6,54.2,17.9
0,Bangkok,2025-05-21T20:00,38.5,51.5,33.5,15.5
0,Bangkok,2025-05-21T21:00,40.6,50.6,24.7,14.7
0,Bangkok,2025-05-21T22:00,41.7,49.7,19.3,14.3
0,Bangkok,2025-05-21T23:00,44.1,49,11.2,13.5
0,Bangkok,2025-05-22T00:00,45.4,48.7,7.3,13.2
0,Bangkok,2025-05-22T01:00,46.3,48.5,4.6,12.9
0,Bangkok,2025-05-22T02:00,46.7,48.6,4,12.8
0,Bangkok,2025-05-22T03:00,48.1,50,3.9,12.4
0,Bangkok,2025-05-22T04:00,51.6,53.3,3.2,11.6
0,Bangkok,2025-05-22T05:00,50.3,55.7,10.5,11.9
0,Bangkok,2025-05-22T06:00,36.2,54,48.9,16.5
0,Bangkok,2025-05-22T07:00,28.2,52.4,85.6,21.2
0,Bangkok,2025-05-22T08:00,29.3,52.8,80.2,20.4
0,Bangkok,2025-05-22T09:00,31.6,53.7,69.8,18.9
0,Bangkok,2025-05-22T10:00,34.4,54.5,58.6,17.4
0,Bangkok,2025-05-22T11:00,36.5,54.4,48.7,16.4
0,Bangkok,2025-05-22T12:00,37.5,54.3,44.7,15.9
0,Bangkok,2025-05-22T13:00,38.2,54.4,42.3,15.6
0,Bangkok,2025-05-22T14:00,36.9,54.5,47.7,16.2
0,Bangkok,2025-05-22T15:00,33.6,54.1,60.8,17.8
0,Bangkok,2025-05-22T16:00,31.7,53.8,69.7,18.9
0,Bangkok,2025-05-22T17:00,28.6,53.2,85.7,20.9
0,Bangkok,2025-05-22T18:00,29,52.3,80,20.6
0,Bangkok,2025-05-22T19:00,33.4,51.8,54.9,17.9
0,Bangkok,2025-05-22T20:00,37.7,51.4,36.3,15.8
0,Bangkok,2025-05-22T21:00,39.7,50.7,27.6,15
0,Bangkok,2025-05-22T22:00,40.8,50.1,22.6,14.6
0,Bangkok,2025-05-22T23:00,43.6,49.2,12.8,13.7
0,Bangkok,2025-05-23T00:00,45.5,48.9,7.5,13.1
0,Bangkok,2025-05-23T01:00,46.6,48.7,4.6,12.8
0,Bangkok,2025-05-23T02:00,46.6,48.5,3.8,12.8
0,Bangkok,2025-05-23T03:00,48.3,50.3,4,12.3
0,Bangkok,2025-05-23T04:00,51.3,53.4,4,11.6
0,Bangkok,2025-05-23T05:00,50.7,55.9,10.3,11.8
0,Bangkok,2025-05-23T06:00,37.8,54.3,43.6,15.8
0,Bangkok,2025-05-23T07:00,29.8,52.8,77.1,20.1
0,Bangkok,2025-05-23T08:00,31.6,53.3,68.6,18.9
0,Bangkok,2025-05-23T09:00,34.1,54.5,59.7,17.5
0,Bangkok,2025-05-23T10:00,35.3,54.9,55.2,16.9
0,Bangkok,2025-05-23T11:00,36.2,55,51.9,16.5
0,Bangkok,2025-05-23T12:00,36.2,54.9,51.7,16.5
0,Bangkok,2025-05-23T13:00,36.3,55.1,51.4,16.4
0,Bangkok,2025-05-23T14:00,34.3,54.9,59.9,17.4
0,Bangkok,2025-05-23T15:00,31,54.7,76.3,19.3
0,Bangkok,2025-05-23T16:00,28.4,54.1,90.5,21.1
0,Bangkok,2025-05-23T17:00,25.2,53.3,111.2,23.7
0,Bangkok,2025-05-23T18:00,25.4,52.6,106.6,23.5
0,Bangkok,2025-05-23T19:00,30,52.6,75,19.9
0,Bangkok,2025-05-23T20:00,35.6,52.3,46.9,16.8
0,Bangkok,2025-05-23T21:00,36.7,51.6,40.4,16.3
0,Bangkok,2025-05-23T22:00,37.3,50.9,36.4,16
0,Bangkok,2025-05-23T23:00,41.1,50,21.4,14.5
0,Bangkok,2025-05-24T00:00,44.1,49.2,11.6,13.5
0,Bangkok,2025-05-24T01:00,45.4,48.8,7.4,13.1
0,Bangkok,2025-05-24T02:00,45.7,48.3,5.7,13.1
0,Bangkok,2025-05-24T03:00,47.2,49.3,4.4,12.6
0,Bangkok,2025-05-24T04:00,50.8,52.6,3.4,11.7
0,Bangkok,2025-05-24T05:00,53.5,56.1,4.9,11.2
0,Bangkok,2025-05-24T06:00,52.2,56.2,7.6,11.4
0,Bangkok,2025-05-24T07:00,47.5,55.6,17.1,12.6
0,Bangkok,2025-05-24T08:00,43.2,55.1,27.6,13.8
0,Bangkok,2025-05-24T09:00,39.4,55.4,40.5,15.2
0,Bangkok,2025-05-24T10:00,36.4,55.3,51.8,16.4
0,Bangkok,2025-05-24T11:00,34.6,55.1,59,17.2
0,Bangkok,2025-05-24T12:00,33,54.4,64.8,18.1
0,Bangkok,2025-05-24T13:00,32.3,54,66.9,18.5
0,Bangkok,2025-05-24T14:00,31.2,54,73.1,19.2
0,Bangkok,2025-05-24T15:00,30.5,54,77,19.6
0,Bangkok,2025-05-24T16:00,30,54.1,80.2,19.9
0,Bangkok,2025-05-24T17:00,30,53.7,79.1,19.9
0,Bangkok,2025-05-24T18:00,32.7,53.3,62.9,18.3
0,Bangkok,2025-05-24T19:00,36.4,52.8,45.1,16.4
0,Bangkok,2025-05-24T20:00,38.9,52.2,33.9,15.3
0,Bangkok,2025-05-24T21:00,39.8,51.6,29.5,15
0,Bangkok,2025-05-24T22:00,40,50.7,26.8,14.9
0,Bangkok,2025-05-24T23:00,41.6,49.4,18.8,14.4
0,Bangkok,2025-05-25T00:00,43.7,49.4,13,13.7
0,Bangkok,2025-05-25T01:00,45.4,48.7,7.3,13.1
0,Bangkok,2025-05-25T02:00,45.7,48.2,5.3,13.1
0,Bangkok,2025-05-25T03:00,47.2,48.8,3.4,12.6
0,Bangkok,2025-05-25T04:00,50.7,51.7,1.8,11.8
0,Bangkok,2025-05-25T05:00,54.6,55.4,1.4,10.9
0,Bangkok,2025-05-25T06:00,53.5,55.5,3.7,11.2
0,Bangkok,2025-05-25T07:00,49.9,55.1,10.4,12
0,Bangkok,2025-05-25T08:00,46.5,54.5,16.9,12.8
0,Bangkok,2025-05-25T09:00,44.5,54.5,22.5,13.4
0,Bangkok,2025-05-25T10:00,41.8,54.4,30,14.3
0,Bangkok,2025-05-25T11:00,37.1,54.5,46.8,16.1
0,Bangkok,2025-05-25T12:00,36,54.3,50.7,16.6
0,Bangkok,2025-05-25T13:00,38.1,54.4,42.8,15.7
0,Bangkok,2025-05-25T14:00,38.7,54.8,41.6,15.4
0,Bangkok,2025-05-25T15:00,38.3,54.8,43,15.6
0,Bangkok,2025-05-25T16:00,37.4,54.7,46.3,16
0,Bangkok,2025-05-25T17:00,36.9,54.4,47.2,16.2
0,Bangkok,2025-05-25T18:00,38.5,54,40.2,15.5
0,Bangkok,2025-05-25T19:00,38.7,53.3,37.4,15.4
0,Bangkok,2025-05-25T20:00,39.8,52.9,32.8,15
0,Bangkok,2025-05-25T21:00,39.9,52.9,32.6,15
0,Bangkok,2025-05-25T22:00,39.8,52.2,30.8,15
0,Bangkok,2025-05-25T23:00,43.1,51.3,18.9,13.9
0,Bangkok,2025-05-26T00:00,46.7,51.2,9.6,12.8
0,Bangkok,2025-05-26T01:00,47.3,50.5,6.6,12.6
0,Bangkok,2025-05-26T02:00,46,50.2,9.1,13
0,Bangkok,2025-05-26T03:00,47.6,51.5,8.1,12.5
0,Bangkok,2025-05-26T04:00,50.5,55,8.9,11.8
0,Bangkok,2025-05-26T05:00,49.1,57.2,16.5,12.2
0,Bangkok,2025-05-26T06:00,34.7,55.1,58.8,17.2
0,Bangkok,2025-05-26T07:00,26.5,52.8,98.8,22.5
0,Bangkok,2025-05-26T08:00,27.4,52.6,91.6,21.8
0,Bangkok,2025-05-26T09:00,30.6,53.5,74.7,19.5
0,Bangkok,2025-05-26T10:00,35.1,54.3,54.6,17
0,Bangkok,2025-05-26T11:00,37.8,54.2,43.3,15.8
0,Bangkok,2025-05-26T12:00,38.2,54.1,41.5,15.6
0,Bangkok,2025-05-26T13:00,38.2,53.9,41.1,15.6
0,Bangkok,2025-05-26T14:00,36.7,54.1,47.1,16.3
0,Bangkok,2025-05-26T15:00,34,53.8,58.1,17.6
0,Bangkok,2025-05-26T16:00,31.5,53.4,69.6,19
0,Bangkok,2025-05-26T17:00,27.1,52.7,94.6,22.1
0,Bangkok,2025-05-26T18:00,25.7,52.4,103.8,23.3
0,Bangkok,2025-05-26T19:00,30.9,52.2,68.7,19.3
0,Bangkok,2025-05-26T20:00,36.6,51.8,41.4,16.3
0,Bangkok,2025-05-26T21:00,39.3,51.2,30.3,15.2
0,Bangkok,2025-05-26T22:00,41.8,50.2,20.1,14.3
0,Bangkok,2025-05-26T23:00,44.8,49.8,11.2,13.3
0,Bangkok,2025-05-27T00:00,46.4,49.6,6.8,12.9
0,Bangkok,2025-05-27T01:00,46.8,49.7,6.1,12.8
0,Bangkok,2025-05-27T02:00,46,49.4,7.2,13
0,Bangkok,2025-05-27T03:00,47.7,50.8,6.5,12.5
0,Bangkok,2025-05-27T04:00,50,54.3,8.4,11.9
0,Bangkok,2025-05-27T05:00,48,55.9,16.2,12.4
0,Bangkok,2025-05-27T06:00,34.8,54.4,56,17.1
0,Bangkok,2025-05-27T07:00,26.6,52.7,97.8,22.5
0,Bangkok,2025-05-27T08:00,27,52.8,95.3,22.1
0,Bangkok,2025-05-27T09:00,29,53.8,85.5,20.6
0,Bangkok,2025-05-27T10:00,31.5,54.1,71.7,19
0,Bangkok,2025-05-27T11:00,34.9,54,54.5,17.1
0,Bangkok,2025-05-27T12:00,36.3,54,48.6,16.5
0,Bangkok,2025-05-27T13:00,36.8,53.9,46.5,16.2
0,Bangkok,2025-05-27T14:00,36,54,49.8,16.6
0,Bangkok,2025-05-27T15:00,33.7,53.7,59.5,17.7
0,Bangkok,2025-05-27T16:00,31.3,53.6,71,19.1
0,Bangkok,2025-05-27T17:00,27.9,53,89.3,21.4
0,Bangkok,2025-05-27T18:00,27.6,52.3,89.2,21.6
0,Bangkok,2025-05-27T19:00,31.3,51.8,65.2,19.1
0,Bangkok,2025-05-27T20:00,36.5,51.6,41.2,16.4
0,Bangkok,2025-05-27T21:00,39.8,50.9,27.9,15
0,Bangkok,2025-05-27T22:00,41.3,49.9,20.8,14.5
0,Bangkok,2025-05-27T23:00,43.4,49.3,13.4,13.8
0,Bangkok,2025-05-28T00:00,45.3,49.1,8.3,13.2
0,Bangkok,2025-05-28T01:00,46.3,48.9,5.5,12.9
0,Bangkok,2025-05-28T02:00,46.6,48.7,4.5,12.8
0,Bangkok,2025-05-28T03:00,48.3,50.1,3.6,12.4
0,Bangkok,2025-05-28T04:00,51.1,53.4,4.4,11.7
0,Bangkok,2025-05-28T05:00,50.2,56,11.6,11.9
0,Bangkok,2025-05-28T06:00,36.1,54.3,50.3,16.6
0,Bangkok,2025-05-28T07:00,27.4,52.5,91.1,21.8
0,Bangkok,2025-05-28T08:00,28,52.7,87.9,21.3
0,Bangkok,2025-05-28T09:00,30.4,53.8,77.1,19.7
0,Bangkok,2025-05-28T10:00,32.5,54.2,66.6,18.4
0,Bangkok,2025-05-28T11:00,34.7,54.1,55.8,17.2
0,Bangkok,2025-05-28T12:00,35.9,54,50.4,16.7
0,Bangkok,2025-05-28T13:00,36.5,54.1,48,16.3
0,Bangkok,2025-05-28T14:00,35.5,54.6,53.5,16.8
0,Bangkok,2025-05-28T15:00,33,54.1,64.1,18.1
0,Bangkok,2025-05-28T16:00,30.4,53.7,76.7,19.7
0,Bangkok,2025-05-28T17:00,26.6,53.1,99.7,22.5
0,Bangkok,2025-05-28T18:00,26.2,52.4,99.8,22.8
0,Bangkok,2025-05-28T19:00,29.3,52.1,77.5,20.4
0,Bangkok,2025-05-28T20:00,32.8,51.9,58.4,18.2
0,Bangkok,2025-05-28T21:00,35.5,51.3,44.3,16.8
0,Bangkok,2025-05-28T22:00,38,50.4,32.4,15.7
0,Bangkok,2025-05-28T23:00,42.8,49.8,16.4,14
0,Bangkok,2025-05-29T00:00,45.7,49.4,8.1,13.1
0,Bangkok,2025-05-29T01:00,46.8,49.3,5.4,12.8
0,Bangkok,2025-05-29T02:00,47.1,49.2,4.3,12.7
0,Bangkok,2025-05-29T03:00,48.6,50.5,4,12.3
0,Bangkok,2025-05-29T04:00,51.6,53.9,4.4,11.6
0,Bangkok,2025-05-29T05:00,49.8,55.6,11.6,12
0,Bangkok,2025-05-29T06:00,36.5,54.3,48.6,16.3
0,Bangkok,2025-05-29T07:00,28.4,52.8,85.7,21
0,Bangkok,2025-05-29T08:00,29.3,53.1,81.1,20.4
0,Bangkok,2025-05-29T09:00,32.1,54.1,68.5,18.6
0,Bangkok,2025-05-29T10:00,34,54.2,59.2,17.6
0,Bangkok,2025-05-29T11:00,35.5,54,52.2,16.8
0,Bangkok,2025-05-29T12:00,36.3,54.1,49.1,16.5
0,Bangkok,2025-05-29T13:00,37,54.2,46.4,16.2
0,Bangkok,2025-05-29T14:00,35.3,54.3,53.7,16.9
0,Bangkok,2025-05-29T15:00,33.3,54.1,62.3,18
0,Bangkok,2025-05-29T16:00,30.6,53.7,75,19.5
0,Bangkok,2025-05-29T17:00,24.6,53,115.3,24.3
0,Bangkok,2025-05-29T18:00,24.1,52.4,117.1,24.8
0,Bangkok,2025-05-29T19:00,28.7,52.1,81.5,20.8
0,Bangkok,2025-05-29T20:00,35.2,52,47.6,17
0,Bangkok,2025-05-29T21:00,38.7,51.2,32,15.4
0,Bangkok,2025-05-29T22:00,40.1,50.2,25,14.9
0,Bangkok,2025-05-29T23:00,43.6,49.8,14,13.7
0,Bangkok,2025-05-30T00:00,45.6,49.2,7.8,13.1
0,Bangkok,2025-05-30T01:00,46.6,48.9,4.9,12.8
0,Bangkok,2025-05-30T02:00,47.1,49.1,4.3,12.7
0,Bangkok,2025-05-30T03:00,48.3,50,3.6,12.4
0,Bangkok,2025-05-30T04:00,51,53.3,4.4,11.7
0,Bangkok,2025-05-30T05:00,50.1,55.9,11.5,11.9
0,Bangkok,2025-05-30T06:00,37.2,54.3,46,16.1
0,Bangkok,2025-05-30T07:00,29.5,52.6,78.5,20.3
0,Bangkok,2025-05-30T08:00,31.7,53.2,67.4,18.8
0,Bangkok,2025-05-30T09:00,34.2,54.5,59.3,17.5
0,Bangkok,2025-05-30T10:00,34.9,54.7,56.5,17.1
0,Bangkok,2025-05-30T11:00,35.2,54.8,55.6,17
0,Bangkok,2025-05-30T12:00,34.8,54.7,57.2,17.2
0,Bangkok,2025-05-30T13:00,34.7,54.7,57.4,17.2
0,Bangkok,2025-05-30T14:00,32.6,54.6,67.4,18.3
0,Bangkok,2025-05-30T15:00,29.9,54.4,81.7,20
0,Bangkok,2025-05-30T16:00,27,53.9,99.3,22.1
0,Bangkok,2025-05-30T17:00,23.8,53.1,123.2,25.2
0,Bangkok,2025-05-30T18:00,22.8,52.8,130.9,26.2
0,Bangkok,2025-05-30T19:00,24.8,53.3,114.2,24.1
0,Bangkok,2025-05-30T20:00,28.4,53,86.7,21.1
0,Bangkok,2025-05-30T21:00,32.4,53,63.4,18.5
0,Bangkok,2025-05-30T22:00,35.1,52,47.9,17
0,Bangkok,2025-05-30T23:00,38.9,51.1,31.3,15.3
0,Bangkok,2025-05-31T00:00,41.8,50.3,20.4,14.3
0,Bangkok,2025-05-31T01:00,43.6,49.7,13.9,13.7
0,Bangkok,2025-05-31T02:00,44.8,49.1,9.6,13.3
0,Bangkok,2025-05-31T03:00,47.5,50.6,6.4,12.6
0,Bangkok,2025-05-31T04:00,51.3,54,5.1,11.6
0,Bangkok,2025-05-31T05:00,53.4,57.4,7.4,11.2
0,Bangkok,2025-05-31T06:00,52.1,57.5,10.3,11.5
0,Bangkok,2025-05-31T07:00,47.3,56.7,19.8,12.6
0,Bangkok,2025-05-31T08:00,42.6,56.1,31.5,14
0,Bangkok,2025-05-31T09:00,38.4,56.1,46.1,15.6
0,Bangkok,2025-05-31T10:00,34.6,55.6,60.4,17.2
0,Bangkok,2025-05-31T11:00,32.6,55.1,69,18.4
0,Bangkok,2025-05-31T12:00,31.4,54.7,73.9,19
0,Bangkok,2025-05-31T13:00,31.7,54.7,72.5,18.9
0,Bangkok,2025-05-31T14:00,32,54.6,70.6,18.7
0,Bangkok,2025-05-31T15:00,32.3,54.5,68.8,18.5
0,Bangkok,2025-05-31T16:00,31.4,54.4,73.3,19.1
0,Bangkok,2025-05-31T17:00,26.8,53.8,100.2,22.3
0,Bangkok,2025-05-31T18:00,28.8,53.7,86.7,20.8
0,Bangkok,2025-05-31T19:00,33.5,53.5,59.2,17.8
0,Bangkok,2025-05-31T20:00,36.4,53.4,46.6,16.4
0,Bangkok,2025-05-31T21:00,37.8,52.6,38.8,15.8
0,Bangkok,2025-05-31T22:00,39.2,51.3,30.7,15.2
0,Bangkok,2025-05-31T23:00,42.8,50.6,18,13.9
0,Bangkok,2025-06-01T00:00,44.7,49.4,10.5,13.4
0,Bangkok,2025-06-01T01:00,45.7,49,7.2,13.1
0,Bangkok,2025-06-01T02:00,46.1,48.6,5.4,12.9
0,Bangkok,2025-06-01T03:00,47.2,49,3.7,12.6
0,Bangkok,2025-06-01T04:00,51.4,52.4,2,11.6
0,Bangkok,2025-06-01T05:00,55.6,56.5,1.5,10.7
0,Bangkok,2025-06-01T06:00,54.5,56.5,3.6,10.9
0,Bangkok,2025-06-01T07:00,51.3,56.1,9.3,11.6
0,Bangkok,2025-06-01T08:00,48.3,55.9,15.6,12.4
0,Bangkok,2025-06-01T09:00,45,55.7,23.7,13.3
0,Bangkok,2025-06-01T10:00,43,55.6,29.2,13.9
0,Bangkok,2025-06-01T11:00,41,55.1,34.4,14.6
0,Bangkok,2025-06-01T12:00,40,54.9,37.3,14.9
0,Bangkok,2025-06-01T13:00,39.8,54.8,37.6,15
0,Bangkok,2025-06-01T14:00,39.9,54.9,37.4,15
0,Bangkok,2025-06-01T15:00,39.8,54.9,37.8,15
0,Bangkok,2025-06-01T16:00,39.4,55,39.5,15.2
0,Bangkok,2025-06-01T17:00,38.8,54.4,40.3,15.4
0,Bangkok,2025-06-01T18:00,37.2,54,45,16.1
0,Bangkok,2025-06-01T19:00,37.6,54,43.5,15.9
0,Bangkok,2025-06-01T20:00,39.4,53.2,35.1,15.2
0,Bangkok,2025-06-01T21:00,41.3,52.6,27.1,14.5
0,Bangkok,2025-06-01T22:00,42.9,51.1,19.2,13.9
0,Bangkok,2025-06-01T23:00,45.5,50.5,10.9,13.1
0,Bangkok,2025-06-02T00:00,46.5,49.4,6.1,12.8
0,Bangkok,2025-06-02T01:00,47.4,49,3.3,12.6
0,Bangkok,2025-06-02T02:00,47.6,48.7,2.2,12.5
0,Bangkok,2025-06-02T03:00,49,49.5,0.9,12.2
0,Bangkok,2025-06-02T04:00,52.5,53.2,1.2,11.4
0,Bangkok,2025-06-02T05:00,55,56.8,3.1,10.8
0,Bangkok,2025-06-02T06:00,52,56.7,9,11.5
0,Bangkok,2025-06-02T07:00,46.2,55,18.9,12.9
0,Bangkok,2025-06-02T08:00,44.5,54.4,22.1,13.4
0,Bangkok,2025-06-02T09:00,43,55,27.9,13.9
0,Bangkok,2025-06-02T10:00,40.9,55.2,34.9,14.6
0,Bangkok,2025-06-02T11:00,39.2,54.9,39.9,15.2
0,Bangkok,2025-06-02T12:00,39.2,54.8,39.9,15.2
0,Bangkok,2025-06-02T13:00,39.4,54.7,38.5,15.1
0,Bangkok,2025-06-02T14:00,39.3,55,39.9,15.2
0,Bangkok,2025-06-02T15:00,38.6,55,42.4,15.5
0,Bangkok,2025-06-02T16:00,39.2,55.2,40.7,15.2
0,Bangkok,2025-06-02T17:00,34.7,54.6,57.3,17.2
0,Bangkok,2025-06-02T18:00,33.5,54.1,61.2,17.8
0,Bangkok,2025-06-02T19:00,37.4,53.3,42.4,16
0,Bangkok,2025-06-02T20:00,40.3,52.6,30.4,14.8
0,Bangkok,2025-06-02T21:00,41.6,51.8,24.3,14.4
0,Bangkok,2025-06-02T22:00,42.2,50.8,20.3,14.1
0,Bangkok,2025-06-02T23:00,44.1,49.7,12.8,13.6
0,Bangkok,2025-06-03T00:00,46.4,49.5,6.6,12.9
0,Bangkok,2025-06-03T01:00,47.4,49.1,3.7,12.6
0,Bangkok,2025-06-03T02:00,47.3,48.7,2.9,12.6
0,Bangkok,2025-06-03T03:00,49.2,49.9,1.4,12.1
0,Bangkok,2025-06-03T04:00,52.4,52.9,0.8,11.4
0,Bangkok,2025-06-03T05:00,55.8,56.6,1.5,10.7
0,Bangkok,2025-06-03T06:00,53.4,55.8,4.4,11.2
0,Bangkok,2025-06-03T07:00,50.7,55.2,8.8,11.8
0,Bangkok,2025-06-03T08:00,47.9,54.6,13.9,12.5
0,Bangkok,2025-06-03T09:00,45.7,55,20.2,13.1
0,Bangkok,2025-06-03T10:00,43.2,55,27.3,13.8
0,Bangkok,2025-06-03T11:00,41,54.8,33.4,14.6
0,Bangkok,2025-06-03T12:00,39.9,54.6,36.8,15
0,Bangkok,2025-06-03T13:00,39.6,54.7,37.8,15.1
0,Bangkok,2025-06-03T14:00,39.2,54.8,39.7,15.2
0,Bangkok,2025-06-03T15:00,39.2,55.2,40.7,15.2
0,Bangkok,2025-06-03T16:00,39,55.1,41.3,15.3
0,Bangkok,2025-06-03T17:00,38.9,54.7,40.6,15.4
0,Bangkok,2025-06-03T18:00,40.8,54.1,32.3,14.6
0,Bangkok,2025-06-03T19:00,40.8,53.4,30.8,14.6
0,Bangkok,2025-06-03T20:00,42.4,53.4,25.8,14.1
0,Bangkok,2025-06-03T21:00,43.9,52.9,20.5,13.6
0,Bangkok,2025-06-03T22:00,44.8,51.9,15.8,13.3
0,Bangkok,2025-06-03T23:00,46.8,51,8.9,12.8
0,Bangkok,2025-06-04T00:00,47.5,49.9,5,12.6
0,Bangkok,2025-06-04T01:00,48.8,50.3,3,12.2
0,Bangkok,2025-06-04T02:00,48.6,49.6,2.1,12.3
0,Bangkok,2025-06-04T03:00,49.5,50.4,1.7,12.1
0,Bangkok,2025-06-04T04:00,52.9,54.4,2.8,11.3
0,Bangkok,2025-06-04T05:00,50.8,56.9,11.8,11.7
0,Bangkok,2025-06-04T06:00,35.2,54.6,55.3,17
0,Bangkok,2025-06-04T07:00,25.9,52.5,102.3,23
0,Bangkok,2025-06-04T08:00,26.2,52.5,100.4,22.8
0,Bangkok,2025-06-04T09:00,29,53.5,84.3,20.6
0,Bangkok,2025-06-04T10:00,32.1,54.4,69.6,18.6
0,Bangkok,2025-06-04T11:00,34.4,54.6,58.7,17.4
0,Bangkok,2025-06-04T12:00,36,54.5,51.3,16.6
0,Bangkok,2025-06-04T13:00,36.8,54.3,47.5,16.2
0,Bangkok,2025-06-04T14:00,35.5,54.5,53.3,16.8
0,Bangkok,2025-06-04T15:00,32.8,54.1,64.8,18.2
0,Bangkok,2025-06-04T16:00,29.5,53.6,81.5,20.3
0,Bangkok,2025-06-04T17:00,25.7,52.9,105.5,23.3
0,Bangkok,2025-06-04T18:00,25.3,52.1,105.5,23.6
0,Bangkok,2025-06-04T19:00,28.4,51.7,81.8,21
0,Bangkok,2025-06-04T20:00,34.7,51.5,48.5,17.2
0,Bangkok,2025-06-04T21:00,39.4,50.8,28.8,15.2
0,Bangkok,2025-06-04T22:00,41.1,49.8,21.2,14.5
0,Bangkok,2025-06-04T23:00,43.8,49.5,13.1,13.6
0,Bangkok,2025-06-05T00:00,45.9,49.2,7.2,13
0,Bangkok,2025-06-05T01:00,46.5,49,5.3,12.8
0,Bangkok,2025-06-05T02:00,47.3,49.4,4.4,12.6
0,Bangkok,2025-06-05T03:00,48.3,50.2,3.8,12.4
0,Bangkok,2025-06-05T04:00,51.4,53.8,4.5,11.6
0,Bangkok,2025-06-05T05:00,50.3,55.9,11.1,11.9
0,Bangkok,2025-06-05T06:00,36,54.2,50.5,16.6
0,Bangkok,2025-06-05T07:00,27.1,52.5,93.6,22.1
0,Bangkok,2025-06-05T08:00,27.5,52.7,91.5,21.8
0,Bangkok,2025-06-05T09:00,30.2,53.9,78.2,19.8
0,Bangkok,2025-06-05T10:00,32.7,54.3,66,18.3
0,Bangkok,2025-06-05T11:00,35.1,54.5,55.3,17
0,Bangkok,2025-06-05T12:00,35.9,54.5,51.8,16.7
0,Bangkok,2025-06-05T13:00,36.4,54.4,49.3,16.4
0,Bangkok,2025-06-05T14:00,35.3,54.5,54.1,16.9
0,Bangkok,2025-06-05T15:00,33.1,54.2,63.8,18.1
0,Bangkok,2025-06-05T16:00,29.5,53.6,81.7,20.3
0,Bangkok,2025-06-05T17:00,25.7,52.9,105.8,23.3
0,Bangkok,2025-06-05T18:00,25,52,107.5,23.9
0,Bangkok,2025-06-05T19:00,28.5,51.7,80.9,20.9
0,Bangkok,2025-06-05T20:00,34.9,51.8,48,17.1
0,Bangkok,2025-06-05T21:00,37.4,51.2,37,16
0,Bangkok,2025-06-05T22:00,38.3,50.8,32.7,15.6
0,Bangkok,2025-06-05T23:00,41.8,49.7,18.7,14.3
0,Bangkok,2025-06-06T00:00,45.4,49.8,9.5,13.2
0,Bangkok,2025-06-06T01:00,46.1,49.4,7,12.9
0,Bangkok,2025-06-06T02:00,46.7,49.5,6,12.8
0,Bangkok,2025-06-06T03:00,48.6,50.7,4.3,12.3
0,Bangkok,2025-06-06T04:00,51.2,53.7,4.9,11.7
0,Bangkok,2025-06-06T05:00,49.6,55.7,12.2,12
0,Bangkok,2025-06-06T06:00,37.1,54.3,46.3,16.1
0,Bangkok,2025-06-06T07:00,28.7,52.6,83.1,20.8
0,Bangkok,2025-06-06T08:00,30.4,53,74.3,19.7
0,Bangkok,2025-06-06T09:00,33.4,54,61.6,17.9
0,Bangkok,2025-06-06T10:00,34.7,54.5,57,17.2
0,Bangkok,2025-06-06T11:00,35.6,54.6,53.5,16.8
0,Bangkok,2025-06-06T12:00,35.4,54.7,54.5,16.9
0,Bangkok,2025-06-06T13:00,35.1,54.8,55.9,17
0,Bangkok,2025-06-06T14:00,33.5,55,63.8,17.8
0,Bangkok,2025-06-06T15:00,30.8,54.6,77.4,19.4
0,Bangkok,2025-06-06T16:00,27.8,54.2,94.7,21.5
0,Bangkok,2025-06-06T17:00,24.5,53.5,117.8,24.4
0,Bangkok,2025-06-06T18:00,24.5,52.7,114.7,24.4
0,Bangkok,2025-06-06T19:00,28.2,52.4,85.8,21.2
0,Bangkok,2025-06-06T20:00,33.6,52.4,55.7,17.8
0,Bangkok,2025-06-06T21:00,36.6,51.5,40.7,16.3
0,Bangkok,2025-06-06T22:00,37.7,50.6,34.2,15.9
0,Bangkok,2025-06-06T23:00,40.4,49.7,22.9,14.8
0,Bangkok,2025-06-07T00:00,42.3,49.1,15.9,14.1
0,Bangkok,2025-06-07T01:00,43.2,48.5,12.3,13.8
0,Bangkok,2025-06-07T02:00,44.8,48.3,7.9,13.3
0,Bangkok,2025-06-07T03:00,47.1,49.6,5.1,12.7
0,Bangkok,2025-06-07T04:00,50.3,52.4,4.2,11.9
0,Bangkok,2025-06-07T05:00,53.7,56.1,4.6,11.1
0,Bangkok,2025-06-07T06:00,51.8,56.4,9,11.5
0,Bangkok,2025-06-07T07:00,46.2,55.4,19.7,12.9
0,Bangkok,2025-06-07T08:00,41.8,54.8,31,14.3
0,Bangkok,2025-06-07T09:00,38.8,55.2,42.3,15.4
0,Bangkok,2025-06-07T10:00,36.1,55.2,52.7,16.6
0,Bangkok,2025-06-07T11:00,34.1,54.8,60.4,17.5
0,Bangkok,2025-06-07T12:00,32.9,54.5,65.6,18.2
0,Bangkok,2025-06-07T13:00,33.6,54.4,61.9,17.8
0,Bangkok,2025-06-07T14:00,33.9,54.5,60.5,17.6
0,Bangkok,2025-06-07T15:00,34.2,54.5,59.2,17.5
0,Bangkok,2025-06-07T16:00,33.9,54.2,59.9,17.6
0,Bangkok,2025-06-07T17:00,32,53.7,67.6,18.7
0,Bangkok,2025-06-07T18:00,34.1,53,55.3,17.5
0,Bangkok,2025-06-07T19:00,36.5,52.4,43.6,16.4
0,Bangkok,2025-06-07T20:00,38.2,52.1,36.1,15.6
0,Bangkok,2025-06-07T21:00,39.1,51.7,32,15.3
0,Bangkok,2025-06-07T22:00,39,50.6,29.5,15.3
0,Bangkok,2025-06-07T23:00,41.5,49.5,19.1,14.4
0,Bangkok,2025-06-08T00:00,43.9,49.1,11.7,13.6
0,Bangkok,2025-06-08T01:00,45.4,48.8,7.5,13.2
0,Bangkok,2025-06-08T02:00,45.8,48.2,5.2,13
0,Bangkok,2025-06-08T03:00,47.4,48.5,2.4,12.6
0,Bangkok,2025-06-08T04:00,49.9,50.8,1.8,12
0,Bangkok,2025-06-08T05:00,54.6,55.1,0.9,10.9
0,Bangkok,2025-06-08T06:00,53.5,55.4,3.6,11.2
0,Bangkok,2025-06-08T07:00,49.7,54.8,10.1,12
0,Bangkok,2025-06-08T08:00,46.4,54.4,17,12.9
0,Bangkok,2025-06-08T09:00,44.7,54.7,22.3,13.4
0,Bangkok,2025-06-08T10:00,42.6,54.5,28,14
0,Bangkok,2025-06-08T11:00,40.6,54.3,33.8,14.7
0,Bangkok,2025-06-08T12:00,38.9,54.1,38.8,15.3
0,Bangkok,2025-06-08T13:00,39.2,54.5,38.8,15.2
0,Bangkok,2025-06-08T14:00,39.7,54.9,38.3,15.1
0,Bangkok,2025-06-08T15:00,39,55,40.9,15.3
0,Bangkok,2025-06-08T16:00,37.7,54.9,45.5,15.8
0,Bangkok,2025-06-08T17:00,37.5,54.5,45.5,15.9
0,Bangkok,2025-06-08T18:00,38.9,53.7,37.9,15.3
0,Bangkok,2025-06-08T19:00,39.1,53.1,35.5,15.3
0,Bangkok,2025-06-08T20:00,40.7,53.3,30.8,14.7
0,Bangkok,2025-06-08T21:00,42.1,52.7,25,14.2
0,Bangkok,2025-06-08T22:00,43,51.5,19.7,13.9
0,Bangkok,2025-06-08T23:00,44.5,51.3,15.1,13.4
0,Bangkok,2025-06-09T00:00,44.4,50.8,14.4,13.5
0,Bangkok,2025-06-09T01:00,43.8,50.6,15.6,13.6
0,Bangkok,2025-06-09T02:00,45.1,50,10.8,13.2
0,Bangkok,2025-06-09T03:00,47.4,50.7,6.9,12.6
0,Bangkok,2025-06-09T04:00,51.6,54.6,5.8,11.6
0,Bangkok,2025-06-09T05:00,50.4,57.3,13.8,11.8
0,Bangkok,2025-06-09T06:00,33.8,54.7,61.7,17.7
0,Bangkok,2025-06-09T07:00,25.3,52.6,108,23.7
0,Bangkok,2025-06-09T08:00,26.3,52.7,100,22.7
0,Bangkok,2025-06-09T09:00,29.9,53.7,79.5,20
0,Bangkok,2025-06-09T10:00,33,54.2,64.2,18.1
0,Bangkok,2025-06-09T11:00,35.5,54.1,52.1,16.8
0,Bangkok,2025-06-09T12:00,37.2,54,45.2,16.1
0,Bangkok,2025-06-09T13:00,38.1,53.9,41.2,15.7
0,Bangkok,2025-06-09T14:00,37.2,54,45.3,16.1
0,Bangkok,2025-06-09T15:00,34.4,53.8,56.1,17.3
0,Bangkok,2025-06-09T16:00,31.5,53.3,69,18.9
0,Bangkok,2025-06-09T17:00,27.4,52.7,91.8,21.8
0,Bangkok,2025-06-09T18:00,27.1,52,91.5,22
0,Bangkok,2025-06-09T19:00,31.2,51.5,64.8,19.1
0,Bangkok,2025-06-09T20:00,37.7,51.3,36.2,15.9
0,Bangkok,2025-06-09T21:00,41,50.6,23.5,14.6
0,Bangkok,2025-06-09T22:00,42.3,49.9,18.1,14.1
0,Bangkok,2025-06-09T23:00,45,49.6,10.3,13.3
0,Bangkok,2025-06-10T00:00,46.3,49.4,6.5,12.9
0,Bangkok,2025-06-10T01:00,47.3,49.5,4.6,12.6
0,Bangkok,2025-06-10T02:00,47.7,49.3,3.4,12.5
0,Bangkok,2025-06-10T03:00,48.9,50.7,3.5,12.2
0,Bangkok,2025-06-10T04:00,51.9,54.2,4.4,11.5
0,Bangkok,2025-06-10T05:00,50.2,55.9,11.4,11.9
0,Bangkok,2025-06-10T06:00,34.8,54.1,55.3,17.2
0,Bangkok,2025-06-10T07:00,26,52.2,101,23
0,Bangkok,2025-06-10T08:00,26.2,52.2,99.3,22.8
0,Bangkok,2025-06-10T09:00,28.8,53.3,85,20.7
0,Bangkok,2025-06-10T10:00,32.4,54.1,66.7,18.4
0,Bangkok,2025-06-10T11:00,34.9,54.1,54.9,17.1
0,Bangkok,2025-06-10T12:00,36,54.1,50.3,16.6
0,Bangkok,2025-06-10T13:00,36.8,54,46.8,16.3
0,Bangkok,2025-06-10T14:00,35.5,54,52,16.8
0,Bangkok,2025-06-10T15:00,33.3,54.1,62.2,17.9
0,Bangkok,2025-06-10T16:00,30.3,53.6,76.8,19.7
0,Bangkok,2025-06-10T17:00,26.4,52.9,99.9,22.6
0,Bangkok,2025-06-10T18:00,26.4,52,96.4,22.6
0,Bangkok,2025-06-10T19:00,30.2,51.4,69.8,19.8
0,Bangkok,2025-06-10T20:00,35.7,51.4,43.8,16.7
0,Bangkok,2025-06-10T21:00,39.2,50.7,29.4,15.2
0,Bangkok,2025-06-10T22:00,41,49.8,21.4,14.6
0,Bangkok,2025-06-10T23:00,43.3,49.1,13.3,13.8
0,Bangkok,2025-06-11T00:00,45.4,49.1,8.1,13.2
0,Bangkok,2025-06-11T01:00,46.3,48.8,5.4,12.9
0,Bangkok,2025-06-11T02:00,46.9,49,4.5,12.7
0,Bangkok,2025-06-11T03:00,48.1,50,4,12.4
0,Bangkok,2025-06-11T04:00,51.5,53.6,4,11.6
0,Bangkok,2025-06-11T05:00,50.1,55.9,11.5,11.9
0,Bangkok,2025-06-11T06:00,35.4,54.1,52.5,16.9
0,Bangkok,2025-06-11T07:00,26.8,52.3,94.6,22.3
0,Bangkok,2025-06-11T08:00,27.6,52.5,90,21.7
0,Bangkok,2025-06-11T09:00,30.5,53.6,75.6,19.6
0,Bangkok,2025-06-11T10:00,33.3,54,62,17.9
0,Bangkok,2025-06-11T11:00,35.3,54.1,53.2,16.9
0,Bangkok,2025-06-11T12:00,36.3,54.1,48.8,16.5
0,Bangkok,2025-06-11T13:00,37,54,45.9,16.2
0,Bangkok,2025-06-11T14:00,36.1,54.3,50.4,16.6
0,Bangkok,2025-06-11T15:00,33.4,53.9,61.3,17.9
0,Bangkok,2025-06-11T16:00,30.5,53.7,76.1,19.6
0,Bangkok,2025-06-11T17:00,26.6,52.9,98.4,22.4
0,Bangkok,2025-06-11T18:00,26.9,52.2,93.9,22.2
0,Bangkok,2025-06-11T19:00,31.1,51.7,65.9,19.2
0,Bangkok,2025-06-11T20:00,36.9,51.4,39.1,16.2
0,Bangkok,2025-06-11T21:00,39.3,50.7,29.1,15.2
0,Bangkok,2025-06-11T22:00,41,50,22,14.6
0,Bangkok,2025-06-11T23:00,43.9,49.5,12.7,13.6
0,Bangkok,2025-06-12T00:00,45.3,49,8.1,13.2
0,Bangkok,2025-06-12T01:00,46.2,48.7,5.3,12.9
0,Bangkok,2025-06-12T02:00,46.6,48.8,4.6,12.8
0,Bangkok,2025-06-12T03:00,47.6,49.5,3.9,12.5
0,Bangkok,2025-06-12T04:00,51.3,53.4,4.1,11.6
0,Bangkok,2025-06-12T05:00,50.2,55.9,11.3,11.9
0,Bangkok,2025-06-12T06:00,35.9,54.1,50.4,16.6
0,Bangkok,2025-06-12T07:00,27.4,52.3,90.9,21.8
0,Bangkok,2025-06-12T08:00,28.5,52.7,84.8,21
0,Bangkok,2025-06-12T09:00,31.1,53.7,72.5,19.2
0,Bangkok,2025-06-12T10:00,34,54.3,59.6,17.6
0,Bangkok,2025-06-12T11:00,35.9,54.4,51.3,16.6
0,Bangkok,2025-06-12T12:00,36.8,54.3,47.5,16.2
0,Bangkok,2025-06-12T13:00,37.2,54.2,45.5,16
0,Bangkok,2025-06-12T14:00,35.1,54.1,53.9,17
0,Bangkok,2025-06-12T15:00,30,53.8,78.9,19.9
0,Bangkok,2025-06-12T16:00,27.2,53.3,95.9,22
0,Bangkok,2025-06-12T17:00,23.7,52.6,121.5,25.2
0,Bangkok,2025-06-12T18:00,23.7,52.1,119.9,25.2
0,Bangkok,2025-06-12T19:00,28.3,51.8,82.8,21.1
0,Bangkok,2025-06-12T20:00,35.2,51.7,47,17
0,Bangkok,2025-06-12T21:00,39.1,50.8,29.9,15.3
0,Bangkok,2025-06-12T22:00,40.7,49.9,22.4,14.7
0,Bangkok,2025-06-12T23:00,43.5,49.4,13.5,13.7
0,Bangkok,2025-06-13T00:00,45.3,49,8.1,13.2
0,Bangkok,2025-06-13T01:00,46.1,49,6.4,13
0,Bangkok,2025-06-13T02:00,46.7,48.8,4.5,12.8
0,Bangkok,2025-06-13T03:00,48.4,50.2,3.6,12.3
0,Bangkok,2025-06-13T04:00,51.5,53.5,3.9,11.6
0,Bangkok,2025-06-13T05:00,50.1,55.6,11,11.9
0,Bangkok,2025-06-13T06:00,36.4,54,48.2,16.4
0,Bangkok,2025-06-13T07:00,28.7,52.4,82.5,20.8
0,Bangkok,2025-06-13T08:00,31,52.8,70,19.3
0,Bangkok,2025-06-13T09:00,34.3,54.1,57.6,17.4
0,Bangkok,2025-06-13T10:00,35.4,54.4,53.6,16.9
0,Bangkok,2025-06-13T11:00,35.8,54.1,50.8,16.7
0,Bangkok,2025-06-13T12:00,34.7,54.2,56.1,17.2
0,Bangkok,2025-06-13T13:00,34.8,54.3,55.9,17.2
0,Bangkok,2025-06-13T14:00,32.3,54.4,68.2,18.5
0,Bangkok,2025-06-13T15:00,26.3,54.4,107.1,22.8
0,Bangkok,2025-06-13T16:00,22.7,53.8,136.6,26.3
0,Bangkok,2025-06-13T17:00,20,53,164.5,29.9
0,Bangkok,2025-06-13T18:00,20.4,52.5,157.1,29.3
0,Bangkok,2025-06-13T19:00,23.9,52.8,120.7,25
0,Bangkok,2025-06-13T20:00,29,52.9,82.3,20.6
0,Bangkok,2025-06-13T21:00,34.1,52.3,53.3,17.5
0,Bangkok,2025-06-13T22:00,38.2,51,33.6,15.7
0,Bangkok,2025-06-13T23:00,41.3,50,21,14.4
0,Bangkok,2025-06-14T00:00,43.6,49.1,12.4,13.7
0,Bangkok,2025-06-14T01:00,45.6,49,7.4,13.1
0,Bangkok,2025-06-14T02:00,46.1,48.5,5.2,13
0,Bangkok,2025-06-14T03:00,47.3,49.2,4.1,12.6
0,Bangkok,2025-06-14T04:00,50.7,52.3,3,11.8
0,Bangkok,2025-06-14T05:00,52,56.4,8.4,11.5
0,Bangkok,2025-06-14T06:00,49.6,56.5,13.8,12
0,Bangkok,2025-06-14T07:00,44.9,55.7,24,13.3
0,Bangkok,2025-06-14T08:00,41.6,55,32.1,14.3
0,Bangkok,2025-06-14T09:00,39.1,55.3,41.4,15.3
0,Bangkok,2025-06-14T10:00,36.7,55.1,50.1,16.3
0,Bangkok,2025-06-14T11:00,34.4,54.6,58.4,17.4
0,Bangkok,2025-06-14T12:00,32.5,53.9,65.8,18.4
0,Bangkok,2025-06-14T13:00,32.7,53.8,64.5,18.3
0,Bangkok,2025-06-14T14:00,32.8,54.1,64.9,18.2
0,Bangkok,2025-06-14T15:00,32.5,54,66.1,18.4
0,Bangkok,2025-06-14T16:00,32.4,53.9,66.6,18.5
0,Bangkok,2025-06-14T17:00,30.9,53.7,73.8,19.4
0,Bangkok,2025-06-14T18:00,33,52.9,60.1,18.1
0,Bangkok,2025-06-14T19:00,36.6,52.5,43.3,16.3
0,Bangkok,2025-06-14T20:00,38.3,52.1,35.8,15.6
0,Bangkok,2025-06-14T21:00,39.3,51.5,30.9,15.2
0,Bangkok,2025-06-14T22:00,39.8,50.4,26.6,15
0,Bangkok,2025-06-14T23:00,42.2,49.7,17.6,14.2
0,Bangkok,2025-06-15T00:00,44.3,49.3,11.2,13.5
0,Bangkok,2025-06-15T01:00,45.6,48.8,6.9,13.1
0,Bangkok,2025-06-15T02:00,45.8,48.2,5.2,13
0,Bangkok,2025-06-15T03:00,46.3,48.3,4.3,12.9
0,Bangkok,2025-06-15T04:00,50.2,51,1.6,11.9
0,Bangkok,2025-06-15T05:00,53.3,54.5,2.1,11.2
0,Bangkok,2025-06-15T06:00,52.8,54.8,3.7,11.3
0,Bangkok,2025-06-15T07:00,49.8,54.8,9.9,12
0,Bangkok,2025-06-15T08:00,46.2,54.4,17.7,12.9
0,Bangkok,2025-06-15T09:00,44.2,54.3,22.8,13.5
0,Bangkok,2025-06-15T10:00,42.6,54.4,27.5,14
0,Bangkok,2025-06-15T11:00,40.8,54.2,32.9,14.6
0,Bangkok,2025-06-15T12:00,38.9,54,38.6,15.4
0,Bangkok,2025-06-15T13:00,38.6,54.3,40.4,15.5
0,Bangkok,2025-06-15T14:00,38.9,54.7,40.6,15.4
0,Bangkok,2025-06-15T15:00,38.2,54.9,43.5,15.6
0,Bangkok,2025-06-15T16:00,37.1,54.9,48,16.1
0,Bangkok,2025-06-15T17:00,36.3,54.7,50.4,16.4
0,Bangkok,2025-06-15T18:00,39,54,38.6,15.3
0,Bangkok,2025-06-15T19:00,39.8,53.5,34.4,15
0,Bangkok,2025-06-15T20:00,41,53.3,29.9,14.5
0,Bangkok,2025-06-15T21:00,43.1,52.9,22.6,13.9
0,Bangkok,2025-06-15T22:00,44.8,52,16,13.3
0,Bangkok,2025-06-15T23:00,46.7,50.8,8.7,12.8
0,Bangkok,2025-06-16T00:00,47.4,49.8,5,12.6
0,Bangkok,2025-06-16T01:00,47.8,49.4,3.2,12.5
0,Bangkok,2025-06-16T02:00,48.3,49.3,2.1,12.4
0,Bangkok,2025-06-16T03:00,49.9,50.5,1.3,12
0,Bangkok,2025-06-16T04:00,53.7,54.9,2.2,11.1
0,Bangkok,2025-06-16T05:00,51.2,57.3,11.7,11.7
0,Bangkok,2025-06-16T06:00,34.9,54.8,56.6,17.1
0,Bangkok,2025-06-16T07:00,26.1,52.5,101.1,22.9
0,Bangkok,2025-06-16T08:00,27.4,52.6,91.7,21.8
0,Bangkok,2025-06-16T09:00,31.6,53.8,70.1,18.9
0,Bangkok,2025-06-16T10:00,35.7,54.4,52.3,16.8
0,Bangkok,2025-06-16T11:00,38.1,54.4,42.7,15.7
0,Bangkok,2025-06-16T12:00,38.5,54,40.1,15.5
0,Bangkok,2025-06-16T13:00,39.2,54.1,38,15.2
0,Bangkok,2025-06-16T14:00,37.6,54.1,43.8,15.9
0,Bangkok,2025-06-16T15:00,35.3,54,52.7,16.9
0,Bangkok,2025-06-16T16:00,32.3,53.4,65.5,18.5
0,Bangkok,2025-06-16T17:00,28,52.7,88.2,21.4
0,Bangkok,2025-06-16T18:00,27.8,51.8,85.9,21.5
0,Bangkok,2025-06-16T19:00,32.7,51.4,57.1,18.3
0,Bangkok,2025-06-16T20:00,38.1,51,33.9,15.7
0,Bangkok,2025-06-16T21:00,41.1,50.6,23.2,14.5
0,Bangkok,2025-06-16T22:00,42.8,50,16.8,13.9
0,Bangkok,2025-06-16T23:00,45,49.5,10,13.3
0,Bangkok,2025-06-17T00:00,46.4,49.1,5.8,12.9
0,Bangkok,2025-06-17T01:00,47.4,49.2,3.9,12.6
0,Bangkok,2025-06-17T02:00,48.1,49.6,2.9,12.4
0,Bangkok,2025-06-17T03:00,49.1,50.4,2.5,12.1
0,Bangkok,2025-06-17T04:00,51.5,53.4,3.6,11.6
0,Bangkok,2025-06-17T05:00,50.3,55.7,10.6,11.9
0,Bangkok,2025-06-17T06:00,35.3,54.1,53.2,16.9
0,Bangkok,2025-06-17T07:00,26.7,52.3,95.6,22.4
0,Bangkok,2025-06-17T08:00,27.4,52.4,91.1,21.8
0,Bangkok,2025-06-17T09:00,29.7,53.4,79.5,20.1
0,Bangkok,2025-06-17T10:00,32.7,54,64.6,18.2
0,Bangkok,2025-06-17T11:00,34.9,54,54.5,17.1
0,Bangkok,2025-06-17T12:00,36.5,54,48.1,16.4
0,Bangkok,2025-06-17T13:00,37.4,54,44.2,16
0,Bangkok,2025-06-17T14:00,36.6,54.2,47.8,16.3
0,Bangkok,2025-06-17T15:00,34.5,54.1,56.6,17.3
0,Bangkok,2025-06-17T16:00,31.2,53.8,72.4,19.2
0,Bangkok,2025-06-17T17:00,27.1,53,95.5,22
0,Bangkok,2025-06-17T18:00,27.3,52,90.3,21.9
0,Bangkok,2025-06-17T19:00,31.2,51.4,64.5,19.1
0,Bangkok,2025-06-17T20:00,36.3,51.1,40.7,16.5
0,Bangkok,2025-06-17T21:00,39.5,50.5,28,15.1
0,Bangkok,2025-06-17T22:00,41.1,49.8,20.9,14.5
0,Bangkok,2025-06-17T23:00,43.9,49.2,12.2,13.6
0,Bangkok,2025-06-18T00:00,45.8,49.1,7.1,13
0,Bangkok,2025-06-18T01:00,46.5,49,5.3,12.9
0,Bangkok,2025-06-18T02:00,46.9,49,4.6,12.7
0,Bangkok,2025-06-18T03:00,48.7,50.6,3.7,12.2
0,Bangkok,2025-06-18T04:00,51.5,53.7,4.2,11.6
0,Bangkok,2025-06-18T05:00,50.3,55.8,10.9,11.9
0,Bangkok,2025-06-18T06:00,35.9,54,50.5,16.7
0,Bangkok,2025-06-18T07:00,27.2,52.2,91.9,22
0,Bangkok,2025-06-18T08:00,27.5,52.6,91.2,21.8
0,Bangkok,2025-06-18T09:00,29.1,53.5,83.6,20.5
0,Bangkok,2025-06-18T10:00,32,54.2,69.2,18.6
0,Bangkok,2025-06-18T11:00,34.1,54.3,59.2,17.5
0,Bangkok,2025-06-18T12:00,35.7,54.4,52.1,16.7
0,Bangkok,2025-06-18T13:00,36.7,54.4,48.1,16.3
0,Bangkok,2025-06-18T14:00,35.9,54.6,52,16.6
0,Bangkok,2025-06-18T15:00,33.9,54.3,59.9,17.6
0,Bangkok,2025-06-18T16:00,30.8,54,75.2,19.4
0,Bangkok,2025-06-18T17:00,26.8,53.1,98,22.3
0,Bangkok,2025-06-18T18:00,25.5,51.7,102.3,23.4
0,Bangkok,2025-06-18T19:00,28.7,51.6,79.2,20.8
0,Bangkok,2025-06-18T20:00,35.3,51.4,45.5,16.9
0,Bangkok,2025-06-18T21:00,39.5,50.8,28.8,15.1
0,Bangkok,2025-06-18T22:00,41.4,50,20.6,14.4
0,Bangkok,2025-06-18T23:00,43.8,49.3,12.4,13.6
0,Bangkok,2025-06-19T00:00,45.6,49.1,7.6,13.1
0,Bangkok,2025-06-19T01:00,46.1,48.7,5.5,13
0,Bangkok,2025-06-19T02:00,46.8,48.8,4.2,12.7
0,Bangkok,2025-06-19T03:00,47.9,49.5,3.5,12.5
0,Bangkok,2025-06-19T04:00,51.7,53.6,3.7,11.5
0,Bangkok,2025-06-19T05:00,50.4,55.7,10.5,11.8
0,Bangkok,2025-06-19T06:00,36.1,54.1,49.5,16.5
0,Bangkok,2025-06-19T07:00,27.7,52.4,88.9,21.6
0,Bangkok,2025-06-19T08:00,29.3,52.8,80.1,20.4
0,Bangkok,2025-06-19T09:00,32.2,53.9,67.2,18.6
0,Bangkok,2025-06-19T10:00,35,54.3,55.3,17.1
0,Bangkok,2025-06-19T11:00,36.9,54.4,47.3,16.2
0,Bangkok,2025-06-19T12:00,37.4,54.4,45.1,16
0,Bangkok,2025-06-19T13:00,38,54.5,43.3,15.7
0,Bangkok,2025-06-19T14:00,36.6,54.6,48.9,16.3
0,Bangkok,2025-06-19T15:00,34.4,54.2,57.6,17.4
0,Bangkok,2025-06-19T16:00,31.6,53.8,70.2,18.9
0,Bangkok,2025-06-19T17:00,27.3,53,93.7,21.9
0,Bangkok,2025-06-19T18:00,26.9,51.9,92.7,22.2
0,Bangkok,2025-06-19T19:00,31.4,51.6,63.8,19
0,Bangkok,2025-06-19T20:00,37.2,51.5,38.3,16
0,Bangkok,2025-06-19T21:00,39.5,50.8,28.7,15.1
0,Bangkok,2025-06-19T22:00,39.4,50.3,27.5,15.2
0,Bangkok,2025-06-19T23:00,42.1,49.8,18.3,14.2
0,Bangkok,2025-06-20T00:00,45,49.3,9.7,13.3
0,Bangkok,2025-06-20T01:00,46.8,49,4.6,12.8
0,Bangkok,2025-06-20T02:00,47.3,49,3.4,12.6
0,Bangkok,2025-06-20T03:00,48.8,50.4,3.1,12.2
0,Bangkok,2025-06-20T04:00,51.6,53.7,4,11.6
0,Bangkok,2025-06-20T05:00,49.8,55.6,11.4,12
0,Bangkok,2025-06-20T06:00,37,54.1,46.1,16.1
0,Bangkok,2025-06-20T07:00,29.1,52.5,80.1,20.5
0,Bangkok,2025-06-20T08:00,31,52.9,70.6,19.3
0,Bangkok,2025-06-20T09:00,33.8,54.1,59.6,17.7
0,Bangkok,2025-06-20T10:00,35.5,54.6,53.8,16.8
0,Bangkok,2025-06-20T11:00,35.6,54.5,52.7,16.8
0,Bangkok,2025-06-20T12:00,35.5,54.5,53.3,16.8
0,Bangkok,2025-06-20T13:00,35.7,54.7,53,16.7
0,Bangkok,2025-06-20T14:00,33.9,54.9,61.7,17.6
0,Bangkok,2025-06-20T15:00,31.2,54.7,74.8,19.1
0,Bangkok,2025-06-20T16:00,28.8,54.3,88.7,20.8
0,Bangkok,2025-06-20T17:00,25.5,53.6,109.5,23.4
0,Bangkok,2025-06-20T18:00,25.3,52.6,107.5,23.6
0,Bangkok,2025-06-20T19:00,29.2,52.5,79.6,20.5
0,Bangkok,2025-06-20T20:00,34.5,52.5,51.7,17.3
0,Bangkok,2025-06-20T21:00,37.3,51.5,37.9,16
0,Bangkok,2025-06-20T22:00,38.4,50.7,31.9,15.5
0,Bangkok,2025-06-20T23:00,41.2,50,21.3,14.5
0,Bangkok,2025-06-21T00:00,43.4,49.1,13,13.8
0,Bangkok,2025-06-21T01:00,45,48.6,7.9,13.3
0,Bangkok,2025-06-21T02:00,45.1,48.1,6.4,13.2
0,Bangkok,2025-06-21T03:00,46.6,48.9,4.9,12.8
0,Bangkok,2025-06-21T04:00,50.4,52.3,3.6,11.8
0,Bangkok,2025-06-21T05:00,53.3,55.8,4.6,11.2
0,Bangkok,2025-06-21T06:00,51.2,56,9.4,11.7
0,Bangkok,2025-06-21T07:00,46.3,55.3,19.4,12.9
0,Bangkok,2025-06-21T08:00,41.5,54.9,32.2,14.4
0,Bangkok,2025-06-21T09:00,38.4,55.3,44,15.6
0,Bangkok,2025-06-21T10:00,35.7,55.2,54.4,16.7
0,Bangkok,2025-06-21T11:00,33.9,54.8,61.8,17.6
0,Bangkok,2025-06-21T12:00,32.3,54.4,68.5,18.5
0,Bangkok,2025-06-21T13:00,32.2,54.3,68.4,18.6
0,Bangkok,2025-06-21T14:00,32.2,54.3,68.6,18.6
0,Bangkok,2025-06-21T15:00,32.7,54.3,65.9,18.3
0,Bangkok,2025-06-21T16:00,33,54.2,64,18.1
0,Bangkok,2025-06-21T17:00,31.5,53.7,70.4,19
0,Bangkok,2025-06-21T18:00,34.1,53.1,55.8,17.5
0,Bangkok,2025-06-21T19:00,36.8,52.4,42.4,16.2
0,Bangkok,2025-06-21T20:00,38.3,52,35.4,15.6
0,Bangkok,2025-06-21T21:00,38.8,51.3,32,15.4
0,Bangkok,2025-06-21T22:00,39.1,50.9,30,15.3
0,Bangkok,2025-06-21T23:00,41.2,50.1,21.3,14.5
0,Bangkok,2025-06-22T00:00,43.7,49.3,12.8,13.7
0,Bangkok,2025-06-22T01:00,45,48.5,7.8,13.3
0,Bangkok,2025-06-22T02:00,45.4,48.1,5.9,13.1
0,Bangkok,2025-06-22T03:00,47.2,48.6,3,12.6
0,Bangkok,2025-06-22T04:00,50.4,51.5,2,11.8
0,Bangkok,2025-06-22T05:00,53.8,54.7,1.6,11.1
0,Bangkok,2025-06-22T06:00,52.8,54.9,3.9,11.3
0,Bangkok,2025-06-22T07:00,49.7,54.6,9.7,12
0,Bangkok,2025-06-22T08:00,46.2,54.2,17.2,12.9
0,Bangkok,2025-06-22T09:00,44.4,54.4,22.3,13.4
0,Bangkok,2025-06-22T10:00,42.5,54.6,28.3,14.1
0,Bangkok,2025-06-22T11:00,40.5,54.4,34.2,14.7
0,Bangkok,2025-06-22T12:00,38.6,54.1,40.2,15.5
0,Bangkok,2025-06-22T13:00,38.8,54.4,40,15.4
0,Bangkok,2025-06-22T14:00,39.2,54.9,39.9,15.2
0,Bangkok,2025-06-22T15:00,38.5,55.1,42.9,15.5
0,Bangkok,2025-06-22T16:00,37.6,54.9,46.1,15.9
0,Bangkok,2025-06-22T17:00,36.7,54.6,48.5,16.3
0,Bangkok,2025-06-22T18:00,37.8,53.9,42.5,15.8
0,Bangkok,2025-06-22T19:00,38.7,53.4,37.9,15.4
0,Bangkok,2025-06-22T20:00,40.7,53.2,30.6,14.7
0,Bangkok,2025-06-22T21:00,42.5,52.7,24,14
0,Bangkok,2025-06-22T22:00,44.3,52,17.2,13.5
0,Bangkok,2025-06-22T23:00,46.8,51.2,9.5,12.8
0,Bangkok,2025-06-23T00:00,48.1,50.4,4.7,12.4
0,Bangkok,2025-06-23T01:00,48.3,49.7,2.9,12.4
0,Bangkok,2025-06-23T02:00,48.8,49.6,1.6,12.2
0,Bangkok,2025-06-23T03:00,49.9,50.6,1.4,12
0,Bangkok,2025-06-23T04:00,53.6,54.7,2.2,11.1
0,Bangkok,2025-06-23T05:00,51,57,11.7,11.7
0,Bangkok,2025-06-23T06:00,34.9,54.7,56.5,17.1
0,Bangkok,2025-06-23T07:00,26,52.4,100.9,22.9
0,Bangkok,2025-06-23T08:00,27.6,52.5,90.4,21.7
0,Bangkok,2025-06-23T09:00,31.4,53.6,70.6,19
0,Bangkok,2025-06-23T10:00,35.2,54.4,54.4,17
0,Bangkok,2025-06-23T11:00,36.8,54.1,46.6,16.2
0,Bangkok,2025-06-23T12:00,38.1,53.9,41.6,15.7
0,Bangkok,2025-06-23T13:00,38.8,54.1,39.3,15.4
0,Bangkok,2025-06-23T14:00,37.4,54.2,44.7,16
0,Bangkok,2025-06-23T15:00,33.8,53.7,58.7,17.7
0,Bangkok,2025-06-23T16:00,28.8,53.4,85.1,20.7
0,Bangkok,2025-06-23T17:00,25.8,52.5,103.2,23.2
0,Bangkok,2025-06-23T18:00,26.1,51.7,98.1,22.9
0,Bangkok,2025-06-23T19:00,30.8,51.5,67,19.4
0,Bangkok,2025-06-23T20:00,37.5,51.1,36.4,15.9
0,Bangkok,2025-06-23T21:00,40.8,50.7,24.1,14.6
0,Bangkok,2025-06-23T22:00,42.2,49.8,18.1,14.2
0,Bangkok,2025-06-23T23:00,44.3,49.2,10.8,13.5
0,Bangkok,2025-06-24T00:00,46.4,49.2,5.8,12.9
0,Bangkok,2025-06-24T01:00,46.9,48.8,4.2,12.7
0,Bangkok,2025-06-24T02:00,47.6,49.3,3.6,12.5
0,Bangkok,2025-06-24T03:00,48.9,50.5,3.2,12.2
0,Bangkok,2025-06-24T04:00,52.1,53.8,3.2,11.5
0,Bangkok,2025-06-24T05:00,50.1,55.7,11.3,11.9
0,Bangkok,2025-06-24T06:00,35.4,54.1,53,16.9
0,Bangkok,2025-06-24T07:00,26.7,52.3,95.4,22.4
0,Bangkok,2025-06-24T08:00,27.6,52.4,89.6,21.6
0,Bangkok,2025-06-24T09:00,30.2,53.5,77.3,19.8
0,Bangkok,2025-06-24T10:00,33,54,63.5,18.1
0,Bangkok,2025-06-24T11:00,35.9,54.1,50.7,16.7
0,Bangkok,2025-06-24T12:00,37,54,45.7,16.1
0,Bangkok,2025-06-24T13:00,37.6,54.1,44,15.9
0,Bangkok,2025-06-24T14:00,36.1,54.1,49.7,16.6
0,Bangkok,2025-06-24T15:00,34,53.9,58.8,17.6
0,Bangkok,2025-06-24T16:00,31.2,53.5,71.5,19.2
0,Bangkok,2025-06-24T17:00,27.1,52.8,94.9,22.1
0,Bangkok,2025-06-24T18:00,27.2,51.7,89.8,21.9
0,Bangkok,2025-06-24T19:00,31.3,51.5,64.5,19.1
0,Bangkok,2025-06-24T20:00,36.2,51.1,41.2,16.5
0,Bangkok,2025-06-24T21:00,39.3,50.6,28.8,15.2
0,Bangkok,2025-06-24T22:00,40.9,49.9,22,14.6
0,Bangkok,2025-06-24T23:00,43.7,49.3,12.8,13.7
0,Bangkok,2025-06-25T00:00,45.9,49.2,7.2,13
0,Bangkok,2025-06-25T01:00,46.6,48.8,4.7,12.8
0,Bangkok,2025-06-25T02:00,46.9,48.8,4,12.7
0,Bangkok,2025-06-25T03:00,48.2,49.9,3.4,12.4
0,Bangkok,2025-06-25T04:00,51.6,53.7,4,11.6
0,Bangkok,2025-06-25T05:00,49.8,55.8,11.9,12
0,Bangkok,2025-06-25T06:00,35.4,54.2,52.8,16.9
0,Bangkok,2025-06-25T07:00,26.6,52.2,96.5,22.5
0,Bangkok,2025-06-25T08:00,27.3,52.5,92.2,21.9
0,Bangkok,2025-06-25T09:00,30.3,53.6,77,19.7
0,Bangkok,2025-06-25T10:00,32.8,54.1,64.8,18.2
0,Bangkok,2025-06-25T11:00,34.8,54.2,55.4,17.1
0,Bangkok,2025-06-25T12:00,35.8,54.2,51.2,16.7
0,Bangkok,2025-06-25T13:00,36.5,54.3,48.5,16.4
0,Bangkok,2025-06-25T14:00,35.3,54.4,54.1,16.9
0,Bangkok,2025-06-25T15:00,33.3,54.2,62.7,18
0,Bangkok,2025-06-25T16:00,30.6,53.7,75.3,19.5
0,Bangkok,2025-06-25T17:00,26.6,52.8,98.4,22.5
0,Bangkok,2025-06-25T18:00,26.7,52,94.1,22.3
0,Bangkok,2025-06-25T19:00,30.6,51.4,67.8,19.5
0,Bangkok,2025-06-25T20:00,35.6,51.2,43.7,16.8
0,Bangkok,2025-06-25T21:00,38.7,50.8,31.3,15.5
0,Bangkok,2025-06-25T22:00,40.2,50.1,24.4,14.8
0,Bangkok,2025-06-25T23:00,43.1,49.2,14,13.8
0,Bangkok,2025-06-26T00:00,45.5,49,7.6,13.1
0,Bangkok,2025-06-26T01:00,46.4,48.8,5.1,12.9
0,Bangkok,2025-06-26T02:00,46.8,48.7,4.2,12.8
0,Bangkok,2025-06-26T03:00,48.1,49.9,3.8,12.4
0,Bangkok,2025-06-26T04:00,51.2,53.3,3.9,11.6
0,Bangkok,2025-06-26T05:00,50.3,55.7,10.5,11.9
0,Bangkok,2025-06-26T06:00,36,54.2,50.2,16.6
0,Bangkok,2025-06-26T07:00,28,52.5,87.4,21.3
0,Bangkok,2025-06-26T08:00,28.8,52.7,82.9,20.7
0,Bangkok,2025-06-26T09:00,31.1,53.9,73,19.2
0,Bangkok,2025-06-26T10:00,33.4,54.3,62.5,17.9
0,Bangkok,2025-06-26T11:00,35.3,54.4,54,16.9
0,Bangkok,2025-06-26T12:00,36.3,54.4,49.8,16.5
0,Bangkok,2025-06-26T13:00,36.7,54.2,47.5,16.3
0,Bangkok,2025-06-26T14:00,35.2,54.3,54.2,17
0,Bangkok,2025-06-26T15:00,32.7,54,64.8,18.3
0,Bangkok,2025-06-26T16:00,30,53.9,79.5,19.9
0,Bangkok,2025-06-26T17:00,26,53.1,104,23
0,Bangkok,2025-06-26T18:00,26.6,52.3,96.4,22.5
0,Bangkok,2025-06-26T19:00,31.2,51.9,66.1,19.1
0,Bangkok,2025-06-26T20:00,36.4,51.6,41.7,16.4
0,Bangkok,2025-06-26T21:00,39,51,30.7,15.3
0,Bangkok,2025-06-26T22:00,39.7,50,26,15.1
0,Bangkok,2025-06-26T23:00,42.7,49.5,15.8,14
0,Bangkok,2025-06-27T00:00,45.1,48.9,8.4,13.2
0,Bangkok,2025-06-27T01:00,46.7,49,4.8,12.8
0,Bangkok,2025-06-27T02:00,46.9,49,4.3,12.7
0,Bangkok,2025-06-27T03:00,48.6,50,2.8,12.3
0,Bangkok,2025-06-27T04:00,51.5,53.6,3.9,11.6
0,Bangkok,2025-06-27T05:00,50.1,55.7,11.2,11.9
0,Bangkok,2025-06-27T06:00,36.5,54.1,48.3,16.4
0,Bangkok,2025-06-27T07:00,28.7,52.4,82.5,20.8
0,Bangkok,2025-06-27T08:00,30.6,53.1,73.2,19.5
0,Bangkok,2025-06-27T09:00,33.1,54.1,63.2,18
0,Bangkok,2025-06-27T10:00,34.7,54.5,56.7,17.2
0,Bangkok,2025-06-27T11:00,35.2,54.3,53.9,17
0,Bangkok,2025-06-27T12:00,34.8,54.2,55.4,17.2
0,Bangkok,2025-06-27T13:00,34.3,54.2,57.8,17.4
0,Bangkok,2025-06-27T14:00,32.1,54.5,69.6,18.6
0,Bangkok,2025-06-27T15:00,28.2,54.2,92.3,21.2
0,Bangkok,2025-06-27T16:00,23.5,54,129.2,25.4
0,Bangkok,2025-06-27T17:00,20.7,53.4,157.6,28.9
0,Bangkok,2025-06-27T18:00,21.6,53,145.3,27.7
0,Bangkok,2025-06-27T19:00,26.1,53,103,22.9
0,Bangkok,2025-06-27T20:00,31.1,53,70.4,19.2
0,Bangkok,2025-06-27T21:00,34.9,52.6,50.5,17.1
0,Bangkok,2025-06-27T22:00,36.1,51.1,41.6,16.6
0,Bangkok,2025-06-27T23:00,40.1,50.6,26,14.9
0,Bangkok,2025-06-28T00:00,43.4,49.6,14.2,13.8
0,Bangkok,2025-06-28T01:00,45.7,48.9,7.1,13.1
0,Bangkok,2025-06-28T02:00,46.1,48.6,5.4,12.9
0,Bangkok,2025-06-28T03:00,47.3,49.3,4.2,12.6
0,Bangkok,2025-06-28T04:00,50.3,52.5,4.4,11.9
0,Bangkok,2025-06-28T05:00,52.7,56.2,6.6,11.3
0,Bangkok,2025-06-28T06:00,50.8,56.3,10.6,11.7
0,Bangkok,2025-06-28T07:00,45.8,55.5,20.9,13
0,Bangkok,2025-06-28T08:00,42.2,55.1,30.7,14.2
0,Bangkok,2025-06-28T09:00,38.9,55.3,42,15.3
0,Bangkok,2025-06-28T10:00,35.4,55.1,55.4,16.9
0,Bangkok,2025-06-28T11:00,34.1,54.8,60.4,17.5
0,Bangkok,2025-06-28T12:00,32.5,54.1,66.2,18.4
0,Bangkok,2025-06-28T13:00,32.7,54.2,65.2,18.2
0,Bangkok,2025-06-28T14:00,33.1,54.3,63.9,18.1
0,Bangkok,2025-06-28T15:00,32.1,54,68.3,18.6
0,Bangkok,2025-06-28T16:00,28.2,54.2,92.4,21.2
0,Bangkok,2025-06-28T17:00,26.6,53.9,102.7,22.5
0,Bangkok,2025-06-28T18:00,30.1,53.4,77.4,19.9
0,Bangkok,2025-06-28T19:00,35.1,52.7,50.2,17
0,Bangkok,2025-06-28T20:00,38.1,52.3,37.3,15.7
0,Bangkok,2025-06-28T21:00,38.8,51.7,33.2,15.4
0,Bangkok,2025-06-28T22:00,39.2,50.8,29.5,15.2
0,Bangkok,2025-06-28T23:00,42.9,50.4,17.2,13.9
0,Bangkok,2025-06-29T00:00,44.7,49.6,10.8,13.3
0,Bangkok,2025-06-29T01:00,46.2,49,6,12.9
0,Bangkok,2025-06-29T02:00,46.1,48.2,4.5,13
0,Bangkok,2025-06-29T03:00,47.4,48.7,2.7,12.6
0,Bangkok,2025-06-29T04:00,50.3,50.8,1.1,11.9
0,Bangkok,2025-06-29T05:00,54.1,55,1.7,11
0,Bangkok,2025-06-29T06:00,52.9,55.4,4.5,11.3
0,Bangkok,2025-06-29T07:00,50,54.9,9.9,11.9
0,Bangkok,2025-06-29T08:00,46.9,54.4,16.1,12.7
0,Bangkok,2025-06-29T09:00,44.6,54.6,22.5,13.4
0,Bangkok,2025-06-29T10:00,42.2,54.7,29.5,14.2
0,Bangkok,2025-06-29T11:00,39.5,54.4,37.7,15.1
0,Bangkok,2025-06-29T12:00,37.8,54.2,43.3,15.8
0,Bangkok,2025-06-29T13:00,37.1,54.2,46.3,16.1
0,Bangkok,2025-06-29T14:00,36.8,54.6,48.1,16.2
0,Bangkok,2025-06-29T15:00,33.8,55,62.9,17.7
0,Bangkok,2025-06-29T16:00,31.6,55.5,75.2,18.9
0,Bangkok,2025-06-29T17:00,30.3,55.1,81.7,19.7
0,Bangkok,2025-06-29T18:00,32.1,54.8,70.4,18.6
0,Bangkok,2025-06-29T19:00,35,54.7,56.1,17.1
0,Bangkok,2025-06-29T20:00,37.6,54.4,44.5,15.9
0,Bangkok,2025-06-29T21:00,40,53.6,33.9,14.9
0,Bangkok,2025-06-29T22:00,42.8,52.6,22.9,14
0,Bangkok,2025-06-29T23:00,46.6,51.8,11.1,12.8
0,Bangkok,2025-06-30T00:00,47.9,50.9,6.4,12.5
0,Bangkok,2025-06-30T01:00,48.5,50.2,3.6,12.3
0,Bangkok,2025-06-30T02:00,48.3,49.8,3.1,12.4
0,Bangkok,2025-06-30T03:00,49.4,50.6,2.3,12.1
0,Bangkok,2025-06-30T04:00,53.5,55.1,3.1,11.2
0,Bangkok,2025-06-30T05:00,51,57.2,12.2,11.7
0,Bangkok,2025-06-30T06:00,35.5,55.1,55.2,16.8
0,Bangkok,2025-06-30T07:00,26.6,52.7,97.6,22.4
0,Bangkok,2025-06-30T08:00,28.2,52.6,86.5,21.2
0,Bangkok,2025-06-30T09:00,32,53.6,67.2,18.6
0,Bangkok,2025-06-30T10:00,34.9,54.2,55.1,17.1
0,Bangkok,2025-06-30T11:00,35,54,54.2,17.1
0,Bangkok,2025-06-30T12:00,36.5,53.9,47.6,16.4
0,Bangkok,2025-06-30T13:00,37.2,53.9,45,16.1
0,Bangkok,2025-06-30T14:00,35.1,54.2,54.1,17
0,Bangkok,2025-06-30T15:00,32.4,53.8,66,18.5
0,Bangkok,2025-06-30T16:00,29.5,53.4,81,20.3
0,Bangkok,2025-06-30T17:00,27,52.8,95.5,22.2
0,Bangkok,2025-06-30T18:00,27.6,52,87.8,21.6
0,Bangkok,2025-06-30T19:00,31.9,51.6,61.5,18.7
0,Bangkok,2025-06-30T20:00,36.7,51.1,39.2,16.3
0,Bangkok,2025-06-30T21:00,39.8,50.7,27.4,15
0,Bangkok,2025-06-30T22:00,41.7,49.9,19.7,14.3
0,Bangkok,2025-06-30T23:00,44.2,49.7,12.3,13.5
