Region index,Region label,Time,Speed [kmh],Free flow speed [kmh],Congestion level [%],Travel time per 10 km [min]
0,Berlin,2025-01-01T00:00,30.5,35.2,15.5,19.6
0,Berlin,2025-01-01T01:00,33.8,38.7,14.5,17.7
0,Berlin,2025-01-01T02:00,35.4,39.3,11.2,16.9
0,Berlin,2025-01-01T03:00,36.2,38.7,6.9,16.5
0,Berlin,2025-01-01T04:00,36.8,38.2,3.7,16.2
0,Berlin,2025-01-01T05:00,36.5,37.7,3.2,16.4
0,Berlin,2025-01-01T06:00,36.4,37.4,2.8,16.4
0,Berlin,2025-01-01T07:00,36.7,38.1,3.8,16.3
0,Berlin,2025-01-01T08:00,38,39.2,2.9,15.7
0,Berlin,2025-01-01T09:00,38.8,40.5,4.3,15.4
0,Berlin,2025-01-01T10:00,39.5,42.7,8.2,15.1
0,Berlin,2025-01-01T11:00,39,43.7,11.9,15.3
0,Berlin,2025-01-01T12:00,39.2,44.6,13.7,15.2
0,Berlin,2025-01-01T13:00,38.2,44.1,15.5,15.6
0,Berlin,2025-01-01T14:00,37,43.7,18.1,16.1
0,Berlin,2025-01-01T15:00,35.9,43.1,20,16.6
0,Berlin,2025-01-01T16:00,35.2,42.9,21.7,16.9
0,Berlin,2025-01-01T17:00,34.7,42.2,21.7,17.2
0,Berlin,2025-01-01T18:00,34.4,41.3,20,17.4
0,Berlin,2025-01-01T19:00,34.3,40.4,17.9,17.4
0,Berlin,2025-01-01T20:00,34.2,39.8,16.1,17.5
0,Berlin,2025-01-01T21:00,34.8,39.5,13.6,17.2
0,Berlin,2025-01-01T22:00,35.3,39.2,11,16.9
0,Berlin,2025-01-01T23:00,35.8,38.8,8.4,16.7
0,Berlin,2025-01-02T00:00,35.2,37.6,6.7,17
0,Berlin,2025-01-02T01:00,35.6,37.3,4.9,16.8
0,Berlin,2025-01-02T02:00,35.9,37.7,4.9,16.6
0,Berlin,2025-01-02T03:00,38.1,39.7,4.2,15.7
0,Berlin,2025-01-02T04:00,42.7,44.1,3.1,14
0,Berlin,2025-01-02T05:00,41.6,44.8,7.7,14.4
0,Berlin,2025-01-02T06:00,38.7,44.4,14.5,15.4
0,Berlin,2025-01-02T07:00,34.1,43,26,17.5
0,Berlin,2025-01-02T08:00,34.8,43,23.6,17.2
0,Berlin,2025-01-02T09:00,34.7,42.8,23,17.2
0,Berlin,2025-01-02T10:00,34,42.8,25.8,17.6
0,Berlin,2025-01-02T11:00,33.2,42.9,28.8,18
0,Berlin,2025-01-02T12:00,32.5,42.7,31.3,18.4
0,Berlin,2025-01-02T13:00,31.8,42.4,33.2,18.8
0,Berlin,2025-01-02T14:00,30.7,42.3,37.5,19.5
0,Berlin,2025-01-02T15:00,30.1,42.2,40.1,19.9
0,Berlin,2025-01-02T16:00,30.5,42.3,38.6,19.6
0,Berlin,2025-01-02T17:00,30,41.2,37.3,19.9
0,Berlin,2025-01-02T18:00,31.2,41,31.3,19.2
0,Berlin,2025-01-02T19:00,32.4,40.5,24.7,18.4
0,Berlin,2025-01-02T20:00,33.7,40.3,19.4,17.7
0,Berlin,2025-01-02T21:00,34.7,40.1,15.4,17.2
0,Berlin,2025-01-02T22:00,35,39.6,13,17.1
0,Berlin,2025-01-02T23:00,36.1,39.6,9.8,16.6
0,Berlin,2025-01-03T00:00,35.6,38.3,7.6,16.8
0,Berlin,2025-01-03T01:00,34.9,37.3,6.9,17.1
0,Berlin,2025-01-03T02:00,36.3,38.5,6,16.5
0,Berlin,2025-01-03T03:00,39.6,41.4,4.5,15.1
0,Berlin,2025-01-03T04:00,42.7,44.5,4.2,14
0,Berlin,2025-01-03T05:00,41.5,44.7,7.7,14.4
0,Berlin,2025-01-03T06:00,38.8,44.4,14.3,15.4
0,Berlin,2025-01-03T07:00,34.2,42.9,25.5,17.5
0,Berlin,2025-01-03T08:00,34.7,42.8,23.2,17.2
0,Berlin,2025-01-03T09:00,34.4,42.6,23.9,17.4
0,Berlin,2025-01-03T10:00,33.3,42.4,27.2,17.9
0,Berlin,2025-01-03T11:00,32.4,42.4,30.8,18.5
0,Berlin,2025-01-03T12:00,31.5,42.1,33.3,19
0,Berlin,2025-01-03T13:00,30.6,41.9,37.2,19.6
0,Berlin,2025-01-03T14:00,28.8,41.6,44.1,20.7
0,Berlin,2025-01-03T15:00,29.1,41.6,42.7,20.5
0,Berlin,2025-01-03T16:00,30.1,41.7,38.2,19.8
0,Berlin,2025-01-03T17:00,30.5,41.3,35.1,19.6
0,Berlin,2025-01-03T18:00,30.7,40.8,32.6,19.4
0,Berlin,2025-01-03T19:00,31.5,40.2,27.5,19
0,Berlin,2025-01-03T20:00,32.4,39.9,23.1,18.5
0,Berlin,2025-01-03T21:00,33.5,39.8,18.8,17.8
0,Berlin,2025-01-03T22:00,33.5,39.5,17.7,17.8
0,Berlin,2025-01-03T23:00,34.3,38.9,13.3,17.4
0,Berlin,2025-01-04T00:00,34.6,38.1,10.2,17.3
0,Berlin,2025-01-04T01:00,34.8,37.6,8,17.2
0,Berlin,2025-01-04T02:00,35.1,37.6,7.2,17
0,Berlin,2025-01-04T03:00,36.7,39,6.2,16.3
0,Berlin,2025-01-04T04:00,39.2,41.2,5.1,15.2
0,Berlin,2025-01-04T05:00,39.1,41.9,7.1,15.3
0,Berlin,2025-01-04T06:00,37.6,42,11.6,15.9
0,Berlin,2025-01-04T07:00,38.4,43.4,13.1,15.6
0,Berlin,2025-01-04T08:00,38.5,43.8,13.5,15.5
0,Berlin,2025-01-04T09:00,37.4,43.6,16.2,16
0,Berlin,2025-01-04T10:00,35.5,43,21.2,16.8
0,Berlin,2025-01-04T11:00,33.7,42.6,26.4,17.7
0,Berlin,2025-01-04T12:00,32.4,42.2,30.3,18.4
0,Berlin,2025-01-04T13:00,30.9,41.8,34.9,19.3
0,Berlin,2025-01-04T14:00,30.5,41.6,36.1,19.6
0,Berlin,2025-01-04T15:00,30.9,41.5,34,19.3
0,Berlin,2025-01-04T16:00,30.7,41.5,35,19.5
0,Berlin,2025-01-04T17:00,30.6,41.1,34.1,19.5
0,Berlin,2025-01-04T18:00,31.1,40.6,30.8,19.2
0,Berlin,2025-01-04T19:00,32,40.2,25.7,18.7
0,Berlin,2025-01-04T20:00,32.6,39.9,22.5,18.3
0,Berlin,2025-01-04T21:00,33.4,39.7,18.9,17.9
0,Berlin,2025-01-04T22:00,33.6,39.3,16.9,17.8
0,Berlin,2025-01-04T23:00,34.5,39.2,13.6,17.3
0,Berlin,2025-01-05T00:00,34.5,38.1,10.4,17.3
0,Berlin,2025-01-05T01:00,34.5,37.2,7.8,17.3
0,Berlin,2025-01-05T02:00,35,37.2,6,17
0,Berlin,2025-01-05T03:00,36.4,38,4.3,16.4
0,Berlin,2025-01-05T04:00,39.1,40.4,3.1,15.3
0,Berlin,2025-01-05T05:00,39.9,41.1,2.9,15
0,Berlin,2025-01-05T06:00,39.5,41.2,4.4,15.1
0,Berlin,2025-01-05T07:00,39.3,42.6,8.5,15.2
0,Berlin,2025-01-05T08:00,39.5,43.2,9.4,15.1
0,Berlin,2025-01-05T09:00,39.1,43.3,10.8,15.3
0,Berlin,2025-01-05T10:00,37.9,43.2,13.9,15.7
0,Berlin,2025-01-05T11:00,37.4,43.4,15.9,16
0,Berlin,2025-01-05T12:00,36.3,43.1,18.5,16.4
0,Berlin,2025-01-05T13:00,35.5,42.8,20.6,16.8
0,Berlin,2025-01-05T14:00,34.6,42.4,22.4,17.2
0,Berlin,2025-01-05T15:00,34.1,42,23.2,17.5
0,Berlin,2025-01-05T16:00,32.7,41.6,27.2,18.3
0,Berlin,2025-01-05T17:00,30.3,41.2,36.1,19.8
0,Berlin,2025-01-05T18:00,26.6,40.9,53.3,22.4
0,Berlin,2025-01-05T19:00,27.1,40.9,50.5,22
0,Berlin,2025-01-05T20:00,30.2,40.4,33.6,19.8
0,Berlin,2025-01-05T21:00,32.3,40.5,25.3,18.5
0,Berlin,2025-01-05T22:00,33.6,40,18.9,17.8
0,Berlin,2025-01-05T23:00,35.1,40.1,14.3,17
0,Berlin,2025-01-06T00:00,36,40.1,11.3,16.6
0,Berlin,2025-01-06T01:00,35.4,39,10.2,16.9
0,Berlin,2025-01-06T02:00,35.8,39.4,10.2,16.7
0,Berlin,2025-01-06T03:00,38.3,41.9,9.3,15.6
0,Berlin,2025-01-06T04:00,41.8,45.3,8.4,14.3
0,Berlin,2025-01-06T05:00,40.5,46.1,13.7,14.7
0,Berlin,2025-01-06T06:00,35.8,45.3,26.2,16.7
0,Berlin,2025-01-06T07:00,29.2,43.2,47.6,20.5
0,Berlin,2025-01-06T08:00,27.9,42.2,51.1,21.4
0,Berlin,2025-01-06T09:00,30.1,42.1,40,19.9
0,Berlin,2025-01-06T10:00,30.7,41.9,36.3,19.5
0,Berlin,2025-01-06T11:00,29.9,41.6,39.1,20
0,Berlin,2025-01-06T12:00,30,41.6,38.9,19.9
0,Berlin,2025-01-06T13:00,30,41.8,39.1,19.9
0,Berlin,2025-01-06T14:00,28.3,41.7,47.1,21.1
0,Berlin,2025-01-06T15:00,26.6,41.3,55.1,22.5
0,Berlin,2025-01-06T16:00,27,41.4,53,22.1
0,Berlin,2025-01-06T17:00,29,41.5,42.7,20.6
0,Berlin,2025-01-06T18:00,30.9,41.1,32.9,19.4
0,Berlin,2025-01-06T19:00,32.5,40.5,24.6,18.4
0,Berlin,2025-01-06T20:00,33.5,40.2,19.9,17.8
0,Berlin,2025-01-06T21:00,34.7,40.3,15.9,17.2
0,Berlin,2025-01-06T22:00,35.7,40.2,12.5,16.7
0,Berlin,2025-01-06T23:00,35.8,39.5,10.2,16.7
0,Berlin,2025-01-07T00:00,35.5,38.6,8.5,16.8
0,Berlin,2025-01-07T01:00,35.5,38.4,8.2,16.8
0,Berlin,2025-01-07T02:00,35.8,39,8.8,16.7
0,Berlin,2025-01-07T03:00,38.6,41.1,6.5,15.5
0,Berlin,2025-01-07T04:00,42.7,44.8,5,14
0,Berlin,2025-01-07T05:00,41.5,45.8,10.5,14.4
0,Berlin,2025-01-07T06:00,36.6,45.3,23.5,16.3
0,Berlin,2025-01-07T07:00,29.8,43.3,45,20
0,Berlin,2025-01-07T08:00,28.2,42,48.7,21.2
0,Berlin,2025-01-07T09:00,30.6,41.9,36.9,19.5
0,Berlin,2025-01-07T10:00,31.4,41.9,33.5,19
0,Berlin,2025-01-07T11:00,30.9,41.7,34.9,19.3
0,Berlin,2025-01-07T12:00,30.8,41.9,35.9,19.4
0,Berlin,2025-01-07T13:00,30.3,41.8,37.8,19.7
0,Berlin,2025-01-07T14:00,28.2,41.7,47.6,21.2
0,Berlin,2025-01-07T15:00,26.3,41.4,57.4,22.7
0,Berlin,2025-01-07T16:00,25.7,41,59.6,23.3
0,Berlin,2025-01-07T17:00,27.2,41.3,51.5,21.9
0,Berlin,2025-01-07T18:00,28.3,40.7,44,21.1
0,Berlin,2025-01-07T19:00,31.4,40.2,27.8,19
0,Berlin,2025-01-07T20:00,32.9,39.9,21.3,18.2
0,Berlin,2025-01-07T21:00,34.1,40,17.2,17.5
0,Berlin,2025-01-07T22:00,34.9,39.9,14.1,17.1
0,Berlin,2025-01-07T23:00,35.8,39.8,11.1,16.7
0,Berlin,2025-01-08T00:00,35.1,38.5,9.6,17
0,Berlin,2025-01-08T01:00,34.9,38,8.6,17.1
0,Berlin,2025-01-08T02:00,35.5,38.8,9.1,16.8
0,Berlin,2025-01-08T03:00,38.3,41.4,7.8,15.6
0,Berlin,2025-01-08T04:00,42,44.4,5.8,14.2
0,Berlin,2025-01-08T05:00,41.3,45.7,10.7,14.5
0,Berlin,2025-01-08T06:00,36.3,45.4,25,16.5
0,Berlin,2025-01-08T07:00,28.9,43.1,48.8,20.7
0,Berlin,2025-01-08T08:00,27.3,42.1,53.9,21.9
0,Berlin,2025-01-08T09:00,29.6,41.9,41.3,20.2
0,Berlin,2025-01-08T10:00,30.7,42,36.7,19.5
0,Berlin,2025-01-08T11:00,30.3,41.7,37.6,19.7
0,Berlin,2025-01-08T12:00,29.6,41.4,39.7,20.2
0,Berlin,2025-01-08T13:00,29.6,41.5,40.3,20.2
0,Berlin,2025-01-08T14:00,28.9,41.9,44.7,20.7
0,Berlin,2025-01-08T15:00,26.5,41.5,56.3,22.5
0,Berlin,2025-01-08T16:00,26.5,41.5,56.2,22.5
0,Berlin,2025-01-08T17:00,28.2,41.5,47.4,21.2
0,Berlin,2025-01-08T18:00,30.2,40.9,35.6,19.8
0,Berlin,2025-01-08T19:00,32.1,40.2,25.5,18.6
0,Berlin,2025-01-08T20:00,33.1,40,20.5,18
0,Berlin,2025-01-08T21:00,34,40.1,17.9,17.6
0,Berlin,2025-01-08T22:00,34.6,39.8,14.9,17.2
0,Berlin,2025-01-08T23:00,35.4,39.1,10.2,16.9
0,Berlin,2025-01-09T00:00,35.1,38.2,8.8,17
0,Berlin,2025-01-09T01:00,34.9,37.5,7.6,17.1
0,Berlin,2025-01-09T02:00,34.9,38.6,10.4,17.1
0,Berlin,2025-01-09T03:00,37.8,41.8,10.4,15.8
0,Berlin,2025-01-09T04:00,40.7,44.5,9.4,14.7
0,Berlin,2025-01-09T05:00,39.6,45.2,14.1,15.1
0,Berlin,2025-01-09T06:00,35.1,44.9,27.9,17
0,Berlin,2025-01-09T07:00,28.4,43,51.4,21
0,Berlin,2025-01-09T08:00,26.8,41.9,56.3,22.3
0,Berlin,2025-01-09T09:00,29.2,41.8,43.1,20.5
0,Berlin,2025-01-09T10:00,30.7,41.8,36.2,19.5
0,Berlin,2025-01-09T11:00,30.1,41.6,38.1,19.8
0,Berlin,2025-01-09T12:00,30,41.7,38.8,19.9
0,Berlin,2025-01-09T13:00,29.4,41.6,41.7,20.4
0,Berlin,2025-01-09T14:00,27,41.3,52.6,22.1
0,Berlin,2025-01-09T15:00,23.8,40.7,71.1,25.1
0,Berlin,2025-01-09T16:00,20.1,40.3,99.8,29.7
0,Berlin,2025-01-09T17:00,19.9,40.2,101.6,30.1
0,Berlin,2025-01-09T18:00,22.5,40,77.3,26.5
0,Berlin,2025-01-09T19:00,25.9,39.7,53.1,23
0,Berlin,2025-01-09T20:00,29.3,40,36.6,20.4
0,Berlin,2025-01-09T21:00,31.3,40,27.4,19.1
0,Berlin,2025-01-09T22:00,32.7,39.5,20.9,18.3
0,Berlin,2025-01-09T23:00,33.8,39.2,15.8,17.7
0,Berlin,2025-01-10T00:00,33.6,38.1,13.3,17.8
0,Berlin,2025-01-10T01:00,33.3,37.7,13.1,17.9
0,Berlin,2025-01-10T02:00,33.6,38.3,13.9,17.8
0,Berlin,2025-01-10T03:00,35.4,40.5,14.4,16.9
0,Berlin,2025-01-10T04:00,39.3,44.1,12.3,15.2
0,Berlin,2025-01-10T05:00,38.9,45,15.8,15.4
0,Berlin,2025-01-10T06:00,35.2,44.3,25.8,17
0,Berlin,2025-01-10T07:00,30.2,42.9,42.1,19.8
0,Berlin,2025-01-10T08:00,29.7,42.2,41.7,20.1
0,Berlin,2025-01-10T09:00,30.6,41.9,36.9,19.5
0,Berlin,2025-01-10T10:00,30.5,41.8,37.1,19.6
0,Berlin,2025-01-10T11:00,30.1,41.8,38.6,19.8
0,Berlin,2025-01-10T12:00,29.4,41.7,41.6,20.3
0,Berlin,2025-01-10T13:00,28.3,41.7,47.4,21.1
0,Berlin,2025-01-10T14:00,25.9,40.9,57.6,23
0,Berlin,2025-01-10T15:00,26.4,41.1,55.2,22.6
0,Berlin,2025-01-10T16:00,28.1,41.3,46.7,21.3
0,Berlin,2025-01-10T17:00,29.2,41.4,41.5,20.4
0,Berlin,2025-01-10T18:00,29.6,40.7,37.4,20.2
0,Berlin,2025-01-10T19:00,30.9,40,29.2,19.3
0,Berlin,2025-01-10T20:00,31.8,39.5,24.2,18.8
0,Berlin,2025-01-10T21:00,32.7,39.3,20.3,18.3
0,Berlin,2025-01-10T22:00,33.3,39.3,17.8,17.9
0,Berlin,2025-01-10T23:00,33.9,38.7,14,17.6
0,Berlin,2025-01-11T00:00,34.4,37.8,10,17.4
0,Berlin,2025-01-11T01:00,34.4,36.9,7.2,17.4
0,Berlin,2025-01-11T02:00,34.6,36.7,5.9,17.2
0,Berlin,2025-01-11T03:00,36,37.8,4.9,16.6
0,Berlin,2025-01-11T04:00,38.1,39.8,4.5,15.7
0,Berlin,2025-01-11T05:00,38.8,41.4,6.7,15.4
0,Berlin,2025-01-11T06:00,38.2,41.9,9.7,15.6
0,Berlin,2025-01-11T07:00,38.1,43,12.8,15.7
0,Berlin,2025-01-11T08:00,38.1,43.3,13.7,15.7
0,Berlin,2025-01-11T09:00,36.4,42.9,17.8,16.4
0,Berlin,2025-01-11T10:00,34.7,42.6,22.7,17.2
0,Berlin,2025-01-11T11:00,32.8,42.1,28.2,18.2
0,Berlin,2025-01-11T12:00,31.4,41.9,33.3,19
0,Berlin,2025-01-11T13:00,30.2,41.4,37.1,19.8
0,Berlin,2025-01-11T14:00,29.9,41.4,38.3,20
0,Berlin,2025-01-11T15:00,29.6,41,38.5,20.2
0,Berlin,2025-01-11T16:00,29.6,40.9,38.1,20.2
0,Berlin,2025-01-11T17:00,28.8,40.7,41.4,20.8
0,Berlin,2025-01-11T18:00,28.9,39.9,38,20.7
0,Berlin,2025-01-11T19:00,30.2,39.4,30.3,19.8
0,Berlin,2025-01-11T20:00,31.4,39.2,24.9,19
0,Berlin,2025-01-11T21:00,32.4,39.2,21.1,18.5
0,Berlin,2025-01-11T22:00,32.9,39.3,19.2,18.1
0,Berlin,2025-01-11T23:00,33.6,38.6,15,17.8
0,Berlin,2025-01-12T00:00,33.9,37.8,11.4,17.6
0,Berlin,2025-01-12T01:00,34.4,37.1,7.9,17.4
0,Berlin,2025-01-12T02:00,34.6,36.6,5.6,17.3
0,Berlin,2025-01-12T03:00,35.2,36.7,4.2,17
0,Berlin,2025-01-12T04:00,36.8,38.1,3.5,16.2
0,Berlin,2025-01-12T05:00,38.3,39.2,2.5,15.6
0,Berlin,2025-01-12T06:00,38.7,40.1,3.6,15.4
0,Berlin,2025-01-12T07:00,38.6,41.6,7.7,15.5
0,Berlin,2025-01-12T08:00,39.3,43,9.2,15.2
0,Berlin,2025-01-12T09:00,38.6,43.2,11.8,15.5
0,Berlin,2025-01-12T10:00,37.3,43.1,15.4,16
0,Berlin,2025-01-12T11:00,35.5,42.7,20.1,16.8
0,Berlin,2025-01-12T12:00,34.4,42.6,23.8,17.4
0,Berlin,2025-01-12T13:00,33.9,42.7,25.7,17.6
0,Berlin,2025-01-12T14:00,33.3,42.3,26.9,17.9
0,Berlin,2025-01-12T15:00,33,41.9,26.8,18.1
0,Berlin,2025-01-12T16:00,32.7,42.1,28.7,18.3
0,Berlin,2025-01-12T17:00,32.8,41.9,27.6,18.2
0,Berlin,2025-01-12T18:00,33.3,41.5,24.5,17.9
0,Berlin,2025-01-12T19:00,33.8,40.9,21.1,17.7
0,Berlin,2025-01-12T20:00,34.5,40.7,18,17.3
0,Berlin,2025-01-12T21:00,35.3,40.6,14.9,16.9
0,Berlin,2025-01-12T22:00,35.5,40,12.7,16.8
0,Berlin,2025-01-12T23:00,36.2,39.8,10,16.5
0,Berlin,2025-01-13T00:00,36.2,39.1,7.8,16.5
0,Berlin,2025-01-13T01:00,35.7,38.3,7.1,16.7
0,Berlin,2025-01-13T02:00,36,39,8.2,16.6
0,Berlin,2025-01-13T03:00,39.2,41.9,6.8,15.2
0,Berlin,2025-01-13T04:00,43.3,45.6,5.3,13.8
0,Berlin,2025-01-13T05:00,41.6,46.5,11.8,14.4
0,Berlin,2025-01-13T06:00,35.7,45.3,26.9,16.7
0,Berlin,2025-01-13T07:00,28.8,43.3,50,20.7
0,Berlin,2025-01-13T08:00,26.7,42.1,57.1,22.3
0,Berlin,2025-01-13T09:00,28.5,41.8,46.8,21
0,Berlin,2025-01-13T10:00,30.1,42,39.5,19.9
0,Berlin,2025-01-13T11:00,29.9,41.9,40,20
0,Berlin,2025-01-13T12:00,29.6,41.7,40.9,20.2
0,Berlin,2025-01-13T13:00,28.9,41.6,43.6,20.7
0,Berlin,2025-01-13T14:00,27.7,41.7,50.4,21.6
0,Berlin,2025-01-13T15:00,25.7,41.2,60.1,23.3
0,Berlin,2025-01-13T16:00,25.9,41.2,58.7,23.1
0,Berlin,2025-01-13T17:00,27.6,41.2,49.1,21.6
0,Berlin,2025-01-13T18:00,29.7,40.8,37.2,20.1
0,Berlin,2025-01-13T19:00,32.1,40.5,26.2,18.6
0,Berlin,2025-01-13T20:00,32.8,40.1,22.1,18.2
0,Berlin,2025-01-13T21:00,33.8,40,18.3,17.7
0,Berlin,2025-01-13T22:00,34.9,39.8,13.9,17.1
0,Berlin,2025-01-13T23:00,35.7,39.3,10.2,16.7
0,Berlin,2025-01-14T00:00,34.9,37.9,8.6,17.1
0,Berlin,2025-01-14T01:00,35,38,8.5,17
0,Berlin,2025-01-14T02:00,35.4,38.7,9.5,16.9
0,Berlin,2025-01-14T03:00,38.3,41.6,8.6,15.6
0,Berlin,2025-01-14T04:00,42.4,45,6.2,14.1
0,Berlin,2025-01-14T05:00,40.8,45.7,11.9,14.6
0,Berlin,2025-01-14T06:00,35.5,45.2,27.3,16.8
0,Berlin,2025-01-14T07:00,28.5,43.3,51.9,21
0,Berlin,2025-01-14T08:00,26.7,42,57.5,22.4
0,Berlin,2025-01-14T09:00,29.3,42.1,43.6,20.4
0,Berlin,2025-01-14T10:00,30.8,42,36.2,19.4
0,Berlin,2025-01-14T11:00,30.5,41.8,36.7,19.6
0,Berlin,2025-01-14T12:00,30.1,41.6,38,19.8
0,Berlin,2025-01-14T13:00,29.8,41.7,40,20.1
0,Berlin,2025-01-14T14:00,28.6,41.9,46.3,20.9
0,Berlin,2025-01-14T15:00,26,41.4,59.1,23
0,Berlin,2025-01-14T16:00,26.1,41.4,58.6,22.9
0,Berlin,2025-01-14T17:00,27.5,41.4,50.5,21.7
0,Berlin,2025-01-14T18:00,28.3,40.6,43.4,21.1
0,Berlin,2025-01-14T19:00,31.2,40,28.4,19.2
0,Berlin,2025-01-14T20:00,32.7,39.8,21.5,18.3
0,Berlin,2025-01-14T21:00,33.8,39.7,17.4,17.7
0,Berlin,2025-01-14T22:00,34.3,39.3,14.4,17.4
0,Berlin,2025-01-14T23:00,35.1,38.9,10.8,17
0,Berlin,2025-01-15T00:00,34.9,38,8.9,17.1
0,Berlin,2025-01-15T01:00,34.3,37.3,8.8,17.4
0,Berlin,2025-01-15T02:00,34.8,37.9,8.9,17.2
0,Berlin,2025-01-15T03:00,37.9,40.9,8.1,15.8
0,Berlin,2025-01-15T04:00,42.5,45,6,14.1
0,Berlin,2025-01-15T05:00,41.1,45.9,11.6,14.5
0,Berlin,2025-01-15T06:00,35.4,45.2,27.5,16.9
0,Berlin,2025-01-15T07:00,28,43,53.5,21.3
0,Berlin,2025-01-15T08:00,26.7,42.2,58.1,22.4
0,Berlin,2025-01-15T09:00,29.2,42.2,44.3,20.5
0,Berlin,2025-01-15T10:00,30.4,42,38.1,19.7
0,Berlin,2025-01-15T11:00,30.2,41.9,38.6,19.8
0,Berlin,2025-01-15T12:00,29.9,41.8,39.9,20
0,Berlin,2025-01-15T13:00,29.5,41.9,41.6,20.2
0,Berlin,2025-01-15T14:00,28.1,41.9,48.7,21.2
0,Berlin,2025-01-15T15:00,25.8,41.5,60.6,23.1
0,Berlin,2025-01-15T16:00,25.8,41.5,60.5,23.1
0,Berlin,2025-01-15T17:00,27.6,41.5,50.3,21.6
0,Berlin,2025-01-15T18:00,29.3,41,40,20.4
0,Berlin,2025-01-15T19:00,31.4,40.3,28.4,19
0,Berlin,2025-01-15T20:00,32.8,40,21.9,18.2
0,Berlin,2025-01-15T21:00,34,39.9,17.6,17.6
0,Berlin,2025-01-15T22:00,34.4,39.7,15.3,17.4
0,Berlin,2025-01-15T23:00,35.6,39.6,11.2,16.8
0,Berlin,2025-01-16T00:00,35.2,38.2,8.5,17
0,Berlin,2025-01-16T01:00,35.3,37.9,7.3,16.9
0,Berlin,2025-01-16T02:00,35.2,38,7.9,17
0,Berlin,2025-01-16T03:00,37.6,40.6,7.9,15.9
0,Berlin,2025-01-16T04:00,43.1,45.2,4.9,13.9
0,Berlin,2025-01-16T05:00,41.2,45.7,10.8,14.5
0,Berlin,2025-01-16T06:00,36,45.2,25.6,16.6
0,Berlin,2025-01-16T07:00,29,43.4,49.7,20.6
0,Berlin,2025-01-16T08:00,27.3,42.3,54.6,21.9
0,Berlin,2025-01-16T09:00,29.3,42.2,44.2,20.4
0,Berlin,2025-01-16T10:00,30.3,42,38.5,19.7
0,Berlin,2025-01-16T11:00,30.1,41.9,39.2,19.9
0,Berlin,2025-01-16T12:00,29.3,41.9,42.6,20.4
0,Berlin,2025-01-16T13:00,29.6,42.1,42.3,20.2
0,Berlin,2025-01-16T14:00,28.4,42.2,48.3,21
0,Berlin,2025-01-16T15:00,25.7,41.6,61.8,23.3
0,Berlin,2025-01-16T16:00,25.5,41.5,62.5,23.4
0,Berlin,2025-01-16T17:00,27.4,41.6,51.8,21.8
0,Berlin,2025-01-16T18:00,29.3,41,40,20.4
0,Berlin,2025-01-16T19:00,31.4,40.4,28.7,19
0,Berlin,2025-01-16T20:00,32.9,40.2,22,18.2
0,Berlin,2025-01-16T21:00,33.9,39.9,17.4,17.6
0,Berlin,2025-01-16T22:00,34.8,39.9,14.4,17.2
0,Berlin,2025-01-16T23:00,35.4,39.1,10.3,16.9
0,Berlin,2025-01-17T00:00,34.6,37.5,8.2,17.3
0,Berlin,2025-01-17T01:00,34.4,36.8,7,17.4
0,Berlin,2025-01-17T02:00,34.9,37.4,7.3,17.1
0,Berlin,2025-01-17T03:00,37.6,40.1,6.5,15.9
0,Berlin,2025-01-17T04:00,42,44.2,5.3,14.2
0,Berlin,2025-01-17T05:00,41.2,45.2,9.8,14.5
0,Berlin,2025-01-17T06:00,37.2,45,21,16.1
0,Berlin,2025-01-17T07:00,31.1,43.4,39.3,19.2
0,Berlin,2025-01-17T08:00,30,42.4,41.3,19.9
0,Berlin,2025-01-17T09:00,30.6,42.1,37.6,19.5
0,Berlin,2025-01-17T10:00,31.1,42.2,35.4,19.2
0,Berlin,2025-01-17T11:00,30.7,42.2,37.5,19.5
0,Berlin,2025-01-17T12:00,30.3,42.4,39.9,19.7
0,Berlin,2025-01-17T13:00,29.3,42.3,44.3,20.4
0,Berlin,2025-01-17T14:00,27.9,42.1,50.9,21.4
0,Berlin,2025-01-17T15:00,27.7,42,51.2,21.5
0,Berlin,2025-01-17T16:00,28.8,41.9,45.1,20.7
0,Berlin,2025-01-17T17:00,29.3,41.8,42.7,20.4
0,Berlin,2025-01-17T18:00,29.6,41.1,38.7,20.2
0,Berlin,2025-01-17T19:00,30.8,40.2,30.1,19.4
0,Berlin,2025-01-17T20:00,31.9,39.7,24.3,18.7
0,Berlin,2025-01-17T21:00,32.9,39.4,20,18.2
0,Berlin,2025-01-17T22:00,33,39.4,19.1,18.1
0,Berlin,2025-01-17T23:00,34.3,38.9,13.3,17.4
0,Berlin,2025-01-18T00:00,34.2,37.5,9.5,17.4
0,Berlin,2025-01-18T01:00,34.3,36.6,6.8,17.4
0,Berlin,2025-01-18T02:00,34.6,36.3,4.7,17.2
0,Berlin,2025-01-18T03:00,35.7,37.2,4.2,16.7
0,Berlin,2025-01-18T04:00,37.9,39.2,3.3,15.7
0,Berlin,2025-01-18T05:00,38.6,40.9,6,15.5
0,Berlin,2025-01-18T06:00,38.5,41.7,8.1,15.5
0,Berlin,2025-01-18T07:00,38.6,43,11.3,15.5
0,Berlin,2025-01-18T08:00,38.7,43.6,12.8,15.4
0,Berlin,2025-01-18T09:00,36.2,43.4,19.8,16.5
0,Berlin,2025-01-18T10:00,33.9,42.7,25.9,17.6
0,Berlin,2025-01-18T11:00,32.9,42.4,28.7,18.2
0,Berlin,2025-01-18T12:00,31.7,42.1,32.9,18.9
0,Berlin,2025-01-18T13:00,30.2,41.9,38.7,19.8
0,Berlin,2025-01-18T14:00,29.6,41.6,40.8,20.2
0,Berlin,2025-01-18T15:00,29.6,41.2,39,20.2
0,Berlin,2025-01-18T16:00,30,41.2,37.1,19.9
0,Berlin,2025-01-18T17:00,29.6,41.1,38.6,20.2
0,Berlin,2025-01-18T18:00,29.5,40.4,36.6,20.2
0,Berlin,2025-01-18T19:00,30.5,39.6,29.7,19.6
0,Berlin,2025-01-18T20:00,31.6,39.2,24.1,18.9
0,Berlin,2025-01-18T21:00,32.5,39,20.1,18.4
0,Berlin,2025-01-18T22:00,32.9,39.1,18.7,18.2
0,Berlin,2025-01-18T23:00,33.7,38.6,14.7,17.7
0,Berlin,2025-01-19T00:00,34,37.6,10.5,17.6
0,Berlin,2025-01-19T01:00,34.6,36.9,6.7,17.3
0,Berlin,2025-01-19T02:00,34.5,36.3,5.2,17.3
0,Berlin,2025-01-19T03:00,35.3,36.7,3.7,16.9
0,Berlin,2025-01-19T04:00,36.6,37.7,3,16.3
0,Berlin,2025-01-19T05:00,38.7,39.6,2.4,15.4
0,Berlin,2025-01-19T06:00,39,40.2,3.1,15.3
0,Berlin,2025-01-19T07:00,38.8,41.8,7.5,15.4
0,Berlin,2025-01-19T08:00,39.8,43.3,8.7,15
0,Berlin,2025-01-19T09:00,38.7,43.7,12.8,15.4
0,Berlin,2025-01-19T10:00,37.2,43.5,17,16.1
0,Berlin,2025-01-19T11:00,35.5,43.3,21.9,16.8
0,Berlin,2025-01-19T12:00,33.7,42.9,27.3,17.7
0,Berlin,2025-01-19T13:00,32.2,42.7,32.4,18.5
0,Berlin,2025-01-19T14:00,31.6,42.5,34.5,18.9
0,Berlin,2025-01-19T15:00,31.9,42.1,31.9,18.7
0,Berlin,2025-01-19T16:00,32.1,42.2,31.4,18.6
0,Berlin,2025-01-19T17:00,31.4,42.1,34.1,19
0,Berlin,2025-01-19T18:00,32.3,41.8,29.4,18.5
0,Berlin,2025-01-19T19:00,33.3,41,23.1,18
0,Berlin,2025-01-19T20:00,34.5,41,18.6,17.3
0,Berlin,2025-01-19T21:00,35,40.5,15.6,17.1
0,Berlin,2025-01-19T22:00,35.5,40.1,13,16.8
0,Berlin,2025-01-19T23:00,36.4,39.9,9.5,16.4
0,Berlin,2025-01-20T00:00,35.8,38.6,7.8,16.7
0,Berlin,2025-01-20T01:00,35.3,37.9,7.3,16.9
0,Berlin,2025-01-20T02:00,36.1,38.9,7.7,16.6
0,Berlin,2025-01-20T03:00,38.6,41,6.3,15.5
0,Berlin,2025-01-20T04:00,43.6,45.8,4.8,13.7
0,Berlin,2025-01-20T05:00,41,46.5,13.5,14.6
0,Berlin,2025-01-20T06:00,34.5,45.2,31.1,17.3
0,Berlin,2025-01-20T07:00,27.8,43.2,55.1,21.5
0,Berlin,2025-01-20T08:00,26.1,42.1,61.4,22.9
0,Berlin,2025-01-20T09:00,27.3,41.9,53.1,21.9
0,Berlin,2025-01-20T10:00,29.4,42.2,43.1,20.3
0,Berlin,2025-01-20T11:00,29.8,42,40.6,20
0,Berlin,2025-01-20T12:00,29.9,42,40.4,20
0,Berlin,2025-01-20T13:00,29.5,41.8,41.5,20.3
0,Berlin,2025-01-20T14:00,27.8,41.6,49.4,21.5
0,Berlin,2025-01-20T15:00,25.9,41.6,60.4,23.1
0,Berlin,2025-01-20T16:00,25.8,41.4,60.3,23.1
0,Berlin,2025-01-20T17:00,28,41.8,49.2,21.4
0,Berlin,2025-01-20T18:00,29.9,41.2,38,20
0,Berlin,2025-01-20T19:00,32,40.5,26.6,18.7
0,Berlin,2025-01-20T20:00,33,39.9,20.8,18.1
0,Berlin,2025-01-20T21:00,34.5,40.1,16.3,17.3
0,Berlin,2025-01-20T22:00,35.4,40.2,13.3,16.9
0,Berlin,2025-01-20T23:00,35.8,39.3,9.6,16.7
0,Berlin,2025-01-21T00:00,35.3,38.3,8.7,16.9
0,Berlin,2025-01-21T01:00,35.2,38,7.7,16.9
0,Berlin,2025-01-21T02:00,36.4,39.2,7.7,16.4
0,Berlin,2025-01-21T03:00,38.2,41.3,8.1,15.6
0,Berlin,2025-01-21T04:00,42.6,45,5.6,14
0,Berlin,2025-01-21T05:00,40.9,45.8,11.8,14.6
0,Berlin,2025-01-21T06:00,35.2,45.2,28.5,17
0,Berlin,2025-01-21T07:00,28.6,43.3,51.2,20.9
0,Berlin,2025-01-21T08:00,26.5,42,58.2,22.5
0,Berlin,2025-01-21T09:00,27.6,41.4,50,21.7
0,Berlin,2025-01-21T10:00,30.3,42,38.7,19.7
0,Berlin,2025-01-21T11:00,30.3,41.8,37.9,19.7
0,Berlin,2025-01-21T12:00,30.2,41.9,38.7,19.8
0,Berlin,2025-01-21T13:00,29.6,41.8,41,20.2
0,Berlin,2025-01-21T14:00,28.1,41.7,48.4,21.3
0,Berlin,2025-01-21T15:00,25.5,41.2,61.4,23.4
0,Berlin,2025-01-21T16:00,25,41,63.9,23.9
0,Berlin,2025-01-21T17:00,27,41.3,52.7,22.1
0,Berlin,2025-01-21T18:00,29,41.1,41.5,20.6
0,Berlin,2025-01-21T19:00,31.3,40.2,28.3,19.1
0,Berlin,2025-01-21T20:00,32.8,39.9,21.3,18.2
0,Berlin,2025-01-21T21:00,34.3,40.1,17,17.4
0,Berlin,2025-01-21T22:00,34.7,39.6,14.1,17.2
0,Berlin,2025-01-21T23:00,35.3,39.1,10.5,16.9
0,Berlin,2025-01-22T00:00,34.7,37.9,9.2,17.2
0,Berlin,2025-01-22T01:00,34.5,37.5,8.6,17.3
0,Berlin,2025-01-22T02:00,34.8,38.1,9.3,17.2
0,Berlin,2025-01-22T03:00,37.6,40.9,8.6,15.9
0,Berlin,2025-01-22T04:00,42.1,44.9,6.7,14.2
0,Berlin,2025-01-22T05:00,40.6,45.8,12.5,14.7
0,Berlin,2025-01-22T06:00,35.7,45.2,26.6,16.7
0,Berlin,2025-01-22T07:00,28.7,43.3,50.6,20.8
0,Berlin,2025-01-22T08:00,27.3,42.2,54.3,21.9
0,Berlin,2025-01-22T09:00,29.5,42.3,43.6,20.3
0,Berlin,2025-01-22T10:00,30.6,42.3,38.2,19.6
0,Berlin,2025-01-22T11:00,30.3,41.9,38.3,19.7
0,Berlin,2025-01-22T12:00,30,42,39.8,19.9
0,Berlin,2025-01-22T13:00,29.9,42,40.2,20
0,Berlin,2025-01-22T14:00,28.7,42,46.6,20.9
0,Berlin,2025-01-22T15:00,26.4,41.6,57.4,22.6
0,Berlin,2025-01-22T16:00,26.4,41.4,57.1,22.7
0,Berlin,2025-01-22T17:00,27.6,41.6,50.9,21.7
0,Berlin,2025-01-22T18:00,29,41.1,41.4,20.6
0,Berlin,2025-01-22T19:00,31.2,40.2,28.9,19.2
0,Berlin,2025-01-22T20:00,32.8,40.1,22.3,18.2
0,Berlin,2025-01-22T21:00,33.9,39.9,17.6,17.6
0,Berlin,2025-01-22T22:00,34.7,39.7,14.4,17.2
0,Berlin,2025-01-22T23:00,34.8,38.8,11.4,17.2
0,Berlin,2025-01-23T00:00,34.3,37.7,10,17.4
0,Berlin,2025-01-23T01:00,34,37.2,9.3,17.6
0,Berlin,2025-01-23T02:00,34.7,38,9.2,17.2
0,Berlin,2025-01-23T03:00,37.5,40.4,7.7,15.9
0,Berlin,2025-01-23T04:00,42.2,44.9,6.3,14.1
0,Berlin,2025-01-23T05:00,40.9,45.5,11.2,14.6
0,Berlin,2025-01-23T06:00,36.1,45.1,25.1,16.6
0,Berlin,2025-01-23T07:00,29,43.3,49.3,20.6
0,Berlin,2025-01-23T08:00,26.2,41.9,59.7,22.8
0,Berlin,2025-01-23T09:00,27.9,41.8,49.7,21.4
0,Berlin,2025-01-23T10:00,28.1,41.2,46.2,21.2
0,Berlin,2025-01-23T11:00,29.2,41.7,42.4,20.4
0,Berlin,2025-01-23T12:00,29.4,41.9,42,20.3
0,Berlin,2025-01-23T13:00,29,41.8,44.3,20.6
0,Berlin,2025-01-23T14:00,27.9,41.9,50,21.4
0,Berlin,2025-01-23T15:00,25.8,41.3,59.9,23.2
0,Berlin,2025-01-23T16:00,25.7,41.3,60.4,23.2
0,Berlin,2025-01-23T17:00,27.3,41.5,52,21.9
0,Berlin,2025-01-23T18:00,28.8,41.2,43.1,20.8
0,Berlin,2025-01-23T19:00,31.1,40.2,29.3,19.2
0,Berlin,2025-01-23T20:00,32.9,40.2,22.1,18.1
0,Berlin,2025-01-23T21:00,33.9,40.1,18.2,17.6
0,Berlin,2025-01-23T22:00,33.9,39.6,16.8,17.6
0,Berlin,2025-01-23T23:00,35.6,39.6,11.2,16.8
0,Berlin,2025-01-24T00:00,34.8,37.8,8.5,17.2
0,Berlin,2025-01-24T01:00,34.5,37.2,7.6,17.3
0,Berlin,2025-01-24T02:00,34.6,37.5,8.1,17.2
0,Berlin,2025-01-24T03:00,37.2,40.1,7.5,16
0,Berlin,2025-01-24T04:00,42.1,44.5,5.7,14.2
0,Berlin,2025-01-24T05:00,41,45.4,10.6,14.5
0,Berlin,2025-01-24T06:00,36.7,44.9,22.1,16.3
0,Berlin,2025-01-24T07:00,30.6,43.2,40.8,19.5
0,Berlin,2025-01-24T08:00,30,42.3,40.8,19.9
0,Berlin,2025-01-24T09:00,31,42.6,37.6,19.3
0,Berlin,2025-01-24T10:00,30.9,42.5,37.4,19.3
0,Berlin,2025-01-24T11:00,30.3,42.3,39.7,19.7
0,Berlin,2025-01-24T12:00,28.9,42.1,45.5,20.7
0,Berlin,2025-01-24T13:00,27.6,41.8,51.1,21.6
0,Berlin,2025-01-24T14:00,26.7,41.7,56,22.4
0,Berlin,2025-01-24T15:00,27.3,41.8,52.9,21.9
0,Berlin,2025-01-24T16:00,28.9,42,45.4,20.7
0,Berlin,2025-01-24T17:00,28.3,41.7,47.1,21.1
0,Berlin,2025-01-24T18:00,28.6,41.1,43.7,20.9
0,Berlin,2025-01-24T19:00,30.5,40.9,33.9,19.6
0,Berlin,2025-01-24T20:00,31.6,40,26.5,18.9
0,Berlin,2025-01-24T21:00,32.2,39.5,22.6,18.5
0,Berlin,2025-01-24T22:00,32,39.2,22.3,18.7
0,Berlin,2025-01-24T23:00,33.5,38.8,16,17.9
0,Berlin,2025-01-25T00:00,33.6,37.5,11.6,17.8
0,Berlin,2025-01-25T01:00,34,36.7,8,17.6
0,Berlin,2025-01-25T02:00,34.4,36.6,6.2,17.4
0,Berlin,2025-01-25T03:00,35.9,37.7,4.7,16.6
0,Berlin,2025-01-25T04:00,38.1,39.6,3.9,15.7
0,Berlin,2025-01-25T05:00,38.3,40.7,6.3,15.6
0,Berlin,2025-01-25T06:00,39,42.4,8.8,15.3
0,Berlin,2025-01-25T07:00,39,43.6,11.6,15.3
0,Berlin,2025-01-25T08:00,38.4,43.7,13.7,15.6
0,Berlin,2025-01-25T09:00,36.3,43.7,20.4,16.5
0,Berlin,2025-01-25T10:00,34.3,43.1,25.5,17.4
0,Berlin,2025-01-25T11:00,32.5,42.6,30.7,18.4
0,Berlin,2025-01-25T12:00,31.3,42.3,35.1,19.1
0,Berlin,2025-01-25T13:00,30.3,41.8,38.1,19.7
0,Berlin,2025-01-25T14:00,30,41.9,39.6,19.9
0,Berlin,2025-01-25T15:00,30,41.5,38.3,19.9
0,Berlin,2025-01-25T16:00,29.9,41.5,38.6,20
0,Berlin,2025-01-25T17:00,29.6,41.5,40.1,20.2
0,Berlin,2025-01-25T18:00,29.3,41,39.7,20.4
0,Berlin,2025-01-25T19:00,30.6,39.9,30.1,19.5
0,Berlin,2025-01-25T20:00,31.5,39.3,24.6,19
0,Berlin,2025-01-25T21:00,32.3,39.1,20.9,18.5
0,Berlin,2025-01-25T22:00,33.2,39.7,19.7,18
0,Berlin,2025-01-25T23:00,33,40.3,22.1,18.1
0,Berlin,2025-01-26T00:00,33.9,38.4,13.3,17.6
0,Berlin,2025-01-26T01:00,34.2,37.2,8.6,17.5
0,Berlin,2025-01-26T02:00,34.5,36.6,5.9,17.3
0,Berlin,2025-01-26T03:00,35,36.5,4.2,17
0,Berlin,2025-01-26T04:00,36.4,37.9,3.9,16.4
0,Berlin,2025-01-26T05:00,38.2,39.4,3.3,15.7
0,Berlin,2025-01-26T06:00,38.1,39.8,4.4,15.7
0,Berlin,2025-01-26T07:00,39.1,42.1,7.8,15.3
0,Berlin,2025-01-26T08:00,39.8,43.6,9.6,15
0,Berlin,2025-01-26T09:00,39,44,12.6,15.3
0,Berlin,2025-01-26T10:00,37.7,43.7,15.8,15.8
0,Berlin,2025-01-26T11:00,36.6,43.7,19.3,16.3
0,Berlin,2025-01-26T12:00,35.2,43.3,22.7,16.9
0,Berlin,2025-01-26T13:00,33.7,42.8,27,17.8
0,Berlin,2025-01-26T14:00,32.5,42.6,30.8,18.4
0,Berlin,2025-01-26T15:00,32.6,42.1,29.2,18.3
0,Berlin,2025-01-26T16:00,32.9,42.3,28.4,18.2
0,Berlin,2025-01-26T17:00,31.6,42,32.9,18.9
0,Berlin,2025-01-26T18:00,32.3,41.7,29.1,18.5
0,Berlin,2025-01-26T19:00,33.3,41.1,23.2,17.9
0,Berlin,2025-01-26T20:00,34.1,40.8,19.3,17.5
0,Berlin,2025-01-26T21:00,34.8,40.5,16.5,17.2
0,Berlin,2025-01-26T22:00,35.4,40.2,13.5,16.9
0,Berlin,2025-01-26T23:00,35.8,39.6,10.6,16.7
0,Berlin,2025-01-27T00:00,35.7,38.8,8.5,16.7
0,Berlin,2025-01-27T01:00,35.7,38.2,6.8,16.7
0,Berlin,2025-01-27T02:00,37.1,39.1,5.2,16.1
0,Berlin,2025-01-27T03:00,38.9,40.6,4.3,15.3
0,Berlin,2025-01-27T04:00,42.1,44,4.4,14.2
0,Berlin,2025-01-27T05:00,39.8,45.1,13.1,15
0,Berlin,2025-01-27T06:00,33.6,44.3,31.7,17.8
0,Berlin,2025-01-27T07:00,25,42.2,68.4,23.9
0,Berlin,2025-01-27T08:00,22.1,41.1,85.2,27
0,Berlin,2025-01-27T09:00,24.5,40.9,66.7,24.4
0,Berlin,2025-01-27T10:00,28.8,41.4,43.4,20.7
0,Berlin,2025-01-27T11:00,29.5,41.2,39.8,20.3
0,Berlin,2025-01-27T12:00,29.1,41.4,42,20.5
0,Berlin,2025-01-27T13:00,28.2,41.1,45.8,21.2
0,Berlin,2025-01-27T14:00,25.7,41.1,59.8,23.3
0,Berlin,2025-01-27T15:00,22.9,40.4,75.9,26
0,Berlin,2025-01-27T16:00,23.1,40.3,73.9,25.8
0,Berlin,2025-01-27T17:00,25.8,40.9,58.6,23.2
0,Berlin,2025-01-27T18:00,27.6,40.5,46.6,21.6
0,Berlin,2025-01-27T19:00,30.3,39.8,31.4,19.7
0,Berlin,2025-01-27T20:00,32.5,39.6,21.9,18.4
0,Berlin,2025-01-27T21:00,33.7,39.4,17,17.8
0,Berlin,2025-01-27T22:00,34.6,39.3,13.4,17.2
0,Berlin,2025-01-27T23:00,34.6,38,9.8,17.3
0,Berlin,2025-01-28T00:00,34.4,37.4,8.5,17.4
0,Berlin,2025-01-28T01:00,35.2,37.6,6.7,17
0,Berlin,2025-01-28T02:00,35.6,38.4,7.8,16.8
0,Berlin,2025-01-28T03:00,38.3,41,6.8,15.6
0,Berlin,2025-01-28T04:00,42.2,44.9,6.2,14.1
0,Berlin,2025-01-28T05:00,39,45.2,15.6,15.3
0,Berlin,2025-01-28T06:00,31.9,43.6,36.8,18.7
0,Berlin,2025-01-28T07:00,26.2,41.9,59.8,22.8
0,Berlin,2025-01-28T08:00,24.3,41.1,68.9,24.6
0,Berlin,2025-01-28T09:00,26.9,41.4,53.8,22.2
0,Berlin,2025-01-28T10:00,29.6,41.8,41.4,20.2
0,Berlin,2025-01-28T11:00,29.5,41.7,41.2,20.2
0,Berlin,2025-01-28T12:00,29.5,41.8,41.6,20.3
0,Berlin,2025-01-28T13:00,28.9,41.9,44.7,20.6
0,Berlin,2025-01-28T14:00,26.1,41.5,58.4,22.9
0,Berlin,2025-01-28T15:00,23.8,41,71.5,25.1
0,Berlin,2025-01-28T16:00,23.7,41,72.5,25.2
0,Berlin,2025-01-28T17:00,25.8,41.3,59.9,23.2
0,Berlin,2025-01-28T18:00,28.2,41.1,45.6,21.2
0,Berlin,2025-01-28T19:00,31,40.3,29.8,19.3
0,Berlin,2025-01-28T20:00,32.9,40,21.6,18.2
0,Berlin,2025-01-28T21:00,34.2,40.1,17.3,17.5
0,Berlin,2025-01-28T22:00,35.1,40.2,14.2,17
0,Berlin,2025-01-28T23:00,35.5,39.3,10.7,16.8
0,Berlin,2025-01-29T00:00,34.7,37.8,8.7,17.2
0,Berlin,2025-01-29T01:00,34.8,37.6,7.9,17.2
0,Berlin,2025-01-29T02:00,35.2,38.1,8.4,17
0,Berlin,2025-01-29T03:00,38.3,41.4,8,15.6
0,Berlin,2025-01-29T04:00,42.1,44.6,5.8,14.2
0,Berlin,2025-01-29T05:00,40.7,45.6,11.9,14.7
0,Berlin,2025-01-29T06:00,35.8,45.4,26.9,16.7
0,Berlin,2025-01-29T07:00,29.3,43.4,48,20.4
0,Berlin,2025-01-29T08:00,27.5,42.5,54.4,21.7
0,Berlin,2025-01-29T09:00,29.4,42.2,43.3,20.3
0,Berlin,2025-01-29T10:00,30.7,42.3,37.8,19.5
0,Berlin,2025-01-29T11:00,29.6,41.9,41.6,20.2
0,Berlin,2025-01-29T12:00,29.4,41.8,42,20.3
0,Berlin,2025-01-29T13:00,29.6,42.1,42.1,20.2
0,Berlin,2025-01-29T14:00,28,41.9,49.3,21.3
0,Berlin,2025-01-29T15:00,26.7,41.7,56.1,22.4
0,Berlin,2025-01-29T16:00,26.6,41.4,55.7,22.5
0,Berlin,2025-01-29T17:00,28.1,41.7,48.2,21.2
0,Berlin,2025-01-29T18:00,29.1,41.1,40.9,20.5
0,Berlin,2025-01-29T19:00,31,40.2,29.7,19.3
0,Berlin,2025-01-29T20:00,32.7,40,22.2,18.3
0,Berlin,2025-01-29T21:00,34.2,40.1,17.1,17.5
0,Berlin,2025-01-29T22:00,34.7,39.7,14.6,17.2
0,Berlin,2025-01-29T23:00,35,38.8,10.6,17.1
0,Berlin,2025-01-30T00:00,34.9,37.9,8.5,17.1
0,Berlin,2025-01-30T01:00,35,37.5,6.9,17.1
0,Berlin,2025-01-30T02:00,35.3,38,7.8,16.9
0,Berlin,2025-01-30T03:00,38,41,7.7,15.7
0,Berlin,2025-01-30T04:00,42.9,45.1,5,13.9
0,Berlin,2025-01-30T05:00,41.4,45.8,10.4,14.4
0,Berlin,2025-01-30T06:00,36.4,45.4,24.6,16.4
0,Berlin,2025-01-30T07:00,30.3,43.6,44.1,19.7
0,Berlin,2025-01-30T08:00,28.7,42.6,48.2,20.8
0,Berlin,2025-01-30T09:00,30.1,42.3,40.6,19.9
0,Berlin,2025-01-30T10:00,30.6,42.2,37.7,19.5
0,Berlin,2025-01-30T11:00,29.8,42,40.8,20.1
0,Berlin,2025-01-30T12:00,29.3,41.9,42.8,20.4
0,Berlin,2025-01-30T13:00,29.2,42,43.6,20.5
0,Berlin,2025-01-30T14:00,27.9,42.1,50.7,21.4
0,Berlin,2025-01-30T15:00,25.8,41.5,60.5,23.1
0,Berlin,2025-01-30T16:00,25.9,41.7,60.8,23.1
0,Berlin,2025-01-30T17:00,26.6,41.6,56.1,22.4
0,Berlin,2025-01-30T18:00,27.3,40.9,49.9,21.9
0,Berlin,2025-01-30T19:00,30,40.1,33.6,19.9
0,Berlin,2025-01-30T20:00,32.7,40.3,23.2,18.3
0,Berlin,2025-01-30T21:00,33.3,40,19.9,17.9
0,Berlin,2025-01-30T22:00,34,40,17.7,17.6
0,Berlin,2025-01-30T23:00,35.2,39.6,12.4,17
0,Berlin,2025-01-31T00:00,34.5,37.6,9.1,17.3
0,Berlin,2025-01-31T01:00,34.4,37.2,7.9,17.3
0,Berlin,2025-01-31T02:00,35,37.7,7.6,17.1
0,Berlin,2025-01-31T03:00,38,40.6,6.9,15.7
0,Berlin,2025-01-31T04:00,42.3,44.7,5.7,14.1
0,Berlin,2025-01-31T05:00,41.3,45.6,10.4,14.4
0,Berlin,2025-01-31T06:00,37,45.2,22.1,16.2
0,Berlin,2025-01-31T07:00,31.1,43.3,39,19.2
0,Berlin,2025-01-31T08:00,30.1,42.4,40.8,19.9
0,Berlin,2025-01-31T09:00,31.1,42.5,36.5,19.2
0,Berlin,2025-01-31T10:00,29.9,42.2,41.1,20
0,Berlin,2025-01-31T11:00,29,42.3,45.9,20.6
0,Berlin,2025-01-31T12:00,28.7,42.4,47.8,20.8
0,Berlin,2025-01-31T13:00,27.9,42.3,51.8,21.4
0,Berlin,2025-01-31T14:00,26.9,42,55.7,22.2
0,Berlin,2025-01-31T15:00,27.3,41.7,52.4,21.9
0,Berlin,2025-01-31T16:00,28.5,41.8,46.3,20.9
0,Berlin,2025-01-31T17:00,28.4,41.4,45.9,21.1
0,Berlin,2025-01-31T18:00,29.1,41.1,41.3,20.5
0,Berlin,2025-01-31T19:00,30,40.1,33.7,19.9
0,Berlin,2025-01-31T20:00,32.1,40.3,25.7,18.6
0,Berlin,2025-01-31T21:00,33.5,40.4,20.6,17.8
0,Berlin,2025-01-31T22:00,33.2,39.4,18.5,18
0,Berlin,2025-01-31T23:00,33.8,38.7,14.4,17.7
0,Berlin,2025-02-01T00:00,34.1,37.7,10.4,17.5
0,Berlin,2025-02-01T01:00,34.4,36.8,7.1,17.4
0,Berlin,2025-02-01T02:00,35.2,37,5.3,17
0,Berlin,2025-02-01T03:00,37.1,38.6,4.1,16.1
0,Berlin,2025-02-01T04:00,40.1,41.5,3.4,14.9
0,Berlin,2025-02-01T05:00,40.2,42.2,4.9,14.9
0,Berlin,2025-02-01T06:00,40.1,43.1,7.5,14.9
0,Berlin,2025-02-01T07:00,40.1,44.1,9.9,14.9
0,Berlin,2025-02-01T08:00,39.4,44.1,11.8,15.2
0,Berlin,2025-02-01T09:00,37.2,43.8,17.6,16.1
0,Berlin,2025-02-01T10:00,35.1,43.5,23.8,17
0,Berlin,2025-02-01T11:00,33.3,43.2,29.6,18
0,Berlin,2025-02-01T12:00,31.6,42.4,34.3,18.9
0,Berlin,2025-02-01T13:00,30.6,42.1,37.7,19.5
0,Berlin,2025-02-01T14:00,30.1,41.8,38.7,19.9
0,Berlin,2025-02-01T15:00,29.9,41.4,38.4,20
0,Berlin,2025-02-01T16:00,30.3,41.3,36.3,19.7
0,Berlin,2025-02-01T17:00,29.9,41.1,37.5,20
0,Berlin,2025-02-01T18:00,30.1,40.5,34.3,19.8
0,Berlin,2025-02-01T19:00,30.6,39.5,28.9,19.5
0,Berlin,2025-02-01T20:00,31.4,39.2,24.8,19.1
0,Berlin,2025-02-01T21:00,32.8,39.5,20.4,18.2
0,Berlin,2025-02-01T22:00,33.2,39.3,18.4,18
0,Berlin,2025-02-01T23:00,34,39,14.9,17.6
0,Berlin,2025-02-02T00:00,34.5,38.5,11.3,17.3
0,Berlin,2025-02-02T01:00,34.5,37.2,7.9,17.3
0,Berlin,2025-02-02T02:00,34.4,36.3,5.2,17.3
0,Berlin,2025-02-02T03:00,35.8,37.2,3.6,16.7
0,Berlin,2025-02-02T04:00,38,38.9,2.2,15.7
0,Berlin,2025-02-02T05:00,39.2,40,1.9,15.2
0,Berlin,2025-02-02T06:00,39.8,40.8,2.5,15
0,Berlin,2025-02-02T07:00,39.6,42.1,6.4,15.1
0,Berlin,2025-02-02T08:00,40.2,43.4,7.8,14.9
0,Berlin,2025-02-02T09:00,39.2,43.5,10.8,15.2
0,Berlin,2025-02-02T10:00,38.2,43.9,14.7,15.6
0,Berlin,2025-02-02T11:00,37.1,43.7,17.6,16.1
0,Berlin,2025-02-02T12:00,35.9,43.5,20.8,16.6
0,Berlin,2025-02-02T13:00,34.6,43.2,24.5,17.2
0,Berlin,2025-02-02T14:00,34,42.6,25.4,17.6
0,Berlin,2025-02-02T15:00,33.6,42.3,25.9,17.8
0,Berlin,2025-02-02T16:00,33.2,42.2,27.2,18
0,Berlin,2025-02-02T17:00,32.2,41.8,29.8,18.6
0,Berlin,2025-02-02T18:00,32.2,41.2,27.7,18.5
0,Berlin,2025-02-02T19:00,33.7,41.1,21.8,17.7
0,Berlin,2025-02-02T20:00,34.2,40.6,18.7,17.5
0,Berlin,2025-02-02T21:00,35,40.6,15.7,17.1
0,Berlin,2025-02-02T22:00,35.5,40.4,13.7,16.8
0,Berlin,2025-02-02T23:00,36.2,39.7,9.6,16.5
0,Berlin,2025-02-03T00:00,36,38.6,7.1,16.6
0,Berlin,2025-02-03T01:00,36.2,38.2,5.6,16.5
0,Berlin,2025-02-03T02:00,36.5,38.8,6.1,16.3
0,Berlin,2025-02-03T03:00,39.8,42.1,5.5,15
0,Berlin,2025-02-03T04:00,44.2,45.9,3.9,13.5
0,Berlin,2025-02-03T05:00,42.1,46.4,10,14.2
0,Berlin,2025-02-03T06:00,37.3,45.6,22.2,16
0,Berlin,2025-02-03T07:00,34,44.7,31.3,17.6
0,Berlin,2025-02-03T08:00,31.7,43,35.7,18.9
0,Berlin,2025-02-03T09:00,31.4,42.7,36.1,19.1
0,Berlin,2025-02-03T10:00,30.8,42.4,37.8,19.4
0,Berlin,2025-02-03T11:00,30,42.2,40.5,19.9
0,Berlin,2025-02-03T12:00,30.4,42.2,39,19.7
0,Berlin,2025-02-03T13:00,30.5,42.1,38.1,19.6
0,Berlin,2025-02-03T14:00,29.5,42.1,42.7,20.3
0,Berlin,2025-02-03T15:00,28.5,42,47.2,21
0,Berlin,2025-02-03T16:00,28.9,41.9,44.9,20.7
0,Berlin,2025-02-03T17:00,30,41.9,39.7,19.9
0,Berlin,2025-02-03T18:00,31.2,41.6,33.3,19.2
0,Berlin,2025-02-03T19:00,32.5,40.6,24.9,18.4
0,Berlin,2025-02-03T20:00,33.6,40.3,19.7,17.8
0,Berlin,2025-02-03T21:00,34.7,40.3,16,17.2
0,Berlin,2025-02-03T22:00,35.5,40.2,13,16.8
0,Berlin,2025-02-03T23:00,35.9,39.6,10.1,16.6
0,Berlin,2025-02-04T00:00,35.5,38.4,8.3,16.8
0,Berlin,2025-02-04T01:00,35.3,37.8,7,16.9
0,Berlin,2025-02-04T02:00,36.2,38.9,7.4,16.5
0,Berlin,2025-02-04T03:00,38.6,41,6.2,15.5
0,Berlin,2025-02-04T04:00,42.6,44.8,5.1,14
0,Berlin,2025-02-04T05:00,41.3,45.8,10.8,14.5
0,Berlin,2025-02-04T06:00,37.2,45.5,22.3,16.1
0,Berlin,2025-02-04T07:00,33.9,44.5,31,17.6
0,Berlin,2025-02-04T08:00,31.8,43,35.3,18.8
0,Berlin,2025-02-04T09:00,31.6,42.7,35.2,18.9
0,Berlin,2025-02-04T10:00,30.3,42.1,39,19.7
0,Berlin,2025-02-04T11:00,29.3,41.7,42.2,20.4
0,Berlin,2025-02-04T12:00,29.1,41.6,42.9,20.5
0,Berlin,2025-02-04T13:00,30,42.2,40.4,19.9
0,Berlin,2025-02-04T14:00,29.2,42.3,45.1,20.5
0,Berlin,2025-02-04T15:00,27.5,41.8,51.9,21.8
0,Berlin,2025-02-04T16:00,27.8,41.7,49.8,21.5
0,Berlin,2025-02-04T17:00,29.3,42,42.9,20.4
0,Berlin,2025-02-04T18:00,30.4,41.5,36.2,19.6
0,Berlin,2025-02-04T19:00,32.1,40.6,26.4,18.6
0,Berlin,2025-02-04T20:00,33.4,40.2,20.5,17.9
0,Berlin,2025-02-04T21:00,34.7,40.3,16.2,17.2
0,Berlin,2025-02-04T22:00,35.2,40,13.8,17
0,Berlin,2025-02-04T23:00,36.3,39.7,9.5,16.5
0,Berlin,2025-02-05T00:00,34.6,37.6,8.6,17.3
0,Berlin,2025-02-05T01:00,34.5,37.2,7.9,17.3
0,Berlin,2025-02-05T02:00,34.8,37.7,8.2,17.1
0,Berlin,2025-02-05T03:00,37.8,40.7,7.6,15.8
0,Berlin,2025-02-05T04:00,42.1,44.4,5.5,14.2
0,Berlin,2025-02-05T05:00,41.3,45.6,10.3,14.5
0,Berlin,2025-02-05T06:00,37.2,45.3,21.7,16.1
0,Berlin,2025-02-05T07:00,33.6,44.3,31.5,17.8
0,Berlin,2025-02-05T08:00,29.9,42.3,41.6,20
0,Berlin,2025-02-05T09:00,30.3,42.6,40.5,19.7
0,Berlin,2025-02-05T10:00,31.6,42.7,35,18.9
0,Berlin,2025-02-05T11:00,31.4,42.5,35.4,19
0,Berlin,2025-02-05T12:00,31,42.3,36.3,19.3
0,Berlin,2025-02-05T13:00,30.9,42.3,36.7,19.3
0,Berlin,2025-02-05T14:00,30.1,42.4,40.7,19.8
0,Berlin,2025-02-05T15:00,28.4,41.9,47.7,21.1
0,Berlin,2025-02-05T16:00,29,42,44.7,20.6
0,Berlin,2025-02-05T17:00,29.3,41.7,42.1,20.4
0,Berlin,2025-02-05T18:00,29.7,41.1,38.6,20.1
0,Berlin,2025-02-05T19:00,31.3,40.3,28.6,19.1
0,Berlin,2025-02-05T20:00,32.3,39.4,21.7,18.5
0,Berlin,2025-02-05T21:00,34.2,39.9,16.8,17.5
0,Berlin,2025-02-05T22:00,34.3,39.2,14.2,17.4
0,Berlin,2025-02-05T23:00,34.8,38.5,10.6,17.2
0,Berlin,2025-02-06T00:00,33.8,36.7,8.4,17.7
0,Berlin,2025-02-06T01:00,34.4,36.8,7.1,17.4
0,Berlin,2025-02-06T02:00,35,37.5,7.1,17
0,Berlin,2025-02-06T03:00,37.8,40.6,7.4,15.8
0,Berlin,2025-02-06T04:00,42.5,44.6,4.9,14
0,Berlin,2025-02-06T05:00,41.5,45.6,9.8,14.4
0,Berlin,2025-02-06T06:00,37.2,45.3,21.5,16
0,Berlin,2025-02-06T07:00,34.4,44.5,29,17.3
0,Berlin,2025-02-06T08:00,32,43.1,34.7,18.7
0,Berlin,2025-02-06T09:00,30.1,42.4,40.6,19.8
0,Berlin,2025-02-06T10:00,30.4,42.1,38.5,19.7
0,Berlin,2025-02-06T11:00,30.9,42.2,36.4,19.3
0,Berlin,2025-02-06T12:00,30.9,42.3,36.5,19.3
0,Berlin,2025-02-06T13:00,30.7,42.4,38,19.5
0,Berlin,2025-02-06T14:00,29.7,42.4,42.5,20.1
0,Berlin,2025-02-06T15:00,28.4,42.1,47.9,21
0,Berlin,2025-02-06T16:00,28.5,42.1,47.9,21
0,Berlin,2025-02-06T17:00,28.8,42,45.6,20.7
0,Berlin,2025-02-06T18:00,29.4,41.3,40.4,20.3
0,Berlin,2025-02-06T19:00,31.5,40.3,28,19
0,Berlin,2025-02-06T20:00,32.7,39.7,21.2,18.3
0,Berlin,2025-02-06T21:00,33.8,39.9,18,17.7
0,Berlin,2025-02-06T22:00,34.4,39.5,15.1,17.4
0,Berlin,2025-02-06T23:00,34.6,38.4,11,17.3
0,Berlin,2025-02-07T00:00,33.9,36.7,8.3,17.6
0,Berlin,2025-02-07T01:00,34.3,36.4,6.1,17.4
0,Berlin,2025-02-07T02:00,34.6,36.9,6.5,17.2
0,Berlin,2025-02-07T03:00,37.9,40,5.5,15.8
0,Berlin,2025-02-07T04:00,43.3,44.9,3.8,13.8
0,Berlin,2025-02-07T05:00,42,45.7,8.7,14.2
0,Berlin,2025-02-07T06:00,38.4,45.4,18.1,15.6
0,Berlin,2025-02-07T07:00,35.9,44.7,24.5,16.6
0,Berlin,2025-02-07T08:00,33.6,43.2,28.4,17.8
0,Berlin,2025-02-07T09:00,32.5,42.9,31.9,18.4
0,Berlin,2025-02-07T10:00,32.4,43,32.3,18.4
0,Berlin,2025-02-07T11:00,31.9,42.9,34.2,18.7
0,Berlin,2025-02-07T12:00,31,42.8,37.9,19.3
0,Berlin,2025-02-07T13:00,29.8,42.7,43.1,20.1
0,Berlin,2025-02-07T14:00,28.9,42.4,46.8,20.7
0,Berlin,2025-02-07T15:00,29.9,42.5,42.2,20
0,Berlin,2025-02-07T16:00,30.9,42.4,37.2,19.3
0,Berlin,2025-02-07T17:00,30.5,41.9,37.2,19.6
0,Berlin,2025-02-07T18:00,30.6,41.3,34.8,19.5
0,Berlin,2025-02-07T19:00,31,40.1,29.3,19.3
0,Berlin,2025-02-07T20:00,31.8,39.3,23.6,18.8
0,Berlin,2025-02-07T21:00,33.2,39.4,18.8,18
0,Berlin,2025-02-07T22:00,33.6,39.3,17,17.8
0,Berlin,2025-02-07T23:00,34.1,38.7,13.3,17.5
0,Berlin,2025-02-08T00:00,33.8,37.2,9.8,17.7
0,Berlin,2025-02-08T01:00,34.4,36.6,6.4,17.4
0,Berlin,2025-02-08T02:00,34.4,36.2,5.1,17.4
0,Berlin,2025-02-08T03:00,36.9,38.3,3.8,16.2
0,Berlin,2025-02-08T04:00,39.8,41,2.9,15
0,Berlin,2025-02-08T05:00,39.7,41.6,4.8,15
0,Berlin,2025-02-08T06:00,38.5,41.6,8,15.5
0,Berlin,2025-02-08T07:00,40,43.8,9.3,14.9
0,Berlin,2025-02-08T08:00,39.4,43.9,11.4,15.2
0,Berlin,2025-02-08T09:00,37.8,43.8,15.8,15.8
0,Berlin,2025-02-08T10:00,35.7,43.3,21.3,16.7
0,Berlin,2025-02-08T11:00,34,43.1,26.5,17.5
0,Berlin,2025-02-08T12:00,32.7,42.7,30.6,18.3
0,Berlin,2025-02-08T13:00,31.5,42.4,34.3,19
0,Berlin,2025-02-08T14:00,30.5,41.9,37.5,19.6
0,Berlin,2025-02-08T15:00,30.8,41.7,35.4,19.4
0,Berlin,2025-02-08T16:00,31.1,41.7,33.9,19.2
0,Berlin,2025-02-08T17:00,30.5,41.6,36.3,19.6
0,Berlin,2025-02-08T18:00,30.2,41,35.9,19.8
0,Berlin,2025-02-08T19:00,30.9,40.1,29.7,19.3
0,Berlin,2025-02-08T20:00,32.2,39.9,24.1,18.6
0,Berlin,2025-02-08T21:00,32.9,39.6,20.4,18.2
0,Berlin,2025-02-08T22:00,33.5,39.9,19.2,17.8
0,Berlin,2025-02-08T23:00,33.8,39.6,17.2,17.7
0,Berlin,2025-02-09T00:00,34.1,37.8,10.7,17.5
0,Berlin,2025-02-09T01:00,34,36.6,7.6,17.6
0,Berlin,2025-02-09T02:00,34.1,35.9,5.3,17.5
0,Berlin,2025-02-09T03:00,35.4,36.8,3.9,16.9
0,Berlin,2025-02-09T04:00,37.9,38.8,2.3,15.7
0,Berlin,2025-02-09T05:00,38.9,39.8,2.3,15.4
0,Berlin,2025-02-09T06:00,39,40.2,2.9,15.3
0,Berlin,2025-02-09T07:00,39.9,42.2,5.9,15
0,Berlin,2025-02-09T08:00,39.9,43.1,8.1,15
0,Berlin,2025-02-09T09:00,39.4,43.8,11.3,15.2
0,Berlin,2025-02-09T10:00,38,43.8,15.1,15.7
0,Berlin,2025-02-09T11:00,36.8,43.8,18.8,16.2
0,Berlin,2025-02-09T12:00,35.5,43.5,22.2,16.8
0,Berlin,2025-02-09T13:00,34.2,43.2,26.1,17.5
0,Berlin,2025-02-09T14:00,33.6,43,28,17.8
0,Berlin,2025-02-09T15:00,33.2,42.6,27.9,18
0,Berlin,2025-02-09T16:00,33,42.5,28.4,18.1
0,Berlin,2025-02-09T17:00,32.6,42.2,29.3,18.3
0,Berlin,2025-02-09T18:00,33.2,41.9,26.3,18
0,Berlin,2025-02-09T19:00,33.8,41.3,21.9,17.7
0,Berlin,2025-02-09T20:00,34.6,40.9,18.2,17.3
0,Berlin,2025-02-09T21:00,35.3,40.7,15.2,16.9
0,Berlin,2025-02-09T22:00,36.2,40.6,12.1,16.5
0,Berlin,2025-02-09T23:00,36.6,39.8,8.9,16.3
0,Berlin,2025-02-10T00:00,36,38.6,7.1,16.6
0,Berlin,2025-02-10T01:00,36.2,38.2,5.4,16.5
0,Berlin,2025-02-10T02:00,37.3,38.3,2.5,16
0,Berlin,2025-02-10T03:00,39.3,40.5,2.8,15.2
0,Berlin,2025-02-10T04:00,41.9,43,2.6,14.3
0,Berlin,2025-02-10T05:00,39.8,44.6,12.1,15
0,Berlin,2025-02-10T06:00,34.3,44.1,28.6,17.4
0,Berlin,2025-02-10T07:00,26.3,42.1,59.9,22.7
0,Berlin,2025-02-10T08:00,24.2,41.3,70.4,24.7
0,Berlin,2025-02-10T09:00,27,41.2,52.6,22.1
0,Berlin,2025-02-10T10:00,29.5,41.6,40.5,20.2
0,Berlin,2025-02-10T11:00,29.3,41.2,40.2,20.4
0,Berlin,2025-02-10T12:00,28.9,40.9,41.2,20.7
0,Berlin,2025-02-10T13:00,28.5,41,43.7,21
0,Berlin,2025-02-10T14:00,26.7,41.1,53.9,22.4
0,Berlin,2025-02-10T15:00,23.8,40.8,71,25.1
0,Berlin,2025-02-10T16:00,24.1,40.7,68.7,24.8
0,Berlin,2025-02-10T17:00,26.1,40.7,55.5,22.9
0,Berlin,2025-02-10T18:00,27.8,40.4,45,21.5
0,Berlin,2025-02-10T19:00,31,39.8,28.2,19.3
0,Berlin,2025-02-10T20:00,32.6,39.2,20,18.3
0,Berlin,2025-02-10T21:00,33.7,39,15.5,17.7
0,Berlin,2025-02-10T22:00,34.8,39.1,12.1,17.1
0,Berlin,2025-02-10T23:00,34.7,37.9,8.9,17.2
0,Berlin,2025-02-11T00:00,34.3,36.9,7.6,17.4
0,Berlin,2025-02-11T01:00,35.1,37.5,6.8,17
0,Berlin,2025-02-11T02:00,35.5,38.1,7.5,16.9
0,Berlin,2025-02-11T03:00,38.2,40.6,6.4,15.7
0,Berlin,2025-02-11T04:00,42.2,44.3,4.8,14.1
0,Berlin,2025-02-11T05:00,40.9,45.8,11.9,14.6
0,Berlin,2025-02-11T06:00,35.7,45.3,26.8,16.7
0,Berlin,2025-02-11T07:00,29.1,43.3,48.5,20.5
0,Berlin,2025-02-11T08:00,26.6,42.1,58.1,22.5
0,Berlin,2025-02-11T09:00,28.2,41.7,47.8,21.2
0,Berlin,2025-02-11T10:00,29.1,41.5,42.8,20.6
0,Berlin,2025-02-11T11:00,29.4,41.6,41.4,20.3
0,Berlin,2025-02-11T12:00,29.3,41.6,41.8,20.4
0,Berlin,2025-02-11T13:00,29.4,41.8,42,20.3
0,Berlin,2025-02-11T14:00,27.7,41.7,50.7,21.6
0,Berlin,2025-02-11T15:00,25.5,41.4,62,23.4
0,Berlin,2025-02-11T16:00,26,41.2,58.7,23
0,Berlin,2025-02-11T17:00,28.1,41.6,47.9,21.3
0,Berlin,2025-02-11T18:00,29.2,41.1,40.6,20.5
0,Berlin,2025-02-11T19:00,31.4,40.2,27.9,19
0,Berlin,2025-02-11T20:00,33,39.9,21,18.1
0,Berlin,2025-02-11T21:00,34.3,40,16.4,17.4
0,Berlin,2025-02-11T22:00,35.6,40.1,12.7,16.8
0,Berlin,2025-02-11T23:00,35.9,39.4,9.7,16.7
0,Berlin,2025-02-12T00:00,34.5,37.2,7.8,17.3
0,Berlin,2025-02-12T01:00,34.7,37.2,7,17.2
0,Berlin,2025-02-12T02:00,34.8,37.8,8.5,17.2
0,Berlin,2025-02-12T03:00,38,40.7,7.1,15.7
0,Berlin,2025-02-12T04:00,42.1,44.3,5.2,14.2
0,Berlin,2025-02-12T05:00,41.1,45.7,11.1,14.5
0,Berlin,2025-02-12T06:00,36.2,45.3,25.1,16.5
0,Berlin,2025-02-12T07:00,29.4,43.3,47.1,20.3
0,Berlin,2025-02-12T08:00,27.7,42.4,52.7,21.5
0,Berlin,2025-02-12T09:00,29.7,42.2,42,20.1
0,Berlin,2025-02-12T10:00,30.8,42.1,36.9,19.4
0,Berlin,2025-02-12T11:00,30.2,41.8,38.5,19.8
0,Berlin,2025-02-12T12:00,29.8,41.8,40.5,20.1
0,Berlin,2025-02-12T13:00,28.4,41.1,44.7,21
0,Berlin,2025-02-12T14:00,27.3,41.5,51.9,21.9
0,Berlin,2025-02-12T15:00,25.7,41.3,60.4,23.2
0,Berlin,2025-02-12T16:00,26.5,41.3,55.8,22.6
0,Berlin,2025-02-12T17:00,28.5,41.8,46.3,20.9
0,Berlin,2025-02-12T18:00,28.9,40.9,41.6,20.7
0,Berlin,2025-02-12T19:00,31.4,40.3,28.2,19
0,Berlin,2025-02-12T20:00,32.9,39.9,21,18.1
0,Berlin,2025-02-12T21:00,34.3,40.1,16.6,17.4
0,Berlin,2025-02-12T22:00,33.3,39.7,19,17.9
0,Berlin,2025-02-12T23:00,32.3,38.7,20,18.5
0,Berlin,2025-02-13T00:00,31,37.6,21,19.3
0,Berlin,2025-02-13T01:00,30.5,37.5,22.8,19.6
0,Berlin,2025-02-13T02:00,31.5,38.7,22.8,19
0,Berlin,2025-02-13T03:00,33.4,40.9,22.4,17.9
0,Berlin,2025-02-13T04:00,38.4,44.6,16.2,15.6
0,Berlin,2025-02-13T05:00,38,45.3,19,15.7
0,Berlin,2025-02-13T06:00,33.5,44.7,33.5,17.8
0,Berlin,2025-02-13T07:00,27.3,42.9,56.8,21.9
0,Berlin,2025-02-13T08:00,25.9,42,62.1,23.1
0,Berlin,2025-02-13T09:00,28.6,42,47,20.9
0,Berlin,2025-02-13T10:00,30.2,42.1,39.4,19.8
0,Berlin,2025-02-13T11:00,29.9,41.9,39.7,20
0,Berlin,2025-02-13T12:00,29.9,42,40.3,20
0,Berlin,2025-02-13T13:00,29.4,41.7,41.9,20.3
0,Berlin,2025-02-13T14:00,27.8,41.7,49.9,21.5
0,Berlin,2025-02-13T15:00,25.3,41.2,62.4,23.6
0,Berlin,2025-02-13T16:00,25.7,41.1,59.8,23.3
0,Berlin,2025-02-13T17:00,25.5,41.4,62.1,23.4
0,Berlin,2025-02-13T18:00,23.9,41,71.4,25
0,Berlin,2025-02-13T19:00,26.2,40.5,54.5,22.8
0,Berlin,2025-02-13T20:00,27.2,40.1,47.7,22
0,Berlin,2025-02-13T21:00,28.5,40.1,40.8,21
0,Berlin,2025-02-13T22:00,28.1,39.8,41.6,21.3
0,Berlin,2025-02-13T23:00,27.5,39.5,43.6,21.7
0,Berlin,2025-02-14T00:00,26.7,38.1,42.4,22.4
0,Berlin,2025-02-14T01:00,28.8,38.3,32.9,20.7
0,Berlin,2025-02-14T02:00,30.3,38.5,26.7,19.7
0,Berlin,2025-02-14T03:00,32.6,39.9,22.3,18.4
0,Berlin,2025-02-14T04:00,36,43.6,21,16.6
0,Berlin,2025-02-14T05:00,36.9,45.8,24.2,16.2
0,Berlin,2025-02-14T06:00,33.5,45,34.3,17.8
0,Berlin,2025-02-14T07:00,28.6,43.1,50.7,20.9
0,Berlin,2025-02-14T08:00,28.4,42.5,49.9,21.1
0,Berlin,2025-02-14T09:00,29.7,42.5,42.8,20.1
0,Berlin,2025-02-14T10:00,30.5,42.4,39.1,19.6
0,Berlin,2025-02-14T11:00,30.3,42.3,39.6,19.7
0,Berlin,2025-02-14T12:00,29.5,42.3,43.3,20.3
0,Berlin,2025-02-14T13:00,28.3,42.1,48.8,21.1
0,Berlin,2025-02-14T14:00,27.1,41.9,54.3,22
0,Berlin,2025-02-14T15:00,27.2,41.7,53,22
0,Berlin,2025-02-14T16:00,28.4,41.7,46.5,21
0,Berlin,2025-02-14T17:00,28.5,41.6,46,21
0,Berlin,2025-02-14T18:00,28.3,40.8,44.1,21.1
0,Berlin,2025-02-14T19:00,29.5,40,35.3,20.2
0,Berlin,2025-02-14T20:00,30.5,39.3,29,19.6
0,Berlin,2025-02-14T21:00,31.6,39.2,23.9,18.9
0,Berlin,2025-02-14T22:00,32.3,39.3,21.7,18.5
0,Berlin,2025-02-14T23:00,33.2,38.9,17.2,18
0,Berlin,2025-02-15T00:00,33.2,37.4,12.6,18
0,Berlin,2025-02-15T01:00,33,36.1,9.4,18.1
0,Berlin,2025-02-15T02:00,33.5,36,7.4,17.9
0,Berlin,2025-02-15T03:00,34.7,37,6.4,17.2
0,Berlin,2025-02-15T04:00,37.4,39.4,5.3,16
0,Berlin,2025-02-15T05:00,37.9,41,8,15.8
0,Berlin,2025-02-15T06:00,37.5,41.5,10.6,15.9
0,Berlin,2025-02-15T07:00,38.2,42.9,12.2,15.6
0,Berlin,2025-02-15T08:00,37.1,43.2,16.3,16.1
0,Berlin,2025-02-15T09:00,34.9,42.7,22.3,17.1
0,Berlin,2025-02-15T10:00,32.9,42.1,27.7,18.1
0,Berlin,2025-02-15T11:00,31.8,41.9,31.5,18.8
0,Berlin,2025-02-15T12:00,31.4,42.1,34.2,19.1
0,Berlin,2025-02-15T13:00,30,41.9,39.6,19.9
0,Berlin,2025-02-15T14:00,29,41.5,43.1,20.6
0,Berlin,2025-02-15T15:00,29.3,41.1,40.3,20.4
0,Berlin,2025-02-15T16:00,30.3,41.1,35.6,19.7
0,Berlin,2025-02-15T17:00,29.9,41.1,37.1,20
0,Berlin,2025-02-15T18:00,29,40.5,39.5,20.6
0,Berlin,2025-02-15T19:00,29.9,39.6,32.3,20
0,Berlin,2025-02-15T20:00,30.9,39.1,26.6,19.4
0,Berlin,2025-02-15T21:00,31.4,38.6,22.9,19
0,Berlin,2025-02-15T22:00,31.9,38.7,20.9,18.7
0,Berlin,2025-02-15T23:00,32.8,38.9,18.4,18.2
0,Berlin,2025-02-16T00:00,33.7,37.8,12.3,17.7
0,Berlin,2025-02-16T01:00,33.9,36.9,8.7,17.6
0,Berlin,2025-02-16T02:00,34,36.3,6.9,17.6
0,Berlin,2025-02-16T03:00,34.8,36.5,5.1,17.2
0,Berlin,2025-02-16T04:00,37.2,38.6,3.8,16.1
0,Berlin,2025-02-16T05:00,38.7,39.8,3,15.4
0,Berlin,2025-02-16T06:00,38.4,39.9,3.9,15.6
0,Berlin,2025-02-16T07:00,38.8,41.6,7.1,15.4
0,Berlin,2025-02-16T08:00,39.4,43,9.1,15.2
0,Berlin,2025-02-16T09:00,38.3,43.1,12.5,15.6
0,Berlin,2025-02-16T10:00,37,43.1,16.5,16.2
0,Berlin,2025-02-16T11:00,35.8,42.9,20,16.7
0,Berlin,2025-02-16T12:00,35.1,43.1,22.8,17
0,Berlin,2025-02-16T13:00,33.8,42.6,26.1,17.7
0,Berlin,2025-02-16T14:00,33.2,42.5,27.7,18
0,Berlin,2025-02-16T15:00,33.2,42.3,27.1,18
0,Berlin,2025-02-16T16:00,32.8,42,27.7,18.2
0,Berlin,2025-02-16T17:00,32.6,42,28.9,18.3
0,Berlin,2025-02-16T18:00,32.3,41.4,28.3,18.5
0,Berlin,2025-02-16T19:00,32.8,40.7,24,18.2
0,Berlin,2025-02-16T20:00,33.4,40.1,20.1,17.9
0,Berlin,2025-02-16T21:00,34.2,39.9,16.9,17.5
0,Berlin,2025-02-16T22:00,34.9,39.8,14.1,17.1
0,Berlin,2025-02-16T23:00,35.6,39.4,10.8,16.8
0,Berlin,2025-02-17T00:00,34.4,37.4,8.6,17.4
0,Berlin,2025-02-17T01:00,34.1,36.6,7.3,17.5
0,Berlin,2025-02-17T02:00,34.5,37,7.1,17.3
0,Berlin,2025-02-17T03:00,37.8,40.2,6.2,15.8
0,Berlin,2025-02-17T04:00,42.6,45,5.7,14
0,Berlin,2025-02-17T05:00,41.1,46.2,12.3,14.5
0,Berlin,2025-02-17T06:00,35.9,45.4,26.5,16.6
0,Berlin,2025-02-17T07:00,29.1,43.2,48.4,20.5
0,Berlin,2025-02-17T08:00,26.4,42.1,59.4,22.6
0,Berlin,2025-02-17T09:00,28.1,41.6,48,21.3
0,Berlin,2025-02-17T10:00,29.8,42,41,20.1
0,Berlin,2025-02-17T11:00,29.5,41.8,41.2,20.2
0,Berlin,2025-02-17T12:00,29.5,41.7,41.2,20.2
0,Berlin,2025-02-17T13:00,29.7,41.8,40.6,20.1
0,Berlin,2025-02-17T14:00,28.6,42,46.5,20.9
0,Berlin,2025-02-17T15:00,26.1,41.3,57.9,22.9
0,Berlin,2025-02-17T16:00,26.9,41.3,53.3,22.2
0,Berlin,2025-02-17T17:00,29.2,41.7,42.3,20.4
0,Berlin,2025-02-17T18:00,30.2,41.3,36.6,19.8
0,Berlin,2025-02-17T19:00,31.7,40.3,27.2,18.9
0,Berlin,2025-02-17T20:00,32.5,39.6,21.7,18.4
0,Berlin,2025-02-17T21:00,33.6,39.5,17.5,17.8
0,Berlin,2025-02-17T22:00,34.3,39,13.8,17.4
0,Berlin,2025-02-17T23:00,34.8,38.5,10.7,17.2
0,Berlin,2025-02-18T00:00,33.5,36.5,9,17.9
0,Berlin,2025-02-18T01:00,34.1,36.5,6.9,17.5
0,Berlin,2025-02-18T02:00,35,37.6,7.4,17
0,Berlin,2025-02-18T03:00,37.3,39.9,6.9,16
0,Berlin,2025-02-18T04:00,41.7,44.1,5.8,14.3
0,Berlin,2025-02-18T05:00,40.1,45.7,13.9,14.9
0,Berlin,2025-02-18T06:00,34.6,44.9,29.6,17.3
0,Berlin,2025-02-18T07:00,28.3,43.1,52.1,21.1
0,Berlin,2025-02-18T08:00,25.1,41.8,66.4,23.8
0,Berlin,2025-02-18T09:00,27.6,42,52.2,21.7
0,Berlin,2025-02-18T10:00,29.3,41.9,42.6,20.4
0,Berlin,2025-02-18T11:00,29.1,41.6,43,20.5
0,Berlin,2025-02-18T12:00,28.8,41.6,44.3,20.7
0,Berlin,2025-02-18T13:00,28,41.4,47.6,21.3
0,Berlin,2025-02-18T14:00,26.6,41.4,55.3,22.4
0,Berlin,2025-02-18T15:00,24.7,41,66.3,24.2
0,Berlin,2025-02-18T16:00,25,41,63.7,23.9
0,Berlin,2025-02-18T17:00,26.9,41.2,52.8,22.2
0,Berlin,2025-02-18T18:00,27.4,40.6,47.8,21.8
0,Berlin,2025-02-18T19:00,30.8,40.4,30.8,19.4
0,Berlin,2025-02-18T20:00,32.4,39.7,22.2,18.4
0,Berlin,2025-02-18T21:00,33.4,39.5,18.2,17.9
0,Berlin,2025-02-18T22:00,34.1,39.3,15.2,17.5
0,Berlin,2025-02-18T23:00,34.9,38.9,11.3,17.1
0,Berlin,2025-02-19T00:00,34.2,37.2,8.9,17.5
0,Berlin,2025-02-19T01:00,33.7,36.6,8.6,17.7
0,Berlin,2025-02-19T02:00,33.9,37,9.3,17.6
0,Berlin,2025-02-19T03:00,37,40.1,8.2,16.1
0,Berlin,2025-02-19T04:00,42.2,44.7,5.7,14.1
0,Berlin,2025-02-19T05:00,40.9,45.7,11.5,14.6
0,Berlin,2025-02-19T06:00,36.2,45.2,24.9,16.5
0,Berlin,2025-02-19T07:00,29.5,43.2,46.5,20.3
0,Berlin,2025-02-19T08:00,27,42.2,56.2,22.2
0,Berlin,2025-02-19T09:00,28.5,41.8,46.3,20.9
0,Berlin,2025-02-19T10:00,29.7,41.9,41,20.1
0,Berlin,2025-02-19T11:00,30,41.9,39.6,19.9
0,Berlin,2025-02-19T12:00,29.4,41.8,41.8,20.3
0,Berlin,2025-02-19T13:00,29.3,41.8,42.5,20.4
0,Berlin,2025-02-19T14:00,27.6,41.8,51.4,21.7
0,Berlin,2025-02-19T15:00,24.9,41.1,64.8,24
0,Berlin,2025-02-19T16:00,25.1,40.9,62.9,23.8
0,Berlin,2025-02-19T17:00,27.1,41.3,52.1,22
0,Berlin,2025-02-19T18:00,27.3,40.5,48.2,21.9
0,Berlin,2025-02-19T19:00,29.7,40,34.5,20.1
0,Berlin,2025-02-19T20:00,32.1,39.9,24.2,18.6
0,Berlin,2025-02-19T21:00,33.3,39.7,19.1,18
0,Berlin,2025-02-19T22:00,33.9,39.4,16.2,17.6
0,Berlin,2025-02-19T23:00,34.7,38.8,11.9,17.2
0,Berlin,2025-02-20T00:00,33.9,37,9,17.6
0,Berlin,2025-02-20T01:00,33.8,36.5,7.7,17.7
0,Berlin,2025-02-20T02:00,35.6,37.7,5.8,16.8
0,Berlin,2025-02-20T03:00,37.9,39.9,5.3,15.8
0,Berlin,2025-02-20T04:00,41.1,43.1,5,14.5
0,Berlin,2025-02-20T05:00,39,44.1,12.9,15.3
0,Berlin,2025-02-20T06:00,34,43.7,28.3,17.5
0,Berlin,2025-02-20T07:00,26,42.1,61.6,23
0,Berlin,2025-02-20T08:00,23,41,78,26
0,Berlin,2025-02-20T09:00,25.4,41,61,23.5
0,Berlin,2025-02-20T10:00,27.6,40.9,47.7,21.6
0,Berlin,2025-02-20T11:00,28.2,41.1,46,21.2
0,Berlin,2025-02-20T12:00,28,41.3,47.4,21.3
0,Berlin,2025-02-20T13:00,26.7,41,53.7,22.4
0,Berlin,2025-02-20T14:00,24.6,40.8,65.8,24.3
0,Berlin,2025-02-20T15:00,21.9,40.4,84.3,27.3
0,Berlin,2025-02-20T16:00,22.1,40.4,82.9,27.1
0,Berlin,2025-02-20T17:00,23.8,40.6,70.4,25.1
0,Berlin,2025-02-20T18:00,24.8,40.3,62.1,24
0,Berlin,2025-02-20T19:00,28,39.6,41.1,21.3
0,Berlin,2025-02-20T20:00,31.3,39.3,25.3,19.1
0,Berlin,2025-02-20T21:00,33,39.4,19.2,18.1
0,Berlin,2025-02-20T22:00,33.8,39.4,16.3,17.7
0,Berlin,2025-02-20T23:00,34.6,38.7,11.6,17.3
0,Berlin,2025-02-21T00:00,33.8,36.7,8.3,17.7
0,Berlin,2025-02-21T01:00,34,36.3,6.5,17.6
0,Berlin,2025-02-21T02:00,34.6,37,6.8,17.3
0,Berlin,2025-02-21T03:00,37.7,39.8,5.6,15.8
0,Berlin,2025-02-21T04:00,41.1,43.2,4.9,14.5
0,Berlin,2025-02-21T05:00,39.9,44.2,10.8,15
0,Berlin,2025-02-21T06:00,35.8,43.9,22.4,16.7
0,Berlin,2025-02-21T07:00,28.4,42,47.6,21
0,Berlin,2025-02-21T08:00,26.9,41.1,52.9,22.2
0,Berlin,2025-02-21T09:00,28.2,41.5,47,21.2
0,Berlin,2025-02-21T10:00,29.1,41.5,42.6,20.6
0,Berlin,2025-02-21T11:00,29.3,41.6,42,20.4
0,Berlin,2025-02-21T12:00,27.7,41.5,49.3,21.5
0,Berlin,2025-02-21T13:00,25.7,41.1,60,23.3
0,Berlin,2025-02-21T14:00,24.5,41.2,67.7,24.4
0,Berlin,2025-02-21T15:00,24.5,41.1,67.5,24.4
0,Berlin,2025-02-21T16:00,26.2,41.5,58,22.8
0,Berlin,2025-02-21T17:00,26.6,41.2,54.5,22.4
0,Berlin,2025-02-21T18:00,26.4,40.6,53.3,22.6
0,Berlin,2025-02-21T19:00,28,39.8,41.7,21.3
0,Berlin,2025-02-21T20:00,30.4,39.5,29.9,19.7
0,Berlin,2025-02-21T21:00,32.1,40.2,25.2,18.6
0,Berlin,2025-02-21T22:00,31.9,39.6,23.8,18.7
0,Berlin,2025-02-21T23:00,33.1,38.8,17.2,18.1
0,Berlin,2025-02-22T00:00,33.6,37.5,11.6,17.8
0,Berlin,2025-02-22T01:00,33.7,36.3,7.6,17.7
0,Berlin,2025-02-22T02:00,33.9,36,6.1,17.6
0,Berlin,2025-02-22T03:00,35.4,37.2,5,16.9
0,Berlin,2025-02-22T04:00,38.2,39.8,4.1,15.6
0,Berlin,2025-02-22T05:00,39.4,41.7,5.9,15.2
0,Berlin,2025-02-22T06:00,39,42.3,8.6,15.3
0,Berlin,2025-02-22T07:00,39.9,43.9,9.9,15
0,Berlin,2025-02-22T08:00,38.8,44.1,13.8,15.4
0,Berlin,2025-02-22T09:00,35.9,43.5,21.1,16.6
0,Berlin,2025-02-22T10:00,33.5,43,28.2,17.8
0,Berlin,2025-02-22T11:00,31.7,42.6,34.2,18.8
0,Berlin,2025-02-22T12:00,30.2,42.2,39.7,19.8
0,Berlin,2025-02-22T13:00,28.7,41.9,45.8,20.8
0,Berlin,2025-02-22T14:00,27.8,41.7,49.5,21.5
0,Berlin,2025-02-22T15:00,28.2,41.4,46.5,21.2
0,Berlin,2025-02-22T16:00,28.9,41.3,42.7,20.7
0,Berlin,2025-02-22T17:00,29,41.2,41.5,20.6
0,Berlin,2025-02-22T18:00,28.5,40.7,42.4,20.9
0,Berlin,2025-02-22T19:00,29.7,39.9,34.5,20.1
0,Berlin,2025-02-22T20:00,30.8,39.3,27.5,19.4
0,Berlin,2025-02-22T21:00,31.6,38.9,22.9,18.9
0,Berlin,2025-02-22T22:00,32.4,39.1,20.6,18.4
0,Berlin,2025-02-22T23:00,33,38.6,17.1,18.1
0,Berlin,2025-02-23T00:00,33.6,37.6,11.7,17.8
0,Berlin,2025-02-23T01:00,33.9,36.7,8.2,17.6
0,Berlin,2025-02-23T02:00,34.4,36.6,6.3,17.4
0,Berlin,2025-02-23T03:00,35.6,37.1,4.3,16.8
0,Berlin,2025-02-23T04:00,38.1,39.1,2.6,15.7
0,Berlin,2025-02-23T05:00,39.7,40.7,2.5,15.1
0,Berlin,2025-02-23T06:00,39.2,40.7,3.6,15.2
0,Berlin,2025-02-23T07:00,39.8,42.2,6.1,15
0,Berlin,2025-02-23T08:00,39.7,43.3,8.8,15
0,Berlin,2025-02-23T09:00,38.1,43.4,13.8,15.7
0,Berlin,2025-02-23T10:00,37,43.5,17.4,16.1
0,Berlin,2025-02-23T11:00,36,43.4,20.5,16.6
0,Berlin,2025-02-23T12:00,34.4,43,24.9,17.4
0,Berlin,2025-02-23T13:00,33,42.5,28.9,18.1
0,Berlin,2025-02-23T14:00,32.3,42.3,31,18.5
0,Berlin,2025-02-23T15:00,32.8,42.3,29,18.2
0,Berlin,2025-02-23T16:00,32.8,42.1,28.4,18.2
0,Berlin,2025-02-23T17:00,31.9,41.6,30.4,18.7
0,Berlin,2025-02-23T18:00,31.9,41.3,29.3,18.7
0,Berlin,2025-02-23T19:00,32.2,40.5,25.7,18.5
0,Berlin,2025-02-23T20:00,33.1,40.2,21.5,18.1
0,Berlin,2025-02-23T21:00,33.6,39.8,18.4,17.8
0,Berlin,2025-02-23T22:00,34.3,39.7,15.9,17.4
0,Berlin,2025-02-23T23:00,35.4,39.6,11.9,16.9
0,Berlin,2025-02-24T00:00,35.1,38.3,9,17
0,Berlin,2025-02-24T01:00,35.5,38.1,7.4,16.8
0,Berlin,2025-02-24T02:00,36,38.4,6.8,16.6
0,Berlin,2025-02-24T03:00,38.9,41.3,6.3,15.4
0,Berlin,2025-02-24T04:00,43.7,45.8,4.7,13.7
0,Berlin,2025-02-24T05:00,41.5,46.3,11.4,14.4
0,Berlin,2025-02-24T06:00,35.7,45.3,26.9,16.7
0,Berlin,2025-02-24T07:00,29.1,43.4,49.2,20.5
0,Berlin,2025-02-24T08:00,26.9,42.2,56.7,22.2
0,Berlin,2025-02-24T09:00,28.5,42,47.6,21
0,Berlin,2025-02-24T10:00,29.8,42.2,41.5,20.1
0,Berlin,2025-02-24T11:00,29.7,42.1,41.4,20.1
0,Berlin,2025-02-24T12:00,29.6,42.2,42.1,20.2
0,Berlin,2025-02-24T13:00,29,41.7,43.8,20.6
0,Berlin,2025-02-24T14:00,27.7,41.8,51.1,21.6
0,Berlin,2025-02-24T15:00,25.6,41.5,61.8,23.3
0,Berlin,2025-02-24T16:00,26,41.3,58.9,23
0,Berlin,2025-02-24T17:00,28.2,41.6,47.2,21.2
0,Berlin,2025-02-24T18:00,29.5,41.2,39.5,20.3
0,Berlin,2025-02-24T19:00,31.7,40.5,27.4,18.8
0,Berlin,2025-02-24T20:00,33,40.1,21.5,18.1
0,Berlin,2025-02-24T21:00,34.4,40.3,17,17.4
0,Berlin,2025-02-24T22:00,35,39.9,13.9,17
0,Berlin,2025-02-24T23:00,35.5,39.4,10.9,16.8
0,Berlin,2025-02-25T00:00,34.9,38.2,9.5,17.1
0,Berlin,2025-02-25T01:00,34.8,38.1,9.7,17.2
0,Berlin,2025-02-25T02:00,35,38.6,10.2,17.1
0,Berlin,2025-02-25T03:00,38.4,41.7,8.5,15.6
0,Berlin,2025-02-25T04:00,42.6,45.3,6.2,14
0,Berlin,2025-02-25T05:00,40.5,45.9,13.2,14.7
0,Berlin,2025-02-25T06:00,33.8,45,32.8,17.7
0,Berlin,2025-02-25T07:00,27.6,43,55.3,21.6
0,Berlin,2025-02-25T08:00,26.1,42.2,61.6,22.9
0,Berlin,2025-02-25T09:00,28.1,42,49.2,21.3
0,Berlin,2025-02-25T10:00,29.5,42,42.1,20.2
0,Berlin,2025-02-25T11:00,29.6,41.8,40.9,20.2
0,Berlin,2025-02-25T12:00,29.5,41.9,41.5,20.2
0,Berlin,2025-02-25T13:00,29.4,42,42.7,20.3
0,Berlin,2025-02-25T14:00,27.9,41.9,49.8,21.4
0,Berlin,2025-02-25T15:00,25.7,41.4,61,23.2
0,Berlin,2025-02-25T16:00,26,41.4,59,23
0,Berlin,2025-02-25T17:00,27.9,41.5,48.8,21.4
0,Berlin,2025-02-25T18:00,28.5,41,43.6,21
0,Berlin,2025-02-25T19:00,30.5,40.1,31.4,19.6
0,Berlin,2025-02-25T20:00,32.3,39.8,23,18.5
0,Berlin,2025-02-25T21:00,33.8,39.9,18,17.7
0,Berlin,2025-02-25T22:00,34.5,39.7,14.9,17.3
0,Berlin,2025-02-25T23:00,34.7,39.1,12.7,17.2
0,Berlin,2025-02-26T00:00,34.8,38.2,9.6,17.2
0,Berlin,2025-02-26T01:00,34.4,37.5,8.9,17.4
0,Berlin,2025-02-26T02:00,35,38.3,9.3,17.1
0,Berlin,2025-02-26T03:00,38,40.9,7.7,15.7
0,Berlin,2025-02-26T04:00,42.2,44.6,5.5,14.1
0,Berlin,2025-02-26T05:00,41.4,46,10.8,14.4
0,Berlin,2025-02-26T06:00,35.3,45.2,27.9,16.9
0,Berlin,2025-02-26T07:00,28.4,43.1,51.4,21
0,Berlin,2025-02-26T08:00,26.1,41.8,60.2,22.9
0,Berlin,2025-02-26T09:00,27.7,41.7,50.5,21.6
0,Berlin,2025-02-26T10:00,29.5,42.1,42.5,20.3
0,Berlin,2025-02-26T11:00,29.7,41.9,41.2,20.1
0,Berlin,2025-02-26T12:00,29.5,41.9,42.2,20.3
0,Berlin,2025-02-26T13:00,29.3,42.1,43.4,20.4
0,Berlin,2025-02-26T14:00,27.5,41.7,51.3,21.7
0,Berlin,2025-02-26T15:00,24.3,41.1,68.5,24.6
0,Berlin,2025-02-26T16:00,24,40.7,69.7,24.9
0,Berlin,2025-02-26T17:00,26.3,41,55.6,22.7
0,Berlin,2025-02-26T18:00,28,40.9,45.9,21.3
0,Berlin,2025-02-26T19:00,30.8,40.3,30.9,19.4
0,Berlin,2025-02-26T20:00,32.4,40.2,23.9,18.4
0,Berlin,2025-02-26T21:00,33.5,39.9,19.2,17.9
0,Berlin,2025-02-26T22:00,33.9,39.5,16.3,17.6
0,Berlin,2025-02-26T23:00,35,39.1,11.6,17.1
0,Berlin,2025-02-27T00:00,34.5,37.9,9.7,17.3
0,Berlin,2025-02-27T01:00,34.6,37.6,8.6,17.3
0,Berlin,2025-02-27T02:00,35.1,38.4,9.5,17
0,Berlin,2025-02-27T03:00,37.9,40.8,7.7,15.8
0,Berlin,2025-02-27T04:00,43.3,45.4,4.7,13.8
0,Berlin,2025-02-27T05:00,41.4,45.9,10.8,14.4
0,Berlin,2025-02-27T06:00,36.1,45.3,25.5,16.6
0,Berlin,2025-02-27T07:00,29.7,43.3,45.6,20.1
0,Berlin,2025-02-27T08:00,27.6,42.1,52.5,21.6
0,Berlin,2025-02-27T09:00,29.4,42.2,43.7,20.4
0,Berlin,2025-02-27T10:00,29.1,41.8,43.6,20.5
0,Berlin,2025-02-27T11:00,29.1,41.8,43.4,20.5
0,Berlin,2025-02-27T12:00,29.1,42,43.9,20.5
0,Berlin,2025-02-27T13:00,28.8,42,45.6,20.7
0,Berlin,2025-02-27T14:00,27,41.9,54.6,22.1
0,Berlin,2025-02-27T15:00,24.7,41.4,67.3,24.2
0,Berlin,2025-02-27T16:00,24.9,40.9,64.2,24
0,Berlin,2025-02-27T17:00,26.6,41,53.7,22.4
0,Berlin,2025-02-27T18:00,27.8,41,47.4,21.5
0,Berlin,2025-02-27T19:00,29.8,40.2,34.6,20
0,Berlin,2025-02-27T20:00,32,39.9,24.6,18.7
0,Berlin,2025-02-27T21:00,33.7,40.2,19.3,17.7
0,Berlin,2025-02-27T22:00,33.8,39.7,17.3,17.6
0,Berlin,2025-02-27T23:00,34,39,14.6,17.6
0,Berlin,2025-02-28T00:00,34.1,37.6,10.1,17.5
0,Berlin,2025-02-28T01:00,34.8,37.3,7.2,17.2
0,Berlin,2025-02-28T02:00,34.9,37.6,7.8,17.1
0,Berlin,2025-02-28T03:00,37.9,40.5,7,15.8
0,Berlin,2025-02-28T04:00,42.6,44.7,5,14
0,Berlin,2025-02-28T05:00,41.3,45.4,10.1,14.5
0,Berlin,2025-02-28T06:00,37.1,45.1,21.5,16.1
0,Berlin,2025-02-28T07:00,31.4,43.4,38,19
0,Berlin,2025-02-28T08:00,30.7,42.5,38.3,19.4
0,Berlin,2025-02-28T09:00,31.1,42.4,36.3,19.2
0,Berlin,2025-02-28T10:00,30.7,42.4,37.9,19.4
0,Berlin,2025-02-28T11:00,30,42.2,40.8,19.9
0,Berlin,2025-02-28T12:00,29.2,42.4,45.3,20.5
0,Berlin,2025-02-28T13:00,27.8,42.2,51.9,21.5
0,Berlin,2025-02-28T14:00,25.2,41.6,64.6,23.7
0,Berlin,2025-02-28T15:00,23.8,40.9,71.4,25.1
0,Berlin,2025-02-28T16:00,25.3,40.8,61.1,23.6
0,Berlin,2025-02-28T17:00,27.3,41.3,51.1,21.9
0,Berlin,2025-02-28T18:00,27.4,40.9,49.1,21.8
0,Berlin,2025-02-28T19:00,29,40.1,38.5,20.6
0,Berlin,2025-02-28T20:00,30.8,39.5,28.3,19.4
0,Berlin,2025-02-28T21:00,31.8,39.5,24.2,18.8
0,Berlin,2025-02-28T22:00,32.4,39.6,21.9,18.4
0,Berlin,2025-02-28T23:00,33.9,39.1,15.4,17.6
0,Berlin,2025-03-01T00:00,33.7,37.5,11.1,17.7
0,Berlin,2025-03-01T01:00,34.1,36.8,7.8,17.5
0,Berlin,2025-03-01T02:00,34.7,36.8,6,17.2
0,Berlin,2025-03-01T03:00,36.6,38,3.6,16.3
0,Berlin,2025-03-01T04:00,40.2,41.3,2.7,14.9
0,Berlin,2025-03-01T05:00,39,41.4,5.9,15.3
0,Berlin,2025-03-01T06:00,38.6,41.7,7.8,15.5
0,Berlin,2025-03-01T07:00,39.8,43.6,9.6,15
0,Berlin,2025-03-01T08:00,38.7,43.8,13.2,15.4
0,Berlin,2025-03-01T09:00,36.5,43.7,19.5,16.4
0,Berlin,2025-03-01T10:00,34.3,43.2,25.9,17.4
0,Berlin,2025-03-01T11:00,32.3,42.8,32.5,18.5
0,Berlin,2025-03-01T12:00,30.7,42.3,37.6,19.5
0,Berlin,2025-03-01T13:00,29.6,41.8,41.1,20.2
0,Berlin,2025-03-01T14:00,28.7,41.5,44.3,20.8
0,Berlin,2025-03-01T15:00,28.6,41.1,43.2,20.9
0,Berlin,2025-03-01T16:00,29.3,41,39.8,20.4
0,Berlin,2025-03-01T17:00,29.7,41.2,38.8,20.1
0,Berlin,2025-03-01T18:00,31.1,41.2,32.3,19.2
0,Berlin,2025-03-01T19:00,31.2,40.3,28.9,19.1
0,Berlin,2025-03-01T20:00,31.7,39.5,24.4,18.9
0,Berlin,2025-03-01T21:00,32.2,39.1,21.3,18.5
0,Berlin,2025-03-01T22:00,32.8,39,18.9,18.2
0,Berlin,2025-03-01T23:00,33.6,38.9,15.5,17.8
0,Berlin,2025-03-02T00:00,33.8,37.4,10.6,17.7
0,Berlin,2025-03-02T01:00,34.3,36.8,7.3,17.4
0,Berlin,2025-03-02T02:00,34.7,36.6,5.4,17.2
0,Berlin,2025-03-02T03:00,36,37.3,3.3,16.6
0,Berlin,2025-03-02T04:00,38.8,39.3,1.4,15.4
0,Berlin,2025-03-02T05:00,39.4,40.3,2.3,15.2
0,Berlin,2025-03-02T06:00,38.6,40,3.7,15.5
0,Berlin,2025-03-02T07:00,39.4,41.9,6.4,15.2
0,Berlin,2025-03-02T08:00,40.4,43.7,8.2,14.8
0,Berlin,2025-03-02T09:00,39,43.6,11.8,15.3
0,Berlin,2025-03-02T10:00,37.3,43.5,16.4,16
0,Berlin,2025-03-02T11:00,36.1,43.6,20.6,16.5
0,Berlin,2025-03-02T12:00,34.6,43.3,24.9,17.2
0,Berlin,2025-03-02T13:00,33.5,43,28.5,17.9
0,Berlin,2025-03-02T14:00,32.7,42.6,30.2,18.3
0,Berlin,2025-03-02T15:00,32.7,42.2,28.7,18.3
0,Berlin,2025-03-02T16:00,33.1,42.3,27.5,18
0,Berlin,2025-03-02T17:00,32.9,42.4,28.9,18.2
0,Berlin,2025-03-02T18:00,34.2,42.9,25.5,17.5
0,Berlin,2025-03-02T19:00,34.2,41.7,22,17.5
0,Berlin,2025-03-02T20:00,34.2,40.8,19,17.4
0,Berlin,2025-03-02T21:00,34.7,40.5,16.7,17.2
0,Berlin,2025-03-02T22:00,35.4,40.1,13.2,16.9
0,Berlin,2025-03-02T23:00,36,39.7,10.1,16.6
0,Berlin,2025-03-03T00:00,35.6,38.6,8.3,16.8
0,Berlin,2025-03-03T01:00,35.6,38.1,6.9,16.8
0,Berlin,2025-03-03T02:00,36.3,38.8,6.9,16.5
0,Berlin,2025-03-03T03:00,39.5,41.6,5.3,15.1
0,Berlin,2025-03-03T04:00,43.7,45.3,3.6,13.7
0,Berlin,2025-03-03T05:00,41.4,46.2,11.5,14.4
0,Berlin,2025-03-03T06:00,35.6,45.3,27.3,16.8
0,Berlin,2025-03-03T07:00,29.3,43.4,48.2,20.4
0,Berlin,2025-03-03T08:00,26.9,42.2,56.6,22.2
0,Berlin,2025-03-03T09:00,29.2,42.3,44.7,20.5
0,Berlin,2025-03-03T10:00,30.3,42.5,40,19.7
0,Berlin,2025-03-03T11:00,30.1,42.3,40.5,19.9
0,Berlin,2025-03-03T12:00,29.7,42,41.5,20.1
0,Berlin,2025-03-03T13:00,29.3,42.2,43.8,20.4
0,Berlin,2025-03-03T14:00,27.2,41.7,53.1,22
0,Berlin,2025-03-03T15:00,24.7,41.4,67.3,24.2
0,Berlin,2025-03-03T16:00,24.4,40.9,67.1,24.5
0,Berlin,2025-03-03T17:00,26.9,41.2,53.2,22.2
0,Berlin,2025-03-03T18:00,30.2,41.5,37.4,19.8
0,Berlin,2025-03-03T19:00,31.9,40.7,27.6,18.7
0,Berlin,2025-03-03T20:00,33.6,40.6,20.6,17.8
0,Berlin,2025-03-03T21:00,34.3,40.2,17,17.4
0,Berlin,2025-03-03T22:00,35.2,40.1,13.8,17
0,Berlin,2025-03-03T23:00,36.4,39.9,9.6,16.4
0,Berlin,2025-03-04T00:00,34.9,37.9,8.6,17.1
0,Berlin,2025-03-04T01:00,34.8,37.6,7.8,17.2
0,Berlin,2025-03-04T02:00,34.6,38,9.8,17.3
0,Berlin,2025-03-04T03:00,38.3,41,7,15.6
0,Berlin,2025-03-04T04:00,42.8,45,5.1,13.9
0,Berlin,2025-03-04T05:00,41,45.8,11.6,14.6
0,Berlin,2025-03-04T06:00,35.2,45.1,27.9,17
0,Berlin,2025-03-04T07:00,29,43.1,48.3,20.6
0,Berlin,2025-03-04T08:00,25.8,41.6,61,23.2
0,Berlin,2025-03-04T09:00,26.3,41.4,57.5,22.8
0,Berlin,2025-03-04T10:00,27.1,41.3,52.4,22.1
0,Berlin,2025-03-04T11:00,29.2,42,43.8,20.5
0,Berlin,2025-03-04T12:00,28.9,41.6,43.8,20.7
0,Berlin,2025-03-04T13:00,28.7,41.9,45.7,20.8
0,Berlin,2025-03-04T14:00,26.6,41.4,55.5,22.5
0,Berlin,2025-03-04T15:00,23.7,40.7,71.5,25.2
0,Berlin,2025-03-04T16:00,23.8,40.5,69.7,25.1
0,Berlin,2025-03-04T17:00,26.5,41.1,55.1,22.6
0,Berlin,2025-03-04T18:00,29.5,41.5,40.6,20.3
0,Berlin,2025-03-04T19:00,31.1,40.2,29.4,19.2
0,Berlin,2025-03-04T20:00,32.3,39.5,22.3,18.5
0,Berlin,2025-03-04T21:00,33.2,39.4,18.4,18
0,Berlin,2025-03-04T22:00,33.9,39.1,15.2,17.6
0,Berlin,2025-03-04T23:00,34.2,38,11.1,17.5
0,Berlin,2025-03-05T00:00,33.5,36.7,9.5,17.9
0,Berlin,2025-03-05T01:00,34.1,36.7,7.4,17.5
0,Berlin,2025-03-05T02:00,34.4,37.4,8.6,17.3
0,Berlin,2025-03-05T03:00,37.7,40.3,6.9,15.9
0,Berlin,2025-03-05T04:00,42.7,44.7,4.8,14
0,Berlin,2025-03-05T05:00,40.9,45.6,11.4,14.6
0,Berlin,2025-03-05T06:00,35.4,45,27.1,16.9
0,Berlin,2025-03-05T07:00,28.5,42.9,50.5,21
0,Berlin,2025-03-05T08:00,26.2,41.7,59,22.8
0,Berlin,2025-03-05T09:00,26.5,41.2,55.3,22.5
0,Berlin,2025-03-05T10:00,27.1,41.3,52.4,22.1
0,Berlin,2025-03-05T11:00,27.7,41.1,48.2,21.5
0,Berlin,2025-03-05T12:00,28.1,41.1,46.1,21.2
0,Berlin,2025-03-05T13:00,28.4,41.6,46.6,21.1
0,Berlin,2025-03-05T14:00,26.7,41.6,55.7,22.4
0,Berlin,2025-03-05T15:00,24,41,70.3,24.9
0,Berlin,2025-03-05T16:00,23.8,40.6,70.6,25.1
0,Berlin,2025-03-05T17:00,26.4,41.2,56.2,22.7
0,Berlin,2025-03-05T18:00,29.5,41.5,40.5,20.3
0,Berlin,2025-03-05T19:00,30.7,40.3,30.9,19.4
0,Berlin,2025-03-05T20:00,32,39.5,23.2,18.7
0,Berlin,2025-03-05T21:00,33.2,39.5,18.7,18
0,Berlin,2025-03-05T22:00,34,39.3,15.5,17.6
0,Berlin,2025-03-05T23:00,34.2,38.2,11.6,17.5
0,Berlin,2025-03-06T00:00,33.7,36.8,9.3,17.7
0,Berlin,2025-03-06T01:00,33.9,36.8,8.5,17.6
0,Berlin,2025-03-06T02:00,34.2,37.3,8.8,17.4
0,Berlin,2025-03-06T03:00,38.3,40.8,6.4,15.6
0,Berlin,2025-03-06T04:00,43.6,45.5,4.3,13.7
0,Berlin,2025-03-06T05:00,41.5,45.9,10.6,14.4
0,Berlin,2025-03-06T06:00,36,45.1,25.1,16.6
0,Berlin,2025-03-06T07:00,29.2,43.2,47.7,20.5
0,Berlin,2025-03-06T08:00,26.8,41.9,56,22.3
0,Berlin,2025-03-06T09:00,28,42,49.7,21.3
0,Berlin,2025-03-06T10:00,29.2,42.2,44.4,20.5
0,Berlin,2025-03-06T11:00,29.3,42,43.4,20.4
0,Berlin,2025-03-06T12:00,29,42.1,45,20.6
0,Berlin,2025-03-06T13:00,28.3,41.9,47.9,21.1
0,Berlin,2025-03-06T14:00,25.4,41.1,61.7,23.5
0,Berlin,2025-03-06T15:00,22.4,40.4,80.7,26.7
0,Berlin,2025-03-06T16:00,22.2,40.3,81.3,26.9
0,Berlin,2025-03-06T17:00,23.9,40.5,69,25
0,Berlin,2025-03-06T18:00,25.8,40.4,56.5,23.2
0,Berlin,2025-03-06T19:00,28.8,40,38.5,20.7
0,Berlin,2025-03-06T20:00,31.2,39.5,26.8,19.2
0,Berlin,2025-03-06T21:00,32.9,39.6,20.2,18.1
0,Berlin,2025-03-06T22:00,33.9,39.4,16.4,17.6
0,Berlin,2025-03-06T23:00,34.5,38.6,11.9,17.3
0,Berlin,2025-03-07T00:00,34.2,37.3,9.2,17.5
0,Berlin,2025-03-07T01:00,34.3,36.8,7.4,17.4
0,Berlin,2025-03-07T02:00,34.6,37.3,7.8,17.3
0,Berlin,2025-03-07T03:00,38.6,41,6.1,15.5
0,Berlin,2025-03-07T04:00,44.4,45.9,3.2,13.4
0,Berlin,2025-03-07T05:00,41.4,45.8,10.6,14.4
0,Berlin,2025-03-07T06:00,36.1,44.7,23.9,16.6
0,Berlin,2025-03-07T07:00,30.5,42.7,39.8,19.6
0,Berlin,2025-03-07T08:00,29.2,42,43.4,20.4
0,Berlin,2025-03-07T09:00,29.7,42,41.3,20.1
0,Berlin,2025-03-07T10:00,29.5,42.1,42.8,20.3
0,Berlin,2025-03-07T11:00,28.1,41.5,47.9,21.3
0,Berlin,2025-03-07T12:00,27.1,41.5,53.2,22.1
0,Berlin,2025-03-07T13:00,25.4,41.1,61.9,23.6
0,Berlin,2025-03-07T14:00,23.9,40.9,70.8,25
0,Berlin,2025-03-07T15:00,23.3,40.5,73.9,25.7
0,Berlin,2025-03-07T16:00,25.1,41,63.2,23.8
0,Berlin,2025-03-07T17:00,26.5,41,54.6,22.6
0,Berlin,2025-03-07T18:00,27.7,40.6,46.5,21.6
0,Berlin,2025-03-07T19:00,28.5,39.7,39.5,21
0,Berlin,2025-03-07T20:00,30.4,39.3,29.2,19.7
0,Berlin,2025-03-07T21:00,31.8,39.1,22.9,18.8
0,Berlin,2025-03-07T22:00,32.3,39.3,21.4,18.5
0,Berlin,2025-03-07T23:00,33,38.4,16,18.1
0,Berlin,2025-03-08T00:00,33.2,37.1,11.5,18
0,Berlin,2025-03-08T01:00,33.8,36.5,7.7,17.7
0,Berlin,2025-03-08T02:00,34.3,36.3,5.7,17.4
0,Berlin,2025-03-08T03:00,36.6,37.8,3.2,16.3
0,Berlin,2025-03-08T04:00,39.4,40.2,2.1,15.2
0,Berlin,2025-03-08T05:00,39.9,41.1,3,15
0,Berlin,2025-03-08T06:00,40.7,42.1,3.3,14.7
0,Berlin,2025-03-08T07:00,40.3,43.6,8.1,14.8
0,Berlin,2025-03-08T08:00,40.2,44.6,10.8,14.8
0,Berlin,2025-03-08T09:00,37.7,44.4,17.7,15.8
0,Berlin,2025-03-08T10:00,34.3,43.7,27.3,17.4
0,Berlin,2025-03-08T11:00,32.4,43.2,33.1,18.4
0,Berlin,2025-03-08T12:00,31.9,42.6,33.3,18.7
0,Berlin,2025-03-08T13:00,31.6,42.1,33.4,18.9
0,Berlin,2025-03-08T14:00,30.5,41.6,36.4,19.6
0,Berlin,2025-03-08T15:00,29.7,41.5,39.7,20.1
0,Berlin,2025-03-08T16:00,30,41.6,38.6,19.9
0,Berlin,2025-03-08T17:00,29.4,41.2,40,20.3
0,Berlin,2025-03-08T18:00,30.4,40.9,34.7,19.7
0,Berlin,2025-03-08T19:00,31,40,28.8,19.3
0,Berlin,2025-03-08T20:00,31.7,39.3,23.8,18.9
0,Berlin,2025-03-08T21:00,31.9,38.9,22,18.7
0,Berlin,2025-03-08T22:00,32.7,39.4,20.4,18.3
0,Berlin,2025-03-08T23:00,33.1,38.4,16,18
0,Berlin,2025-03-09T00:00,33.8,37.6,11,17.7
0,Berlin,2025-03-09T01:00,34.3,36.9,7.3,17.4
0,Berlin,2025-03-09T02:00,34.8,36.6,5.2,17.2
0,Berlin,2025-03-09T03:00,36.2,37.2,2.7,16.5
0,Berlin,2025-03-09T04:00,38.8,39.3,1.3,15.4
0,Berlin,2025-03-09T05:00,39.6,40.3,1.8,15.1
0,Berlin,2025-03-09T06:00,39.5,40.3,2.1,15.1
0,Berlin,2025-03-09T07:00,40.3,42.6,5.5,14.8
0,Berlin,2025-03-09T08:00,40.4,43.9,8.4,14.8
0,Berlin,2025-03-09T09:00,38.7,43.9,13.4,15.4
0,Berlin,2025-03-09T10:00,36.3,43.5,19.5,16.4
0,Berlin,2025-03-09T11:00,34.5,43.1,24.8,17.3
0,Berlin,2025-03-09T12:00,32.9,42.6,29.3,18.2
0,Berlin,2025-03-09T13:00,32,42.2,31.8,18.7
0,Berlin,2025-03-09T14:00,31.4,41.9,33.4,19
0,Berlin,2025-03-09T15:00,31.9,41.9,31.3,18.8
0,Berlin,2025-03-09T16:00,31.7,42,32.3,18.8
0,Berlin,2025-03-09T17:00,30.4,41.8,37.5,19.7
0,Berlin,2025-03-09T18:00,32,41.9,30.7,18.7
0,Berlin,2025-03-09T19:00,33,41.2,24.9,18.1
0,Berlin,2025-03-09T20:00,33.9,40.6,20,17.6
0,Berlin,2025-03-09T21:00,34.6,40.5,16.9,17.3
0,Berlin,2025-03-09T22:00,35.5,40.2,13.3,16.8
0,Berlin,2025-03-09T23:00,35.8,39.4,9.9,16.7
0,Berlin,2025-03-10T00:00,35.6,38.5,8.2,16.8
0,Berlin,2025-03-10T01:00,35.6,38.1,7.1,16.8
0,Berlin,2025-03-10T02:00,35.8,38.3,6.8,16.7
0,Berlin,2025-03-10T03:00,38.2,40.5,6,15.7
0,Berlin,2025-03-10T04:00,41,43.2,5.3,14.6
0,Berlin,2025-03-10T05:00,39.5,44.8,13.4,15.1
0,Berlin,2025-03-10T06:00,34.3,44.1,28.6,17.4
0,Berlin,2025-03-10T07:00,28,42.2,50.6,21.4
0,Berlin,2025-03-10T08:00,26.3,41.2,56.9,22.8
0,Berlin,2025-03-10T09:00,27.8,41,47.6,21.5
0,Berlin,2025-03-10T10:00,28.3,41.1,44.8,21.1
0,Berlin,2025-03-10T11:00,28.1,40.9,45.4,21.3
0,Berlin,2025-03-10T12:00,27.7,40.8,47.3,21.6
0,Berlin,2025-03-10T13:00,27.6,40.9,47.7,21.6
0,Berlin,2025-03-10T14:00,26,40.7,56.3,23
0,Berlin,2025-03-10T15:00,23.5,40.2,70.7,25.4
0,Berlin,2025-03-10T16:00,23.6,40.2,70.4,25.3
0,Berlin,2025-03-10T17:00,25.3,40.2,58.5,23.6
0,Berlin,2025-03-10T18:00,28.3,40.4,42.5,21.1
0,Berlin,2025-03-10T19:00,30.5,39.5,29.5,19.6
0,Berlin,2025-03-10T20:00,32,39.2,22.5,18.7
0,Berlin,2025-03-10T21:00,31.4,38.2,21.7,19
0,Berlin,2025-03-10T22:00,32.5,38.2,17.4,18.4
0,Berlin,2025-03-10T23:00,33.3,37.4,12.2,17.9
0,Berlin,2025-03-11T00:00,34,37.1,9.1,17.6
0,Berlin,2025-03-11T01:00,34.4,37.2,7.9,17.3
0,Berlin,2025-03-11T02:00,34.9,37.9,8.6,17.1
0,Berlin,2025-03-11T03:00,37.9,40.1,5.7,15.7
0,Berlin,2025-03-11T04:00,40.8,43.4,6.4,14.6
0,Berlin,2025-03-11T05:00,40.8,45.9,12.4,14.6
0,Berlin,2025-03-11T06:00,34.4,44.5,29.2,17.4
0,Berlin,2025-03-11T07:00,28.3,42.5,50,21.1
0,Berlin,2025-03-11T08:00,26.4,41.6,57.7,22.7
0,Berlin,2025-03-11T09:00,28.1,41.4,47.1,21.2
0,Berlin,2025-03-11T10:00,29.1,41.4,42,20.5
0,Berlin,2025-03-11T11:00,29,41.4,42.5,20.6
0,Berlin,2025-03-11T12:00,28.7,41.2,43.5,20.8
0,Berlin,2025-03-11T13:00,28.4,41.2,44.9,21
0,Berlin,2025-03-11T14:00,27,41.3,52.8,22.1
0,Berlin,2025-03-11T15:00,24.3,40.6,66.9,24.6
0,Berlin,2025-03-11T16:00,24.8,40.6,63.6,24.1
0,Berlin,2025-03-11T17:00,26.8,40.8,52.5,22.3
0,Berlin,2025-03-11T18:00,29.2,40.8,39.5,20.5
0,Berlin,2025-03-11T19:00,31.2,40.1,28.5,19.2
0,Berlin,2025-03-11T20:00,32.6,39.6,21.4,18.3
0,Berlin,2025-03-11T21:00,31.8,38.4,20.5,18.8
0,Berlin,2025-03-11T22:00,32.3,38,17.6,18.5
0,Berlin,2025-03-11T23:00,33.9,38,11.7,17.6
0,Berlin,2025-03-12T00:00,33.6,36.5,8.8,17.8
0,Berlin,2025-03-12T01:00,33.4,36.4,8.8,17.9
0,Berlin,2025-03-12T02:00,34,37.2,9.3,17.6
0,Berlin,2025-03-12T03:00,37.2,39.6,6.5,16.1
0,Berlin,2025-03-12T04:00,40.5,43,6.2,14.8
0,Berlin,2025-03-12T05:00,40.6,45.6,12.2,14.7
0,Berlin,2025-03-12T06:00,34.6,44.3,28.1,17.3
0,Berlin,2025-03-12T07:00,28.4,42.3,48.8,21
0,Berlin,2025-03-12T08:00,27.2,41.7,52.9,21.9
0,Berlin,2025-03-12T09:00,28.9,41.5,43.5,20.7
0,Berlin,2025-03-12T10:00,29.6,41.4,39.5,20.2
0,Berlin,2025-03-12T11:00,29.4,41.3,40.6,20.3
0,Berlin,2025-03-12T12:00,28.6,41.1,43.7,20.9
0,Berlin,2025-03-12T13:00,28.5,41.3,44.6,21
0,Berlin,2025-03-12T14:00,27.3,41.4,51.4,21.9
0,Berlin,2025-03-12T15:00,24.9,40.8,63.3,24
0,Berlin,2025-03-12T16:00,25.2,40.8,61.8,23.7
0,Berlin,2025-03-12T17:00,26.7,40.9,52.8,22.3
0,Berlin,2025-03-12T18:00,28.5,40.6,42.2,20.9
0,Berlin,2025-03-12T19:00,31.1,40.2,28.9,19.2
0,Berlin,2025-03-12T20:00,32.2,39.6,22.8,18.5
0,Berlin,2025-03-12T21:00,31.9,38.7,21.4,18.7
0,Berlin,2025-03-12T22:00,32.1,38.5,19.7,18.6
0,Berlin,2025-03-12T23:00,34,38.2,12.2,17.6
0,Berlin,2025-03-13T00:00,33.9,36.9,8.9,17.6
0,Berlin,2025-03-13T01:00,33.5,36.2,8,17.9
0,Berlin,2025-03-13T02:00,34.1,37.2,8.8,17.5
0,Berlin,2025-03-13T03:00,37,39.4,6.5,16.2
0,Berlin,2025-03-13T04:00,40.4,42.8,5.9,14.8
0,Berlin,2025-03-13T05:00,40.2,45.1,12.1,14.9
0,Berlin,2025-03-13T06:00,35,44.3,26.6,17.1
0,Berlin,2025-03-13T07:00,29.1,42.5,46,20.5
0,Berlin,2025-03-13T08:00,27.4,41.6,51.9,21.8
0,Berlin,2025-03-13T09:00,28.7,41.4,44.1,20.8
0,Berlin,2025-03-13T10:00,29.4,41.4,40.6,20.3
0,Berlin,2025-03-13T11:00,28.9,41.3,42.5,20.6
0,Berlin,2025-03-13T12:00,28.7,41.3,43.8,20.8
0,Berlin,2025-03-13T13:00,28.4,41.4,45.8,21.1
0,Berlin,2025-03-13T14:00,27.1,41.4,52.5,22
0,Berlin,2025-03-13T15:00,25.2,41,62.3,23.7
0,Berlin,2025-03-13T16:00,25.8,41.1,59.1,23.1
0,Berlin,2025-03-13T17:00,27.4,40.9,49,21.8
0,Berlin,2025-03-13T18:00,29.3,40.8,39.1,20.4
0,Berlin,2025-03-13T19:00,30.8,40.2,30.2,19.4
0,Berlin,2025-03-13T20:00,32.5,39.8,22.4,18.4
0,Berlin,2025-03-13T21:00,31,38.2,23,19.3
0,Berlin,2025-03-13T22:00,32,38.2,19.4,18.7
0,Berlin,2025-03-13T23:00,33.2,37.4,12.6,18
0,Berlin,2025-03-14T00:00,33.1,36.2,9.3,18
0,Berlin,2025-03-14T01:00,33.3,35.8,7.3,17.9
0,Berlin,2025-03-14T02:00,33.6,36.3,7.9,17.8
0,Berlin,2025-03-14T03:00,36.5,38.7,6.1,16.4
0,Berlin,2025-03-14T04:00,41.2,43.4,5.1,14.5
0,Berlin,2025-03-14T05:00,40.4,44.8,10.9,14.8
0,Berlin,2025-03-14T06:00,36.4,44.3,21.8,16.4
0,Berlin,2025-03-14T07:00,31.1,42.5,36.7,19.2
0,Berlin,2025-03-14T08:00,30.1,41.8,38.6,19.8
0,Berlin,2025-03-14T09:00,30.4,41.8,37.5,19.7
0,Berlin,2025-03-14T10:00,30.2,41.7,38,19.8
0,Berlin,2025-03-14T11:00,29.4,41.5,41.2,20.3
0,Berlin,2025-03-14T12:00,28.1,41.5,47.2,21.2
0,Berlin,2025-03-14T13:00,25.8,40.8,58.3,23.2
0,Berlin,2025-03-14T14:00,25.7,41.2,60.3,23.3
0,Berlin,2025-03-14T15:00,26.1,41.2,57.7,22.9
0,Berlin,2025-03-14T16:00,27.9,41.3,48,21.4
0,Berlin,2025-03-14T17:00,28.3,41,44.6,21.1
0,Berlin,2025-03-14T18:00,29.4,40.7,38.3,20.3
0,Berlin,2025-03-14T19:00,30,39.8,32.6,19.9
0,Berlin,2025-03-14T20:00,31.3,39.3,25.6,19.1
0,Berlin,2025-03-14T21:00,32,39.2,22.6,18.7
0,Berlin,2025-03-14T22:00,32.7,39.2,19.9,18.3
0,Berlin,2025-03-14T23:00,32.8,38.3,16.6,18.2
0,Berlin,2025-03-15T00:00,33.2,37.2,12,18
0,Berlin,2025-03-15T01:00,33.3,36,7.9,17.9
0,Berlin,2025-03-15T02:00,34,36.2,6.4,17.6
0,Berlin,2025-03-15T03:00,35.9,37.5,4.4,16.6
0,Berlin,2025-03-15T04:00,37.8,39.3,3.9,15.8
0,Berlin,2025-03-15T05:00,38.4,40.8,6.3,15.6
0,Berlin,2025-03-15T06:00,38.8,41.7,7.3,15.4
0,Berlin,2025-03-15T07:00,39.4,43.3,9.9,15.2
0,Berlin,2025-03-15T08:00,38.2,43.7,14.4,15.6
0,Berlin,2025-03-15T09:00,35.1,43.2,22.7,17
0,Berlin,2025-03-15T10:00,32.9,42.5,29,18.1
0,Berlin,2025-03-15T11:00,31.3,42,34.3,19.1
0,Berlin,2025-03-15T12:00,30,41.7,38.7,19.9
0,Berlin,2025-03-15T13:00,28.5,41.2,44.5,21
0,Berlin,2025-03-15T14:00,28,41,46.2,21.3
0,Berlin,2025-03-15T15:00,28.5,40.7,42.4,20.9
0,Berlin,2025-03-15T16:00,29.3,40.7,38.7,20.4
0,Berlin,2025-03-15T17:00,28.8,40.6,41.1,20.8
0,Berlin,2025-03-15T18:00,29.8,40.5,35.8,20.1
0,Berlin,2025-03-15T19:00,30.8,39.9,29.2,19.4
0,Berlin,2025-03-15T20:00,31.4,39.3,25.1,19.1
0,Berlin,2025-03-15T21:00,31.8,39,22.3,18.8
0,Berlin,2025-03-15T22:00,32.3,39,20.5,18.5
0,Berlin,2025-03-15T23:00,33,38.5,16.5,18.1
0,Berlin,2025-03-16T00:00,33.5,37.4,11.8,17.9
0,Berlin,2025-03-16T01:00,33.5,36.2,8.2,17.9
0,Berlin,2025-03-16T02:00,34.1,36.2,6,17.5
0,Berlin,2025-03-16T03:00,35.6,36.8,3.3,16.8
0,Berlin,2025-03-16T04:00,38,38.8,2.1,15.7
0,Berlin,2025-03-16T05:00,38.8,39.7,2.3,15.4
0,Berlin,2025-03-16T06:00,39.2,40,2,15.2
0,Berlin,2025-03-16T07:00,40.1,42.4,5.5,14.9
0,Berlin,2025-03-16T08:00,40,43.6,8.9,14.9
0,Berlin,2025-03-16T09:00,38.6,43.8,13.5,15.5
0,Berlin,2025-03-16T10:00,36.5,43.4,18.9,16.4
0,Berlin,2025-03-16T11:00,34.7,43.1,24,17.2
0,Berlin,2025-03-16T12:00,33.4,42.7,27.7,17.9
0,Berlin,2025-03-16T13:00,32.3,42.3,30.8,18.5
0,Berlin,2025-03-16T14:00,31.5,41.9,33.2,19
0,Berlin,2025-03-16T15:00,31.3,41.6,32.7,19.1
0,Berlin,2025-03-16T16:00,31.9,41.8,31,18.7
0,Berlin,2025-03-16T17:00,31,41.5,33.6,19.2
0,Berlin,2025-03-16T18:00,32.4,41.6,28.2,18.4
0,Berlin,2025-03-16T19:00,33,41.4,25.2,18.1
0,Berlin,2025-03-16T20:00,33.9,40.6,19.9,17.6
0,Berlin,2025-03-16T21:00,34.7,40.7,17.4,17.2
0,Berlin,2025-03-16T22:00,35.6,40.3,13.1,16.8
0,Berlin,2025-03-16T23:00,36.7,40.2,9.5,16.3
0,Berlin,2025-03-17T00:00,35.1,38.3,9,17
0,Berlin,2025-03-17T01:00,35.2,38,8.1,17
0,Berlin,2025-03-17T02:00,35.3,38.4,8.6,16.9
0,Berlin,2025-03-17T03:00,39.3,41.6,5.8,15.2
0,Berlin,2025-03-17T04:00,43.6,45.6,4.6,13.7
0,Berlin,2025-03-17T05:00,41.1,46.2,12.2,14.5
0,Berlin,2025-03-17T06:00,35,44.7,27.5,17.1
0,Berlin,2025-03-17T07:00,28.4,42.8,50.5,21
0,Berlin,2025-03-17T08:00,26.1,41.8,60,22.9
0,Berlin,2025-03-17T09:00,28,41.7,49.2,21.4
0,Berlin,2025-03-17T10:00,29.1,41.9,43.7,20.5
0,Berlin,2025-03-17T11:00,28.6,41.5,45.2,20.9
0,Berlin,2025-03-17T12:00,28,41.3,47.7,21.4
0,Berlin,2025-03-17T13:00,27.8,41.2,47.9,21.5
0,Berlin,2025-03-17T14:00,26.7,41.3,54.6,22.4
0,Berlin,2025-03-17T15:00,24.7,40.8,64.9,24.2
0,Berlin,2025-03-17T16:00,25.1,40.8,62.3,23.8
0,Berlin,2025-03-17T17:00,27.3,40.9,49.6,21.9
0,Berlin,2025-03-17T18:00,29.6,40.8,37.5,20.2
0,Berlin,2025-03-17T19:00,31.3,40.3,28.5,19.1
0,Berlin,2025-03-17T20:00,32.7,40,22.3,18.3
0,Berlin,2025-03-17T21:00,33,39.5,19.5,18.1
0,Berlin,2025-03-17T22:00,34,39.2,15.4,17.6
0,Berlin,2025-03-17T23:00,34.7,38.5,11,17.2
0,Berlin,2025-03-18T00:00,33.5,36.9,9.9,17.8
0,Berlin,2025-03-18T01:00,33.8,36.9,8.9,17.7
0,Berlin,2025-03-18T02:00,34.4,37.6,9.2,17.4
0,Berlin,2025-03-18T03:00,38.1,40.6,6.6,15.7
0,Berlin,2025-03-18T04:00,41.8,44.1,5.4,14.3
0,Berlin,2025-03-18T05:00,39.9,45.3,13.4,15
0,Berlin,2025-03-18T06:00,33.5,44.1,31.6,17.8
0,Berlin,2025-03-18T07:00,27.2,42.3,55.1,21.9
0,Berlin,2025-03-18T08:00,25.2,41.5,64.2,23.7
0,Berlin,2025-03-18T09:00,27.2,41.2,51.2,22
0,Berlin,2025-03-18T10:00,28.8,41.3,43.3,20.7
0,Berlin,2025-03-18T11:00,28.7,41.3,44.1,20.9
0,Berlin,2025-03-18T12:00,28.1,41.1,46.2,21.3
0,Berlin,2025-03-18T13:00,27.7,41.1,48,21.6
0,Berlin,2025-03-18T14:00,26,41.1,58.2,23
0,Berlin,2025-03-18T15:00,23.7,40.7,71.3,25.2
0,Berlin,2025-03-18T16:00,23.7,40.5,71,25.3
0,Berlin,2025-03-18T17:00,25.6,40.7,58.9,23.3
0,Berlin,2025-03-18T18:00,28,40.6,45,21.4
0,Berlin,2025-03-18T19:00,30.4,40,31.8,19.7
0,Berlin,2025-03-18T20:00,32,39.6,23.7,18.7
0,Berlin,2025-03-18T21:00,32.9,39.4,19.8,18.2
0,Berlin,2025-03-18T22:00,34.1,39.5,15.6,17.5
0,Berlin,2025-03-18T23:00,34.3,38.3,11.8,17.4
0,Berlin,2025-03-19T00:00,33.9,37.2,9.5,17.6
0,Berlin,2025-03-19T01:00,33.9,36.7,8.4,17.6
0,Berlin,2025-03-19T02:00,35.4,37.8,6.5,16.9
0,Berlin,2025-03-19T03:00,37.7,39.7,5.2,15.8
0,Berlin,2025-03-19T04:00,40.3,42.2,4.7,14.8
0,Berlin,2025-03-19T05:00,38.4,43.9,14.3,15.6
0,Berlin,2025-03-19T06:00,32.3,43.1,33.2,18.5
0,Berlin,2025-03-19T07:00,24.2,41.2,70.4,24.7
0,Berlin,2025-03-19T08:00,21.6,40.4,86.3,27.6
0,Berlin,2025-03-19T09:00,24.1,40.3,67,24.8
0,Berlin,2025-03-19T10:00,26.9,40.5,50.3,22.2
0,Berlin,2025-03-19T11:00,26.9,40.2,49.2,22.2
0,Berlin,2025-03-19T12:00,26.4,40.4,52.9,22.6
0,Berlin,2025-03-19T13:00,25.9,40.5,56.1,23.1
0,Berlin,2025-03-19T14:00,23.9,40.5,69.2,25
0,Berlin,2025-03-19T15:00,21.2,40,88.6,28.2
0,Berlin,2025-03-19T16:00,21,40,90,28.4
0,Berlin,2025-03-19T17:00,22.6,40.2,77.3,26.4
0,Berlin,2025-03-19T18:00,24.9,39.9,60.4,24
0,Berlin,2025-03-19T19:00,28.5,39.5,38.5,21
0,Berlin,2025-03-19T20:00,30.3,38.8,28,19.7
0,Berlin,2025-03-19T21:00,31.3,38.5,22.9,19.1
0,Berlin,2025-03-19T22:00,31.7,38.3,21,18.9
0,Berlin,2025-03-19T23:00,33.5,37.6,12.4,17.9
0,Berlin,2025-03-20T00:00,33.6,36.7,9.2,17.8
0,Berlin,2025-03-20T01:00,33.8,36.3,7.2,17.7
0,Berlin,2025-03-20T02:00,34.6,37.2,7.4,17.3
0,Berlin,2025-03-20T03:00,37.4,39.6,5.9,16
0,Berlin,2025-03-20T04:00,40.9,43,5.1,14.6
0,Berlin,2025-03-20T05:00,38.6,43.8,13.5,15.5
0,Berlin,2025-03-20T06:00,32.2,42.8,32.8,18.6
0,Berlin,2025-03-20T07:00,24.8,41.3,66.6,24.1
0,Berlin,2025-03-20T08:00,22.3,40.1,79.9,26.8
0,Berlin,2025-03-20T09:00,24.4,40.1,64.3,24.5
0,Berlin,2025-03-20T10:00,26.4,40.4,52.4,22.6
0,Berlin,2025-03-20T11:00,26.4,40.3,52.6,22.6
0,Berlin,2025-03-20T12:00,26.2,40.3,53.5,22.8
0,Berlin,2025-03-20T13:00,24.6,39.9,62,24.3
0,Berlin,2025-03-20T14:00,22.6,39.8,75.9,26.4
0,Berlin,2025-03-20T15:00,20.7,39.9,92.2,28.8
0,Berlin,2025-03-20T16:00,21.1,40,89.7,28.4
0,Berlin,2025-03-20T17:00,23,40,74.1,26
0,Berlin,2025-03-20T18:00,24.9,39.8,59.7,24
0,Berlin,2025-03-20T19:00,28.2,39.4,39.5,21.2
0,Berlin,2025-03-20T20:00,30.8,39.1,26.9,19.4
0,Berlin,2025-03-20T21:00,31.9,38.8,21.7,18.8
0,Berlin,2025-03-20T22:00,32.3,38.5,19.1,18.5
0,Berlin,2025-03-20T23:00,33.5,37.9,13.1,17.8
0,Berlin,2025-03-21T00:00,33.6,36.4,8.4,17.8
0,Berlin,2025-03-21T01:00,34.2,36.5,6.7,17.5
0,Berlin,2025-03-21T02:00,35.1,37.2,5.9,17
0,Berlin,2025-03-21T03:00,38.8,40.5,4.3,15.4
0,Berlin,2025-03-21T04:00,42,44.1,5,14.2
0,Berlin,2025-03-21T05:00,40.1,44.7,11.3,14.9
0,Berlin,2025-03-21T06:00,35.1,43.8,24.6,17
0,Berlin,2025-03-21T07:00,29.9,42,40.6,20
0,Berlin,2025-03-21T08:00,29,41.4,42.7,20.6
0,Berlin,2025-03-21T09:00,28.9,41.3,42.7,20.7
0,Berlin,2025-03-21T10:00,28.7,41.2,43.8,20.9
0,Berlin,2025-03-21T11:00,28.1,41.2,46.4,21.2
0,Berlin,2025-03-21T12:00,27.1,41.1,51.5,22
0,Berlin,2025-03-21T13:00,25.7,40.8,58.7,23.3
0,Berlin,2025-03-21T14:00,24.6,40.8,65.4,24.3
0,Berlin,2025-03-21T15:00,25.1,40.9,62.9,23.8
0,Berlin,2025-03-21T16:00,26.8,41,53.1,22.3
0,Berlin,2025-03-21T17:00,27.1,40.7,49.9,22
0,Berlin,2025-03-21T18:00,28,40.3,43.5,21.3
0,Berlin,2025-03-21T19:00,29.6,39.6,33.8,20.2
0,Berlin,2025-03-21T20:00,30.5,39,27.8,19.6
0,Berlin,2025-03-21T21:00,31.3,38.8,23.8,19.1
0,Berlin,2025-03-21T22:00,31.5,38.9,23.4,19
0,Berlin,2025-03-21T23:00,32.7,38.4,17.5,18.3
0,Berlin,2025-03-22T00:00,32.7,36.7,12,18.3
0,Berlin,2025-03-22T01:00,33.4,36.1,8.1,17.9
0,Berlin,2025-03-22T02:00,34.1,36.2,6.1,17.5
0,Berlin,2025-03-22T03:00,35.8,37.4,4.4,16.7
0,Berlin,2025-03-22T04:00,37.9,39.3,3.8,15.8
0,Berlin,2025-03-22T05:00,38.2,40.7,6.4,15.6
0,Berlin,2025-03-22T06:00,38.3,41.4,7.8,15.6
0,Berlin,2025-03-22T07:00,38.6,42.8,10.8,15.5
0,Berlin,2025-03-22T08:00,36.6,42.8,17,16.3
0,Berlin,2025-03-22T09:00,33.2,42.2,27,18
0,Berlin,2025-03-22T10:00,30.8,41.7,35.4,19.4
0,Berlin,2025-03-22T11:00,29.2,41.3,41.4,20.5
0,Berlin,2025-03-22T12:00,28.2,40.9,44.9,21.2
0,Berlin,2025-03-22T13:00,27.6,40.8,47.9,21.7
0,Berlin,2025-03-22T14:00,27.3,40.7,49,21.9
0,Berlin,2025-03-22T15:00,28,40.5,44.6,21.4
0,Berlin,2025-03-22T16:00,28,40.4,44.1,21.3
0,Berlin,2025-03-22T17:00,27.5,40.6,47.6,21.8
0,Berlin,2025-03-22T18:00,28.4,40.2,41.8,21.1
0,Berlin,2025-03-22T19:00,30,39.4,31.5,19.9
0,Berlin,2025-03-22T20:00,30.8,38.9,26.2,19.4
0,Berlin,2025-03-22T21:00,31.3,38.5,22.9,19.1
0,Berlin,2025-03-22T22:00,31.8,38.6,21.3,18.8
0,Berlin,2025-03-22T23:00,32.8,38.1,16.2,18.2
0,Berlin,2025-03-23T00:00,33.3,37.1,11.3,17.9
0,Berlin,2025-03-23T01:00,33.7,36.3,7.7,17.7
0,Berlin,2025-03-23T02:00,34.2,36.1,5.5,17.4
0,Berlin,2025-03-23T03:00,35.8,36.8,3,16.7
0,Berlin,2025-03-23T04:00,37.2,38.2,2.5,16
0,Berlin,2025-03-23T05:00,39.1,39.9,2,15.3
0,Berlin,2025-03-23T06:00,40.2,40.8,1.4,14.8
0,Berlin,2025-03-23T07:00,39.2,41.8,6.5,15.2
0,Berlin,2025-03-23T08:00,39.1,43,10,15.3
0,Berlin,2025-03-23T09:00,37.6,43.3,14.9,15.9
0,Berlin,2025-03-23T10:00,35.7,42.9,20.3,16.7
0,Berlin,2025-03-23T11:00,34.3,42.7,24.3,17.4
0,Berlin,2025-03-23T12:00,33.1,42.3,27.6,18
0,Berlin,2025-03-23T13:00,32.1,41.9,30.4,18.6
0,Berlin,2025-03-23T14:00,31.5,41.7,32.3,19
0,Berlin,2025-03-23T15:00,31.7,41.4,30.4,18.8
0,Berlin,2025-03-23T16:00,32.1,41.6,29.3,18.6
0,Berlin,2025-03-23T17:00,31.5,41.4,31.3,19
0,Berlin,2025-03-23T18:00,32.1,41.3,28.6,18.6
0,Berlin,2025-03-23T19:00,32,40.4,26.2,18.7
0,Berlin,2025-03-23T20:00,32.5,39.8,22.3,18.4
0,Berlin,2025-03-23T21:00,33.4,39.7,18.8,17.9
0,Berlin,2025-03-23T22:00,34.5,39.7,15.2,17.3
0,Berlin,2025-03-23T23:00,35.6,39.5,10.7,16.8
0,Berlin,2025-03-24T00:00,34.9,38,8.8,17.1
0,Berlin,2025-03-24T01:00,34.9,37.5,7.3,17.1
0,Berlin,2025-03-24T02:00,35.9,38.1,6.3,16.7
0,Berlin,2025-03-24T03:00,39.1,41.2,5.2,15.3
0,Berlin,2025-03-24T04:00,43,44.9,4.3,13.9
0,Berlin,2025-03-24T05:00,39.8,45.4,13.9,15
0,Berlin,2025-03-24T06:00,33.6,43.8,30.5,17.8
0,Berlin,2025-03-24T07:00,28.4,42.3,49,21.1
0,Berlin,2025-03-24T08:00,27.1,41.6,53.7,22.1
0,Berlin,2025-03-24T09:00,28.4,41.5,46,21.1
0,Berlin,2025-03-24T10:00,29.1,41.4,42.1,20.5
0,Berlin,2025-03-24T11:00,28.8,41.2,43.1,20.8
0,Berlin,2025-03-24T12:00,28.8,41.2,43.2,20.8
0,Berlin,2025-03-24T13:00,28.6,41.1,43.8,20.9
0,Berlin,2025-03-24T14:00,27.2,41.2,51.1,21.9
0,Berlin,2025-03-24T15:00,25.6,40.9,59.8,23.4
0,Berlin,2025-03-24T16:00,26.2,40.8,55.5,22.8
0,Berlin,2025-03-24T17:00,28.6,41,43.5,20.9
0,Berlin,2025-03-24T18:00,29.8,40.5,35.9,20.1
0,Berlin,2025-03-24T19:00,31.5,40.1,27.4,19
0,Berlin,2025-03-24T20:00,32.3,39.6,22.7,18.5
0,Berlin,2025-03-24T21:00,32,38.7,21.1,18.7
0,Berlin,2025-03-24T22:00,32.3,38.3,18.7,18.5
0,Berlin,2025-03-24T23:00,33.4,37.6,12.6,17.9
0,Berlin,2025-03-25T00:00,33.6,37,9.9,17.8
0,Berlin,2025-03-25T01:00,33.6,36.8,9.4,17.8
0,Berlin,2025-03-25T02:00,34.6,37.8,9.2,17.3
0,Berlin,2025-03-25T03:00,37.3,40,7.1,16
0,Berlin,2025-03-25T04:00,40.8,43.1,5.7,14.6
0,Berlin,2025-03-25T05:00,40.2,45.3,12.6,14.9
0,Berlin,2025-03-25T06:00,34.1,44.3,29.9,17.5
0,Berlin,2025-03-25T07:00,28.1,42.4,50.9,21.3
0,Berlin,2025-03-25T08:00,26,41.4,59.2,23
0,Berlin,2025-03-25T09:00,27.3,41.1,50.6,21.9
0,Berlin,2025-03-25T10:00,28.2,41.1,45.6,21.2
0,Berlin,2025-03-25T11:00,28.3,41,44.4,21.1
0,Berlin,2025-03-25T12:00,28.1,40.9,45.6,21.3
0,Berlin,2025-03-25T13:00,27.8,40.9,46.8,21.5
0,Berlin,2025-03-25T14:00,26.4,41.1,55.3,22.6
0,Berlin,2025-03-25T15:00,24.7,40.9,65.2,24.1
0,Berlin,2025-03-25T16:00,25.2,40.9,61.7,23.7
0,Berlin,2025-03-25T17:00,27.1,41,50.9,22
0,Berlin,2025-03-25T18:00,28.3,40.4,42.5,21.1
0,Berlin,2025-03-25T19:00,31,40,29,19.3
0,Berlin,2025-03-25T20:00,31.9,39.4,23.1,18.7
0,Berlin,2025-03-25T21:00,31.5,38.6,22.5,19
0,Berlin,2025-03-25T22:00,32.4,38.3,18.2,18.4
0,Berlin,2025-03-25T23:00,33.3,37.4,12.1,17.9
0,Berlin,2025-03-26T00:00,33.6,36.8,9.4,17.8
0,Berlin,2025-03-26T01:00,33.8,36.7,8.4,17.7
0,Berlin,2025-03-26T02:00,35.1,37.3,6.2,17
0,Berlin,2025-03-26T03:00,37.1,38.8,4.6,16.1
0,Berlin,2025-03-26T04:00,39.7,41.9,5.5,15.1
0,Berlin,2025-03-26T05:00,38.2,43.7,14.4,15.6
0,Berlin,2025-03-26T06:00,32,43,34.3,18.7
0,Berlin,2025-03-26T07:00,24.5,41.1,67.4,24.4
0,Berlin,2025-03-26T08:00,22,40.1,82.5,27.2
0,Berlin,2025-03-26T09:00,24.7,40.4,63.5,24.2
0,Berlin,2025-03-26T10:00,27.1,40.4,48.8,22
0,Berlin,2025-03-26T11:00,27.6,40.4,46.2,21.6
0,Berlin,2025-03-26T12:00,27.6,40.6,47.2,21.7
0,Berlin,2025-03-26T13:00,26.6,40.4,51.7,22.5
0,Berlin,2025-03-26T14:00,24.4,40.3,65.1,24.5
0,Berlin,2025-03-26T15:00,22.9,40.3,75.9,26.1
0,Berlin,2025-03-26T16:00,23.6,40.3,70.7,25.3
0,Berlin,2025-03-26T17:00,25.9,40.4,56.2,23.1
0,Berlin,2025-03-26T18:00,27.5,40,45.4,21.7
0,Berlin,2025-03-26T19:00,30,39.6,31.8,19.9
0,Berlin,2025-03-26T20:00,31,38.9,25.4,19.3
0,Berlin,2025-03-26T21:00,31.6,38.5,21.9,18.9
0,Berlin,2025-03-26T22:00,31.5,38,20.4,19
0,Berlin,2025-03-26T23:00,33.5,37.4,11.6,17.8
0,Berlin,2025-03-27T00:00,33.6,36.4,8.4,17.8
0,Berlin,2025-03-27T01:00,34,36.3,6.7,17.6
0,Berlin,2025-03-27T02:00,34.7,37,6.4,17.2
0,Berlin,2025-03-27T03:00,37.4,39.5,5.4,16
0,Berlin,2025-03-27T04:00,39.6,42.1,6.1,15.1
0,Berlin,2025-03-27T05:00,38.5,43.5,13,15.5
0,Berlin,2025-03-27T06:00,32.8,42.9,31,18.2
0,Berlin,2025-03-27T07:00,25.4,41.2,61.7,23.5
0,Berlin,2025-03-27T08:00,23.4,40.2,71.8,25.6
0,Berlin,2025-03-27T09:00,25.8,40.3,56.2,23.2
0,Berlin,2025-03-27T10:00,27.7,40.5,46.3,21.6
0,Berlin,2025-03-27T11:00,27.7,40.6,46.5,21.6
0,Berlin,2025-03-27T12:00,27.6,40.8,47.7,21.7
0,Berlin,2025-03-27T13:00,26.5,40.6,53,22.5
0,Berlin,2025-03-27T14:00,24.7,40.7,64.8,24.2
0,Berlin,2025-03-27T15:00,22.5,40.4,79.3,26.6
0,Berlin,2025-03-27T16:00,22.8,40.3,76.4,26.2
0,Berlin,2025-03-27T17:00,25.3,40.7,60.3,23.6
0,Berlin,2025-03-27T18:00,26.8,40.3,50.4,22.3
0,Berlin,2025-03-27T19:00,29.5,39.8,35,20.3
0,Berlin,2025-03-27T20:00,31.2,39.3,25.9,19.2
0,Berlin,2025-03-27T21:00,32.1,38.8,20.9,18.6
0,Berlin,2025-03-27T22:00,32.5,38.6,19,18.4
0,Berlin,2025-03-27T23:00,33.1,38.1,15,18
0,Berlin,2025-03-28T00:00,34.1,37,8.4,17.5
0,Berlin,2025-03-28T01:00,34.6,36.7,5.9,17.2
0,Berlin,2025-03-28T02:00,35.3,37.2,5.4,16.9
0,Berlin,2025-03-28T03:00,37.8,39.5,4.7,15.8
0,Berlin,2025-03-28T04:00,41,43.2,5.5,14.6
0,Berlin,2025-03-28T05:00,40.4,44.7,10.8,14.8
0,Berlin,2025-03-28T06:00,35.8,44,22.9,16.7
0,Berlin,2025-03-28T07:00,30.5,42.3,38.7,19.6
0,Berlin,2025-03-28T08:00,29.6,41.8,40.9,20.2
0,Berlin,2025-03-28T09:00,29.9,41.7,39.4,20
0,Berlin,2025-03-28T10:00,29.5,41.7,41.6,20.3
0,Berlin,2025-03-28T11:00,28.5,41.6,45.9,21
0,Berlin,2025-03-28T12:00,27.3,41.3,50.9,21.9
0,Berlin,2025-03-28T13:00,25.9,41.2,59.2,23.1
0,Berlin,2025-03-28T14:00,24.2,40.9,68.4,24.7
0,Berlin,2025-03-28T15:00,24.1,40.7,68.6,24.8
0,Berlin,2025-03-28T16:00,26.2,40.8,55.8,22.8
0,Berlin,2025-03-28T17:00,27.6,41,48.6,21.7
0,Berlin,2025-03-28T18:00,28.2,40.5,43.7,21.2
0,Berlin,2025-03-28T19:00,29.8,40,34.1,20
0,Berlin,2025-03-28T20:00,30.7,39.4,28.2,19.4
0,Berlin,2025-03-28T21:00,32,39.6,23.7,18.7
0,Berlin,2025-03-28T22:00,32.2,40,24.2,18.6
0,Berlin,2025-03-28T23:00,33.2,38.8,16.8,18
0,Berlin,2025-03-29T00:00,33,37,12.1,18.1
0,Berlin,2025-03-29T01:00,33.7,36.4,8.1,17.7
0,Berlin,2025-03-29T02:00,34.3,36.3,5.8,17.4
0,Berlin,2025-03-29T03:00,35.7,37.3,4.4,16.7
0,Berlin,2025-03-29T04:00,37.9,39.5,4,15.8
0,Berlin,2025-03-29T05:00,38.9,40.8,4.8,15.4
0,Berlin,2025-03-29T06:00,38.9,41.6,6.8,15.3
0,Berlin,2025-03-29T07:00,39.5,43.5,9.9,15.1
0,Berlin,2025-03-29T08:00,37.8,43.5,15.1,15.8
0,Berlin,2025-03-29T09:00,34.8,42.9,23.4,17.2
0,Berlin,2025-03-29T10:00,32.1,42.4,31.9,18.6
0,Berlin,2025-03-29T11:00,29.8,41.7,39.8,20.1
0,Berlin,2025-03-29T12:00,29.3,41.4,41.2,20.4
0,Berlin,2025-03-29T13:00,28.8,41,42.4,20.8
0,Berlin,2025-03-29T14:00,28.4,40.9,44,21
0,Berlin,2025-03-29T15:00,28.3,40.9,44.2,21.1
0,Berlin,2025-03-29T16:00,28.5,40.7,42.9,21
0,Berlin,2025-03-29T17:00,28.6,40.6,41.7,20.9
0,Berlin,2025-03-29T18:00,28.9,40.3,39,20.6
0,Berlin,2025-03-29T19:00,30.3,39.6,30.6,19.7
0,Berlin,2025-03-29T20:00,31.1,39.2,25.8,19.2
0,Berlin,2025-03-29T21:00,31.8,38.9,22.1,18.8
0,Berlin,2025-03-29T22:00,32.3,39,20.7,18.5
0,Berlin,2025-03-29T23:00,33,38.9,17.6,18.1
0,Berlin,2025-03-30T00:00,33.7,37.5,11.1,17.7
0,Berlin,2025-03-30T01:00,34.6,37,7.1,17.3
0,Berlin,2025-03-30T03:00,36.2,37.6,3.8,16.5
0,Berlin,2025-03-30T04:00,38.5,39.1,1.7,15.5
0,Berlin,2025-03-30T05:00,38.8,39.6,2.1,15.4
0,Berlin,2025-03-30T06:00,38.3,39.8,3.8,15.6
0,Berlin,2025-03-30T07:00,38.7,41.1,6.2,15.4
0,Berlin,2025-03-30T08:00,38.3,42.1,9.7,15.6
0,Berlin,2025-03-30T09:00,38.2,43.2,13.2,15.6
0,Berlin,2025-03-30T10:00,36.1,42.9,18.8,16.6
0,Berlin,2025-03-30T11:00,34.3,42.9,24.9,17.4
0,Berlin,2025-03-30T12:00,34.1,42.9,25.8,17.5
0,Berlin,2025-03-30T13:00,33,42.5,28.7,18.1
0,Berlin,2025-03-30T14:00,32,41.9,30.8,18.7
0,Berlin,2025-03-30T15:00,32.4,42,29.5,18.4
0,Berlin,2025-03-30T16:00,32,41.8,30.6,18.7
0,Berlin,2025-03-30T17:00,31.5,41.6,32.2,19
0,Berlin,2025-03-30T18:00,32.1,41.4,28.7,18.6
0,Berlin,2025-03-30T19:00,32.5,41,26,18.4
0,Berlin,2025-03-30T20:00,32.6,40.7,24.6,18.3
0,Berlin,2025-03-30T21:00,33.5,40.4,20.3,17.8
0,Berlin,2025-03-30T22:00,34.5,40.4,17.1,17.3
0,Berlin,2025-03-30T23:00,35.9,40.2,12.1,16.7
0,Berlin,2025-03-31T00:00,36.1,39.4,9,16.5
0,Berlin,2025-03-31T01:00,35.7,38.2,7,16.8
0,Berlin,2025-03-31T02:00,35.6,38.3,7.6,16.8
0,Berlin,2025-03-31T03:00,38.9,41.2,5.7,15.3
0,Berlin,2025-03-31T04:00,43.6,45.8,5,13.7
0,Berlin,2025-03-31T05:00,40.7,45.8,12.3,14.7
0,Berlin,2025-03-31T06:00,35.2,44.7,27.1,17
0,Berlin,2025-03-31T07:00,29.1,42.9,47.2,20.5
0,Berlin,2025-03-31T08:00,27.7,41.9,51.2,21.6
0,Berlin,2025-03-31T09:00,29.2,41.7,42.7,20.5
0,Berlin,2025-03-31T10:00,29.8,41.7,39.8,20.1
0,Berlin,2025-03-31T11:00,28.8,41.2,43.1,20.8
0,Berlin,2025-03-31T12:00,28.6,41.4,44.5,20.9
0,Berlin,2025-03-31T13:00,28.4,41.4,45.6,21.1
0,Berlin,2025-03-31T14:00,26.6,41.3,55.1,22.5
0,Berlin,2025-03-31T15:00,24.8,40.9,64.6,24.1
0,Berlin,2025-03-31T16:00,25.5,40.9,60.5,23.5
0,Berlin,2025-03-31T17:00,27.1,40.9,51,22.1
0,Berlin,2025-03-31T18:00,29.1,40.7,39.7,20.6
0,Berlin,2025-03-31T19:00,30.9,40.1,29.8,19.3
0,Berlin,2025-03-31T20:00,32.1,39.9,24.2,18.6
0,Berlin,2025-03-31T21:00,33.8,40.1,18.7,17.7
0,Berlin,2025-03-31T22:00,34.7,40,15,17.2
0,Berlin,2025-03-31T23:00,35.5,39.6,11.5,16.8
0,Berlin,2025-04-01T00:00,35.3,38.3,8.7,16.9
0,Berlin,2025-04-01T01:00,35.2,38,8,17
0,Berlin,2025-04-01T02:00,35.9,38.9,8.3,16.6
0,Berlin,2025-04-01T03:00,38.7,41.5,7.2,15.4
0,Berlin,2025-04-01T04:00,42.8,45.1,5.2,13.9
0,Berlin,2025-04-01T05:00,40.5,45.3,11.9,14.8
0,Berlin,2025-04-01T06:00,34.4,44.4,29.1,17.4
0,Berlin,2025-04-01T07:00,28.1,42.5,51.4,21.3
0,Berlin,2025-04-01T08:00,25.3,41.4,63.5,23.6
0,Berlin,2025-04-01T09:00,26.6,41.1,54.1,22.4
0,Berlin,2025-04-01T10:00,28.3,41.2,45.8,21.1
0,Berlin,2025-04-01T11:00,28.2,41.1,45.6,21.2
0,Berlin,2025-04-01T12:00,27.9,41.2,47.4,21.4
0,Berlin,2025-04-01T13:00,27.8,41.2,48,21.5
0,Berlin,2025-04-01T14:00,26.1,41,57,22.9
0,Berlin,2025-04-01T15:00,23.5,40.6,72.6,25.5
0,Berlin,2025-04-01T16:00,24.2,40.7,68.3,24.7
0,Berlin,2025-04-01T17:00,26.8,41,52.7,22.3
0,Berlin,2025-04-01T18:00,28.2,40.5,43.2,21.2
0,Berlin,2025-04-01T19:00,30.6,39.7,29.8,19.6
0,Berlin,2025-04-01T20:00,31.6,39.6,25.3,18.9
0,Berlin,2025-04-01T21:00,33,39.6,19.8,18.1
0,Berlin,2025-04-01T22:00,33.6,39.5,17.6,17.8
0,Berlin,2025-04-01T23:00,34.3,38.5,12.4,17.4
0,Berlin,2025-04-02T00:00,34.2,37.5,9.5,17.5
0,Berlin,2025-04-02T01:00,34.5,37.4,8.2,17.3
0,Berlin,2025-04-02T02:00,35.3,38.2,8.2,16.9
0,Berlin,2025-04-02T03:00,38.2,40.8,6.9,15.6
0,Berlin,2025-04-02T04:00,42.9,45.3,5.4,13.9
0,Berlin,2025-04-02T05:00,40.3,45.2,12,14.8
0,Berlin,2025-04-02T06:00,34.7,44.4,27.9,17.2
0,Berlin,2025-04-02T07:00,29,42.6,46.8,20.6
0,Berlin,2025-04-02T08:00,26.9,41.7,54.6,22.2
0,Berlin,2025-04-02T09:00,28.4,41.6,46.3,21
0,Berlin,2025-04-02T10:00,29.5,41.6,41.1,20.3
0,Berlin,2025-04-02T11:00,28.9,41.3,42.9,20.7
0,Berlin,2025-04-02T12:00,28.5,41.4,45.2,21
0,Berlin,2025-04-02T13:00,27.9,41.2,47.2,21.4
0,Berlin,2025-04-02T14:00,26.4,41.2,56.1,22.7
0,Berlin,2025-04-02T15:00,24.2,40.8,68.7,24.7
0,Berlin,2025-04-02T16:00,24.6,40.8,66,24.3
0,Berlin,2025-04-02T17:00,26.5,40.9,54,22.5
0,Berlin,2025-04-02T18:00,28,40.4,44.3,21.4
0,Berlin,2025-04-02T19:00,30.5,40.1,31.4,19.6
0,Berlin,2025-04-02T20:00,31.5,39.8,26,18.9
0,Berlin,2025-04-02T21:00,33.1,39.8,20,18
0,Berlin,2025-04-02T22:00,34,39.6,16.5,17.6
0,Berlin,2025-04-02T23:00,34.6,38.9,12.2,17.3
0,Berlin,2025-04-03T00:00,33.9,37.2,9.6,17.6
0,Berlin,2025-04-03T01:00,34.3,37.5,9,17.4
0,Berlin,2025-04-03T02:00,34.7,37.9,9.1,17.2
0,Berlin,2025-04-03T03:00,37.6,40.5,7.5,15.9
0,Berlin,2025-04-03T04:00,42.5,44.6,5,14.1
0,Berlin,2025-04-03T05:00,40.5,45.1,11.3,14.7
0,Berlin,2025-04-03T06:00,34.8,44.3,27.3,17.2
0,Berlin,2025-04-03T07:00,28.4,42.5,49.8,21.1
0,Berlin,2025-04-03T08:00,25.6,41.3,61,23.3
0,Berlin,2025-04-03T09:00,26.6,41.1,54.2,22.5
0,Berlin,2025-04-03T10:00,28.1,41.3,46.7,21.2
0,Berlin,2025-04-03T11:00,28.1,41.2,46.3,21.3
0,Berlin,2025-04-03T12:00,27.7,41.1,48.4,21.6
0,Berlin,2025-04-03T13:00,26.6,40.6,52.8,22.5
0,Berlin,2025-04-03T14:00,24.4,40.4,65.7,24.5
0,Berlin,2025-04-03T15:00,22.6,40.2,77.6,26.4
0,Berlin,2025-04-03T16:00,22.9,40.4,76.3,26.1
0,Berlin,2025-04-03T17:00,25.2,40.6,61.1,23.7
0,Berlin,2025-04-03T18:00,27.2,40.4,48.2,22
0,Berlin,2025-04-03T19:00,29.9,40,33.7,20
0,Berlin,2025-04-03T20:00,31.5,39.9,26.7,19
0,Berlin,2025-04-03T21:00,32.8,39.8,21.5,18.2
0,Berlin,2025-04-03T22:00,33.5,39.7,18.5,17.8
0,Berlin,2025-04-03T23:00,34.4,39,13.5,17.4
0,Berlin,2025-04-04T00:00,34.1,37.4,9.4,17.5
0,Berlin,2025-04-04T01:00,34.3,36.9,7.6,17.4
0,Berlin,2025-04-04T02:00,35.1,37.6,7,17
0,Berlin,2025-04-04T03:00,37.8,40,5.7,15.8
0,Berlin,2025-04-04T04:00,42.4,44.3,4.5,14.1
0,Berlin,2025-04-04T05:00,40.6,44.9,10.4,14.7
0,Berlin,2025-04-04T06:00,35.4,44.1,24.2,16.9
0,Berlin,2025-04-04T07:00,30.1,42.6,41.2,19.8
0,Berlin,2025-04-04T08:00,28.2,41.5,47,21.2
0,Berlin,2025-04-04T09:00,28.2,41.2,46.1,21.2
0,Berlin,2025-04-04T10:00,28.1,41.2,46.3,21.3
0,Berlin,2025-04-04T11:00,27.3,41,50.3,21.9
0,Berlin,2025-04-04T12:00,25.7,40.5,57.6,23.3
0,Berlin,2025-04-04T13:00,25.5,41,60.5,23.4
0,Berlin,2025-04-04T14:00,24.5,40.9,67,24.4
0,Berlin,2025-04-04T15:00,24.7,40.8,65.4,24.2
0,Berlin,2025-04-04T16:00,26.9,41.1,52.6,22.2
0,Berlin,2025-04-04T17:00,28,40.8,45.8,21.4
0,Berlin,2025-04-04T18:00,27.8,40.4,45.1,21.5
0,Berlin,2025-04-04T19:00,28.6,39.7,38.8,20.9
0,Berlin,2025-04-04T20:00,29.8,39.4,32.1,20
0,Berlin,2025-04-04T21:00,31.3,39.3,25.4,19.1
0,Berlin,2025-04-04T22:00,31.9,39.4,23.5,18.8
0,Berlin,2025-04-04T23:00,33.1,38.9,17.4,18
0,Berlin,2025-04-05T00:00,33,37.2,12.9,18.1
0,Berlin,2025-04-05T01:00,33.4,36.4,8.8,17.9
0,Berlin,2025-04-05T02:00,33.7,36,7,17.8
0,Berlin,2025-04-05T03:00,34.7,36.5,4.9,17.2
0,Berlin,2025-04-05T04:00,36.9,38.6,4.6,16.2
0,Berlin,2025-04-05T05:00,38.2,40.7,6.3,15.6
0,Berlin,2025-04-05T06:00,38.7,41.6,7.5,15.4
0,Berlin,2025-04-05T07:00,39.5,43.5,10.1,15.1
0,Berlin,2025-04-05T08:00,37.9,43.6,15.1,15.8
0,Berlin,2025-04-05T09:00,34.6,42.9,23.7,17.2
0,Berlin,2025-04-05T10:00,32.3,42.4,31.3,18.5
0,Berlin,2025-04-05T11:00,30.3,41.8,37.7,19.7
0,Berlin,2025-04-05T12:00,28.5,41.2,44.6,21
0,Berlin,2025-04-05T13:00,27.2,40.7,49.2,21.9
0,Berlin,2025-04-05T14:00,27.2,40.8,49.8,22
0,Berlin,2025-04-05T15:00,27.9,40.5,45.2,21.4
0,Berlin,2025-04-05T16:00,28.7,40.5,41,20.8
0,Berlin,2025-04-05T17:00,28.7,40.4,41,20.8
0,Berlin,2025-04-05T18:00,28.4,40,40.8,21
0,Berlin,2025-04-05T19:00,29.4,39.4,33.7,20.3
0,Berlin,2025-04-05T20:00,29.9,39,30.4,20
0,Berlin,2025-04-05T21:00,31.2,39,24.7,19.1
0,Berlin,2025-04-05T22:00,32,38.8,21.2,18.7
0,Berlin,2025-04-05T23:00,32.8,38.3,16.7,18.2
0,Berlin,2025-04-06T00:00,33.4,37.4,12.2,17.9
0,Berlin,2025-04-06T01:00,33.3,36.4,9.2,17.9
0,Berlin,2025-04-06T02:00,33.7,36.1,6.9,17.7
0,Berlin,2025-04-06T03:00,34.8,36.8,5.6,17.2
0,Berlin,2025-04-06T04:00,37,38.5,3.9,16.1
0,Berlin,2025-04-06T05:00,37.7,39.3,4.2,15.9
0,Berlin,2025-04-06T06:00,39,40.3,3.4,15.3
0,Berlin,2025-04-06T07:00,40,42.6,6.5,14.9
0,Berlin,2025-04-06T08:00,39.4,43.4,10,15.1
0,Berlin,2025-04-06T09:00,37.3,43.2,15.9,16
0,Berlin,2025-04-06T10:00,35.1,43.1,22.7,17
0,Berlin,2025-04-06T11:00,32.9,42.8,30.2,18.2
0,Berlin,2025-04-06T12:00,31.2,42.5,36.3,19.2
0,Berlin,2025-04-06T13:00,30.1,42,39.3,19.8
0,Berlin,2025-04-06T14:00,29.8,41.6,39.6,20
0,Berlin,2025-04-06T15:00,30.8,41.6,34.8,19.4
0,Berlin,2025-04-06T16:00,31.4,41.6,32.3,19
0,Berlin,2025-04-06T17:00,30.7,41.3,34.1,19.4
0,Berlin,2025-04-06T18:00,31.5,41.2,30.5,18.9
0,Berlin,2025-04-06T19:00,32.8,40.8,24.3,18.2
0,Berlin,2025-04-06T20:00,33.1,40.6,22.7,18.1
0,Berlin,2025-04-06T21:00,33.9,40.1,18.2,17.6
0,Berlin,2025-04-06T22:00,34.7,39.9,14.8,17.2
0,Berlin,2025-04-06T23:00,35.6,39.5,11,16.8
0,Berlin,2025-04-07T00:00,35.5,38.5,8.5,16.8
0,Berlin,2025-04-07T01:00,35.3,37.9,7.4,16.9
0,Berlin,2025-04-07T02:00,35.9,38.3,6.6,16.6
0,Berlin,2025-04-07T03:00,39.9,42.3,6,15
0,Berlin,2025-04-07T04:00,44,45.7,3.9,13.6
0,Berlin,2025-04-07T05:00,40.6,45.7,12.5,14.7
0,Berlin,2025-04-07T06:00,33.9,44.3,30.8,17.6
0,Berlin,2025-04-07T07:00,28,42.6,51.9,21.3
0,Berlin,2025-04-07T08:00,25.8,41.5,60.5,23.1
0,Berlin,2025-04-07T09:00,27,41.4,53.2,22.1
0,Berlin,2025-04-07T10:00,28.1,41.4,47.3,21.3
0,Berlin,2025-04-07T11:00,28.2,41.3,46.7,21.2
0,Berlin,2025-04-07T12:00,28,41.3,47.4,21.4
0,Berlin,2025-04-07T13:00,27.1,40.8,50.3,22.1
0,Berlin,2025-04-07T14:00,26.3,41.1,55.9,22.7
0,Berlin,2025-04-07T15:00,24.4,40.8,66.9,24.5
0,Berlin,2025-04-07T16:00,24.8,40.8,64.4,24.1
0,Berlin,2025-04-07T17:00,27.2,40.8,50.2,22
0,Berlin,2025-04-07T18:00,29.5,40.6,37.4,20.3
0,Berlin,2025-04-07T19:00,31.4,40.1,27.6,19
0,Berlin,2025-04-07T20:00,31.4,39.4,25.3,19
0,Berlin,2025-04-07T21:00,32.5,39.4,21.2,18.4
0,Berlin,2025-04-07T22:00,33.2,39,17.6,18
0,Berlin,2025-04-07T23:00,34.8,38.8,11.6,17.2
0,Berlin,2025-04-08T00:00,33.9,37.3,10.1,17.6
0,Berlin,2025-04-08T01:00,34.2,37.2,8.8,17.5
0,Berlin,2025-04-08T02:00,35.1,38.2,8.6,17
0,Berlin,2025-04-08T03:00,37.5,40.3,7.3,15.9
0,Berlin,2025-04-08T04:00,41.7,44.3,6.2,14.3
0,Berlin,2025-04-08T05:00,39.5,45.3,14.4,15.1
0,Berlin,2025-04-08T06:00,33,44,32.9,18.1
0,Berlin,2025-04-08T07:00,26.8,42,56.6,22.3
0,Berlin,2025-04-08T08:00,25.1,41.4,64.3,23.8
0,Berlin,2025-04-08T09:00,26.4,41.2,55.7,22.6
0,Berlin,2025-04-08T10:00,27.8,41.1,47.6,21.5
0,Berlin,2025-04-08T11:00,27.9,41.2,47.8,21.4
0,Berlin,2025-04-08T12:00,27.6,41.2,48.9,21.6
0,Berlin,2025-04-08T13:00,27.3,41.1,50.4,21.9
0,Berlin,2025-04-08T14:00,25.7,41,59.8,23.3
0,Berlin,2025-04-08T15:00,23.7,40.7,71.3,25.2
0,Berlin,2025-04-08T16:00,24.3,40.7,67.5,24.6
0,Berlin,2025-04-08T17:00,26.5,41,54.4,22.5
0,Berlin,2025-04-08T18:00,27.8,40.6,45.6,21.5
0,Berlin,2025-04-08T19:00,30.4,39.8,31,19.7
0,Berlin,2025-04-08T20:00,31.6,39.7,25.4,18.9
0,Berlin,2025-04-08T21:00,32.5,39.3,21,18.4
0,Berlin,2025-04-08T22:00,32.8,38.6,17.7,18.2
0,Berlin,2025-04-08T23:00,33.6,38.4,14.1,17.8
0,Berlin,2025-04-09T00:00,34.1,37.5,10,17.5
0,Berlin,2025-04-09T01:00,33.8,36.8,8.6,17.7
0,Berlin,2025-04-09T02:00,34.1,37.3,9.2,17.5
0,Berlin,2025-04-09T03:00,37.1,39.9,7.7,16.1
0,Berlin,2025-04-09T04:00,42.6,44.9,5.3,14
0,Berlin,2025-04-09T05:00,40.2,45.3,12.7,14.8
0,Berlin,2025-04-09T06:00,33.9,44.3,30.7,17.6
0,Berlin,2025-04-09T07:00,27.6,42.4,53.7,21.7
0,Berlin,2025-04-09T08:00,25.4,41.4,62.9,23.6
0,Berlin,2025-04-09T09:00,26.6,41.3,55.3,22.5
0,Berlin,2025-04-09T10:00,28,41.3,47.5,21.3
0,Berlin,2025-04-09T11:00,28.2,41.2,45.9,21.2
0,Berlin,2025-04-09T12:00,27.5,41,49.2,21.7
0,Berlin,2025-04-09T13:00,27.1,41,51.2,22
0,Berlin,2025-04-09T14:00,26,41.1,58,23
0,Berlin,2025-04-09T15:00,24.1,40.8,69.2,24.8
0,Berlin,2025-04-09T16:00,24.5,40.8,66.2,24.4
0,Berlin,2025-04-09T17:00,26.8,40.8,52,22.3
0,Berlin,2025-04-09T18:00,28.7,40.6,41.4,20.8
0,Berlin,2025-04-09T19:00,30.9,40.1,29.8,19.3
0,Berlin,2025-04-09T20:00,31.8,39.8,25,18.8
0,Berlin,2025-04-09T21:00,32.2,39.3,21.8,18.5
0,Berlin,2025-04-09T22:00,32.5,38.6,18.5,18.4
0,Berlin,2025-04-09T23:00,33.8,38.2,12.8,17.7
0,Berlin,2025-04-10T00:00,33.3,36.6,9.8,17.9
0,Berlin,2025-04-10T01:00,33.4,36.4,8.9,17.9
0,Berlin,2025-04-10T02:00,33.8,37,9.5,17.7
0,Berlin,2025-04-10T03:00,37.2,40.1,7.5,16
0,Berlin,2025-04-10T04:00,42.4,44.7,5.3,14.1
0,Berlin,2025-04-10T05:00,40.4,45.4,12.2,14.8
0,Berlin,2025-04-10T06:00,34.7,44.3,27.9,17.2
0,Berlin,2025-04-10T07:00,28.5,42.6,49.1,21
0,Berlin,2025-04-10T08:00,26.4,41.6,57.6,22.7
0,Berlin,2025-04-10T09:00,27.5,41.4,50.4,21.7
0,Berlin,2025-04-10T10:00,28.2,41.3,46.5,21.2
0,Berlin,2025-04-10T11:00,28.2,41.3,46.5,21.2
0,Berlin,2025-04-10T12:00,27.4,41.2,49.9,21.8
0,Berlin,2025-04-10T13:00,27.4,41.2,50.4,21.8
0,Berlin,2025-04-10T14:00,26,41.3,58.9,23
0,Berlin,2025-04-10T15:00,23.6,40.8,73,25.4
0,Berlin,2025-04-10T16:00,24,40.8,70,24.9
0,Berlin,2025-04-10T17:00,26.4,41.1,55.1,22.6
0,Berlin,2025-04-10T18:00,28.4,40.8,43.6,21
0,Berlin,2025-04-10T19:00,30.8,40.3,30.7,19.4
0,Berlin,2025-04-10T20:00,31.7,39.9,25.7,18.8
0,Berlin,2025-04-10T21:00,32,39.2,22.5,18.7
0,Berlin,2025-04-10T22:00,32.9,38.9,17.9,18.1
0,Berlin,2025-04-10T23:00,34.1,38.5,12.9,17.5
0,Berlin,2025-04-11T00:00,34,37.3,9.7,17.6
0,Berlin,2025-04-11T01:00,33.7,36.2,7.5,17.7
0,Berlin,2025-04-11T02:00,34.4,37,7.3,17.4
0,Berlin,2025-04-11T03:00,37.1,39.8,7.2,16.1
0,Berlin,2025-04-11T04:00,42.5,44.7,5.2,14.1
0,Berlin,2025-04-11T05:00,40.5,45,11.1,14.8
0,Berlin,2025-04-11T06:00,35.7,44.2,23.8,16.7
0,Berlin,2025-04-11T07:00,30.6,42.6,39.3,19.5
0,Berlin,2025-04-11T08:00,29.2,41.8,43.2,20.5
0,Berlin,2025-04-11T09:00,28.7,41.3,44,20.8
0,Berlin,2025-04-11T10:00,28.6,41.5,45,20.9
0,Berlin,2025-04-11T11:00,28.1,41.6,47.9,21.3
0,Berlin,2025-04-11T12:00,27.3,41.6,52.1,21.9
0,Berlin,2025-04-11T13:00,26.3,41.4,57.3,22.8
0,Berlin,2025-04-11T14:00,25.2,41.2,63.3,23.7
0,Berlin,2025-04-11T15:00,25.6,41.2,60.8,23.3
0,Berlin,2025-04-11T16:00,27.5,41.2,49.5,21.7
0,Berlin,2025-04-11T17:00,29.3,41.1,40,20.4
0,Berlin,2025-04-11T18:00,29.6,40.6,37.3,20.2
0,Berlin,2025-04-11T19:00,30.2,39.7,31.2,19.8
0,Berlin,2025-04-11T20:00,31.3,39.7,26.7,19.1
0,Berlin,2025-04-11T21:00,32.1,39.4,22.9,18.6
0,Berlin,2025-04-11T22:00,32.5,39.1,20.5,18.4
0,Berlin,2025-04-11T23:00,33,38.7,17.1,18.1
0,Berlin,2025-04-12T00:00,33.1,37.2,12.3,18.1
0,Berlin,2025-04-12T01:00,32.9,36,9.4,18.2
0,Berlin,2025-04-12T02:00,33.6,36.1,7.3,17.8
0,Berlin,2025-04-12T03:00,35.3,37.5,6,16.9
0,Berlin,2025-04-12T04:00,37.9,39.6,4.3,15.7
0,Berlin,2025-04-12T05:00,39.3,41.8,6.2,15.2
0,Berlin,2025-04-12T06:00,39.1,42.7,8.9,15.3
0,Berlin,2025-04-12T07:00,39.2,43.8,11.5,15.2
0,Berlin,2025-04-12T08:00,37.7,43.5,15.5,15.9
0,Berlin,2025-04-12T09:00,35,43.3,23.6,17.1
0,Berlin,2025-04-12T10:00,32.3,42.7,32.3,18.5
0,Berlin,2025-04-12T11:00,30.2,42,39,19.8
0,Berlin,2025-04-12T12:00,29.8,41.7,39.8,20
0,Berlin,2025-04-12T13:00,29.7,41.4,39.1,20.1
0,Berlin,2025-04-12T14:00,29.2,41.1,40.5,20.5
0,Berlin,2025-04-12T15:00,28.7,40.8,42.2,20.8
0,Berlin,2025-04-12T16:00,29.4,40.8,38.4,20.3
0,Berlin,2025-04-12T17:00,29.7,40.7,36.8,20.1
0,Berlin,2025-04-12T18:00,28.9,40.2,38.8,20.7
0,Berlin,2025-04-12T19:00,29.7,39.5,32.8,20.1
0,Berlin,2025-04-12T20:00,30.1,39.1,29.8,19.8
0,Berlin,2025-04-12T21:00,31,38.8,25.3,19.3
0,Berlin,2025-04-12T22:00,31.5,38.7,22.7,19
0,Berlin,2025-04-12T23:00,32.1,38.3,19.3,18.6
0,Berlin,2025-04-13T00:00,32.6,37.2,14.1,18.3
0,Berlin,2025-04-13T01:00,33.2,36.4,9.7,18
0,Berlin,2025-04-13T02:00,33.7,36.1,7.1,17.7
0,Berlin,2025-04-13T03:00,35.1,36.8,4.8,17
0,Berlin,2025-04-13T04:00,37.8,38.9,2.8,15.8
0,Berlin,2025-04-13T05:00,39.2,40.1,2.3,15.2
0,Berlin,2025-04-13T06:00,39.8,40.8,2.3,15
0,Berlin,2025-04-13T07:00,40.3,43,6.7,14.8
0,Berlin,2025-04-13T08:00,39.7,43.6,9.9,15.1
0,Berlin,2025-04-13T09:00,38,43.8,15.1,15.7
0,Berlin,2025-04-13T10:00,35.9,43.6,21.4,16.6
0,Berlin,2025-04-13T11:00,34.2,43.3,26.6,17.5
0,Berlin,2025-04-13T12:00,33,42.8,29.8,18.1
0,Berlin,2025-04-13T13:00,32,42.3,32.1,18.7
0,Berlin,2025-04-13T14:00,31.2,41.8,33.9,19.1
0,Berlin,2025-04-13T15:00,31.9,41.8,30.9,18.7
0,Berlin,2025-04-13T16:00,31.6,41.8,32.3,18.9
0,Berlin,2025-04-13T17:00,31.5,41.7,32.3,19
0,Berlin,2025-04-13T18:00,32.5,41.4,27.1,18.4
0,Berlin,2025-04-13T19:00,33.1,40.9,23.5,18.1
0,Berlin,2025-04-13T20:00,33,40.5,22.5,18.1
0,Berlin,2025-04-13T21:00,33.4,40,19.6,17.9
0,Berlin,2025-04-13T22:00,34.2,39.6,15.7,17.5
0,Berlin,2025-04-13T23:00,35.3,39.5,11.6,16.9
0,Berlin,2025-04-14T00:00,35.3,38.5,9,16.9
0,Berlin,2025-04-14T01:00,35.5,38.2,7.6,16.8
0,Berlin,2025-04-14T02:00,36.1,38.6,7.1,16.6
0,Berlin,2025-04-14T03:00,39.7,42.1,5.9,15
0,Berlin,2025-04-14T04:00,41.4,44.3,6.9,14.4
0,Berlin,2025-04-14T05:00,40.1,45,12.1,14.9
0,Berlin,2025-04-14T06:00,36,44.5,23.5,16.6
0,Berlin,2025-04-14T07:00,32.7,43.5,32.9,18.2
0,Berlin,2025-04-14T08:00,30.3,42.4,39.8,19.7
0,Berlin,2025-04-14T09:00,29,41.9,44.5,20.6
0,Berlin,2025-04-14T10:00,28.2,41.4,46.9,21.2
0,Berlin,2025-04-14T11:00,27.5,41.1,49.4,21.7
0,Berlin,2025-04-14T12:00,27.4,41,49.7,21.8
0,Berlin,2025-04-14T13:00,28,41.1,46.7,21.3
0,Berlin,2025-04-14T14:00,26.9,41.1,52.4,22.2
0,Berlin,2025-04-14T15:00,25.9,40.9,57.9,23.1
0,Berlin,2025-04-14T16:00,26.4,41,55.1,22.6
0,Berlin,2025-04-14T17:00,28.2,41,45.3,21.2
0,Berlin,2025-04-14T18:00,29.7,40.8,37.1,20.1
0,Berlin,2025-04-14T19:00,31.3,40,27.8,19.1
0,Berlin,2025-04-14T20:00,31.7,39.6,24.7,18.8
0,Berlin,2025-04-14T21:00,31.9,39.1,22.6,18.7
0,Berlin,2025-04-14T22:00,32.8,38.8,18.2,18.2
0,Berlin,2025-04-14T23:00,33.7,38.3,13.5,17.7
0,Berlin,2025-04-15T00:00,33.9,37.5,10.5,17.6
0,Berlin,2025-04-15T01:00,34.3,37.2,8.6,17.4
0,Berlin,2025-04-15T02:00,34.7,38,9.5,17.2
0,Berlin,2025-04-15T03:00,38.4,41,6.7,15.5
0,Berlin,2025-04-15T04:00,42.2,44.4,5.4,14.2
0,Berlin,2025-04-15T05:00,40.8,45.6,11.6,14.6
0,Berlin,2025-04-15T06:00,35.2,44.3,25.8,17
0,Berlin,2025-04-15T07:00,31.7,43.1,35.9,18.9
0,Berlin,2025-04-15T08:00,29,41.8,44,20.6
0,Berlin,2025-04-15T09:00,28,41.4,47.7,21.3
0,Berlin,2025-04-15T10:00,27.8,41.2,48.1,21.5
0,Berlin,2025-04-15T11:00,27.1,41,51,22
0,Berlin,2025-04-15T12:00,26.7,40.8,52.4,22.3
0,Berlin,2025-04-15T13:00,26.9,40.9,52.1,22.2
0,Berlin,2025-04-15T14:00,26.4,41,55.2,22.7
0,Berlin,2025-04-15T15:00,25,40.7,62.5,23.9
0,Berlin,2025-04-15T16:00,25.8,40.9,58.5,23.2
0,Berlin,2025-04-15T17:00,27.1,40.8,50.3,22.1
0,Berlin,2025-04-15T18:00,28.4,40.3,42.1,21.1
0,Berlin,2025-04-15T19:00,30.8,39.8,29,19.4
0,Berlin,2025-04-15T20:00,31.8,39.7,24.7,18.8
0,Berlin,2025-04-15T21:00,32,39,21.8,18.7
0,Berlin,2025-04-15T22:00,33.3,39.2,17.6,17.9
0,Berlin,2025-04-15T23:00,33.6,38.3,13.8,17.8
0,Berlin,2025-04-16T00:00,33.5,37.2,11,17.8
0,Berlin,2025-04-16T01:00,33.7,36.9,9.4,17.7
0,Berlin,2025-04-16T02:00,35.3,38.5,8.9,16.9
0,Berlin,2025-04-16T03:00,38.9,41.7,7.1,15.3
0,Berlin,2025-04-16T04:00,43,45.2,4.9,13.9
0,Berlin,2025-04-16T05:00,40.6,45.1,11.1,14.7
0,Berlin,2025-04-16T06:00,35.9,44.5,23.9,16.6
0,Berlin,2025-04-16T07:00,32.4,43.2,33.3,18.4
0,Berlin,2025-04-16T08:00,30,42.2,40.7,19.9
0,Berlin,2025-04-16T09:00,28.4,41.6,46.7,21.1
0,Berlin,2025-04-16T10:00,27.8,41.6,49.1,21.5
0,Berlin,2025-04-16T11:00,27.5,41.3,50.1,21.8
0,Berlin,2025-04-16T12:00,27.1,41,51.5,22.1
0,Berlin,2025-04-16T13:00,27.2,41.2,51,21.9
0,Berlin,2025-04-16T14:00,26.2,41,56.2,22.8
0,Berlin,2025-04-16T15:00,24.8,40.7,63.9,24.1
0,Berlin,2025-04-16T16:00,25.1,40.7,61.8,23.8
0,Berlin,2025-04-16T17:00,26.8,40.9,52.5,22.3
0,Berlin,2025-04-16T18:00,28.2,40.5,43.4,21.2
0,Berlin,2025-04-16T19:00,30.2,40.1,32.8,19.8
0,Berlin,2025-04-16T20:00,31.2,40,27.9,19.1
0,Berlin,2025-04-16T21:00,32.7,40,22.3,18.3
0,Berlin,2025-04-16T22:00,33.6,39.8,18.6,17.8
0,Berlin,2025-04-16T23:00,34.4,39.1,13.8,17.4
0,Berlin,2025-04-17T00:00,34.2,37.9,10.6,17.4
0,Berlin,2025-04-17T01:00,34,37.2,9.4,17.6
0,Berlin,2025-04-17T02:00,35,38.2,9.1,17.1
0,Berlin,2025-04-17T03:00,38.2,41,7.3,15.6
0,Berlin,2025-04-17T04:00,42.9,45.1,5.2,13.9
0,Berlin,2025-04-17T05:00,40.6,45,10.9,14.7
0,Berlin,2025-04-17T06:00,36.4,44.3,21.6,16.4
0,Berlin,2025-04-17T07:00,33.3,43.3,30.1,17.9
0,Berlin,2025-04-17T08:00,30.8,42.2,36.7,19.4
0,Berlin,2025-04-17T09:00,29.2,41.9,43.4,20.4
0,Berlin,2025-04-17T10:00,28.2,41.6,47.6,21.2
0,Berlin,2025-04-17T11:00,26.7,41,53.4,22.4
0,Berlin,2025-04-17T12:00,26.4,41,55.2,22.7
0,Berlin,2025-04-17T13:00,26.4,41.2,55.7,22.6
0,Berlin,2025-04-17T14:00,25.6,41.2,60.4,23.3
0,Berlin,2025-04-17T15:00,24.8,40.8,64.2,24
0,Berlin,2025-04-17T16:00,26,41.1,57.5,22.9
0,Berlin,2025-04-17T17:00,27.7,41.3,48.9,21.5
0,Berlin,2025-04-17T18:00,28.2,40.7,43.9,21.2
0,Berlin,2025-04-17T19:00,30.2,40.3,33.3,19.8
0,Berlin,2025-04-17T20:00,31.1,40.3,29.5,19.2
0,Berlin,2025-04-17T21:00,32.2,40.1,24.3,18.5
0,Berlin,2025-04-17T22:00,32.5,39.6,21.8,18.4
0,Berlin,2025-04-17T23:00,33.6,38.9,15.7,17.8
0,Berlin,2025-04-18T00:00,33.8,37.8,11.7,17.7
0,Berlin,2025-04-18T01:00,34,36.9,8.3,17.6
0,Berlin,2025-04-18T02:00,34.8,37,6.1,17.2
0,Berlin,2025-04-18T03:00,36.6,38.1,4.1,16.3
0,Berlin,2025-04-18T04:00,40.3,41.3,2.4,14.8
0,Berlin,2025-04-18T05:00,40.8,41.9,2.6,14.6
0,Berlin,2025-04-18T06:00,40.9,42.6,4.2,14.6
0,Berlin,2025-04-18T07:00,40.5,44.2,9.2,14.7
0,Berlin,2025-04-18T08:00,40.6,45.3,11.6,14.7
0,Berlin,2025-04-18T09:00,39.3,45.4,15.3,15.2
0,Berlin,2025-04-18T10:00,37,44.9,21.2,16.1
0,Berlin,2025-04-18T11:00,34.6,43.9,26.8,17.3
0,Berlin,2025-04-18T12:00,34.2,43.2,26,17.4
0,Berlin,2025-04-18T13:00,34.5,42.9,24.3,17.3
0,Berlin,2025-04-18T14:00,33.3,42.3,27.2,18
0,Berlin,2025-04-18T15:00,33.1,42,26.6,18
0,Berlin,2025-04-18T16:00,32.8,41.4,26.3,18.2
0,Berlin,2025-04-18T17:00,32.4,41.2,26.8,18.4
0,Berlin,2025-04-18T18:00,32.2,40.6,26.2,18.6
0,Berlin,2025-04-18T19:00,32,39.8,24.1,18.7
0,Berlin,2025-04-18T20:00,31.9,39.5,23.6,18.7
0,Berlin,2025-04-18T21:00,32.2,39,21.3,18.6
0,Berlin,2025-04-18T22:00,31.7,38.5,21.3,18.8
0,Berlin,2025-04-18T23:00,31.3,37.8,20.7,19.1
0,Berlin,2025-04-19T00:00,32.2,37,14.9,18.6
0,Berlin,2025-04-19T01:00,32.3,35.6,10.2,18.5
0,Berlin,2025-04-19T02:00,33.1,35.8,8,18.1
0,Berlin,2025-04-19T03:00,34.8,37.2,6.8,17.2
0,Berlin,2025-04-19T04:00,37.5,39.5,5.2,15.9
0,Berlin,2025-04-19T05:00,38.1,40.7,7,15.7
0,Berlin,2025-04-19T06:00,38.6,41.8,8,15.5
0,Berlin,2025-04-19T07:00,38.2,42.5,11,15.6
0,Berlin,2025-04-19T08:00,37.3,42.7,14.3,16
0,Berlin,2025-04-19T09:00,35.5,42.7,20.1,16.8
0,Berlin,2025-04-19T10:00,33.4,42.5,27.3,17.9
0,Berlin,2025-04-19T11:00,31.7,42.1,33,18.9
0,Berlin,2025-04-19T12:00,30.1,41.6,38.2,19.8
0,Berlin,2025-04-19T13:00,29.5,41.1,39.1,20.2
0,Berlin,2025-04-19T14:00,29.5,40.8,38.2,20.2
0,Berlin,2025-04-19T15:00,30,40.6,35.2,19.9
0,Berlin,2025-04-19T16:00,30.8,40.6,31.5,19.4
0,Berlin,2025-04-19T17:00,31.3,40.6,29.7,19.1
0,Berlin,2025-04-19T18:00,31.5,40.2,27.4,19
0,Berlin,2025-04-19T19:00,31.8,39.5,24,18.8
0,Berlin,2025-04-19T20:00,31.8,39.4,23.8,18.8
0,Berlin,2025-04-19T21:00,32.4,39.4,21.4,18.4
0,Berlin,2025-04-19T22:00,32.8,38.9,18.4,18.2
0,Berlin,2025-04-19T23:00,33.3,38.5,15.4,17.9
0,Berlin,2025-04-20T00:00,32.9,37,12.4,18.1
0,Berlin,2025-04-20T01:00,32.9,35.9,9.1,18.1
0,Berlin,2025-04-20T02:00,33.9,36.3,7.2,17.6
0,Berlin,2025-04-20T03:00,35.2,37,5.2,17
0,Berlin,2025-04-20T04:00,37.3,38.8,4,16
0,Berlin,2025-04-20T05:00,39,40.2,3,15.3
0,Berlin,2025-04-20T06:00,39.6,40.5,2.2,15.1
0,Berlin,2025-04-20T07:00,40.3,42.8,6.2,14.8
0,Berlin,2025-04-20T08:00,40.4,43.9,8.8,14.8
0,Berlin,2025-04-20T09:00,38.9,44.1,13.6,15.4
0,Berlin,2025-04-20T10:00,36.4,43.8,20.4,16.4
0,Berlin,2025-04-20T11:00,34.8,43.5,25,17.2
0,Berlin,2025-04-20T12:00,33.4,42.7,27.7,17.9
0,Berlin,2025-04-20T13:00,32.9,42.3,28.2,18.1
0,Berlin,2025-04-20T14:00,32.6,41.9,28.7,18.4
0,Berlin,2025-04-20T15:00,33.2,41.7,25.5,18
0,Berlin,2025-04-20T16:00,33.5,41.9,24.8,17.8
0,Berlin,2025-04-20T17:00,32.7,41.9,28.1,18.3
0,Berlin,2025-04-20T18:00,32.2,41.7,29.6,18.6
0,Berlin,2025-04-20T19:00,32.6,41.5,27.1,18.3
0,Berlin,2025-04-20T20:00,32.5,41,26,18.4
0,Berlin,2025-04-20T21:00,32.9,40.5,22.9,18.1
0,Berlin,2025-04-20T22:00,33.7,39.8,18,17.7
0,Berlin,2025-04-20T23:00,34.6,39.4,13.6,17.2
0,Berlin,2025-04-21T00:00,34.4,37.9,10.1,17.4
0,Berlin,2025-04-21T01:00,34.3,36.9,7.4,17.4
0,Berlin,2025-04-21T02:00,34.6,36.7,6.1,17.3
0,Berlin,2025-04-21T03:00,36,37.9,5.3,16.6
0,Berlin,2025-04-21T04:00,39,40.4,3.7,15.3
0,Berlin,2025-04-21T05:00,40.1,41.2,2.7,14.9
0,Berlin,2025-04-21T06:00,40.3,41.5,2.9,14.8
0,Berlin,2025-04-21T07:00,41.1,43.8,6.7,14.5
0,Berlin,2025-04-21T08:00,40.1,43.9,9.4,14.9
0,Berlin,2025-04-21T09:00,39.6,44.7,12.6,15.1
0,Berlin,2025-04-21T10:00,38.5,44.9,16.5,15.5
0,Berlin,2025-04-21T11:00,36.7,44.5,21.1,16.3
0,Berlin,2025-04-21T12:00,34.8,43.6,25.2,17.2
0,Berlin,2025-04-21T13:00,34.4,43.2,25.3,17.4
0,Berlin,2025-04-21T14:00,33.6,42.7,27.1,17.8
0,Berlin,2025-04-21T15:00,33.7,42.5,26.1,17.7
0,Berlin,2025-04-21T16:00,34.1,42.7,24.8,17.5
0,Berlin,2025-04-21T17:00,33.5,42.3,26.1,17.8
0,Berlin,2025-04-21T18:00,33,41.8,26.5,18.1
0,Berlin,2025-04-21T19:00,33.2,41.5,24.7,18
0,Berlin,2025-04-21T20:00,33.9,41.1,21.2,17.6
0,Berlin,2025-04-21T21:00,34,40.6,19.3,17.6
0,Berlin,2025-04-21T22:00,35,40.4,15.4,17.1
0,Berlin,2025-04-21T23:00,35.5,39.8,12.1,16.8
0,Berlin,2025-04-22T00:00,35.1,38.7,9.9,17
0,Berlin,2025-04-22T01:00,35.3,38,7.8,16.9
0,Berlin,2025-04-22T02:00,35.8,38.4,7.2,16.7
0,Berlin,2025-04-22T03:00,38.8,41.5,6.8,15.4
0,Berlin,2025-04-22T04:00,42.8,44.8,4.5,13.9
0,Berlin,2025-04-22T05:00,41.5,45.7,10.2,14.4
0,Berlin,2025-04-22T06:00,37.1,44.8,20.9,16.1
0,Berlin,2025-04-22T07:00,33.3,43.4,30.1,17.9
0,Berlin,2025-04-22T08:00,30.8,42.2,37,19.4
0,Berlin,2025-04-22T09:00,30.1,42.1,39.6,19.8
0,Berlin,2025-04-22T10:00,30,42.1,40.2,19.9
0,Berlin,2025-04-22T11:00,29.3,41.8,42.5,20.4
0,Berlin,2025-04-22T12:00,28.8,41.4,43.7,20.7
0,Berlin,2025-04-22T13:00,28.6,41.3,44,20.9
0,Berlin,2025-04-22T14:00,27.8,41.3,48.5,21.5
0,Berlin,2025-04-22T15:00,26.8,41.1,52.9,22.3
0,Berlin,2025-04-22T16:00,27.6,41.1,48.8,21.7
0,Berlin,2025-04-22T17:00,29.3,41,39.8,20.4
0,Berlin,2025-04-22T18:00,30.6,41,33.9,19.5
0,Berlin,2025-04-22T19:00,31.9,40.2,25.8,18.7
0,Berlin,2025-04-22T20:00,32.7,40.1,22.6,18.3
0,Berlin,2025-04-22T21:00,33.2,39.8,19.8,18
0,Berlin,2025-04-22T22:00,33.8,39.3,16.3,17.7
0,Berlin,2025-04-22T23:00,34.3,38.9,13.4,17.4
0,Berlin,2025-04-23T00:00,34.2,38,11,17.5
0,Berlin,2025-04-23T01:00,34.3,37.4,9.1,17.4
0,Berlin,2025-04-23T02:00,35.4,38.5,8.9,16.9
0,Berlin,2025-04-23T03:00,38.3,41.4,8,15.6
0,Berlin,2025-04-23T04:00,41.8,44.3,5.9,14.3
0,Berlin,2025-04-23T05:00,40.7,45.2,10.9,14.7
0,Berlin,2025-04-23T06:00,36.6,44.5,21.5,16.3
0,Berlin,2025-04-23T07:00,33.2,43.4,30.8,18
0,Berlin,2025-04-23T08:00,31,42.4,36.5,19.3
0,Berlin,2025-04-23T09:00,30,42,40,19.9
0,Berlin,2025-04-23T10:00,29.5,41.7,41.3,20.3
0,Berlin,2025-04-23T11:00,29.3,41.7,41.9,20.4
0,Berlin,2025-04-23T12:00,28.7,41.3,43.9,20.8
0,Berlin,2025-04-23T13:00,28.7,41.3,43.7,20.8
0,Berlin,2025-04-23T14:00,27.8,41.4,48.7,21.5
0,Berlin,2025-04-23T15:00,26.4,41,55.3,22.7
0,Berlin,2025-04-23T16:00,26.6,40.8,53.3,22.5
0,Berlin,2025-04-23T17:00,28.3,41,44.6,21.1
0,Berlin,2025-04-23T18:00,29.7,40.5,36.2,20.1
0,Berlin,2025-04-23T19:00,31.4,40.1,27.8,19
0,Berlin,2025-04-23T20:00,32.4,40.1,23.7,18.5
0,Berlin,2025-04-23T21:00,32.8,39.8,21.3,18.2
0,Berlin,2025-04-23T22:00,33.2,39.3,18.3,18
0,Berlin,2025-04-23T23:00,34.1,38.8,13.8,17.5
0,Berlin,2025-04-24T00:00,33.9,37.6,10.8,17.6
0,Berlin,2025-04-24T01:00,33.9,37.1,9.2,17.6
0,Berlin,2025-04-24T02:00,34.8,37.7,8.4,17.2
0,Berlin,2025-04-24T03:00,37.4,40.3,7.5,16
0,Berlin,2025-04-24T04:00,41,43.6,6.2,14.6
0,Berlin,2025-04-24T05:00,41.1,45.2,10.1,14.5
0,Berlin,2025-04-24T06:00,36.6,44.6,21.6,16.3
0,Berlin,2025-04-24T07:00,33.4,43.4,30,17.9
0,Berlin,2025-04-24T08:00,30.8,42.1,36.8,19.4
0,Berlin,2025-04-24T09:00,29.2,41.6,42.6,20.5
0,Berlin,2025-04-24T10:00,28.6,41.4,44.7,20.9
0,Berlin,2025-04-24T11:00,28.7,41.5,44.7,20.9
0,Berlin,2025-04-24T12:00,28.4,41.4,45.4,21
0,Berlin,2025-04-24T13:00,28.6,41.4,44.7,20.9
0,Berlin,2025-04-24T14:00,27.6,41.4,49.7,21.6
0,Berlin,2025-04-24T15:00,26.5,41.2,55.1,22.5
0,Berlin,2025-04-24T16:00,27,41.3,52.6,22.1
0,Berlin,2025-04-24T17:00,27.8,41,47.3,21.5
0,Berlin,2025-04-24T18:00,28.6,40.7,42,20.9
0,Berlin,2025-04-24T19:00,30.1,40,32.5,19.8
0,Berlin,2025-04-24T20:00,31.6,39.7,25.4,18.9
0,Berlin,2025-04-24T21:00,32.7,39.7,21.5,18.3
0,Berlin,2025-04-24T22:00,32.1,39,21.4,18.6
0,Berlin,2025-04-24T23:00,33.2,38.9,17.4,18
0,Berlin,2025-04-25T00:00,33.8,37.4,10.5,17.7
0,Berlin,2025-04-25T01:00,33.8,36.6,7.9,17.6
0,Berlin,2025-04-25T02:00,34.2,37.2,8.7,17.5
0,Berlin,2025-04-25T03:00,37.6,40.4,7.5,15.9
0,Berlin,2025-04-25T04:00,41.4,43.8,5.7,14.4
0,Berlin,2025-04-25T05:00,40.5,44.5,9.8,14.7
0,Berlin,2025-04-25T06:00,36.9,44.1,19.4,16.2
0,Berlin,2025-04-25T07:00,34.2,43.2,26.3,17.5
0,Berlin,2025-04-25T08:00,31.9,42.3,32.5,18.7
0,Berlin,2025-04-25T09:00,30.6,42,37,19.5
0,Berlin,2025-04-25T10:00,29.7,41.8,40.8,20.1
0,Berlin,2025-04-25T11:00,28.7,41.6,44.6,20.8
0,Berlin,2025-04-25T12:00,27.6,41.4,49.5,21.6
0,Berlin,2025-04-25T13:00,27.3,41.3,51,21.9
0,Berlin,2025-04-25T14:00,26.3,41.1,56.1,22.7
0,Berlin,2025-04-25T15:00,26.2,41.2,56.9,22.8
0,Berlin,2025-04-25T16:00,27,41.2,52.2,22.1
0,Berlin,2025-04-25T17:00,27.4,40.8,49,21.8
0,Berlin,2025-04-25T18:00,28,40.4,43.9,21.3
0,Berlin,2025-04-25T19:00,29.8,39.8,33.4,20
0,Berlin,2025-04-25T20:00,30.9,39.8,28.5,19.3
0,Berlin,2025-04-25T21:00,30.7,40.7,32.3,19.4
0,Berlin,2025-04-25T22:00,32.3,40,23.9,18.5
0,Berlin,2025-04-25T23:00,33.3,39.1,17.3,17.9
0,Berlin,2025-04-26T00:00,33.2,37.4,12.8,18
0,Berlin,2025-04-26T01:00,33.3,36.4,9.1,17.9
0,Berlin,2025-04-26T02:00,33.8,36.2,7.1,17.7
0,Berlin,2025-04-26T03:00,35.1,37.1,5.6,17
0,Berlin,2025-04-26T04:00,37.7,39.4,4.3,15.8
0,Berlin,2025-04-26T05:00,38.6,40.8,5.7,15.5
0,Berlin,2025-04-26T06:00,38.8,42.3,9,15.4
0,Berlin,2025-04-26T07:00,38.5,43.4,12.6,15.5
0,Berlin,2025-04-26T08:00,37.5,43.6,16,15.9
0,Berlin,2025-04-26T09:00,35.1,43.2,23.1,17
0,Berlin,2025-04-26T10:00,32.9,42.9,30.2,18.2
0,Berlin,2025-04-26T11:00,31,42.1,35.5,19.3
0,Berlin,2025-04-26T12:00,30,41.7,39,19.9
0,Berlin,2025-04-26T13:00,28.8,41.3,43.1,20.7
0,Berlin,2025-04-26T14:00,28.1,41,45.7,21.2
0,Berlin,2025-04-26T15:00,28.4,40.9,43.8,21
0,Berlin,2025-04-26T16:00,29.4,40.8,38.8,20.3
0,Berlin,2025-04-26T17:00,29.7,40.7,36.9,20.1
0,Berlin,2025-04-26T18:00,29.1,40.3,38.4,20.5
0,Berlin,2025-04-26T19:00,30,39.8,32.6,19.9
0,Berlin,2025-04-26T20:00,30.9,39.5,27.8,19.3
0,Berlin,2025-04-26T21:00,31.8,39.4,23.9,18.8
0,Berlin,2025-04-26T22:00,32.3,39.1,21,18.5
0,Berlin,2025-04-26T23:00,33.1,38.7,16.8,18
0,Berlin,2025-04-27T00:00,33.1,37.4,13,18.1
0,Berlin,2025-04-27T01:00,33.6,36.9,9.5,17.8
0,Berlin,2025-04-27T02:00,33.2,35.7,7.6,18
0,Berlin,2025-04-27T03:00,34.9,36.7,5.2,17.1
0,Berlin,2025-04-27T04:00,37,38.5,4.1,16.1
0,Berlin,2025-04-27T05:00,38.6,39.5,2.2,15.5
0,Berlin,2025-04-27T06:00,40.4,41.3,2.2,14.8
0,Berlin,2025-04-27T07:00,40.6,43.3,6.5,14.7
0,Berlin,2025-04-27T08:00,40,44.1,10.2,14.9
0,Berlin,2025-04-27T09:00,38.2,43.8,14.5,15.6
0,Berlin,2025-04-27T10:00,36.1,43.4,20.1,16.5
0,Berlin,2025-04-27T11:00,34.7,43.2,24.3,17.2
0,Berlin,2025-04-27T12:00,33.2,42.7,28.5,18
0,Berlin,2025-04-27T13:00,32.3,42.2,30.4,18.5
0,Berlin,2025-04-27T14:00,31.4,41.7,32.7,19
0,Berlin,2025-04-27T15:00,31.5,41.6,32.3,19
0,Berlin,2025-04-27T16:00,31.7,41.6,31,18.8
0,Berlin,2025-04-27T17:00,31.7,41.5,30.8,18.9
0,Berlin,2025-04-27T18:00,31.5,41.5,31.4,18.9
0,Berlin,2025-04-27T19:00,32.3,41.1,27.1,18.5
0,Berlin,2025-04-27T20:00,33.1,40.6,22.5,18
0,Berlin,2025-04-27T21:00,33.7,40.4,19.6,17.7
0,Berlin,2025-04-27T22:00,34.5,40,16.1,17.3
0,Berlin,2025-04-27T23:00,35.8,40,11.5,16.7
0,Berlin,2025-04-28T00:00,35.3,38.7,9.6,16.9
0,Berlin,2025-04-28T01:00,35.1,37.9,7.8,17
0,Berlin,2025-04-28T02:00,35.5,38.4,8,16.8
0,Berlin,2025-04-28T03:00,39.1,41.5,6,15.3
0,Berlin,2025-04-28T04:00,43,45.1,4.7,13.9
0,Berlin,2025-04-28T05:00,40.5,45.6,12.3,14.7
0,Berlin,2025-04-28T06:00,34,44.2,29.8,17.6
0,Berlin,2025-04-28T07:00,27.7,42.4,53.1,21.6
0,Berlin,2025-04-28T08:00,25.8,41.5,60.8,23.2
0,Berlin,2025-04-28T09:00,27.3,41.3,51.1,21.9
0,Berlin,2025-04-28T10:00,28.4,41.5,45.8,21
0,Berlin,2025-04-28T11:00,28.2,41.2,46,21.2
0,Berlin,2025-04-28T12:00,27.9,41,46.7,21.4
0,Berlin,2025-04-28T13:00,27.2,40.7,49.4,21.9
0,Berlin,2025-04-28T14:00,25.1,40.2,60.2,23.8
0,Berlin,2025-04-28T15:00,22.9,39.8,73.8,26.1
0,Berlin,2025-04-28T16:00,23.5,40.3,71.6,25.4
0,Berlin,2025-04-28T17:00,25.6,40.3,57.1,23.3
0,Berlin,2025-04-28T18:00,27,39.9,47.5,22.1
0,Berlin,2025-04-28T19:00,30.7,40,30.1,19.4
0,Berlin,2025-04-28T20:00,32,39.7,24.2,18.7
0,Berlin,2025-04-28T21:00,33.2,40.1,20.7,18
0,Berlin,2025-04-28T22:00,34.2,39.8,16.3,17.5
0,Berlin,2025-04-28T23:00,35,39.3,12.2,17.1
0,Berlin,2025-04-29T00:00,34.6,38.1,9.9,17.2
0,Berlin,2025-04-29T01:00,34.2,37.4,9.4,17.5
0,Berlin,2025-04-29T02:00,34.4,38.2,10.7,17.4
0,Berlin,2025-04-29T03:00,37.9,41,8.2,15.8
0,Berlin,2025-04-29T04:00,42.1,44.6,5.9,14.2
0,Berlin,2025-04-29T05:00,40,45.2,13,14.9
0,Berlin,2025-04-29T06:00,33.5,44,31.4,17.9
0,Berlin,2025-04-29T07:00,26.8,42.1,57,22.3
0,Berlin,2025-04-29T08:00,23.9,40.9,70.7,25
0,Berlin,2025-04-29T09:00,24.9,40.6,62.8,24
0,Berlin,2025-04-29T10:00,26.8,40.9,52.7,22.3
0,Berlin,2025-04-29T11:00,26.9,40.8,51.5,22.2
0,Berlin,2025-04-29T12:00,26.5,40.6,53.3,22.6
0,Berlin,2025-04-29T13:00,26.5,40.7,53.4,22.5
0,Berlin,2025-04-29T14:00,25,40.7,62.6,23.9
0,Berlin,2025-04-29T15:00,23,40.5,75.9,26
0,Berlin,2025-04-29T16:00,23.1,40.5,75.3,25.9
0,Berlin,2025-04-29T17:00,25,40.6,62,23.9
0,Berlin,2025-04-29T18:00,26.8,40.2,49.7,22.3
0,Berlin,2025-04-29T19:00,29.7,39.8,33.9,20.1
0,Berlin,2025-04-29T20:00,31.5,39.6,25.8,19
0,Berlin,2025-04-29T21:00,32.7,39.9,22,18.3
0,Berlin,2025-04-29T22:00,33.4,39.5,18.3,17.9
0,Berlin,2025-04-29T23:00,34.2,38.8,13.4,17.5
0,Berlin,2025-04-30T00:00,34.4,38,10.2,17.3
0,Berlin,2025-04-30T01:00,34.2,37.4,9.4,17.5
0,Berlin,2025-04-30T02:00,35.2,38.3,9,17
0,Berlin,2025-04-30T03:00,38.2,41.1,7.5,15.6
0,Berlin,2025-04-30T04:00,42,44.5,5.8,14.2
0,Berlin,2025-04-30T05:00,40.1,45.1,12.6,14.9
0,Berlin,2025-04-30T06:00,34.5,44.1,27.9,17.3
0,Berlin,2025-04-30T07:00,28.2,42.3,50.1,21.2
0,Berlin,2025-04-30T08:00,25.9,41.5,60,23.1
0,Berlin,2025-04-30T09:00,26.7,41.3,54.9,22.4
0,Berlin,2025-04-30T10:00,27.3,41.2,51.2,21.9
0,Berlin,2025-04-30T11:00,26.9,41.1,52.5,22.2
0,Berlin,2025-04-30T12:00,26.2,41.1,56.3,22.8
0,Berlin,2025-04-30T13:00,24.8,40.4,63,24.1
0,Berlin,2025-04-30T14:00,22.9,40.3,75.5,26
0,Berlin,2025-04-30T15:00,21.5,40.3,86.9,27.8
0,Berlin,2025-04-30T16:00,21.7,40.4,86,27.5
0,Berlin,2025-04-30T17:00,23.4,40.6,73.4,25.6
0,Berlin,2025-04-30T18:00,25.1,40.3,60.7,23.8
0,Berlin,2025-04-30T19:00,27.2,39.7,46,22
0,Berlin,2025-04-30T20:00,30,40,33.1,19.9
0,Berlin,2025-04-30T21:00,30.9,39.9,28.8,19.3
0,Berlin,2025-04-30T22:00,31.9,39.6,23.9,18.7
0,Berlin,2025-04-30T23:00,33.1,39.1,18.1,18
0,Berlin,2025-05-01T00:00,33.5,38,13.1,17.8
0,Berlin,2025-05-01T01:00,34.2,37.2,8.8,17.5
0,Berlin,2025-05-01T02:00,34.4,36.7,6.5,17.4
0,Berlin,2025-05-01T03:00,36.4,38.1,4.6,16.4
0,Berlin,2025-05-01T04:00,39,40.1,2.8,15.3
0,Berlin,2025-05-01T05:00,40.5,41.3,1.7,14.7
0,Berlin,2025-05-01T06:00,40.9,42.4,3.6,14.6
0,Berlin,2025-05-01T07:00,40.6,44.2,8.8,14.7
0,Berlin,2025-05-01T08:00,40.3,45,11.5,14.8
0,Berlin,2025-05-01T09:00,38.4,44.9,17,15.6
0,Berlin,2025-05-01T10:00,35.1,44.2,25.8,17
0,Berlin,2025-05-01T11:00,33,43.4,31.5,18.1
0,Berlin,2025-05-01T12:00,32.1,42.6,32.7,18.6
0,Berlin,2025-05-01T13:00,32,42,31.2,18.7
0,Berlin,2025-05-01T14:00,31.6,41.7,31.8,18.9
0,Berlin,2025-05-01T15:00,31.6,41.4,30.8,18.9
0,Berlin,2025-05-01T16:00,28.2,38.7,37,21.2
0,Berlin,2025-05-01T17:00,26.9,38.1,41.7,22.2
0,Berlin,2025-05-01T18:00,28.2,39.4,39.7,21.2
0,Berlin,2025-05-01T19:00,30.4,40.2,32,19.6
0,Berlin,2025-05-01T20:00,30.7,39.7,29,19.4
0,Berlin,2025-05-01T21:00,30.7,39.4,28.2,19.5
0,Berlin,2025-05-01T22:00,30.9,39.1,26.5,19.3
0,Berlin,2025-05-01T23:00,31.9,38.6,21,18.7
0,Berlin,2025-05-02T00:00,32.4,37,14.2,18.5
0,Berlin,2025-05-02T01:00,33,36,8.9,18.1
0,Berlin,2025-05-02T02:00,33.9,36.1,6.4,17.6
0,Berlin,2025-05-02T03:00,34.9,36.6,4.8,17.1
0,Berlin,2025-05-02T04:00,37.4,39.5,5.4,16
0,Berlin,2025-05-02T05:00,38.7,42,8.6,15.5
0,Berlin,2025-05-02T06:00,37.6,43,14.1,15.9
0,Berlin,2025-05-02T07:00,35.8,42.8,19.6,16.7
0,Berlin,2025-05-02T08:00,33.8,42.2,24.9,17.7
0,Berlin,2025-05-02T09:00,31.6,42,32.7,18.9
0,Berlin,2025-05-02T10:00,29.5,41.8,41.4,20.2
0,Berlin,2025-05-02T11:00,28.4,41.5,46,21.1
0,Berlin,2025-05-02T12:00,27.8,41.1,47.7,21.5
0,Berlin,2025-05-02T13:00,28.1,41.2,46.7,21.3
0,Berlin,2025-05-02T14:00,27.5,41,48.9,21.7
0,Berlin,2025-05-02T15:00,28.2,41.1,45.8,21.2
0,Berlin,2025-05-02T16:00,28.5,40.6,42.3,20.9
0,Berlin,2025-05-02T17:00,27.2,40,46.7,21.9
0,Berlin,2025-05-02T18:00,26.9,40.1,49,22.2
0,Berlin,2025-05-02T19:00,27.4,39.4,43.7,21.8
0,Berlin,2025-05-02T20:00,29.8,38.9,30.3,20
0,Berlin,2025-05-02T21:00,31.3,39.1,24.8,19.1
0,Berlin,2025-05-02T22:00,31.3,38.8,23.7,19.1
0,Berlin,2025-05-02T23:00,32.2,38.3,18.8,18.5
0,Berlin,2025-05-03T00:00,32.7,37,13,18.3
0,Berlin,2025-05-03T01:00,32.9,36.2,9.9,18.1
0,Berlin,2025-05-03T02:00,33.5,36.3,8.2,17.8
0,Berlin,2025-05-03T03:00,35.1,37.4,6.5,17
0,Berlin,2025-05-03T04:00,37.7,39.7,5.2,15.8
0,Berlin,2025-05-03T05:00,38.9,41.1,5.8,15.4
0,Berlin,2025-05-03T06:00,38.5,42.1,9.2,15.5
0,Berlin,2025-05-03T07:00,38.2,42.9,12.3,15.6
0,Berlin,2025-05-03T08:00,37.1,43,15.9,16.1
0,Berlin,2025-05-03T09:00,34.8,42.7,22.6,17.2
0,Berlin,2025-05-03T10:00,32.3,42.3,30.8,18.5
0,Berlin,2025-05-03T11:00,30.5,41.9,37,19.6
0,Berlin,2025-05-03T12:00,29.3,41.5,41.3,20.4
0,Berlin,2025-05-03T13:00,28.4,41.2,45.2,21.1
0,Berlin,2025-05-03T14:00,28.1,40.9,45.2,21.2
0,Berlin,2025-05-03T15:00,28.5,40.6,42.4,21
0,Berlin,2025-05-03T16:00,28.7,40.5,40.9,20.8
0,Berlin,2025-05-03T17:00,29.6,40.6,37.1,20.2
0,Berlin,2025-05-03T18:00,29.5,40.4,36.5,20.2
0,Berlin,2025-05-03T19:00,30.4,39.6,30.3,19.7
0,Berlin,2025-05-03T20:00,31.1,39.6,27.2,19.2
0,Berlin,2025-05-03T21:00,31.6,39.3,24.2,18.9
0,Berlin,2025-05-03T22:00,31.5,38.8,23.3,19
0,Berlin,2025-05-03T23:00,32.3,38.3,18.3,18.5
0,Berlin,2025-05-04T00:00,32.7,37.1,13.6,18.3
0,Berlin,2025-05-04T01:00,33,36.2,9.8,18.1
0,Berlin,2025-05-04T02:00,33.4,36,7.6,17.9
0,Berlin,2025-05-04T03:00,35.3,37.2,5.3,16.9
0,Berlin,2025-05-04T04:00,37.8,39,3,15.8
0,Berlin,2025-05-04T05:00,39.5,40,1.3,15.1
0,Berlin,2025-05-04T06:00,40.2,41,2.1,14.9
0,Berlin,2025-05-04T07:00,40.7,43.2,6.1,14.7
0,Berlin,2025-05-04T08:00,40.3,44.2,9.5,14.8
0,Berlin,2025-05-04T09:00,38.1,43.7,14.7,15.7
0,Berlin,2025-05-04T10:00,36.3,43.6,19.9,16.4
0,Berlin,2025-05-04T11:00,34.5,43.5,25.9,17.3
0,Berlin,2025-05-04T12:00,32.9,42.5,29.4,18.2
0,Berlin,2025-05-04T13:00,33.1,42.4,28.1,18.1
0,Berlin,2025-05-04T14:00,32.5,42.1,29.7,18.4
0,Berlin,2025-05-04T15:00,32.5,42.2,29.8,18.4
0,Berlin,2025-05-04T16:00,32,42.3,31.8,18.6
0,Berlin,2025-05-04T17:00,32.2,41.8,29.5,18.5
0,Berlin,2025-05-04T18:00,31.3,41.2,31.4,19.1
0,Berlin,2025-05-04T19:00,32.9,41.1,24.9,18.2
0,Berlin,2025-05-04T20:00,33.6,40.5,20.3,17.8
0,Berlin,2025-05-04T21:00,33.9,40.5,19.4,17.6
0,Berlin,2025-05-04T22:00,33.2,40,20.6,18
0,Berlin,2025-05-04T23:00,35.4,39.9,12.5,16.9
0,Berlin,2025-05-05T00:00,35.5,38.9,9.5,16.8
0,Berlin,2025-05-05T01:00,35.3,38.1,8,16.9
0,Berlin,2025-05-05T02:00,35.6,38.5,8,16.8
0,Berlin,2025-05-05T03:00,39.3,41.8,6.5,15.2
0,Berlin,2025-05-05T04:00,43.5,45.6,4.7,13.7
0,Berlin,2025-05-05T05:00,40.9,45.9,12.1,14.6
0,Berlin,2025-05-05T06:00,34,44.3,30.3,17.6
0,Berlin,2025-05-05T07:00,27.5,42.4,54.1,21.7
0,Berlin,2025-05-05T08:00,25.3,41.3,62.7,23.6
0,Berlin,2025-05-05T09:00,27.1,41.3,52,22
0,Berlin,2025-05-05T10:00,28.1,41.4,47.2,21.3
0,Berlin,2025-05-05T11:00,27.7,41.1,48.4,21.6
0,Berlin,2025-05-05T12:00,26.8,40.7,51.8,22.3
0,Berlin,2025-05-05T13:00,27,41.1,52.1,22.2
0,Berlin,2025-05-05T14:00,25,40.7,62.4,23.9
0,Berlin,2025-05-05T15:00,22.5,40,77.8,26.6
0,Berlin,2025-05-05T16:00,22.4,40.1,79,26.7
0,Berlin,2025-05-05T17:00,24.9,40.5,62.6,24
0,Berlin,2025-05-05T18:00,27.3,40.3,47.4,21.9
0,Berlin,2025-05-05T19:00,30.4,40,31.5,19.6
0,Berlin,2025-05-05T20:00,32,39.7,23.7,18.6
0,Berlin,2025-05-05T21:00,32.9,39.9,21.3,18.2
0,Berlin,2025-05-05T22:00,34.3,39.9,16.5,17.4
0,Berlin,2025-05-05T23:00,35.2,39.6,12.4,17
0,Berlin,2025-05-06T00:00,34.8,38.2,9.8,17.2
0,Berlin,2025-05-06T01:00,34.1,37.4,9.9,17.5
0,Berlin,2025-05-06T02:00,34.3,38.1,11,17.4
0,Berlin,2025-05-06T03:00,38.6,41.7,8.2,15.5
0,Berlin,2025-05-06T04:00,42.1,45,6.8,14.2
0,Berlin,2025-05-06T05:00,40.5,45.6,12.4,14.7
0,Berlin,2025-05-06T06:00,32.6,43.7,34,18.3
0,Berlin,2025-05-06T07:00,26.2,41.9,60.1,22.8
0,Berlin,2025-05-06T08:00,23.6,40.9,72.9,25.3
0,Berlin,2025-05-06T09:00,25.2,41,62.7,23.8
0,Berlin,2025-05-06T10:00,27.1,41,51.5,22.1
0,Berlin,2025-05-06T11:00,26.9,40.8,51.7,22.2
0,Berlin,2025-05-06T12:00,26.8,40.9,52.1,22.3
0,Berlin,2025-05-06T13:00,26.3,40.7,54.6,22.7
0,Berlin,2025-05-06T14:00,24.6,40.5,64.3,24.3
0,Berlin,2025-05-06T15:00,22.1,40,81.2,27.1
0,Berlin,2025-05-06T16:00,21.8,39.8,82.1,27.4
0,Berlin,2025-05-06T17:00,24.3,40.4,66,24.6
0,Berlin,2025-05-06T18:00,26.5,40.3,52.2,22.6
0,Berlin,2025-05-06T19:00,29.7,39.8,33.8,20.1
0,Berlin,2025-05-06T20:00,31.9,39.8,24.4,18.7
0,Berlin,2025-05-06T21:00,32.9,39.9,21.2,18.2
0,Berlin,2025-05-06T22:00,33.8,39.7,17.3,17.7
0,Berlin,2025-05-06T23:00,34.5,38.9,12.6,17.3
0,Berlin,2025-05-07T00:00,34.7,38,9.6,17.2
0,Berlin,2025-05-07T01:00,33.9,37,9.1,17.6
0,Berlin,2025-05-07T02:00,34.5,38,9.9,17.3
0,Berlin,2025-05-07T03:00,38.6,41.6,7.7,15.5
0,Berlin,2025-05-07T04:00,41.8,44.3,6,14.3
0,Berlin,2025-05-07T05:00,40.6,45.3,11.7,14.7
0,Berlin,2025-05-07T06:00,33.9,44.1,30.2,17.6
0,Berlin,2025-05-07T07:00,27.1,42,55,22.1
0,Berlin,2025-05-07T08:00,24.6,41.1,67.4,24.3
0,Berlin,2025-05-07T09:00,26,41.2,58.4,23
0,Berlin,2025-05-07T10:00,27.3,41.2,51.1,21.9
0,Berlin,2025-05-07T11:00,27,40.8,51.2,22.2
0,Berlin,2025-05-07T12:00,26.3,40.8,54.9,22.7
0,Berlin,2025-05-07T13:00,25.5,40.6,59.4,23.5
0,Berlin,2025-05-07T14:00,23.9,40.6,69.5,25
0,Berlin,2025-05-07T15:00,21.6,40.1,85.1,27.6
0,Berlin,2025-05-07T16:00,21.7,40.2,84.9,27.5
0,Berlin,2025-05-07T17:00,23.6,40.4,70.9,25.3
0,Berlin,2025-05-07T18:00,25.4,40.1,57.6,23.5
0,Berlin,2025-05-07T19:00,29,39.8,37.4,20.6
0,Berlin,2025-05-07T20:00,31.3,39.6,26.6,19.1
0,Berlin,2025-05-07T21:00,31.9,39.5,23.8,18.7
0,Berlin,2025-05-07T22:00,33.1,39.8,20,18
0,Berlin,2025-05-07T23:00,34,39,14.8,17.6
0,Berlin,2025-05-08T00:00,33.6,37.2,10.5,17.8
0,Berlin,2025-05-08T01:00,34,36.6,7.5,17.6
0,Berlin,2025-05-08T02:00,34.8,36.9,5.8,17.2
0,Berlin,2025-05-08T03:00,36.5,38.4,5.2,16.3
0,Berlin,2025-05-08T04:00,41.2,42.7,3.4,14.5
0,Berlin,2025-05-08T05:00,43.5,44.5,2.2,13.7
0,Berlin,2025-05-08T06:00,43.3,46,6.2,13.8
0,Berlin,2025-05-08T07:00,42.1,46.6,10.6,14.2
0,Berlin,2025-05-08T08:00,40.4,45.8,13.2,14.8
0,Berlin,2025-05-08T09:00,37,44.8,21.1,16.1
0,Berlin,2025-05-08T10:00,33.9,43.8,29,17.6
0,Berlin,2025-05-08T11:00,32.9,43.1,31.2,18.2
0,Berlin,2025-05-08T12:00,32.6,42.7,30.9,18.3
0,Berlin,2025-05-08T13:00,32.6,42.5,30.2,18.3
0,Berlin,2025-05-08T14:00,32.7,42.4,29.3,18.2
0,Berlin,2025-05-08T15:00,32.9,42.4,29,18.2
0,Berlin,2025-05-08T16:00,32.9,42.2,28.4,18.2
0,Berlin,2025-05-08T17:00,32,41.8,30.7,18.7
0,Berlin,2025-05-08T18:00,31.3,41.2,31.4,19.1
0,Berlin,2025-05-08T19:00,32.3,40.5,25.4,18.5
0,Berlin,2025-05-08T20:00,32.6,39.8,22.3,18.4
0,Berlin,2025-05-08T21:00,33.3,40.1,20.2,17.9
0,Berlin,2025-05-08T22:00,33.4,39.4,18,17.9
0,Berlin,2025-05-08T23:00,34.5,39.2,13.4,17.3
0,Berlin,2025-05-09T00:00,34.5,38,10.1,17.3
0,Berlin,2025-05-09T01:00,34.3,37.1,8.1,17.4
0,Berlin,2025-05-09T02:00,34.3,37.1,8.1,17.4
0,Berlin,2025-05-09T03:00,37.3,39.9,7.1,16
0,Berlin,2025-05-09T04:00,41.3,43.6,5.6,14.5
0,Berlin,2025-05-09T05:00,41.4,45,8.6,14.4
0,Berlin,2025-05-09T06:00,37.6,44.4,17.9,15.9
0,Berlin,2025-05-09T07:00,32.2,42.7,32.7,18.6
0,Berlin,2025-05-09T08:00,30.7,42,36.4,19.4
0,Berlin,2025-05-09T09:00,29.6,41.9,41.6,20.2
0,Berlin,2025-05-09T10:00,28.4,41.5,46.2,21.1
0,Berlin,2025-05-09T11:00,27.7,41.3,49.1,21.6
0,Berlin,2025-05-09T12:00,27.4,41.4,51.1,21.8
0,Berlin,2025-05-09T13:00,26.8,41.3,54.1,22.3
0,Berlin,2025-05-09T14:00,25.5,40.8,59.7,23.4
0,Berlin,2025-05-09T15:00,25.9,41.1,58.6,23.1
0,Berlin,2025-05-09T16:00,27.3,41.1,50.6,21.9
0,Berlin,2025-05-09T17:00,28.3,41.1,44.9,21.1
0,Berlin,2025-05-09T18:00,28.6,40.4,41.3,20.9
0,Berlin,2025-05-09T19:00,29.8,39.7,33.3,20.1
0,Berlin,2025-05-09T20:00,31.2,39.5,26.4,19.1
0,Berlin,2025-05-09T21:00,30.1,38.4,27.6,19.9
0,Berlin,2025-05-09T22:00,29.7,38,27.9,20.1
0,Berlin,2025-05-09T23:00,31.4,37.5,19.7,19.1
0,Berlin,2025-05-10T00:00,32.4,36.8,13.5,18.5
0,Berlin,2025-05-10T01:00,32.4,35.6,9.8,18.5
0,Berlin,2025-05-10T02:00,32.9,35.7,8.5,18.2
0,Berlin,2025-05-10T03:00,34.2,36.4,6.3,17.5
0,Berlin,2025-05-10T04:00,36.2,38,4.9,16.5
0,Berlin,2025-05-10T05:00,37.2,39.9,7.1,16.1
0,Berlin,2025-05-10T06:00,36.2,40.7,12.5,16.5
0,Berlin,2025-05-10T07:00,35.9,41.5,15.6,16.6
0,Berlin,2025-05-10T08:00,34.5,41.6,20.5,17.3
0,Berlin,2025-05-10T09:00,32,41.2,28.8,18.7
0,Berlin,2025-05-10T10:00,29.9,40.8,36.2,20
0,Berlin,2025-05-10T11:00,28.8,40.5,40.8,20.8
0,Berlin,2025-05-10T12:00,27.6,40.3,45.7,21.6
0,Berlin,2025-05-10T13:00,26.6,39.9,50,22.5
0,Berlin,2025-05-10T14:00,26.4,39.7,49.9,22.6
0,Berlin,2025-05-10T15:00,27.3,39.5,44.6,21.9
0,Berlin,2025-05-10T16:00,27.7,39.4,41.9,21.5
0,Berlin,2025-05-10T17:00,28,39.5,40.9,21.4
0,Berlin,2025-05-10T18:00,27.7,39.3,41.9,21.6
0,Berlin,2025-05-10T19:00,28.7,38.7,34.6,20.8
0,Berlin,2025-05-10T20:00,29.8,38.4,28.7,20.1
0,Berlin,2025-05-10T21:00,30.2,38.4,27.1,19.8
0,Berlin,2025-05-10T22:00,30.1,38.2,26.8,19.9
0,Berlin,2025-05-10T23:00,31.4,37.7,19.7,19
0,Berlin,2025-05-11T00:00,32.2,36.7,14.2,18.6
0,Berlin,2025-05-11T01:00,33.1,36.2,9.6,18.1
0,Berlin,2025-05-11T02:00,33.4,35.8,7.3,17.9
0,Berlin,2025-05-11T03:00,34.8,36.5,4.7,17.1
0,Berlin,2025-05-11T04:00,35.9,37.3,3.8,16.6
0,Berlin,2025-05-11T05:00,38,38.5,1.5,15.7
0,Berlin,2025-05-11T06:00,38.2,39.5,3.4,15.7
0,Berlin,2025-05-11T07:00,38,41.6,9.4,15.7
0,Berlin,2025-05-11T08:00,36.3,41.8,14.8,16.4
0,Berlin,2025-05-11T09:00,34.7,41.7,20.2,17.2
0,Berlin,2025-05-11T10:00,32.5,41.3,27.2,18.4
0,Berlin,2025-05-11T11:00,31,41.3,32.9,19.2
0,Berlin,2025-05-11T12:00,29.7,40.9,37.6,20.1
0,Berlin,2025-05-11T13:00,29.1,40.8,39.8,20.5
0,Berlin,2025-05-11T14:00,28.2,40.6,43.7,21.2
0,Berlin,2025-05-11T15:00,28.3,40.3,42.4,21.1
0,Berlin,2025-05-11T16:00,27.9,39.8,42.4,21.4
0,Berlin,2025-05-11T17:00,28.2,40.3,42.7,21.2
0,Berlin,2025-05-11T18:00,28,40.1,43.4,21.4
0,Berlin,2025-05-11T19:00,28.8,39.7,37.8,20.8
0,Berlin,2025-05-11T20:00,30.9,39.5,27.8,19.3
0,Berlin,2025-05-11T21:00,31.6,39.2,24.1,18.9
0,Berlin,2025-05-11T22:00,32.7,38.8,18.7,18.3
0,Berlin,2025-05-11T23:00,34,38.6,13.4,17.6
0,Berlin,2025-05-12T00:00,34.5,37.9,9.7,17.3
0,Berlin,2025-05-12T01:00,34.1,37,8.3,17.5
0,Berlin,2025-05-12T02:00,34.9,37.4,7,17.1
0,Berlin,2025-05-12T03:00,37.6,39.9,6.1,15.9
0,Berlin,2025-05-12T04:00,40.2,43,7,14.9
0,Berlin,2025-05-12T05:00,38.9,44.6,14.5,15.4
0,Berlin,2025-05-12T06:00,33.5,44.2,31.8,17.8
0,Berlin,2025-05-12T07:00,27,42.5,57.2,22.1
0,Berlin,2025-05-12T08:00,24.4,41.3,69.1,24.5
0,Berlin,2025-05-12T09:00,25.5,41.1,61.4,23.5
0,Berlin,2025-05-12T10:00,27.1,41.3,51.9,22
0,Berlin,2025-05-12T11:00,27.2,41.2,51.2,22
0,Berlin,2025-05-12T12:00,26.7,40.7,52.4,22.4
0,Berlin,2025-05-12T13:00,26.7,40.8,52.7,22.4
0,Berlin,2025-05-12T14:00,25.3,40.7,60.9,23.6
0,Berlin,2025-05-12T15:00,22.6,40.3,77.7,26.4
0,Berlin,2025-05-12T16:00,23,40.6,76.3,26
0,Berlin,2025-05-12T17:00,25.2,40.6,61.1,23.7
0,Berlin,2025-05-12T18:00,27.5,40.5,46.8,21.7
0,Berlin,2025-05-12T19:00,30.5,40.1,31.1,19.6
0,Berlin,2025-05-12T20:00,32,39.6,23.4,18.6
0,Berlin,2025-05-12T21:00,30.6,38.2,25,19.5
0,Berlin,2025-05-12T22:00,31.9,38.3,20,18.8
0,Berlin,2025-05-12T23:00,32.5,37.8,16.3,18.4
0,Berlin,2025-05-13T00:00,33.6,37.2,10.6,17.8
0,Berlin,2025-05-13T01:00,33.5,36.6,9.2,17.9
0,Berlin,2025-05-13T02:00,33.8,37.1,9.6,17.7
0,Berlin,2025-05-13T03:00,36.7,39.6,8,16.3
0,Berlin,2025-05-13T04:00,40.5,43,6.1,14.7
0,Berlin,2025-05-13T05:00,40.4,45.3,12.1,14.8
0,Berlin,2025-05-13T06:00,32.3,43.6,34.7,18.5
0,Berlin,2025-05-13T07:00,26.9,42,56.2,22.2
0,Berlin,2025-05-13T08:00,24.4,41,67.6,24.5
0,Berlin,2025-05-13T09:00,25.5,40.9,60.1,23.4
0,Berlin,2025-05-13T10:00,27.5,41.1,49.5,21.7
0,Berlin,2025-05-13T11:00,27.3,41.1,50.3,21.9
0,Berlin,2025-05-13T12:00,26.9,40.9,52,22.2
0,Berlin,2025-05-13T13:00,26.6,40.7,52.9,22.5
0,Berlin,2025-05-13T14:00,24.9,40.6,62.8,24
0,Berlin,2025-05-13T15:00,22.8,40.3,76.6,26.2
0,Berlin,2025-05-13T16:00,22.8,40.4,76.6,26.2
0,Berlin,2025-05-13T17:00,24.6,40.6,65,24.3
0,Berlin,2025-05-13T18:00,25.8,40.2,55.6,23.1
0,Berlin,2025-05-13T19:00,29,39.7,36.6,20.6
0,Berlin,2025-05-13T20:00,31.4,39.4,25.5,19
0,Berlin,2025-05-13T21:00,30,38.1,27,19.9
0,Berlin,2025-05-13T22:00,30.9,37.8,22.2,19.3
0,Berlin,2025-05-13T23:00,32.8,37.5,14.5,18.2
0,Berlin,2025-05-14T00:00,33,36.6,10.9,18.1
0,Berlin,2025-05-14T01:00,33,36.2,9.6,18.1
0,Berlin,2025-05-14T02:00,33.6,37,10,17.8
0,Berlin,2025-05-14T03:00,35.9,38.8,8.2,16.7
0,Berlin,2025-05-14T04:00,40.2,42.7,6.2,14.9
0,Berlin,2025-05-14T05:00,40.7,45.2,11,14.7
0,Berlin,2025-05-14T06:00,34.6,44.4,28.1,17.3
0,Berlin,2025-05-14T07:00,27.9,42.4,52,21.4
0,Berlin,2025-05-14T08:00,25,41.4,65.4,23.9
0,Berlin,2025-05-14T09:00,26.2,41.4,57.7,22.8
0,Berlin,2025-05-14T10:00,27.9,41.3,48.1,21.4
0,Berlin,2025-05-14T11:00,27.9,41.1,47.1,21.4
0,Berlin,2025-05-14T12:00,27.3,40.8,49.5,21.9
0,Berlin,2025-05-14T13:00,26.7,40.8,52.8,22.4
0,Berlin,2025-05-14T14:00,25.2,40.9,61.7,23.7
0,Berlin,2025-05-14T15:00,23.1,40.4,74.8,25.9
0,Berlin,2025-05-14T16:00,23.8,40.6,70.4,25.1
0,Berlin,2025-05-14T17:00,25.6,40.7,58.7,23.3
0,Berlin,2025-05-14T18:00,26.4,39.9,50.8,22.6
0,Berlin,2025-05-14T19:00,29.3,39.5,34.7,20.4
0,Berlin,2025-05-14T20:00,32,39.9,24.4,18.7
0,Berlin,2025-05-14T21:00,31,38.8,25.1,19.3
0,Berlin,2025-05-14T22:00,31.3,38.3,22.4,19.1
0,Berlin,2025-05-14T23:00,33,38.3,15.9,18.1
0,Berlin,2025-05-15T00:00,33.6,36.9,10,17.8
0,Berlin,2025-05-15T01:00,33.2,36.4,9.4,18
0,Berlin,2025-05-15T02:00,33.8,36.9,9.3,17.7
0,Berlin,2025-05-15T03:00,36.4,39.5,8.5,16.4
0,Berlin,2025-05-15T04:00,40.3,43,6.5,14.8
0,Berlin,2025-05-15T05:00,40.5,45.2,11.6,14.8
0,Berlin,2025-05-15T06:00,34.1,44.3,29.9,17.5
0,Berlin,2025-05-15T07:00,27.6,42.4,53.8,21.7
0,Berlin,2025-05-15T08:00,24.9,41.3,65.9,24
0,Berlin,2025-05-15T09:00,26.2,41.4,57.5,22.8
0,Berlin,2025-05-15T10:00,27.2,41.2,51,21.9
0,Berlin,2025-05-15T11:00,27.1,41.2,51.7,22
0,Berlin,2025-05-15T12:00,27,41.3,52.6,22.1
0,Berlin,2025-05-15T13:00,26.6,41.2,54.7,22.4
0,Berlin,2025-05-15T14:00,24.6,40.8,66,24.3
0,Berlin,2025-05-15T15:00,22.7,40.6,78.6,26.3
0,Berlin,2025-05-15T16:00,22.5,40.5,79.8,26.6
0,Berlin,2025-05-15T17:00,24.9,40.8,63.8,24
0,Berlin,2025-05-15T18:00,27.1,40.7,50.1,22
0,Berlin,2025-05-15T19:00,30.1,40.2,33.6,19.9
0,Berlin,2025-05-15T20:00,32.2,39.9,24.1,18.6
0,Berlin,2025-05-15T21:00,31.6,39.1,23.5,18.9
0,Berlin,2025-05-15T22:00,32,38.9,21.6,18.7
0,Berlin,2025-05-15T23:00,32.6,38.4,17.4,18.3
0,Berlin,2025-05-16T00:00,33.6,37.3,11,17.8
0,Berlin,2025-05-16T01:00,33.3,36.4,9.1,17.9
0,Berlin,2025-05-16T02:00,33.7,36.7,9,17.7
0,Berlin,2025-05-16T03:00,37.1,39.7,7.1,16.1
0,Berlin,2025-05-16T04:00,41.6,43.8,5.4,14.4
0,Berlin,2025-05-16T05:00,41,45.1,9.8,14.6
0,Berlin,2025-05-16T06:00,35.4,44.2,24.7,16.9
0,Berlin,2025-05-16T07:00,30.1,42.6,41.6,19.9
0,Berlin,2025-05-16T08:00,28.8,41.9,45.4,20.7
0,Berlin,2025-05-16T09:00,29,41.9,44.5,20.6
0,Berlin,2025-05-16T10:00,27.9,41.5,48.6,21.4
0,Berlin,2025-05-16T11:00,27.7,41.6,49.7,21.5
0,Berlin,2025-05-16T12:00,27.2,41.6,53,22
0,Berlin,2025-05-16T13:00,25.5,41.2,61.8,23.5
0,Berlin,2025-05-16T14:00,22.7,40.7,79.1,26.3
0,Berlin,2025-05-16T15:00,22.2,40.4,82.2,27
0,Berlin,2025-05-16T16:00,25,41.2,64.4,23.9
0,Berlin,2025-05-16T17:00,26.8,41.1,53.1,22.3
0,Berlin,2025-05-16T18:00,27.5,40.4,46.8,21.7
0,Berlin,2025-05-16T19:00,29.3,40,36.4,20.4
0,Berlin,2025-05-16T20:00,31.1,39.6,27.3,19.2
0,Berlin,2025-05-16T21:00,30.1,38.3,27.1,19.8
0,Berlin,2025-05-16T22:00,30.3,38.2,25.9,19.7
0,Berlin,2025-05-16T23:00,31.1,38,22.3,19.2
0,Berlin,2025-05-17T00:00,32.4,36.7,13.4,18.5
0,Berlin,2025-05-17T01:00,32.8,35.9,9.2,18.2
0,Berlin,2025-05-17T02:00,33.1,35.6,7.3,18
0,Berlin,2025-05-17T03:00,34.8,36.7,5.5,17.2
0,Berlin,2025-05-17T04:00,36.8,38.5,4.6,16.2
0,Berlin,2025-05-17T05:00,37.8,40,5.7,15.8
0,Berlin,2025-05-17T06:00,37.6,41,9,15.9
0,Berlin,2025-05-17T07:00,36.9,41.9,13.4,16.2
0,Berlin,2025-05-17T08:00,35.1,41.8,19,17
0,Berlin,2025-05-17T09:00,32.2,41.3,28,18.5
0,Berlin,2025-05-17T10:00,30.3,41,35.3,19.7
0,Berlin,2025-05-17T11:00,28.6,40.5,41.6,20.9
0,Berlin,2025-05-17T12:00,27.2,40.2,47.9,22
0,Berlin,2025-05-17T13:00,26.2,40,52.6,22.8
0,Berlin,2025-05-17T14:00,24.9,39.7,59.3,24
0,Berlin,2025-05-17T15:00,25.5,39.5,55,23.5
0,Berlin,2025-05-17T16:00,26.8,39.6,47.7,22.3
0,Berlin,2025-05-17T17:00,27.2,39.6,45.2,21.9
0,Berlin,2025-05-17T18:00,27.2,39.2,43.8,22
0,Berlin,2025-05-17T19:00,27.8,38.4,38.1,21.5
0,Berlin,2025-05-17T20:00,29.3,38.3,30.4,20.4
0,Berlin,2025-05-17T21:00,30.4,38.3,25.9,19.7
0,Berlin,2025-05-17T22:00,30.3,38.1,25.6,19.7
0,Berlin,2025-05-17T23:00,30.5,38,24.6,19.6
0,Berlin,2025-05-18T00:00,32.5,37.2,14.4,18.4
0,Berlin,2025-05-18T01:00,33.2,36.3,9.2,18
0,Berlin,2025-05-18T02:00,33.4,35.7,6.7,17.9
0,Berlin,2025-05-18T03:00,34.5,36.3,5,17.3
0,Berlin,2025-05-18T04:00,36.7,37.6,2.5,16.3
0,Berlin,2025-05-18T05:00,38.2,38.6,1,15.6
0,Berlin,2025-05-18T06:00,38.4,39.4,2.5,15.5
0,Berlin,2025-05-18T07:00,38.8,41.5,7.1,15.4
0,Berlin,2025-05-18T08:00,37.8,42,10.8,15.8
0,Berlin,2025-05-18T09:00,36.2,42,16,16.5
0,Berlin,2025-05-18T10:00,34.4,41.7,21.1,17.4
0,Berlin,2025-05-18T11:00,33,41.7,26.5,18.1
0,Berlin,2025-05-18T12:00,31.4,41.5,32,19
0,Berlin,2025-05-18T13:00,30,41.1,37.2,19.9
0,Berlin,2025-05-18T14:00,29.2,40.7,39.2,20.4
0,Berlin,2025-05-18T15:00,29.9,40.6,35.4,20
0,Berlin,2025-05-18T16:00,30.3,40.5,33.5,19.7
0,Berlin,2025-05-18T17:00,29.4,40.3,36.8,20.3
0,Berlin,2025-05-18T18:00,28.8,40.3,39.9,20.8
0,Berlin,2025-05-18T19:00,31.3,39.9,27.5,19.1
0,Berlin,2025-05-18T20:00,32,39.5,23.2,18.7
0,Berlin,2025-05-18T21:00,32,39.1,22,18.7
0,Berlin,2025-05-18T22:00,31.5,38.8,23.1,19
0,Berlin,2025-05-18T23:00,34.5,39.1,13.3,17.3
0,Berlin,2025-05-19T00:00,34.7,38.1,9.5,17.2
0,Berlin,2025-05-19T01:00,34.1,36.9,8.4,17.5
0,Berlin,2025-05-19T02:00,34.6,37.4,8.2,17.3
0,Berlin,2025-05-19T03:00,37.6,40.1,6.7,15.9
0,Berlin,2025-05-19T04:00,40.4,43.2,7,14.8
0,Berlin,2025-05-19T05:00,40.2,45.1,12.1,14.9
0,Berlin,2025-05-19T06:00,34.4,44.4,29.1,17.4
0,Berlin,2025-05-19T07:00,28,42.6,51.7,21.3
0,Berlin,2025-05-19T08:00,25.8,41.4,60.5,23.2
0,Berlin,2025-05-19T09:00,27.5,41.3,50.2,21.8
0,Berlin,2025-05-19T10:00,28.3,41.3,45.8,21.1
0,Berlin,2025-05-19T11:00,28.3,41.2,45.3,21.1
0,Berlin,2025-05-19T12:00,28.3,41.2,45.6,21.1
0,Berlin,2025-05-19T13:00,27.7,41.1,48.3,21.6
0,Berlin,2025-05-19T14:00,26,40.9,57.3,23
0,Berlin,2025-05-19T15:00,23.7,40.5,70.4,25.2
0,Berlin,2025-05-19T16:00,23.8,40.4,69.4,25.1
0,Berlin,2025-05-19T17:00,26,40.5,55.5,22.9
0,Berlin,2025-05-19T18:00,28.3,40.5,43,21.1
0,Berlin,2025-05-19T19:00,31.1,40,28.6,19.2
0,Berlin,2025-05-19T20:00,32.9,39.8,21,18.2
0,Berlin,2025-05-19T21:00,33,39.7,19.9,18.1
0,Berlin,2025-05-19T22:00,33.8,39.5,16.5,17.7
0,Berlin,2025-05-19T23:00,34.8,39,12.1,17.2
0,Berlin,2025-05-20T00:00,34.3,37.9,10.2,17.4
0,Berlin,2025-05-20T01:00,34,37.2,9.6,17.6
0,Berlin,2025-05-20T02:00,34.4,37.9,10,17.4
0,Berlin,2025-05-20T03:00,36.5,39.9,9.1,16.3
0,Berlin,2025-05-20T04:00,41.6,43.8,5.4,14.4
0,Berlin,2025-05-20T05:00,40.6,45.4,11.9,14.7
0,Berlin,2025-05-20T06:00,33.4,44.3,32.8,17.9
0,Berlin,2025-05-20T07:00,26.9,42.3,57.1,22.2
0,Berlin,2025-05-20T08:00,24.6,41.4,67.9,24.3
0,Berlin,2025-05-20T09:00,26.1,41.3,58.1,22.9
0,Berlin,2025-05-20T10:00,27.7,41.3,49.2,21.6
0,Berlin,2025-05-20T11:00,28,41.4,47.7,21.3
0,Berlin,2025-05-20T12:00,27.5,41.2,49.7,21.7
0,Berlin,2025-05-20T13:00,27.1,41,51.2,22.1
0,Berlin,2025-05-20T14:00,25.5,41,60.5,23.4
0,Berlin,2025-05-20T15:00,23.3,40.7,74.4,25.6
0,Berlin,2025-05-20T16:00,23.7,40.6,71.2,25.2
0,Berlin,2025-05-20T17:00,25.7,40.7,58.4,23.2
0,Berlin,2025-05-20T18:00,27.2,40.7,49.3,21.9
0,Berlin,2025-05-20T19:00,29.5,40,35.4,20.3
0,Berlin,2025-05-20T20:00,32,39.9,24.8,18.7
0,Berlin,2025-05-20T21:00,32.2,39.5,22.8,18.6
0,Berlin,2025-05-20T22:00,32.9,39.4,19.7,18.2
0,Berlin,2025-05-20T23:00,33.7,38.7,14.5,17.7
0,Berlin,2025-05-21T00:00,34,37.6,10.4,17.6
0,Berlin,2025-05-21T01:00,33.6,36.9,9.8,17.8
0,Berlin,2025-05-21T02:00,34,37.3,9.9,17.6
0,Berlin,2025-05-21T03:00,36.8,39.8,8.1,16.2
0,Berlin,2025-05-21T04:00,41.9,44,5,14.3
0,Berlin,2025-05-21T05:00,40.4,45.1,11.7,14.8
0,Berlin,2025-05-21T06:00,34.2,44.4,29.7,17.5
0,Berlin,2025-05-21T07:00,27.8,42.3,52.4,21.5
0,Berlin,2025-05-21T08:00,25,41.2,64.8,23.9
0,Berlin,2025-05-21T09:00,26,41.2,58.2,23
0,Berlin,2025-05-21T10:00,27.2,41.1,50.8,21.9
0,Berlin,2025-05-21T11:00,27.3,41.1,50.1,21.9
0,Berlin,2025-05-21T12:00,26.8,40.9,52.3,22.3
0,Berlin,2025-05-21T13:00,26.1,40.7,55.8,22.9
0,Berlin,2025-05-21T14:00,24.5,40.8,66.4,24.4
0,Berlin,2025-05-21T15:00,23.3,40.7,74.4,25.7
0,Berlin,2025-05-21T16:00,23.7,40.9,72.5,25.2
0,Berlin,2025-05-21T17:00,25.1,41,62.8,23.8
0,Berlin,2025-05-21T18:00,25.9,40.5,56.2,23.1
0,Berlin,2025-05-21T19:00,28.7,40,39.4,20.8
0,Berlin,2025-05-21T20:00,31.2,39.6,27.1,19.2
0,Berlin,2025-05-21T21:00,31.6,39.4,24.7,18.9
0,Berlin,2025-05-21T22:00,31.5,38.6,22.4,18.9
0,Berlin,2025-05-21T23:00,33.5,38.2,14.2,17.8
0,Berlin,2025-05-22T00:00,33.3,36.9,10.8,17.9
0,Berlin,2025-05-22T01:00,33.2,36.3,9.2,18
0,Berlin,2025-05-22T02:00,33.3,36.5,9.5,17.9
0,Berlin,2025-05-22T03:00,35.7,38.7,8.2,16.7
0,Berlin,2025-05-22T04:00,40.6,43,6,14.7
0,Berlin,2025-05-22T05:00,40.4,45,11.3,14.8
0,Berlin,2025-05-22T06:00,34.7,44.5,27.9,17.2
0,Berlin,2025-05-22T07:00,28.5,42.6,49.4,21
0,Berlin,2025-05-22T08:00,26.4,41.6,57.5,22.6
0,Berlin,2025-05-22T09:00,27.1,41.3,52.4,22.1
0,Berlin,2025-05-22T10:00,28.5,41.5,45.6,21
0,Berlin,2025-05-22T11:00,28.3,41.3,45.7,21.1
0,Berlin,2025-05-22T12:00,27.8,41.3,48.7,21.5
0,Berlin,2025-05-22T13:00,27.4,41.4,50.9,21.8
0,Berlin,2025-05-22T14:00,25.5,41.1,61,23.5
0,Berlin,2025-05-22T15:00,23,40.6,76.2,25.9
0,Berlin,2025-05-22T16:00,22.9,40.6,77.2,26.1
0,Berlin,2025-05-22T17:00,24.7,40.8,65.4,24.2
0,Berlin,2025-05-22T18:00,26,40.4,55,22.9
0,Berlin,2025-05-22T19:00,29.1,39.9,37,20.5
0,Berlin,2025-05-22T20:00,31.8,39.7,24.8,18.8
0,Berlin,2025-05-22T21:00,32.2,39.2,21.8,18.6
0,Berlin,2025-05-22T22:00,32.2,38.7,20.1,18.6
0,Berlin,2025-05-22T23:00,33.6,38.5,14.4,17.8
0,Berlin,2025-05-23T00:00,33.8,37,9.4,17.7
0,Berlin,2025-05-23T01:00,33.8,36.4,7.7,17.7
0,Berlin,2025-05-23T02:00,33.8,36.5,7.9,17.7
0,Berlin,2025-05-23T03:00,36.3,38.8,6.7,16.4
0,Berlin,2025-05-23T04:00,40.8,42.9,5.2,14.6
0,Berlin,2025-05-23T05:00,40.6,44.7,10,14.7
0,Berlin,2025-05-23T06:00,35.2,44,25.1,17
0,Berlin,2025-05-23T07:00,29.2,42.1,43.8,20.4
0,Berlin,2025-05-23T08:00,27.1,41,51.2,22.1
0,Berlin,2025-05-23T09:00,28.3,41.6,46.7,21.1
0,Berlin,2025-05-23T10:00,28.8,41.7,44.5,20.7
0,Berlin,2025-05-23T11:00,28.2,41.8,48,21.2
0,Berlin,2025-05-23T12:00,26.2,41.3,57.3,22.8
0,Berlin,2025-05-23T13:00,24.8,41,65.3,24.1
0,Berlin,2025-05-23T14:00,23.3,40.8,75.2,25.7
0,Berlin,2025-05-23T15:00,24,40.9,70.2,24.9
0,Berlin,2025-05-23T16:00,26.3,41.4,57.1,22.7
0,Berlin,2025-05-23T17:00,27.3,41.2,50.9,21.9
0,Berlin,2025-05-23T18:00,28.5,40.8,42.8,20.9
0,Berlin,2025-05-23T19:00,29.7,40,34.4,20.1
0,Berlin,2025-05-23T20:00,31.3,39.7,26.8,19.1
0,Berlin,2025-05-23T21:00,30.5,38.4,26.1,19.6
0,Berlin,2025-05-23T22:00,30.2,38.1,25.8,19.8
0,Berlin,2025-05-23T23:00,31.6,37.6,19,18.9
0,Berlin,2025-05-24T00:00,32.2,36.6,13.6,18.6
0,Berlin,2025-05-24T01:00,32.5,35.5,9.2,18.4
0,Berlin,2025-05-24T02:00,32.9,35.3,7.2,18.2
0,Berlin,2025-05-24T03:00,34.4,36.4,5.6,17.4
0,Berlin,2025-05-24T04:00,36.9,38.3,3.6,16.2
0,Berlin,2025-05-24T05:00,38.1,40,5,15.7
0,Berlin,2025-05-24T06:00,37.6,41.2,9.5,15.9
0,Berlin,2025-05-24T07:00,37.1,42,13.2,16.1
0,Berlin,2025-05-24T08:00,35.4,42.1,18.7,16.9
0,Berlin,2025-05-24T09:00,32.6,41.4,27,18.3
0,Berlin,2025-05-24T10:00,30.2,41.1,35.8,19.8
0,Berlin,2025-05-24T11:00,28.7,40.8,41.8,20.8
0,Berlin,2025-05-24T12:00,27.7,40.3,45.4,21.6
0,Berlin,2025-05-24T13:00,26.5,40.1,51.2,22.5
0,Berlin,2025-05-24T14:00,26.2,39.9,52.2,22.8
0,Berlin,2025-05-24T15:00,26,39.6,52.2,23
0,Berlin,2025-05-24T16:00,26.6,39.7,49,22.5
0,Berlin,2025-05-24T17:00,27.1,39.5,45.4,22
0,Berlin,2025-05-24T18:00,27.6,39.2,42.1,21.7
0,Berlin,2025-05-24T19:00,28.6,38.7,35.1,20.9
0,Berlin,2025-05-24T20:00,29.5,38.4,30.2,20.3
0,Berlin,2025-05-24T21:00,30.5,38.4,25.9,19.6
0,Berlin,2025-05-24T22:00,30.2,38.6,28,19.8
0,Berlin,2025-05-24T23:00,31.6,38.8,22.6,18.9
0,Berlin,2025-05-25T00:00,32.4,37.8,16.5,18.4
0,Berlin,2025-05-25T01:00,32.9,36.6,11.1,18.2
0,Berlin,2025-05-25T02:00,33.3,36,8,17.9
0,Berlin,2025-05-25T03:00,34.1,36.1,5.6,17.5
0,Berlin,2025-05-25T04:00,35.9,37,3,16.6
0,Berlin,2025-05-25T05:00,37.8,38.4,1.6,15.8
0,Berlin,2025-05-25T06:00,38.5,39.6,2.8,15.5
0,Berlin,2025-05-25T07:00,38.6,41.5,7.5,15.5
0,Berlin,2025-05-25T08:00,38.2,42.7,11.7,15.6
0,Berlin,2025-05-25T09:00,36.4,42.6,16.8,16.4
0,Berlin,2025-05-25T10:00,33.2,42.1,27,18
0,Berlin,2025-05-25T11:00,30.9,41.4,33.9,19.3
0,Berlin,2025-05-25T12:00,31,41.4,33.5,19.3
0,Berlin,2025-05-25T13:00,30.8,41.1,33.5,19.4
0,Berlin,2025-05-25T14:00,29.9,40.7,35.9,20
0,Berlin,2025-05-25T15:00,30.1,40.4,33.7,19.8
0,Berlin,2025-05-25T16:00,30.4,40.3,32.6,19.7
0,Berlin,2025-05-25T17:00,30.3,40.3,32.8,19.7
0,Berlin,2025-05-25T18:00,30.2,39.7,31.6,19.8
0,Berlin,2025-05-25T19:00,31.5,39.4,25.2,19
0,Berlin,2025-05-25T20:00,32.6,39.4,20.8,18.3
0,Berlin,2025-05-25T21:00,32.5,39,19.8,18.4
0,Berlin,2025-05-25T22:00,33,38.9,17.8,18.1
0,Berlin,2025-05-25T23:00,34.1,38.6,13,17.5
0,Berlin,2025-05-26T00:00,34.6,38,9.6,17.3
0,Berlin,2025-05-26T01:00,34.5,37,7.3,17.3
0,Berlin,2025-05-26T02:00,34.7,37.2,7.1,17.2
0,Berlin,2025-05-26T03:00,36.9,39.6,7.2,16.2
0,Berlin,2025-05-26T04:00,40.2,42.8,6.3,14.9
0,Berlin,2025-05-26T05:00,39.5,44.6,12.8,15.1
0,Berlin,2025-05-26T06:00,34.6,44.6,28.8,17.3
0,Berlin,2025-05-26T07:00,28.2,42.6,50.6,21.2
0,Berlin,2025-05-26T08:00,26.4,41.6,57.5,22.7
0,Berlin,2025-05-26T09:00,27.9,41.5,48.7,21.4
0,Berlin,2025-05-26T10:00,28.7,41.5,44.5,20.8
0,Berlin,2025-05-26T11:00,28.2,41.3,46.3,21.2
0,Berlin,2025-05-26T12:00,28.1,41.2,46.7,21.3
0,Berlin,2025-05-26T13:00,27.6,41,48.2,21.6
0,Berlin,2025-05-26T14:00,26.4,41.1,55.3,22.6
0,Berlin,2025-05-26T15:00,24.6,40.9,65.6,24.2
0,Berlin,2025-05-26T16:00,25.1,40.8,62.3,23.8
0,Berlin,2025-05-26T17:00,27.4,40.8,49,21.8
0,Berlin,2025-05-26T18:00,28.6,40.6,42.1,20.9
0,Berlin,2025-05-26T19:00,31.1,40.1,28.9,19.2
0,Berlin,2025-05-26T20:00,32.6,39.8,22.1,18.3
0,Berlin,2025-05-26T21:00,33.3,40,19.9,17.9
0,Berlin,2025-05-26T22:00,34,39.7,16.8,17.6
0,Berlin,2025-05-26T23:00,34.6,39.1,13,17.3
0,Berlin,2025-05-27T00:00,34.4,38.1,10.6,17.3
0,Berlin,2025-05-27T01:00,34.3,37.7,9.9,17.4
0,Berlin,2025-05-27T02:00,34.9,38.6,10.5,17.1
0,Berlin,2025-05-27T03:00,38.4,41.5,7.9,15.5
0,Berlin,2025-05-27T04:00,42.7,44.9,5.1,14
0,Berlin,2025-05-27T05:00,40.9,45.5,11.1,14.6
0,Berlin,2025-05-27T06:00,34.5,44.5,28.9,17.3
0,Berlin,2025-05-27T07:00,28.5,42.5,49.3,21
0,Berlin,2025-05-27T08:00,26.2,41.5,58.5,22.8
0,Berlin,2025-05-27T09:00,27.4,41.4,50.9,21.8
0,Berlin,2025-05-27T10:00,28.2,41.4,46.7,21.2
0,Berlin,2025-05-27T11:00,27.8,41.1,47.8,21.5
0,Berlin,2025-05-27T12:00,27.7,41.2,48.9,21.6
0,Berlin,2025-05-27T13:00,27.2,41.2,51.4,22
0,Berlin,2025-05-27T14:00,25,40.9,63.3,23.9
0,Berlin,2025-05-27T15:00,23.3,40.6,74.3,25.7
0,Berlin,2025-05-27T16:00,23.9,40.7,70.3,25.1
0,Berlin,2025-05-27T17:00,26.3,40.8,55.1,22.7
0,Berlin,2025-05-27T18:00,27.3,40.2,47.4,21.9
0,Berlin,2025-05-27T19:00,30.5,40.1,31.6,19.6
0,Berlin,2025-05-27T20:00,32.4,40,23.6,18.4
0,Berlin,2025-05-27T21:00,33.2,40,20.5,18
0,Berlin,2025-05-27T22:00,33.7,39.7,18,17.7
0,Berlin,2025-05-27T23:00,34.3,38.9,13.5,17.4
0,Berlin,2025-05-28T00:00,34,37.7,10.6,17.6
0,Berlin,2025-05-28T01:00,33.7,37.1,10.1,17.7
0,Berlin,2025-05-28T02:00,34.6,38.3,10.8,17.3
0,Berlin,2025-05-28T03:00,38,41.4,8.9,15.7
0,Berlin,2025-05-28T04:00,42,44.8,6.6,14.2
0,Berlin,2025-05-28T05:00,40,45.1,12.6,14.9
0,Berlin,2025-05-28T06:00,34.4,44.3,28.6,17.4
0,Berlin,2025-05-28T07:00,28.6,42.4,47.8,20.9
0,Berlin,2025-05-28T08:00,26.8,41.5,54.5,22.3
0,Berlin,2025-05-28T09:00,26.3,41.1,56.5,22.8
0,Berlin,2025-05-28T10:00,26,40.5,55.9,23
0,Berlin,2025-05-28T11:00,27.2,41.2,51.1,22
0,Berlin,2025-05-28T12:00,26.9,41.2,52.7,22.2
0,Berlin,2025-05-28T13:00,25.7,41.1,59.9,23.3
0,Berlin,2025-05-28T14:00,23.3,40.7,74.4,25.7
0,Berlin,2025-05-28T15:00,21.5,40.5,87.9,27.8
0,Berlin,2025-05-28T16:00,22.6,40.6,79.7,26.5
0,Berlin,2025-05-28T17:00,25,41,64,23.9
0,Berlin,2025-05-28T18:00,26.8,40.7,51.8,22.3
0,Berlin,2025-05-28T19:00,28.5,39.8,39.6,21
0,Berlin,2025-05-28T20:00,32,40.3,25.8,18.7
0,Berlin,2025-05-28T21:00,33,40.2,21.9,18.1
0,Berlin,2025-05-28T22:00,33.1,39.8,20.3,18.1
0,Berlin,2025-05-28T23:00,32.9,39,18.3,18.1
0,Berlin,2025-05-29T00:00,33.9,37.8,11.3,17.6
0,Berlin,2025-05-29T01:00,34,36.8,8.3,17.6
0,Berlin,2025-05-29T02:00,34.5,36.5,5.6,17.3
0,Berlin,2025-05-29T03:00,36.4,38,4.4,16.4
0,Berlin,2025-05-29T04:00,40.4,41.4,2.2,14.8
0,Berlin,2025-05-29T05:00,41.9,42.4,1.1,14.3
0,Berlin,2025-05-29T06:00,41.3,43.2,4.5,14.4
0,Berlin,2025-05-29T07:00,40.8,44.4,8.8,14.7
0,Berlin,2025-05-29T08:00,40.3,45.1,11.9,14.8
0,Berlin,2025-05-29T09:00,38.4,45,17,15.6
0,Berlin,2025-05-29T10:00,35.8,44.4,23.8,16.7
0,Berlin,2025-05-29T11:00,34.2,43.8,27.9,17.4
0,Berlin,2025-05-29T12:00,33.3,43.1,29.4,18
0,Berlin,2025-05-29T13:00,32.8,42.5,29.6,18.2
0,Berlin,2025-05-29T14:00,32,41.8,30.6,18.7
0,Berlin,2025-05-29T15:00,31.8,41.4,30.2,18.8
0,Berlin,2025-05-29T16:00,32,41.1,28.3,18.7
0,Berlin,2025-05-29T17:00,31.9,41.1,28.5,18.7
0,Berlin,2025-05-29T18:00,31.8,40.7,28.1,18.8
0,Berlin,2025-05-29T19:00,31.9,40.2,26.1,18.7
0,Berlin,2025-05-29T20:00,32.6,39.9,22.2,18.3
0,Berlin,2025-05-29T21:00,32.8,39.7,20.8,18.2
0,Berlin,2025-05-29T22:00,32.9,39.6,20.2,18.1
0,Berlin,2025-05-29T23:00,34.1,39.1,14.4,17.5
0,Berlin,2025-05-30T00:00,34.1,37.8,10.8,17.5
0,Berlin,2025-05-30T01:00,34.4,37.3,8.4,17.4
0,Berlin,2025-05-30T02:00,34.6,37.1,7.3,17.3
0,Berlin,2025-05-30T03:00,36.6,39,6.4,16.3
0,Berlin,2025-05-30T04:00,39.6,41.9,5.9,15.1
0,Berlin,2025-05-30T05:00,40.2,43.6,8.4,14.9
0,Berlin,2025-05-30T06:00,37.9,43.5,14.7,15.8
0,Berlin,2025-05-30T07:00,36.5,43.4,18.8,16.4
0,Berlin,2025-05-30T08:00,34.6,42.6,23.3,17.3
0,Berlin,2025-05-30T09:00,32.7,42.4,29.6,18.3
0,Berlin,2025-05-30T10:00,30.5,42,37.4,19.6
0,Berlin,2025-05-30T11:00,29.1,41.7,43.3,20.5
0,Berlin,2025-05-30T12:00,27.7,41.1,48.2,21.6
0,Berlin,2025-05-30T13:00,26.7,40.4,51.4,22.4
0,Berlin,2025-05-30T14:00,26.8,40.5,51.2,22.3
0,Berlin,2025-05-30T15:00,27.6,40.6,46.9,21.6
0,Berlin,2025-05-30T16:00,29,41,41.1,20.6
0,Berlin,2025-05-30T17:00,29,40.7,40,20.6
0,Berlin,2025-05-30T18:00,29.4,40.3,37.1,20.3
0,Berlin,2025-05-30T19:00,30.3,39.7,30.9,19.7
0,Berlin,2025-05-30T20:00,31.5,39.6,25.7,19
0,Berlin,2025-05-30T21:00,31.5,39.4,25.1,19
0,Berlin,2025-05-30T22:00,31.7,39.4,24.3,18.9
0,Berlin,2025-05-30T23:00,32.7,38.7,18.4,18.3
0,Berlin,2025-05-31T00:00,32.7,37.4,14.6,18.3
0,Berlin,2025-05-31T01:00,33,36.5,10.4,18.1
0,Berlin,2025-05-31T02:00,33.4,36.3,8.7,17.9
0,Berlin,2025-05-31T03:00,35.5,37.7,6.2,16.8
0,Berlin,2025-05-31T04:00,38,39.4,3.8,15.7
0,Berlin,2025-05-31T05:00,39.3,41.1,4.6,15.2
0,Berlin,2025-05-31T06:00,39.1,42.6,8.7,15.3
0,Berlin,2025-05-31T07:00,38.5,43.3,12.3,15.5
0,Berlin,2025-05-31T08:00,37.7,43.5,15.3,15.8
0,Berlin,2025-05-31T09:00,35.5,43.3,21.7,16.8
0,Berlin,2025-05-31T10:00,33.1,43,29.8,18.1
0,Berlin,2025-05-31T11:00,31,42.3,36.2,19.3
0,Berlin,2025-05-31T12:00,29.4,41.6,41.2,20.3
0,Berlin,2025-05-31T13:00,29.2,41.3,41.2,20.4
0,Berlin,2025-05-31T14:00,29.1,41.2,41.3,20.5
0,Berlin,2025-05-31T15:00,29.6,41,38.5,20.2
0,Berlin,2025-05-31T16:00,29.9,40.8,36.4,20
0,Berlin,2025-05-31T17:00,30.2,41,35.6,19.8
0,Berlin,2025-05-31T18:00,29.7,40.6,36.7,20.1
0,Berlin,2025-05-31T19:00,30.5,40.2,31.7,19.6
0,Berlin,2025-05-31T20:00,31.6,40.1,26.6,18.9
0,Berlin,2025-05-31T21:00,32.4,40,23.4,18.4
0,Berlin,2025-05-31T22:00,32.3,40.4,24.8,18.5
0,Berlin,2025-05-31T23:00,32.9,39.6,20.4,18.2
0,Berlin,2025-06-01T00:00,33.2,38.3,15.3,18
0,Berlin,2025-06-01T01:00,33.1,36.9,11.3,18.1
0,Berlin,2025-06-01T02:00,33.7,36.5,8.3,17.7
0,Berlin,2025-06-01T03:00,34.8,37,6.2,17.1
0,Berlin,2025-06-01T04:00,37.5,38.7,3,15.9
0,Berlin,2025-06-01T05:00,39.4,40,1.4,15.2
0,Berlin,2025-06-01T06:00,40.1,41.4,3.1,14.9
0,Berlin,2025-06-01T07:00,40.4,43.3,7,14.8
0,Berlin,2025-06-01T08:00,39.7,44,10.6,15
0,Berlin,2025-06-01T09:00,38.5,44.2,14.8,15.5
0,Berlin,2025-06-01T10:00,36.3,44.1,21.4,16.4
0,Berlin,2025-06-01T11:00,33.2,42.7,28.4,18
0,Berlin,2025-06-01T12:00,29.3,40.3,37.4,20.4
0,Berlin,2025-06-01T13:00,25.2,38,50.4,23.7
0,Berlin,2025-06-01T14:00,24.8,37.9,52.7,24.1
0,Berlin,2025-06-01T15:00,26.5,39.2,48.1,22.6
0,Berlin,2025-06-01T16:00,32,42.1,31.5,18.7
0,Berlin,2025-06-01T17:00,31.9,42,31.5,18.7
0,Berlin,2025-06-01T18:00,31.6,41.5,31.5,18.9
0,Berlin,2025-06-01T19:00,32.7,41.5,26.9,18.3
0,Berlin,2025-06-01T20:00,34.6,41.8,20.7,17.3
0,Berlin,2025-06-01T21:00,35,41.5,18.5,17
0,Berlin,2025-06-01T22:00,34.7,40.7,17.4,17.2
0,Berlin,2025-06-01T23:00,35.8,40.2,12.3,16.7
0,Berlin,2025-06-02T00:00,36.4,39.6,8.7,16.4
0,Berlin,2025-06-02T01:00,35.6,38.2,7.2,16.8
0,Berlin,2025-06-02T02:00,35.8,38.5,7.3,16.7
0,Berlin,2025-06-02T03:00,39.4,41.7,5.6,15.2
0,Berlin,2025-06-02T04:00,43.3,44.9,3.6,13.8
0,Berlin,2025-06-02T05:00,41.3,45.8,10.9,14.5
0,Berlin,2025-06-02T06:00,35,44.7,27.4,17
0,Berlin,2025-06-02T07:00,28.6,42.3,48.1,20.9
0,Berlin,2025-06-02T08:00,26.5,41.4,55.9,22.5
0,Berlin,2025-06-02T09:00,27.3,41.1,50.8,21.9
0,Berlin,2025-06-02T10:00,28.3,41.5,46.5,21.1
0,Berlin,2025-06-02T11:00,27.5,41.2,49.5,21.7
0,Berlin,2025-06-02T12:00,27.7,41,47.9,21.6
0,Berlin,2025-06-02T13:00,27.9,41,47.1,21.4
0,Berlin,2025-06-02T14:00,26.5,40.9,54.5,22.6
0,Berlin,2025-06-02T15:00,23.8,40.4,69.1,25.1
0,Berlin,2025-06-02T16:00,24.6,40.5,64.8,24.3
0,Berlin,2025-06-02T17:00,27.3,40.8,49.6,21.9
0,Berlin,2025-06-02T18:00,29,40.5,39.5,20.6
0,Berlin,2025-06-02T19:00,31.2,40.1,28.3,19.1
0,Berlin,2025-06-02T20:00,32,39.5,23.3,18.7
0,Berlin,2025-06-02T21:00,32,39,21.6,18.7
0,Berlin,2025-06-02T22:00,32,38.5,20.3,18.7
0,Berlin,2025-06-02T23:00,32.9,38.1,15.7,18.2
0,Berlin,2025-06-03T00:00,34.2,37.8,10.5,17.5
0,Berlin,2025-06-03T01:00,33.9,37,9.2,17.6
0,Berlin,2025-06-03T02:00,34.1,37.6,10.2,17.5
0,Berlin,2025-06-03T03:00,37,39.6,7.1,16.2
0,Berlin,2025-06-03T04:00,41.8,43.9,4.8,14.3
0,Berlin,2025-06-03T05:00,40.7,45.3,11.2,14.7
0,Berlin,2025-06-03T06:00,34,44.2,30,17.6
0,Berlin,2025-06-03T07:00,27.9,42.3,51.6,21.5
0,Berlin,2025-06-03T08:00,25.2,41,62.4,23.7
0,Berlin,2025-06-03T09:00,26.5,41,54.8,22.6
0,Berlin,2025-06-03T10:00,27.4,41,49.6,21.8
0,Berlin,2025-06-03T11:00,27.5,41,49.2,21.8
0,Berlin,2025-06-03T12:00,27.2,40.8,49.9,22
0,Berlin,2025-06-03T13:00,27.4,41,49.2,21.8
0,Berlin,2025-06-03T14:00,25.1,40.3,60.3,23.8
0,Berlin,2025-06-03T15:00,22.6,39.9,76,26.4
0,Berlin,2025-06-03T16:00,22.9,40,74,26
0,Berlin,2025-06-03T17:00,24.9,40.2,61.5,24
0,Berlin,2025-06-03T18:00,27.3,40.3,47.8,21.9
0,Berlin,2025-06-03T19:00,30.1,39.9,32.3,19.8
0,Berlin,2025-06-03T20:00,31.8,39.5,24.2,18.8
0,Berlin,2025-06-03T21:00,31.1,38.5,23.8,19.2
0,Berlin,2025-06-03T22:00,31.2,38.4,23,19.1
0,Berlin,2025-06-03T23:00,32.2,37.6,16.4,18.5
0,Berlin,2025-06-04T00:00,33,36.7,11.3,18.1
0,Berlin,2025-06-04T01:00,33.2,36.4,9.5,18
0,Berlin,2025-06-04T02:00,33.7,36.8,9.1,17.7
0,Berlin,2025-06-04T03:00,36.4,39.3,8,16.4
0,Berlin,2025-06-04T04:00,42.5,44.2,4.1,14.1
0,Berlin,2025-06-04T05:00,40.9,45.3,10.8,14.6
0,Berlin,2025-06-04T06:00,34.7,44.2,27.3,17.2
0,Berlin,2025-06-04T07:00,28.5,42.4,48.4,20.9
0,Berlin,2025-06-04T08:00,26.1,41.3,58.1,22.9
0,Berlin,2025-06-04T09:00,27.2,41.2,51.2,21.9
0,Berlin,2025-06-04T10:00,28.1,41.2,46.3,21.2
0,Berlin,2025-06-04T11:00,28.2,41.1,45.7,21.2
0,Berlin,2025-06-04T12:00,27.8,41,47.6,21.5
0,Berlin,2025-06-04T13:00,27.6,41,48.4,21.6
0,Berlin,2025-06-04T14:00,26.3,41,55.6,22.7
0,Berlin,2025-06-04T15:00,24.2,40.7,68.1,24.7
0,Berlin,2025-06-04T16:00,24.5,40.8,66.3,24.4
0,Berlin,2025-06-04T17:00,26.3,40.7,54.4,22.7
0,Berlin,2025-06-04T18:00,27.2,40.2,47.4,21.9
0,Berlin,2025-06-04T19:00,29.9,39.5,32.1,20
0,Berlin,2025-06-04T20:00,32.1,39.5,23.1,18.6
0,Berlin,2025-06-04T21:00,32,39.1,22.1,18.7
0,Berlin,2025-06-04T22:00,31.4,38.6,23,19
0,Berlin,2025-06-04T23:00,33.2,38.8,17.1,18
0,Berlin,2025-06-05T00:00,33.8,37.3,10.3,17.7
0,Berlin,2025-06-05T01:00,33.5,36.5,9.1,17.9
0,Berlin,2025-06-05T02:00,33.6,36.7,9,17.8
0,Berlin,2025-06-05T03:00,36.5,39.2,7.3,16.4
0,Berlin,2025-06-05T04:00,42.6,44.4,4.2,14
0,Berlin,2025-06-05T05:00,41.4,45.6,10.1,14.4
0,Berlin,2025-06-05T06:00,34.1,43.8,28.3,17.5
0,Berlin,2025-06-05T07:00,28.6,42.6,49,20.9
0,Berlin,2025-06-05T08:00,25.9,41.2,58.8,23.1
0,Berlin,2025-06-05T09:00,26.6,41.1,54.4,22.5
0,Berlin,2025-06-05T10:00,27.2,41,50.9,22
0,Berlin,2025-06-05T11:00,26.9,40.8,51.2,22.2
0,Berlin,2025-06-05T12:00,26,40.6,55.8,23
0,Berlin,2025-06-05T13:00,26,40.7,56.2,23
0,Berlin,2025-06-05T14:00,24.7,40.5,63.4,24.2
0,Berlin,2025-06-05T15:00,22,40.2,82.6,27.2
0,Berlin,2025-06-05T16:00,21.7,40,84.2,27.6
0,Berlin,2025-06-05T17:00,23.4,39.7,69.4,25.5
0,Berlin,2025-06-05T18:00,25,39.5,57.9,23.9
0,Berlin,2025-06-05T19:00,28.1,39.1,38.7,21.2
0,Berlin,2025-06-05T20:00,30.1,38.8,28.9,19.8
0,Berlin,2025-06-05T21:00,31.6,38.9,23.1,18.9
0,Berlin,2025-06-05T22:00,32.4,39.1,20.7,18.5
0,Berlin,2025-06-05T23:00,33.3,38.2,14.6,17.9
0,Berlin,2025-06-06T00:00,33.9,37.4,10.2,17.6
0,Berlin,2025-06-06T01:00,33.7,36.4,8.2,17.8
0,Berlin,2025-06-06T02:00,33.7,36.5,8.2,17.7
0,Berlin,2025-06-06T03:00,36.8,39.2,6.4,16.2
0,Berlin,2025-06-06T04:00,42.4,44.1,3.8,14.1
0,Berlin,2025-06-06T05:00,41.5,45.2,8.9,14.4
0,Berlin,2025-06-06T06:00,35.8,44.2,23.3,16.7
0,Berlin,2025-06-06T07:00,30.5,42.6,39.7,19.6
0,Berlin,2025-06-06T08:00,29.2,41.9,43.5,20.5
0,Berlin,2025-06-06T09:00,28.9,41.9,44.9,20.7
0,Berlin,2025-06-06T10:00,28,41.2,47.2,21.3
0,Berlin,2025-06-06T11:00,27.4,41.4,50.6,21.8
0,Berlin,2025-06-06T12:00,26.4,41.3,56.4,22.6
0,Berlin,2025-06-06T13:00,25.8,41.2,59.5,23.2
0,Berlin,2025-06-06T14:00,24.5,41,67.1,24.4
0,Berlin,2025-06-06T15:00,24.7,41.1,66.5,24.2
0,Berlin,2025-06-06T16:00,26.3,41.3,56.7,22.7
0,Berlin,2025-06-06T17:00,27.7,41.1,48.3,21.6
0,Berlin,2025-06-06T18:00,28.7,40.8,42.3,20.9
0,Berlin,2025-06-06T19:00,29.8,40.3,35.1,20.1
0,Berlin,2025-06-06T20:00,31.1,40.1,29.1,19.2
0,Berlin,2025-06-06T21:00,32,40.1,25.1,18.7
0,Berlin,2025-06-06T22:00,31.6,40.1,26.8,18.9
0,Berlin,2025-06-06T23:00,32.7,39.4,20.5,18.3
0,Berlin,2025-06-07T00:00,32.7,37.7,15.1,18.2
0,Berlin,2025-06-07T01:00,32.8,36.5,11.1,18.2
0,Berlin,2025-06-07T02:00,32.9,35.9,8.8,18.1
0,Berlin,2025-06-07T03:00,34.9,37,6.2,17.1
0,Berlin,2025-06-07T04:00,38.1,39.4,3.3,15.7
0,Berlin,2025-06-07T05:00,39.7,41.4,4.4,15.1
0,Berlin,2025-06-07T06:00,39.9,42.9,7.6,15
0,Berlin,2025-06-07T07:00,39.2,43.7,11.4,15.2
0,Berlin,2025-06-07T08:00,37.6,43.5,15.6,15.9
0,Berlin,2025-06-07T09:00,35.1,43.2,23,17
0,Berlin,2025-06-07T10:00,32.5,42.5,30.7,18.4
0,Berlin,2025-06-07T11:00,30.9,42.1,36.2,19.3
0,Berlin,2025-06-07T12:00,30,41.7,39,19.9
0,Berlin,2025-06-07T13:00,29.3,41.2,40.8,20.4
0,Berlin,2025-06-07T14:00,28.9,41,41.8,20.7
0,Berlin,2025-06-07T15:00,28,40.5,44.5,21.4
0,Berlin,2025-06-07T16:00,29.6,40.6,37,20.2
0,Berlin,2025-06-07T17:00,30.1,40.4,34.1,19.8
0,Berlin,2025-06-07T18:00,29.7,40,34.4,20.1
0,Berlin,2025-06-07T19:00,28.7,39.4,37.2,20.8
0,Berlin,2025-06-07T20:00,30.7,39.2,27.8,19.5
0,Berlin,2025-06-07T21:00,31.5,39.2,24.1,18.9
0,Berlin,2025-06-07T22:00,30.9,39,26.2,19.3
0,Berlin,2025-06-07T23:00,31.6,38.5,21.8,18.9
0,Berlin,2025-06-08T00:00,32,37.6,17.3,18.7
0,Berlin,2025-06-08T01:00,32.7,36.5,11.8,18.3
0,Berlin,2025-06-08T02:00,32.9,35.7,8.6,18.2
0,Berlin,2025-06-08T03:00,34.3,36.3,5.6,17.4
0,Berlin,2025-06-08T04:00,37,38.1,2.9,16.1
0,Berlin,2025-06-08T05:00,38.5,39,1.4,15.5
0,Berlin,2025-06-08T06:00,39.3,40.4,2.9,15.2
0,Berlin,2025-06-08T07:00,39.4,42.3,7.5,15.2
0,Berlin,2025-06-08T08:00,39.4,43.3,9.9,15.2
0,Berlin,2025-06-08T09:00,38.4,43.7,13.7,15.6
0,Berlin,2025-06-08T10:00,35.8,43.2,20.7,16.7
0,Berlin,2025-06-08T11:00,35.2,42.8,21.6,17
0,Berlin,2025-06-08T12:00,33.9,42.5,25.3,17.6
0,Berlin,2025-06-08T13:00,32.6,41.9,28.3,18.3
0,Berlin,2025-06-08T14:00,31.8,41.6,30.4,18.8
0,Berlin,2025-06-08T15:00,31.8,41.1,29,18.8
0,Berlin,2025-06-08T16:00,32.4,41.2,27.1,18.5
0,Berlin,2025-06-08T17:00,31.6,41,29.7,18.9
0,Berlin,2025-06-08T18:00,31.6,40.7,28.6,18.9
0,Berlin,2025-06-08T19:00,32,40.3,25.9,18.7
0,Berlin,2025-06-08T20:00,32,39.9,24.7,18.7
0,Berlin,2025-06-08T21:00,32.4,39.6,21.8,18.4
0,Berlin,2025-06-08T22:00,32.4,39.2,20.9,18.4
0,Berlin,2025-06-08T23:00,32.7,38.4,17.3,18.3
0,Berlin,2025-06-09T00:00,33.3,37.5,12.6,17.9
0,Berlin,2025-06-09T01:00,33.1,36.1,9.1,18.1
0,Berlin,2025-06-09T02:00,33.9,35.8,5.8,17.6
0,Berlin,2025-06-09T03:00,35.3,36.9,4.3,16.9
0,Berlin,2025-06-09T04:00,38.7,39.3,1.6,15.4
0,Berlin,2025-06-09T05:00,40,40.2,0.4,14.9
0,Berlin,2025-06-09T06:00,39.4,40.4,2.5,15.2
0,Berlin,2025-06-09T07:00,39.7,42.5,7.1,15.1
0,Berlin,2025-06-09T08:00,39.9,43.8,9.6,15
0,Berlin,2025-06-09T09:00,38.3,43.5,13.5,15.6
0,Berlin,2025-06-09T10:00,37,43.8,18.4,16.1
0,Berlin,2025-06-09T11:00,36,43.8,21.8,16.6
0,Berlin,2025-06-09T12:00,34.2,43.1,26,17.5
0,Berlin,2025-06-09T13:00,33.5,42.7,27.4,17.8
0,Berlin,2025-06-09T14:00,32.9,42.5,29,18.1
0,Berlin,2025-06-09T15:00,32.8,42.1,28.5,18.2
0,Berlin,2025-06-09T16:00,32.6,41.7,27.8,18.3
0,Berlin,2025-06-09T17:00,32.5,41.8,28.5,18.4
0,Berlin,2025-06-09T18:00,32.3,41.4,28.1,18.5
0,Berlin,2025-06-09T19:00,32.4,41,26.6,18.5
0,Berlin,2025-06-09T20:00,33.5,40.9,21.8,17.8
0,Berlin,2025-06-09T21:00,33.9,40.7,19.9,17.6
0,Berlin,2025-06-09T22:00,34.1,40.4,18.4,17.5
0,Berlin,2025-06-09T23:00,35,39.8,13.5,17
0,Berlin,2025-06-10T00:00,34.8,38.6,10.8,17.2
0,Berlin,2025-06-10T01:00,34.9,38,8.8,17.1
0,Berlin,2025-06-10T02:00,35.6,38.6,8.3,16.8
0,Berlin,2025-06-10T03:00,38.1,40.9,7.2,15.7
0,Berlin,2025-06-10T04:00,43.2,45.2,4.6,13.8
0,Berlin,2025-06-10T05:00,41.6,45.9,10.4,14.4
0,Berlin,2025-06-10T06:00,35.7,44.6,25,16.8
0,Berlin,2025-06-10T07:00,31.5,43.2,37.1,19
0,Berlin,2025-06-10T08:00,28.3,41.6,46.8,21.1
0,Berlin,2025-06-10T09:00,28,41.4,47.8,21.4
0,Berlin,2025-06-10T10:00,28.3,41.5,46.4,21.1
0,Berlin,2025-06-10T11:00,27.7,41.3,49.3,21.6
0,Berlin,2025-06-10T12:00,27.3,41.2,50.8,21.9
0,Berlin,2025-06-10T13:00,27.1,41.2,51.9,22.1
0,Berlin,2025-06-10T14:00,25.8,40.9,58.4,23.2
0,Berlin,2025-06-10T15:00,23,40.5,75.6,26
0,Berlin,2025-06-10T16:00,23.2,40.4,74,25.8
0,Berlin,2025-06-10T17:00,24.3,40.1,65.2,24.6
0,Berlin,2025-06-10T18:00,26.1,39.9,53,22.9
0,Berlin,2025-06-10T19:00,29.5,39.6,34.2,20.3
0,Berlin,2025-06-10T20:00,32.3,39.9,23.4,18.5
0,Berlin,2025-06-10T21:00,31.3,39.1,24.8,19.1
0,Berlin,2025-06-10T22:00,31.6,39,23.2,18.9
0,Berlin,2025-06-10T23:00,33,38.6,16.9,18.1
0,Berlin,2025-06-11T00:00,33.5,37.6,11.9,17.8
0,Berlin,2025-06-11T01:00,33.3,36.6,10.1,18
0,Berlin,2025-06-11T02:00,33.9,37.4,10.5,17.6
0,Berlin,2025-06-11T03:00,36.9,40.2,8.9,16.2
0,Berlin,2025-06-11T04:00,42.5,44.7,5.3,14.1
0,Berlin,2025-06-11T05:00,40.6,45.1,11,14.7
0,Berlin,2025-06-11T06:00,33.3,43.7,31.4,18
0,Berlin,2025-06-11T07:00,27.2,41.8,53.5,22
0,Berlin,2025-06-11T08:00,25.2,40.9,62.4,23.7
0,Berlin,2025-06-11T09:00,26.8,40.9,52.2,22.3
0,Berlin,2025-06-11T10:00,27.6,40.9,47.7,21.6
0,Berlin,2025-06-11T11:00,27.4,40.9,49.1,21.8
0,Berlin,2025-06-11T12:00,27.1,40.7,50.1,22
0,Berlin,2025-06-11T13:00,26.7,40.6,52.3,22.4
0,Berlin,2025-06-11T14:00,25.1,40.6,61.6,23.8
0,Berlin,2025-06-11T15:00,22.5,39.9,77.1,26.6
0,Berlin,2025-06-11T16:00,22.9,40.1,75.2,26.1
0,Berlin,2025-06-11T17:00,24.2,40.1,65.4,24.7
0,Berlin,2025-06-11T18:00,25.8,39.9,54.4,23.1
0,Berlin,2025-06-11T19:00,29.3,39.6,34.9,20.4
0,Berlin,2025-06-11T20:00,32,39.8,24.2,18.7
0,Berlin,2025-06-11T21:00,33,39.8,20.6,18.1
0,Berlin,2025-06-11T22:00,32.3,40.3,24.5,18.5
0,Berlin,2025-06-11T23:00,33.4,40.4,21,17.9
0,Berlin,2025-06-12T00:00,34.2,38.2,11.6,17.5
0,Berlin,2025-06-12T01:00,34.2,37.3,9,17.4
0,Berlin,2025-06-12T02:00,34.4,37.8,9.8,17.4
0,Berlin,2025-06-12T03:00,37.2,40,7.6,16.1
0,Berlin,2025-06-12T04:00,41.8,43.7,4.5,14.3
0,Berlin,2025-06-12T05:00,41.1,45.3,10.3,14.5
0,Berlin,2025-06-12T06:00,34.7,44.3,27.6,17.2
0,Berlin,2025-06-12T07:00,28.4,42.4,49.3,21.1
0,Berlin,2025-06-12T08:00,26.1,41.2,58.1,22.9
0,Berlin,2025-06-12T09:00,27,41.3,53,22.2
0,Berlin,2025-06-12T10:00,27.6,41.3,49.3,21.6
0,Berlin,2025-06-12T11:00,27.5,41.1,49.4,21.7
0,Berlin,2025-06-12T12:00,27.2,40.8,50,22
0,Berlin,2025-06-12T13:00,26.6,40.8,53.2,22.4
0,Berlin,2025-06-12T14:00,25.3,40.8,61.2,23.7
0,Berlin,2025-06-12T15:00,23.3,40.2,72.4,25.6
0,Berlin,2025-06-12T16:00,23.8,40.4,69.9,25.2
0,Berlin,2025-06-12T17:00,25.8,40.5,56.7,23.1
0,Berlin,2025-06-12T18:00,27.3,40.4,48.2,21.9
0,Berlin,2025-06-12T19:00,29.9,40,33.6,20
0,Berlin,2025-06-12T20:00,31.6,40,26.3,18.9
0,Berlin,2025-06-12T21:00,32.6,40,22.4,18.3
0,Berlin,2025-06-12T22:00,32.7,39.8,21.4,18.3
0,Berlin,2025-06-12T23:00,34.2,39.4,15,17.5
0,Berlin,2025-06-13T00:00,34,37.9,11.2,17.5
0,Berlin,2025-06-13T01:00,34,37,8.8,17.6
0,Berlin,2025-06-13T02:00,34.1,37.2,8.9,17.5
0,Berlin,2025-06-13T03:00,37.1,39.9,7.4,16.1
0,Berlin,2025-06-13T04:00,42.5,44.5,4.8,14.1
0,Berlin,2025-06-13T05:00,41.2,45.1,9.3,14.5
0,Berlin,2025-06-13T06:00,35.6,44.1,23.7,16.8
0,Berlin,2025-06-13T07:00,30.2,42.5,40.3,19.8
0,Berlin,2025-06-13T08:00,28.8,41.6,44.3,20.7
0,Berlin,2025-06-13T09:00,28.9,41.7,44.1,20.7
0,Berlin,2025-06-13T10:00,28.4,41.4,45.8,21
0,Berlin,2025-06-13T11:00,27.9,41.3,47.6,21.4
0,Berlin,2025-06-13T12:00,26.9,41.2,53,22.2
0,Berlin,2025-06-13T13:00,25.9,41,58.3,23.1
0,Berlin,2025-06-13T14:00,24.2,40.6,67.3,24.6
0,Berlin,2025-06-13T15:00,24.2,40.6,67.3,24.7
0,Berlin,2025-06-13T16:00,26.5,41,54.8,22.6
0,Berlin,2025-06-13T17:00,27.7,40.6,46.5,21.6
0,Berlin,2025-06-13T18:00,27.5,40.1,45.9,21.7
0,Berlin,2025-06-13T19:00,29.3,39.9,35.9,20.4
0,Berlin,2025-06-13T20:00,30.3,39.3,29.5,19.7
0,Berlin,2025-06-13T21:00,29.9,38.4,28.4,20
0,Berlin,2025-06-13T22:00,29.5,38.2,29.7,20.3
0,Berlin,2025-06-13T23:00,30.7,37.8,23,19.5
0,Berlin,2025-06-14T00:00,31.9,36.8,15.3,18.7
0,Berlin,2025-06-14T01:00,32.4,35.8,10.3,18.4
0,Berlin,2025-06-14T02:00,32.9,35.7,8.4,18.2
0,Berlin,2025-06-14T03:00,34.4,36.5,6.2,17.4
0,Berlin,2025-06-14T04:00,37.1,38.6,4,16.1
0,Berlin,2025-06-14T05:00,37.6,40.3,7.2,15.9
0,Berlin,2025-06-14T06:00,36.5,41,12.3,16.4
0,Berlin,2025-06-14T07:00,36,41.7,15.7,16.6
0,Berlin,2025-06-14T08:00,34.3,41.6,21.4,17.4
0,Berlin,2025-06-14T09:00,31.8,41.1,29.3,18.8
0,Berlin,2025-06-14T10:00,29.6,40.8,37.7,20.2
0,Berlin,2025-06-14T11:00,28.2,40.4,43.5,21.2
0,Berlin,2025-06-14T12:00,27.3,40.2,46.8,21.9
0,Berlin,2025-06-14T13:00,26.6,39.9,49.7,22.4
0,Berlin,2025-06-14T14:00,26.3,39.8,51.3,22.8
0,Berlin,2025-06-14T15:00,27.3,39.8,45.3,21.9
0,Berlin,2025-06-14T16:00,28,39.3,40.3,21.3
0,Berlin,2025-06-14T17:00,28.4,39.5,38.9,21
0,Berlin,2025-06-14T18:00,28.1,39.2,39.1,21.2
0,Berlin,2025-06-14T19:00,28.5,38.9,36.1,20.9
0,Berlin,2025-06-14T20:00,29.2,38.7,32.5,20.5
0,Berlin,2025-06-14T21:00,30.1,38.7,28.4,19.8
0,Berlin,2025-06-14T22:00,30.1,38.7,28.6,19.9
0,Berlin,2025-06-14T23:00,30.9,38.4,24.2,19.3
0,Berlin,2025-06-15T00:00,32.2,37.6,16.6,18.6
0,Berlin,2025-06-15T01:00,32.6,36.4,11.6,18.3
0,Berlin,2025-06-15T02:00,32.9,35.8,8.8,18.2
0,Berlin,2025-06-15T03:00,34.2,36.1,5.7,17.5
0,Berlin,2025-06-15T04:00,36.3,37.2,2.3,16.4
0,Berlin,2025-06-15T05:00,38.2,38.9,1.8,15.6
0,Berlin,2025-06-15T06:00,38.6,40.1,3.9,15.5
0,Berlin,2025-06-15T07:00,38.4,41.7,8.5,15.5
0,Berlin,2025-06-15T08:00,37.6,42.1,11.9,15.9
0,Berlin,2025-06-15T09:00,35.5,41.9,17.8,16.8
0,Berlin,2025-06-15T10:00,33.9,42.1,24.1,17.6
0,Berlin,2025-06-15T11:00,32.1,41.6,29.7,18.6
0,Berlin,2025-06-15T12:00,31.4,41.3,31.5,19
0,Berlin,2025-06-15T13:00,30.8,41,33,19.4
0,Berlin,2025-06-15T14:00,30.3,40.6,33.9,19.7
0,Berlin,2025-06-15T15:00,30.9,40.6,31.3,19.3
0,Berlin,2025-06-15T16:00,30.3,40.2,32.8,19.7
0,Berlin,2025-06-15T17:00,27.9,39.8,42.8,21.4
0,Berlin,2025-06-15T18:00,28,39.9,42.3,21.3
0,Berlin,2025-06-15T19:00,29.9,39.8,33.3,20
0,Berlin,2025-06-15T20:00,31.6,39.5,25.1,18.9
0,Berlin,2025-06-15T21:00,31.8,38.9,22.4,18.8
0,Berlin,2025-06-15T22:00,32.2,38.6,19.6,18.5
0,Berlin,2025-06-15T23:00,33.6,38.4,14.2,17.8
0,Berlin,2025-06-16T00:00,34.4,37.7,9.6,17.4
0,Berlin,2025-06-16T01:00,34.1,36.9,8.2,17.5
0,Berlin,2025-06-16T02:00,34.7,37.4,7.9,17.2
0,Berlin,2025-06-16T03:00,38.1,40.5,6.3,15.7
0,Berlin,2025-06-16T04:00,42.5,44.4,4.4,14
0,Berlin,2025-06-16T05:00,41.2,45.6,10.7,14.5
0,Berlin,2025-06-16T06:00,34.6,44.4,27.9,17.2
0,Berlin,2025-06-16T07:00,27.7,42.3,52.3,21.5
0,Berlin,2025-06-16T08:00,25.4,41.1,61.7,23.5
0,Berlin,2025-06-16T09:00,26.9,41.2,53.2,22.3
0,Berlin,2025-06-16T10:00,28,41.2,47,21.3
0,Berlin,2025-06-16T11:00,28,41,46.3,21.3
0,Berlin,2025-06-16T12:00,27.9,41.1,46.8,21.4
0,Berlin,2025-06-16T13:00,27.5,40.8,48.4,21.8
0,Berlin,2025-06-16T14:00,25.9,40.6,56.4,23.1
0,Berlin,2025-06-16T15:00,23.9,40.4,68.7,25
0,Berlin,2025-06-16T16:00,24.4,40.5,65.9,24.5
0,Berlin,2025-06-16T17:00,27,40.6,50.4,22.1
0,Berlin,2025-06-16T18:00,28.8,40.4,40.2,20.8
0,Berlin,2025-06-16T19:00,31.1,40,28.5,19.2
0,Berlin,2025-06-16T20:00,32.4,39.7,22.5,18.5
0,Berlin,2025-06-16T21:00,32.8,39.4,20,18.2
0,Berlin,2025-06-16T22:00,33.3,39.3,18.1,18
0,Berlin,2025-06-16T23:00,33.9,38.7,13.9,17.6
0,Berlin,2025-06-17T00:00,34.1,37.9,11,17.5
0,Berlin,2025-06-17T01:00,33.6,36.8,9.6,17.8
0,Berlin,2025-06-17T02:00,34.4,37.8,10,17.4
0,Berlin,2025-06-17T03:00,36.9,39.9,8.1,16.2
0,Berlin,2025-06-17T04:00,42.2,44.3,4.9,14.2
0,Berlin,2025-06-17T05:00,40.7,45.2,10.9,14.7
0,Berlin,2025-06-17T06:00,33.8,44.2,30.9,17.7
0,Berlin,2025-06-17T07:00,27.4,42.1,53.7,21.8
0,Berlin,2025-06-17T08:00,25,41,64,23.9
0,Berlin,2025-06-17T09:00,26.6,41,54.3,22.5
0,Berlin,2025-06-17T10:00,27.8,41,47.3,21.5
0,Berlin,2025-06-17T11:00,27.6,40.9,47.9,21.6
0,Berlin,2025-06-17T12:00,27.4,40.7,48.4,21.8
0,Berlin,2025-06-17T13:00,27.3,40.8,49.6,21.9
0,Berlin,2025-06-17T14:00,25.3,40.6,60.1,23.6
0,Berlin,2025-06-17T15:00,23.1,40.1,73.8,25.9
0,Berlin,2025-06-17T16:00,23.1,40.2,73.5,25.8
0,Berlin,2025-06-17T17:00,25.2,40.4,60,23.7
0,Berlin,2025-06-17T18:00,27.1,40.2,48.1,22
0,Berlin,2025-06-17T19:00,29.7,39.8,33.7,20.1
0,Berlin,2025-06-17T20:00,31.7,39.7,24.8,18.8
0,Berlin,2025-06-17T21:00,32.1,39.5,22.7,18.6
0,Berlin,2025-06-17T22:00,32.4,39.2,21,18.5
0,Berlin,2025-06-17T23:00,33,38.5,16.5,18.1
0,Berlin,2025-06-18T00:00,33.3,37.2,11.8,17.9
0,Berlin,2025-06-18T01:00,33.1,36.5,10.1,18
0,Berlin,2025-06-18T02:00,33.7,37.2,10.4,17.8
0,Berlin,2025-06-18T03:00,36.5,39.5,8,16.4
0,Berlin,2025-06-18T04:00,42.2,44.3,5,14.2
0,Berlin,2025-06-18T05:00,40.6,45,11,14.7
0,Berlin,2025-06-18T06:00,34.3,44.1,28.4,17.4
0,Berlin,2025-06-18T07:00,27.8,42.2,51.7,21.5
0,Berlin,2025-06-18T08:00,25.3,41,61.9,23.6
0,Berlin,2025-06-18T09:00,26.8,41,52.9,22.3
0,Berlin,2025-06-18T10:00,27.9,41.1,47.2,21.4
0,Berlin,2025-06-18T11:00,27.5,40.8,48.3,21.8
0,Berlin,2025-06-18T12:00,27.4,40.8,48.9,21.8
0,Berlin,2025-06-18T13:00,27,40.9,51.2,22.1
0,Berlin,2025-06-18T14:00,25.5,40.8,60.1,23.5
0,Berlin,2025-06-18T15:00,23.6,40.6,71.5,25.3
0,Berlin,2025-06-18T16:00,23.9,40.7,70.3,25
0,Berlin,2025-06-18T17:00,25.4,40.4,59.1,23.6
0,Berlin,2025-06-18T18:00,27.1,40.2,48.3,22.1
0,Berlin,2025-06-18T19:00,29.9,39.8,33.4,20
0,Berlin,2025-06-18T20:00,31.8,39.8,24.9,18.8
0,Berlin,2025-06-18T21:00,31.8,39.4,23.8,18.8
0,Berlin,2025-06-18T22:00,31.4,39.2,24.8,19
0,Berlin,2025-06-18T23:00,31.5,40,26.6,18.9
0,Berlin,2025-06-19T00:00,33.5,38.7,15.3,17.8
0,Berlin,2025-06-19T01:00,33.2,36.5,10,18
0,Berlin,2025-06-19T02:00,33.4,36.7,9.9,17.9
0,Berlin,2025-06-19T03:00,35.8,38.8,8.5,16.7
0,Berlin,2025-06-19T04:00,41.4,43.5,5.1,14.4
0,Berlin,2025-06-19T05:00,40.4,44.9,11.1,14.8
0,Berlin,2025-06-19T06:00,34,44,29.5,17.6
0,Berlin,2025-06-19T07:00,27.9,42.1,50.6,21.4
0,Berlin,2025-06-19T08:00,25.8,41.2,59.4,23.1
0,Berlin,2025-06-19T09:00,26.5,41.1,55.1,22.6
0,Berlin,2025-06-19T10:00,26.7,41.1,53.4,22.3
0,Berlin,2025-06-19T11:00,26.9,41,52.5,22.2
0,Berlin,2025-06-19T12:00,26.1,40.6,55.1,22.9
0,Berlin,2025-06-19T13:00,25.9,40.7,56.7,23
0,Berlin,2025-06-19T14:00,24.7,40.7,64.7,24.2
0,Berlin,2025-06-19T15:00,22.6,40.4,78.5,26.4
0,Berlin,2025-06-19T16:00,22.6,40.3,77.8,26.4
0,Berlin,2025-06-19T17:00,24.4,40.5,65.7,24.5
0,Berlin,2025-06-19T18:00,25.9,40.1,55,23.1
0,Berlin,2025-06-19T19:00,28.9,39.8,37.5,20.7
0,Berlin,2025-06-19T20:00,31.3,39.8,27,19.1
0,Berlin,2025-06-19T21:00,31.7,39.2,23.5,18.8
0,Berlin,2025-06-19T22:00,31.7,38.9,22.9,18.9
0,Berlin,2025-06-19T23:00,32.5,38.6,18.9,18.4
0,Berlin,2025-06-20T00:00,33.3,37.3,11.9,18
0,Berlin,2025-06-20T01:00,33.6,36.5,8.4,17.8
0,Berlin,2025-06-20T02:00,33.8,36.4,7.7,17.7
0,Berlin,2025-06-20T03:00,35.9,38.4,6.8,16.6
0,Berlin,2025-06-20T04:00,42.1,43.8,4,14.2
0,Berlin,2025-06-20T05:00,41,44.6,8.7,14.6
0,Berlin,2025-06-20T06:00,35.7,43.9,22.9,16.7
0,Berlin,2025-06-20T07:00,30.1,42.2,40.2,19.9
0,Berlin,2025-06-20T08:00,28.6,41.5,44.9,20.9
0,Berlin,2025-06-20T09:00,28.8,41.5,44,20.7
0,Berlin,2025-06-20T10:00,28.2,41.4,46.5,21.2
0,Berlin,2025-06-20T11:00,27.3,41,50.1,21.9
0,Berlin,2025-06-20T12:00,26,41,57.3,23
0,Berlin,2025-06-20T13:00,24.9,40.7,63.4,24
0,Berlin,2025-06-20T14:00,23.8,40.5,70.1,25.1
0,Berlin,2025-06-20T15:00,24.1,40.6,68.4,24.8
0,Berlin,2025-06-20T16:00,25.9,40.8,57.4,23.1
0,Berlin,2025-06-20T17:00,27.3,40.8,48.9,21.8
0,Berlin,2025-06-20T18:00,27.8,40.3,44.8,21.5
0,Berlin,2025-06-20T19:00,29.1,39.8,36.6,20.5
0,Berlin,2025-06-20T20:00,30.8,39.7,28.9,19.4
0,Berlin,2025-06-20T21:00,31.4,39.5,25.7,19
0,Berlin,2025-06-20T22:00,31.2,39.4,26.2,19.2
0,Berlin,2025-06-20T23:00,31.9,38.7,21.1,18.7
0,Berlin,2025-06-21T00:00,32.7,37.7,15.4,18.3
0,Berlin,2025-06-21T01:00,33,36.6,10.8,18.1
0,Berlin,2025-06-21T02:00,33.5,36.3,8.3,17.8
0,Berlin,2025-06-21T03:00,35.2,37.4,6,17
0,Berlin,2025-06-21T04:00,38.2,39.7,3.7,15.6
0,Berlin,2025-06-21T05:00,39.9,41.9,4.9,15
0,Berlin,2025-06-21T06:00,40,43.2,8,14.9
0,Berlin,2025-06-21T07:00,39.5,44.1,11.7,15.1
0,Berlin,2025-06-21T08:00,37.3,43.8,17.3,16
0,Berlin,2025-06-21T09:00,34.3,43.1,25.5,17.4
0,Berlin,2025-06-21T10:00,31.9,42.6,33.2,18.7
0,Berlin,2025-06-21T11:00,30.4,41.9,37.9,19.7
0,Berlin,2025-06-21T12:00,29.7,41.6,40.1,20.1
0,Berlin,2025-06-21T13:00,28.5,40.9,43.4,21
0,Berlin,2025-06-21T14:00,28.8,41.1,42.3,20.7
0,Berlin,2025-06-21T15:00,29.7,41,38.2,20.1
0,Berlin,2025-06-21T16:00,30.3,40.9,34.8,19.7
0,Berlin,2025-06-21T17:00,30.2,40.9,35.5,19.8
0,Berlin,2025-06-21T18:00,29.6,40.4,36.3,20.2
0,Berlin,2025-06-21T19:00,29.7,39.9,34,20.1
0,Berlin,2025-06-21T20:00,30.5,39.8,30.4,19.6
0,Berlin,2025-06-21T21:00,31.1,39.6,27.4,19.2
0,Berlin,2025-06-21T22:00,31,39.9,28.4,19.3
0,Berlin,2025-06-21T23:00,31.8,39.2,23.2,18.8
0,Berlin,2025-06-22T00:00,32.5,38.3,17.5,18.4
0,Berlin,2025-06-22T01:00,33.1,37,11.7,18
0,Berlin,2025-06-22T02:00,33.6,36.5,8.4,17.8
0,Berlin,2025-06-22T03:00,34.8,36.8,5.9,17.2
0,Berlin,2025-06-22T04:00,37.6,38.5,2.3,15.9
0,Berlin,2025-06-22T05:00,39.2,39.9,1.9,15.2
0,Berlin,2025-06-22T06:00,40.7,42.1,3.3,14.7
0,Berlin,2025-06-22T07:00,40.6,43.8,8.1,14.7
0,Berlin,2025-06-22T08:00,39.6,44.4,11.9,15.1
0,Berlin,2025-06-22T09:00,37.4,44.1,17.8,16
0,Berlin,2025-06-22T10:00,34.6,43.7,26.2,17.3
0,Berlin,2025-06-22T11:00,32.7,43.1,31.8,18.3
0,Berlin,2025-06-22T12:00,32.4,42.9,32.2,18.4
0,Berlin,2025-06-22T13:00,32.3,42.8,32.1,18.5
0,Berlin,2025-06-22T14:00,32.9,42.7,29.8,18.2
0,Berlin,2025-06-22T15:00,33.5,42.8,27.5,17.8
0,Berlin,2025-06-22T16:00,33.8,42.6,26,17.7
0,Berlin,2025-06-22T17:00,32.2,42.1,30.4,18.5
0,Berlin,2025-06-22T18:00,30.8,41.8,35.6,19.4
0,Berlin,2025-06-22T19:00,30.7,41.5,35,19.5
0,Berlin,2025-06-22T20:00,32.2,41.5,28.9,18.6
0,Berlin,2025-06-22T21:00,33.8,41.5,22.7,17.7
0,Berlin,2025-06-22T22:00,34.1,40.9,19.9,17.5
0,Berlin,2025-06-22T23:00,34.9,39.9,14.1,17.1
0,Berlin,2025-06-23T00:00,35,38.8,10.7,17.1
0,Berlin,2025-06-23T01:00,35,37.9,8.1,17
0,Berlin,2025-06-23T02:00,35.3,38,7.6,16.9
0,Berlin,2025-06-23T03:00,38,40.9,7.5,15.7
0,Berlin,2025-06-23T04:00,42.7,45.1,5.6,14
0,Berlin,2025-06-23T05:00,40.8,45.8,12.2,14.6
0,Berlin,2025-06-23T06:00,34.3,44.3,28.9,17.4
0,Berlin,2025-06-23T07:00,27.1,42,54.6,22
0,Berlin,2025-06-23T08:00,24.6,40.8,65.6,24.3
0,Berlin,2025-06-23T09:00,26.8,41.1,53.4,22.3
0,Berlin,2025-06-23T10:00,28.6,41.3,44.3,20.9
0,Berlin,2025-06-23T11:00,28.9,41.3,42.9,20.7
0,Berlin,2025-06-23T12:00,27.7,40.6,46.4,21.6
0,Berlin,2025-06-23T13:00,27.2,40.6,49,22
0,Berlin,2025-06-23T14:00,25.8,40.4,56.3,23.1
0,Berlin,2025-06-23T15:00,25.1,40.6,61.3,23.8
0,Berlin,2025-06-23T16:00,25.5,40.7,59.5,23.5
0,Berlin,2025-06-23T17:00,25.5,40.4,58.1,23.4
0,Berlin,2025-06-23T18:00,26.7,40.5,51.7,22.4
0,Berlin,2025-06-23T19:00,30,40.7,35.6,19.9
0,Berlin,2025-06-23T20:00,32.6,40.8,25.2,18.4
0,Berlin,2025-06-23T21:00,33.8,40.7,20.4,17.7
0,Berlin,2025-06-23T22:00,34.3,41.1,19.7,17.4
0,Berlin,2025-06-23T23:00,36.1,40.6,12.4,16.6
0,Berlin,2025-06-24T00:00,36,39.1,8.6,16.6
0,Berlin,2025-06-24T01:00,35.4,38.1,7.7,16.9
0,Berlin,2025-06-24T02:00,34.9,38.1,9,17.1
0,Berlin,2025-06-24T03:00,37.6,40.8,8.4,15.9
0,Berlin,2025-06-24T04:00,42.6,44.7,4.9,14
0,Berlin,2025-06-24T05:00,40.8,45.4,11.2,14.6
0,Berlin,2025-06-24T06:00,33.8,44.1,30.2,17.7
0,Berlin,2025-06-24T07:00,27.4,42.3,54.2,21.8
0,Berlin,2025-06-24T08:00,25.3,41.3,63,23.6
0,Berlin,2025-06-24T09:00,26.6,41.1,54.2,22.4
0,Berlin,2025-06-24T10:00,28.4,41.4,45.5,21
0,Berlin,2025-06-24T11:00,28.1,41.1,46.2,21.3
0,Berlin,2025-06-24T12:00,27.7,40.9,47.5,21.6
0,Berlin,2025-06-24T13:00,26.3,40.7,54.5,22.7
0,Berlin,2025-06-24T14:00,25.3,40.6,60.2,23.6
0,Berlin,2025-06-24T15:00,23.5,40.2,71.1,25.5
0,Berlin,2025-06-24T16:00,24.2,40.5,66.9,24.7
0,Berlin,2025-06-24T17:00,26.7,40.6,51.7,22.3
0,Berlin,2025-06-24T18:00,27.8,40.3,44.8,21.5
0,Berlin,2025-06-24T19:00,30.3,39.9,31.7,19.7
0,Berlin,2025-06-24T20:00,32.6,40,22.6,18.4
0,Berlin,2025-06-24T21:00,33.2,39.9,20.1,18
0,Berlin,2025-06-24T22:00,33.6,39.8,18.4,17.8
0,Berlin,2025-06-24T23:00,34.8,39.4,13.1,17.2
0,Berlin,2025-06-25T00:00,34.2,37.6,10.1,17.5
0,Berlin,2025-06-25T01:00,34.3,37.3,8.6,17.4
0,Berlin,2025-06-25T02:00,34.5,37.5,8.8,17.3
0,Berlin,2025-06-25T03:00,37.2,40.3,8.3,16.1
0,Berlin,2025-06-25T04:00,41.3,44,6.5,14.5
0,Berlin,2025-06-25T05:00,39.5,45,14.1,15.1
0,Berlin,2025-06-25T06:00,32.9,43.9,33.2,18.2
0,Berlin,2025-06-25T07:00,26,41.7,60.3,23
0,Berlin,2025-06-25T08:00,24.1,41,70,24.8
0,Berlin,2025-06-25T09:00,25.5,40.8,60,23.5
0,Berlin,2025-06-25T10:00,27.7,41.1,48.1,21.5
0,Berlin,2025-06-25T11:00,28.3,41.2,45.4,21.1
0,Berlin,2025-06-25T12:00,27.6,40.9,48.2,21.7
0,Berlin,2025-06-25T13:00,27,40.9,51.3,22.1
0,Berlin,2025-06-25T14:00,25.8,41,58.7,23.2
0,Berlin,2025-06-25T15:00,23.9,40.6,69.4,25
0,Berlin,2025-06-25T16:00,24.3,40.4,66.1,24.6
0,Berlin,2025-06-25T17:00,26,40.4,55.2,23
0,Berlin,2025-06-25T18:00,27.3,40.1,47,21.9
0,Berlin,2025-06-25T19:00,30.1,39.7,31.9,19.8
0,Berlin,2025-06-25T20:00,32.1,39.8,23.7,18.6
0,Berlin,2025-06-25T21:00,33.5,40.1,19.8,17.9
0,Berlin,2025-06-25T22:00,33.4,39.8,19.3,17.9
0,Berlin,2025-06-25T23:00,33.4,39.2,17.3,17.9
0,Berlin,2025-06-26T00:00,34.1,38,11.2,17.5
0,Berlin,2025-06-26T01:00,34.1,37.1,8.7,17.5
0,Berlin,2025-06-26T02:00,34.8,37.7,8.5,17.2
0,Berlin,2025-06-26T03:00,37.6,40.4,7.4,15.9
0,Berlin,2025-06-26T04:00,42.5,44.4,4.4,14
0,Berlin,2025-06-26T05:00,41.2,45.3,9.9,14.5
0,Berlin,2025-06-26T06:00,34.5,44.2,27.9,17.3
0,Berlin,2025-06-26T07:00,28,42.2,50.6,21.3
0,Berlin,2025-06-26T08:00,26,41.3,59,23
0,Berlin,2025-06-26T09:00,27,41.2,52.3,22.1
0,Berlin,2025-06-26T10:00,28.2,41.4,46.7,21.2
0,Berlin,2025-06-26T11:00,27.2,40.8,49.6,21.9
0,Berlin,2025-06-26T12:00,26.7,40.5,51.6,22.4
0,Berlin,2025-06-26T13:00,27.4,41.1,50.1,21.8
0,Berlin,2025-06-26T14:00,25.7,40.8,58.5,23.2
0,Berlin,2025-06-26T15:00,23.6,40.3,71.1,25.4
0,Berlin,2025-06-26T16:00,23.9,40.3,68.7,25
0,Berlin,2025-06-26T17:00,26.2,40.7,55.1,22.8
0,Berlin,2025-06-26T18:00,25.4,39.8,56.5,23.5
0,Berlin,2025-06-26T19:00,28.4,39.8,40.2,21.1
0,Berlin,2025-06-26T20:00,30.8,40,29.8,19.4
0,Berlin,2025-06-26T21:00,32.3,40.1,23.9,18.5
0,Berlin,2025-06-26T22:00,33.8,40.7,20.3,17.7
0,Berlin,2025-06-26T23:00,34.9,39.8,14.1,17.1
0,Berlin,2025-06-27T00:00,35.6,39,9.5,16.8
0,Berlin,2025-06-27T01:00,34.9,37.3,7.1,17.1
0,Berlin,2025-06-27T02:00,34.7,37.2,7.2,17.2
0,Berlin,2025-06-27T03:00,37.5,40.2,7.3,15.9
0,Berlin,2025-06-27T04:00,42.2,44.3,4.9,14.2
0,Berlin,2025-06-27T05:00,41.1,45,9.2,14.5
0,Berlin,2025-06-27T06:00,35.8,44.2,23.3,16.7
0,Berlin,2025-06-27T07:00,30,42.5,41.5,19.9
0,Berlin,2025-06-27T08:00,28.5,41.6,45.9,21
0,Berlin,2025-06-27T09:00,29.1,41.8,43.6,20.6
0,Berlin,2025-06-27T10:00,28.7,41.5,44.8,20.8
0,Berlin,2025-06-27T11:00,27.7,41.2,49,21.6
0,Berlin,2025-06-27T12:00,25.6,41,59.9,23.3
0,Berlin,2025-06-27T13:00,24.5,40.8,66.2,24.4
0,Berlin,2025-06-27T14:00,23.9,40.8,70.6,25
0,Berlin,2025-06-27T15:00,23.6,40.7,72.5,25.3
0,Berlin,2025-06-27T16:00,25.5,41.1,61.1,23.5
0,Berlin,2025-06-27T17:00,27,40.8,51.2,22.2
0,Berlin,2025-06-27T18:00,27.9,40.6,45.8,21.4
0,Berlin,2025-06-27T19:00,29.6,40.2,35.5,20.2
0,Berlin,2025-06-27T20:00,31.2,39.8,27.8,19.2
0,Berlin,2025-06-27T21:00,32,39.9,24.5,18.7
0,Berlin,2025-06-27T22:00,32.3,40.1,24.1,18.5
0,Berlin,2025-06-27T23:00,33.2,39.8,19.5,18
0,Berlin,2025-06-28T00:00,33.8,38.1,12.8,17.7
0,Berlin,2025-06-28T01:00,33.9,36.9,8.9,17.6
0,Berlin,2025-06-28T02:00,34.3,36.7,6.8,17.4
0,Berlin,2025-06-28T03:00,35.6,37.5,5.3,16.8
0,Berlin,2025-06-28T04:00,39.3,40.4,2.6,15.2
0,Berlin,2025-06-28T05:00,40.3,42,4.2,14.8
0,Berlin,2025-06-28T06:00,39.9,42.9,7.5,15
0,Berlin,2025-06-28T07:00,39.5,43.9,11.1,15.1
0,Berlin,2025-06-28T08:00,37.6,43.8,16.5,15.9
0,Berlin,2025-06-28T09:00,34.7,43.1,24.1,17.2
0,Berlin,2025-06-28T10:00,32.2,42.4,31.6,18.5
0,Berlin,2025-06-28T11:00,30.7,42,36.5,19.4
0,Berlin,2025-06-28T12:00,29.9,41.6,38.8,20
0,Berlin,2025-06-28T13:00,29.2,41.2,41.1,20.5
0,Berlin,2025-06-28T14:00,28.9,41.2,42.5,20.7
0,Berlin,2025-06-28T15:00,29.3,41,39.8,20.4
0,Berlin,2025-06-28T16:00,29.6,40.9,38.1,20.2
0,Berlin,2025-06-28T17:00,29.8,40.9,37.3,20.1
0,Berlin,2025-06-28T18:00,29.4,40.6,37.9,20.3
0,Berlin,2025-06-28T19:00,30.3,40.1,32.2,19.7
0,Berlin,2025-06-28T20:00,31.2,39.8,27.5,19.2
0,Berlin,2025-06-28T21:00,31.6,39.7,25.6,18.9
0,Berlin,2025-06-28T22:00,31.6,39.9,26.4,18.9
0,Berlin,2025-06-28T23:00,32.5,39.9,22.9,18.4
0,Berlin,2025-06-29T00:00,33.2,38.6,16.1,18
0,Berlin,2025-06-29T01:00,33.6,37.4,11.2,17.8
0,Berlin,2025-06-29T02:00,34.2,37.1,8.4,17.5
0,Berlin,2025-06-29T03:00,35.2,37.1,5.3,17
0,Berlin,2025-06-29T04:00,37.9,38.7,2.2,15.8
0,Berlin,2025-06-29T05:00,39.8,40.4,1.3,15
0,Berlin,2025-06-29T06:00,39.5,40.9,3.5,15.1
0,Berlin,2025-06-29T07:00,39.8,43.2,8.4,15
0,Berlin,2025-06-29T08:00,39.2,43.8,11.8,15.2
0,Berlin,2025-06-29T09:00,37.5,43.9,16.9,15.9
0,Berlin,2025-06-29T10:00,35.6,43.6,22.5,16.8
0,Berlin,2025-06-29T11:00,34.4,43.3,25.7,17.3
0,Berlin,2025-06-29T12:00,33.3,42.9,28.9,17.9
0,Berlin,2025-06-29T13:00,32.6,42.5,30.1,18.3
0,Berlin,2025-06-29T14:00,32,42.2,31.6,18.6
0,Berlin,2025-06-29T15:00,32.2,42.1,30.7,18.6
0,Berlin,2025-06-29T16:00,32.5,42.1,29.5,18.4
0,Berlin,2025-06-29T17:00,31.8,42.1,32.3,18.8
0,Berlin,2025-06-29T18:00,31.2,41.7,33.5,19.2
0,Berlin,2025-06-29T19:00,31.9,41.5,29.8,18.7
0,Berlin,2025-06-29T20:00,33.1,41.4,25.1,18
0,Berlin,2025-06-29T21:00,33.6,41.1,22.3,17.8
0,Berlin,2025-06-29T22:00,34,40.6,19.5,17.6
0,Berlin,2025-06-29T23:00,35.1,39.9,13.8,17
0,Berlin,2025-06-30T00:00,35.2,38.7,10,17
0,Berlin,2025-06-30T01:00,35,37.8,8,17.1
0,Berlin,2025-06-30T02:00,35.5,37.9,6.7,16.8
0,Berlin,2025-06-30T03:00,38.7,41,6,15.4
0,Berlin,2025-06-30T04:00,43.7,45.1,3.2,13.7
0,Berlin,2025-06-30T05:00,41.5,45.9,10.5,14.4
0,Berlin,2025-06-30T06:00,34.1,44.4,29.9,17.5
0,Berlin,2025-06-30T07:00,27.5,42.2,53.3,21.7
0,Berlin,2025-06-30T08:00,25.2,41.1,63.1,23.7
0,Berlin,2025-06-30T09:00,25.5,41.1,61.2,23.5
0,Berlin,2025-06-30T10:00,26.7,41.1,54,22.4
0,Berlin,2025-06-30T11:00,26.7,40.8,52.7,22.4
0,Berlin,2025-06-30T12:00,26.3,40.7,54.3,22.7
0,Berlin,2025-06-30T13:00,25.6,40.4,57.7,23.3
0,Berlin,2025-06-30T14:00,24.4,40.6,66.5,24.5
0,Berlin,2025-06-30T15:00,22.8,40.4,76.8,26.2
0,Berlin,2025-06-30T16:00,23.2,40.4,74,25.7
0,Berlin,2025-06-30T17:00,25.2,40.6,61.2,23.7
0,Berlin,2025-06-30T18:00,26.8,40.3,50.3,22.3
0,Berlin,2025-06-30T19:00,29.4,40,36.1,20.4
0,Berlin,2025-06-30T20:00,31.5,39.9,26.5,19
0,Berlin,2025-06-30T21:00,33,40.1,21.4,18.1
0,Berlin,2025-06-30T22:00,33.8,40.9,21,17.7
0,Berlin,2025-06-30T23:00,33.4,41.2,23.4,17.9
