Region index,Region label,Time,Speed [kmh],Free flow speed [kmh],Congestion level [%],Travel time per 10 km [min]
0,Cook County,2025-01-01T00:00,45.7,55.8,22,13.1
0,Cook County,2025-01-01T01:00,47.5,57.2,20.3,12.6
0,Cook County,2025-01-01T02:00,50,56.7,13.2,11.9
0,Cook County,2025-01-01T03:00,54,57.9,7.2,11
0,Cook County,2025-01-01T04:00,56.6,59.2,4.6,10.5
0,Cook County,2025-01-01T05:00,61.9,63.3,2.1,9.6
0,Cook County,2025-01-01T06:00,63.7,65.3,2.5,9.4
0,Cook County,2025-01-01T07:00,62.5,64.5,3.3,9.5
0,Cook County,2025-01-01T08:00,62.2,64.9,4.2,9.6
0,Cook County,2025-01-01T09:00,60.6,64.4,6.2,9.8
0,Cook County,2025-01-01T10:00,61.2,65.3,6.5,9.7
0,Cook County,2025-01-01T11:00,60.1,65.3,8.7,9.9
0,Cook County,2025-01-01T12:00,57.6,64.1,11.4,10.4
0,Cook County,2025-01-01T13:00,55.7,63.2,13.5,10.7
0,Cook County,2025-01-01T14:00,55.3,63.1,14,10.8
0,Cook County,2025-01-01T15:00,54.2,62.5,15.3,11
0,Cook County,2025-01-01T16:00,53.2,61.9,16.2,11.2
0,Cook County,2025-01-01T17:00,52.4,61.3,17.1,11.4
0,Cook County,2025-01-01T18:00,52.5,60.7,15.6,11.4
0,Cook County,2025-01-01T19:00,53.1,60.2,13.4,11.2
0,Cook County,2025-01-01T20:00,54.2,60.4,11.4,11
0,Cook County,2025-01-01T21:00,54.5,60.1,10.2,11
0,Cook County,2025-01-01T22:00,55.9,60.2,7.7,10.7
0,Cook County,2025-01-01T23:00,57.3,60.5,5.6,10.4
0,Cook County,2025-01-02T00:00,58.4,61.1,4.6,10.2
0,Cook County,2025-01-02T01:00,58.9,61.5,4.3,10.1
0,Cook County,2025-01-02T02:00,60.9,62.9,3.3,9.8
0,Cook County,2025-01-02T03:00,66.1,67.1,1.4,9
0,Cook County,2025-01-02T04:00,69.4,70,0.9,8.6
0,Cook County,2025-01-02T05:00,69.7,71.8,2.9,8.6
0,Cook County,2025-01-02T06:00,64,69.1,7.9,9.3
0,Cook County,2025-01-02T07:00,59,66,11.9,10.1
0,Cook County,2025-01-02T08:00,55.5,63.4,14.2,10.7
0,Cook County,2025-01-02T09:00,54,63.1,16.8,11.1
0,Cook County,2025-01-02T10:00,53,63,18.8,11.3
0,Cook County,2025-01-02T11:00,51.4,62.1,20.8,11.6
0,Cook County,2025-01-02T12:00,49.5,61,23.3,12.1
0,Cook County,2025-01-02T13:00,49.3,61.1,24.1,12.1
0,Cook County,2025-01-02T14:00,47.2,61,29,12.6
0,Cook County,2025-01-02T15:00,46,60.4,31.2,13
0,Cook County,2025-01-02T16:00,44.1,59.7,35.3,13.5
0,Cook County,2025-01-02T17:00,43,59,37.1,13.9
0,Cook County,2025-01-02T18:00,45.6,58.6,28.5,13.1
0,Cook County,2025-01-02T19:00,47.6,58.4,22.6,12.5
0,Cook County,2025-01-02T20:00,49.6,58.6,18.1,12
0,Cook County,2025-01-02T21:00,52.4,59.4,13.4,11.4
0,Cook County,2025-01-02T22:00,54.4,60,10.3,11
0,Cook County,2025-01-02T23:00,55.5,59.8,7.7,10.8
0,Cook County,2025-01-03T00:00,57,60.7,6.3,10.5
0,Cook County,2025-01-03T01:00,58.2,61.5,5.5,10.2
0,Cook County,2025-01-03T02:00,60.8,63.6,4.5,9.8
0,Cook County,2025-01-03T03:00,65.7,67.7,2.8,9.1
0,Cook County,2025-01-03T04:00,67,69.7,4,8.9
0,Cook County,2025-01-03T05:00,66.2,71.1,7.3,9
0,Cook County,2025-01-03T06:00,61.4,68.3,11.3,9.7
0,Cook County,2025-01-03T07:00,57.4,65.3,13.7,10.4
0,Cook County,2025-01-03T08:00,54,63,16.6,11.1
0,Cook County,2025-01-03T09:00,52.7,62.4,18.3,11.3
0,Cook County,2025-01-03T10:00,51.5,62.2,20.8,11.6
0,Cook County,2025-01-03T11:00,49.9,61.5,23.1,12
0,Cook County,2025-01-03T12:00,47.9,60.5,26.3,12.5
0,Cook County,2025-01-03T13:00,46.9,60.2,28.3,12.7
0,Cook County,2025-01-03T14:00,44.3,60,35.3,13.5
0,Cook County,2025-01-03T15:00,43.6,59.8,37.1,13.7
0,Cook County,2025-01-03T16:00,42.4,59.3,39.8,14.1
0,Cook County,2025-01-03T17:00,41.6,58.9,41.4,14.3
0,Cook County,2025-01-03T18:00,44,58.4,32.5,13.6
0,Cook County,2025-01-03T19:00,47.3,57.9,22.4,12.6
0,Cook County,2025-01-03T20:00,49.8,58.5,17.3,12
0,Cook County,2025-01-03T21:00,51.2,58.8,14.6,11.7
0,Cook County,2025-01-03T22:00,53.1,59.6,12.2,11.2
0,Cook County,2025-01-03T23:00,54.4,59.4,9.2,11
0,Cook County,2025-01-04T00:00,55.1,59,7,10.8
0,Cook County,2025-01-04T01:00,55.3,58.3,5.3,10.8
0,Cook County,2025-01-04T02:00,56.7,59.2,4.4,10.5
0,Cook County,2025-01-04T03:00,61.5,63.2,2.6,9.7
0,Cook County,2025-01-04T04:00,65,66.5,2.2,9.2
0,Cook County,2025-01-04T05:00,67.3,69,2.4,8.9
0,Cook County,2025-01-04T06:00,66.3,68.9,4,9
0,Cook County,2025-01-04T07:00,62.7,66.5,6,9.5
0,Cook County,2025-01-04T08:00,59.4,64.4,8.4,10
0,Cook County,2025-01-04T09:00,56.6,63.5,12.3,10.5
0,Cook County,2025-01-04T10:00,53.8,62.7,16.5,11.1
0,Cook County,2025-01-04T11:00,51.5,62.2,20.7,11.6
0,Cook County,2025-01-04T12:00,49.1,61.4,25.1,12.2
0,Cook County,2025-01-04T13:00,47.7,61.1,28.1,12.5
0,Cook County,2025-01-04T14:00,47,60.8,29.3,12.7
0,Cook County,2025-01-04T15:00,47,61.1,30,12.7
0,Cook County,2025-01-04T16:00,46.3,60.7,31,12.9
0,Cook County,2025-01-04T17:00,45.7,60.3,31.9,13.1
0,Cook County,2025-01-04T18:00,46.3,59.5,28.4,12.9
0,Cook County,2025-01-04T19:00,48.5,58.9,21.3,12.3
0,Cook County,2025-01-04T20:00,51,59.6,16.7,11.7
0,Cook County,2025-01-04T21:00,52.4,60.1,14.8,11.4
0,Cook County,2025-01-04T22:00,53.2,60.2,13.1,11.2
0,Cook County,2025-01-04T23:00,54.5,59.7,9.4,10.9
0,Cook County,2025-01-05T00:00,54.9,58.9,7.1,10.9
0,Cook County,2025-01-05T01:00,55.4,58.3,5.1,10.8
0,Cook County,2025-01-05T02:00,56.6,58.7,3.7,10.5
0,Cook County,2025-01-05T03:00,58.6,60.5,3.1,10.2
0,Cook County,2025-01-05T04:00,62.9,64.5,2.4,9.5
0,Cook County,2025-01-05T05:00,65.9,67.3,2.1,9
0,Cook County,2025-01-05T06:00,66.9,68.5,2.4,8.9
0,Cook County,2025-01-05T07:00,64.8,67.2,3.6,9.2
0,Cook County,2025-01-05T08:00,61.9,65.1,5.3,9.6
0,Cook County,2025-01-05T09:00,58.7,63.8,8.7,10.2
0,Cook County,2025-01-05T10:00,56.3,62.8,11.5,10.6
0,Cook County,2025-01-05T11:00,54.4,62.5,14.9,11
0,Cook County,2025-01-05T12:00,52.4,62,18.3,11.4
0,Cook County,2025-01-05T13:00,50.9,61.3,20.4,11.7
0,Cook County,2025-01-05T14:00,50.8,61.1,20.2,11.7
0,Cook County,2025-01-05T15:00,49.6,60.5,21.8,12
0,Cook County,2025-01-05T16:00,49.4,60.7,22.8,12.1
0,Cook County,2025-01-05T17:00,48.7,60.4,24.1,12.3
0,Cook County,2025-01-05T18:00,51.1,60.6,18.6,11.7
0,Cook County,2025-01-05T19:00,52.3,60.3,15.3,11.4
0,Cook County,2025-01-05T20:00,52.1,60.6,16.2,11.4
0,Cook County,2025-01-05T21:00,50.5,60.9,20.4,11.8
0,Cook County,2025-01-05T22:00,51.5,60.2,17,11.6
0,Cook County,2025-01-05T23:00,52.8,59.9,13.4,11.3
0,Cook County,2025-01-06T00:00,54.1,60.1,11.2,11
0,Cook County,2025-01-06T01:00,56.1,61.4,9.4,10.6
0,Cook County,2025-01-06T02:00,58.7,63.7,8.5,10.2
0,Cook County,2025-01-06T03:00,61.4,66.4,8.1,9.7
0,Cook County,2025-01-06T04:00,63.4,69,8.7,9.4
0,Cook County,2025-01-06T05:00,62,70.8,14.2,9.6
0,Cook County,2025-01-06T06:00,53,66.8,26,11.3
0,Cook County,2025-01-06T07:00,40.8,59.5,45.8,14.7
0,Cook County,2025-01-06T08:00,40,58.4,46.1,14.9
0,Cook County,2025-01-06T09:00,47.1,60.4,28.2,12.7
0,Cook County,2025-01-06T10:00,49.9,60.9,21.9,12
0,Cook County,2025-01-06T11:00,49,60.3,23.1,12.2
0,Cook County,2025-01-06T12:00,47.6,59.6,25.1,12.5
0,Cook County,2025-01-06T13:00,47.5,59.8,25.7,12.6
0,Cook County,2025-01-06T14:00,43.7,58.9,34.8,13.7
0,Cook County,2025-01-06T15:00,38.5,57.2,48.3,15.5
0,Cook County,2025-01-06T16:00,36.7,57.2,56.1,16.3
0,Cook County,2025-01-06T17:00,37.1,57,53.3,16.1
0,Cook County,2025-01-06T18:00,42.2,57.2,35.7,14.2
0,Cook County,2025-01-06T19:00,46.6,57.2,22.7,12.8
0,Cook County,2025-01-06T20:00,49.4,58.3,17.9,12.1
0,Cook County,2025-01-06T21:00,51.8,59.5,14.7,11.5
0,Cook County,2025-01-06T22:00,53.7,60,11.8,11.1
0,Cook County,2025-01-06T23:00,55.3,60.4,9.1,10.8
0,Cook County,2025-01-07T00:00,56.5,61.2,8.4,10.6
0,Cook County,2025-01-07T01:00,58.2,62.6,7.5,10.2
0,Cook County,2025-01-07T02:00,60.2,64.2,6.6,9.9
0,Cook County,2025-01-07T03:00,64.5,67.6,4.7,9.2
0,Cook County,2025-01-07T04:00,67,69.7,4,8.9
0,Cook County,2025-01-07T05:00,66.1,71.1,7.6,9
0,Cook County,2025-01-07T06:00,55.3,66.8,20.7,10.8
0,Cook County,2025-01-07T07:00,41.1,58.8,42.8,14.5
0,Cook County,2025-01-07T08:00,39.2,57.8,47.5,15.3
0,Cook County,2025-01-07T09:00,45.2,59.8,32.1,13.2
0,Cook County,2025-01-07T10:00,49.3,60.7,23,12.1
0,Cook County,2025-01-07T11:00,49.1,60.2,22.5,12.2
0,Cook County,2025-01-07T12:00,48.4,59.8,23.4,12.3
0,Cook County,2025-01-07T13:00,48.9,60.2,23.1,12.2
0,Cook County,2025-01-07T14:00,45.5,59.5,30.6,13.1
0,Cook County,2025-01-07T15:00,40.2,57.3,42.4,14.8
0,Cook County,2025-01-07T16:00,39,57.4,46.9,15.3
0,Cook County,2025-01-07T17:00,38,56.9,49.3,15.7
0,Cook County,2025-01-07T18:00,42.5,57,34,14
0,Cook County,2025-01-07T19:00,47.8,57.5,20.1,12.5
0,Cook County,2025-01-07T20:00,50.2,58.1,15.6,11.9
0,Cook County,2025-01-07T21:00,52,58.6,12.6,11.5
0,Cook County,2025-01-07T22:00,54.5,59.7,9.4,10.9
0,Cook County,2025-01-07T23:00,55.8,59.9,7.3,10.7
0,Cook County,2025-01-08T00:00,57.3,61,6.3,10.4
0,Cook County,2025-01-08T01:00,58.6,62,5.7,10.2
0,Cook County,2025-01-08T02:00,61.8,64.8,4.8,9.6
0,Cook County,2025-01-08T03:00,65.9,67.9,3,9
0,Cook County,2025-01-08T04:00,67.6,69.3,2.5,8.8
0,Cook County,2025-01-08T05:00,67.1,71.1,5.8,8.9
0,Cook County,2025-01-08T06:00,56,66.8,19.2,10.7
0,Cook County,2025-01-08T07:00,42,58.8,40,14.2
0,Cook County,2025-01-08T08:00,39.3,57.2,45.4,15.2
0,Cook County,2025-01-08T09:00,45,59.5,31.9,13.3
0,Cook County,2025-01-08T10:00,48.5,60.3,24.3,12.3
0,Cook County,2025-01-08T11:00,48.4,60,23.9,12.3
0,Cook County,2025-01-08T12:00,47.8,59.5,24.5,12.5
0,Cook County,2025-01-08T13:00,47.8,59.7,25,12.5
0,Cook County,2025-01-08T14:00,44.4,59.1,33,13.5
0,Cook County,2025-01-08T15:00,39.5,57.2,44.8,15.1
0,Cook County,2025-01-08T16:00,37.6,57.1,51.9,15.9
0,Cook County,2025-01-08T17:00,36.4,56.4,54.9,16.4
0,Cook County,2025-01-08T18:00,41.2,56.4,36.9,14.5
0,Cook County,2025-01-08T19:00,47.5,57.4,20.9,12.6
0,Cook County,2025-01-08T20:00,50,58,15.9,11.9
0,Cook County,2025-01-08T21:00,52,59,13.6,11.5
0,Cook County,2025-01-08T22:00,54.2,59.3,9.4,11
0,Cook County,2025-01-08T23:00,55.7,59.8,7.2,10.7
0,Cook County,2025-01-09T00:00,58.1,61.7,6.1,10.3
0,Cook County,2025-01-09T01:00,58.2,61.6,5.8,10.3
0,Cook County,2025-01-09T02:00,61.3,64.3,4.8,9.7
0,Cook County,2025-01-09T03:00,66,68,2.9,9
0,Cook County,2025-01-09T04:00,68.6,70.1,2.1,8.7
0,Cook County,2025-01-09T05:00,67.4,71.1,5.4,8.8
0,Cook County,2025-01-09T06:00,56.5,66.9,18.3,10.6
0,Cook County,2025-01-09T07:00,42.3,58.5,38,14.1
0,Cook County,2025-01-09T08:00,40.6,57.7,42,14.7
0,Cook County,2025-01-09T09:00,46.2,59.8,29.4,12.9
0,Cook County,2025-01-09T10:00,49.1,60.8,23.8,12.2
0,Cook County,2025-01-09T11:00,48.4,60,23.8,12.3
0,Cook County,2025-01-09T12:00,47.9,59.9,24.9,12.5
0,Cook County,2025-01-09T13:00,47.5,60,26.1,12.6
0,Cook County,2025-01-09T14:00,43.2,59.1,36.7,13.8
0,Cook County,2025-01-09T15:00,37.9,56.7,49.7,15.8
0,Cook County,2025-01-09T16:00,37,56.8,53.5,16.2
0,Cook County,2025-01-09T17:00,36.6,56.5,54.5,16.3
0,Cook County,2025-01-09T18:00,40.9,56.5,38.2,14.6
0,Cook County,2025-01-09T19:00,46.6,57.3,22.9,12.8
0,Cook County,2025-01-09T20:00,49.8,58.1,16.7,12
0,Cook County,2025-01-09T21:00,51.8,58.5,12.9,11.5
0,Cook County,2025-01-09T22:00,53.6,58.8,9.7,11.1
0,Cook County,2025-01-09T23:00,55.1,59.1,7.3,10.8
0,Cook County,2025-01-10T00:00,56.6,60.1,6.2,10.5
0,Cook County,2025-01-10T01:00,57.4,60.4,5.1,10.4
0,Cook County,2025-01-10T02:00,60.5,63.3,4.6,9.9
0,Cook County,2025-01-10T03:00,64.8,67,3.3,9.2
0,Cook County,2025-01-10T04:00,66.4,69.3,4.2,9
0,Cook County,2025-01-10T05:00,63.9,70.3,9.9,9.3
0,Cook County,2025-01-10T06:00,52,65.9,26.7,11.5
0,Cook County,2025-01-10T07:00,38.3,57.6,50.1,15.6
0,Cook County,2025-01-10T08:00,36.2,57,57.5,16.5
0,Cook County,2025-01-10T09:00,42.3,59.3,40.1,14.1
0,Cook County,2025-01-10T10:00,46.9,60.5,28.7,12.7
0,Cook County,2025-01-10T11:00,47.3,60.1,26.8,12.6
0,Cook County,2025-01-10T12:00,46,59.3,29,13
0,Cook County,2025-01-10T13:00,43.6,59,35.4,13.7
0,Cook County,2025-01-10T14:00,39.4,58.1,47,15.1
0,Cook County,2025-01-10T15:00,34.5,56,62.2,17.3
0,Cook County,2025-01-10T16:00,34.2,56.7,65.6,17.5
0,Cook County,2025-01-10T17:00,35,56.6,61.6,17.1
0,Cook County,2025-01-10T18:00,38.9,56.8,45.7,15.3
0,Cook County,2025-01-10T19:00,42.4,56.4,33,14.1
0,Cook County,2025-01-10T20:00,45.3,57,25.8,13.2
0,Cook County,2025-01-10T21:00,47,57.9,23.1,12.7
0,Cook County,2025-01-10T22:00,48.2,57.9,20.1,12.4
0,Cook County,2025-01-10T23:00,49.6,57.6,16,12
0,Cook County,2025-01-11T00:00,50.6,56.7,12,11.8
0,Cook County,2025-01-11T01:00,51.6,56.5,9.3,11.6
0,Cook County,2025-01-11T02:00,53.8,58,7.7,11.1
0,Cook County,2025-01-11T03:00,56.8,60.7,6.8,10.5
0,Cook County,2025-01-11T04:00,61.1,64.9,6.1,9.8
0,Cook County,2025-01-11T05:00,64.9,68.5,5.5,9.2
0,Cook County,2025-01-11T06:00,63.7,68.4,7.4,9.4
0,Cook County,2025-01-11T07:00,60.7,66.1,8.9,9.8
0,Cook County,2025-01-11T08:00,56.7,63.9,12.5,10.5
0,Cook County,2025-01-11T09:00,53.2,62.3,17.2,11.2
0,Cook County,2025-01-11T10:00,50.6,61.6,21.6,11.8
0,Cook County,2025-01-11T11:00,48,61,26.9,12.4
0,Cook County,2025-01-11T12:00,46.4,60.5,30.2,12.9
0,Cook County,2025-01-11T13:00,46,60.4,31,13
0,Cook County,2025-01-11T14:00,45.5,60.4,32.8,13.1
0,Cook County,2025-01-11T15:00,45.1,60.2,33.4,13.2
0,Cook County,2025-01-11T16:00,45.2,60.3,33.4,13.2
0,Cook County,2025-01-11T17:00,43.6,59.5,36.3,13.7
0,Cook County,2025-01-11T18:00,44.9,58.9,31.1,13.3
0,Cook County,2025-01-11T19:00,46.9,58.5,24.7,12.7
0,Cook County,2025-01-11T20:00,49.5,58.8,18.7,12.1
0,Cook County,2025-01-11T21:00,51.5,59.9,16.3,11.6
0,Cook County,2025-01-11T22:00,52.3,59.7,14.1,11.4
0,Cook County,2025-01-11T23:00,52.7,58.9,11.7,11.3
0,Cook County,2025-01-12T00:00,52.6,57.4,9,11.3
0,Cook County,2025-01-12T01:00,52.6,56.3,7.1,11.4
0,Cook County,2025-01-12T02:00,53.4,56.4,5.5,11.2
0,Cook County,2025-01-12T03:00,56.5,58.9,4.1,10.6
0,Cook County,2025-01-12T04:00,60.2,62.5,3.6,9.9
0,Cook County,2025-01-12T05:00,62.9,65.7,4.4,9.5
0,Cook County,2025-01-12T06:00,63.9,68.2,6.6,9.3
0,Cook County,2025-01-12T07:00,61,66.7,9.4,9.8
0,Cook County,2025-01-12T08:00,57,64.6,13.2,10.5
0,Cook County,2025-01-12T09:00,54,63.2,17,11
0,Cook County,2025-01-12T10:00,53.3,62.4,17,11.2
0,Cook County,2025-01-12T11:00,51.4,62,20.5,11.6
0,Cook County,2025-01-12T12:00,49.3,61.6,24.8,12.1
0,Cook County,2025-01-12T13:00,48.9,61.4,25.6,12.2
0,Cook County,2025-01-12T14:00,48.6,61.2,25.8,12.3
0,Cook County,2025-01-12T15:00,49,60.9,24.2,12.2
0,Cook County,2025-01-12T16:00,50.2,61.3,22,11.9
0,Cook County,2025-01-12T17:00,49,61,24.4,12.2
0,Cook County,2025-01-12T18:00,50.6,60.5,19.6,11.8
0,Cook County,2025-01-12T19:00,51.9,60.5,16.3,11.5
0,Cook County,2025-01-12T20:00,53.9,61.3,13.6,11.1
0,Cook County,2025-01-12T21:00,55,61.2,11.3,10.9
0,Cook County,2025-01-12T22:00,56.1,60.8,8.2,10.6
0,Cook County,2025-01-12T23:00,56.9,60.8,6.7,10.5
0,Cook County,2025-01-13T00:00,57.4,61,6.2,10.4
0,Cook County,2025-01-13T01:00,57.9,61.4,5.9,10.3
0,Cook County,2025-01-13T02:00,60,63.2,5.1,9.9
0,Cook County,2025-01-13T03:00,65.2,67.3,3.1,9.1
0,Cook County,2025-01-13T04:00,67.5,69.5,2.9,8.8
0,Cook County,2025-01-13T05:00,67.2,71.2,5.9,8.9
0,Cook County,2025-01-13T06:00,57.6,67.4,17,10.4
0,Cook County,2025-01-13T07:00,43.1,59.4,37.7,13.9
0,Cook County,2025-01-13T08:00,40.9,58.2,42.2,14.6
0,Cook County,2025-01-13T09:00,47.7,60.5,26.9,12.5
0,Cook County,2025-01-13T10:00,50.6,61,20.7,11.8
0,Cook County,2025-01-13T11:00,49.3,60.3,22,12.1
0,Cook County,2025-01-13T12:00,48.6,59.8,23.1,12.3
0,Cook County,2025-01-13T13:00,48.4,60,23.9,12.3
0,Cook County,2025-01-13T14:00,45.1,59.4,31.6,13.2
0,Cook County,2025-01-13T15:00,39.7,57.2,43.8,15
0,Cook County,2025-01-13T16:00,39.2,57.5,46.5,15.2
0,Cook County,2025-01-13T17:00,38.8,57.2,47.2,15.4
0,Cook County,2025-01-13T18:00,42.5,56.9,33.8,14
0,Cook County,2025-01-13T19:00,47.9,57.5,20,12.5
0,Cook County,2025-01-13T20:00,50.4,58.2,15.4,11.8
0,Cook County,2025-01-13T21:00,53.1,59.3,11.7,11.2
0,Cook County,2025-01-13T22:00,54.7,59.5,8.7,10.9
0,Cook County,2025-01-13T23:00,56.4,60.4,7,10.6
0,Cook County,2025-01-14T00:00,58.2,61.6,5.9,10.3
0,Cook County,2025-01-14T01:00,59.8,63,5.4,10
0,Cook County,2025-01-14T02:00,62.5,65.3,4.5,9.5
0,Cook County,2025-01-14T03:00,66.6,68.2,2.5,9
0,Cook County,2025-01-14T04:00,68.4,70.2,2.6,8.7
0,Cook County,2025-01-14T05:00,60.3,70.5,16.9,9.9
0,Cook County,2025-01-14T06:00,47.7,65.9,38.2,12.5
0,Cook County,2025-01-14T07:00,33.9,57.3,69.1,17.6
0,Cook County,2025-01-14T08:00,30.8,55.7,80.9,19.4
0,Cook County,2025-01-14T09:00,38.8,58.6,50.9,15.4
0,Cook County,2025-01-14T10:00,45.5,59.8,31.2,13.1
0,Cook County,2025-01-14T11:00,46.6,59.2,26.9,12.8
0,Cook County,2025-01-14T12:00,46.2,58.9,27.3,12.9
0,Cook County,2025-01-14T13:00,47.4,59.5,25.6,12.6
0,Cook County,2025-01-14T14:00,44.3,59,33.2,13.5
0,Cook County,2025-01-14T15:00,38.8,56.8,46.4,15.4
0,Cook County,2025-01-14T16:00,37.6,56.9,51.5,15.9
0,Cook County,2025-01-14T17:00,36.9,56.6,53.1,16.2
0,Cook County,2025-01-14T18:00,41.6,56.8,36.3,14.3
0,Cook County,2025-01-14T19:00,47.3,57.2,20.9,12.6
0,Cook County,2025-01-14T20:00,49.6,57.7,16.3,12
0,Cook County,2025-01-14T21:00,51.7,58.6,13.3,11.6
0,Cook County,2025-01-14T22:00,53.9,59.3,9.8,11.1
0,Cook County,2025-01-14T23:00,55.5,59.7,7.5,10.7
0,Cook County,2025-01-15T00:00,57.2,61.1,6.7,10.4
0,Cook County,2025-01-15T01:00,58.6,62.4,6.4,10.2
0,Cook County,2025-01-15T02:00,61.8,65,5.1,9.7
0,Cook County,2025-01-15T03:00,65.9,68.2,3.3,9
0,Cook County,2025-01-15T04:00,67.7,69.7,2.9,8.8
0,Cook County,2025-01-15T05:00,66.4,70.9,6.7,9
0,Cook County,2025-01-15T06:00,56.2,66.8,18.9,10.6
0,Cook County,2025-01-15T07:00,41.2,58.8,42.6,14.5
0,Cook County,2025-01-15T08:00,38.2,57,49.4,15.7
0,Cook County,2025-01-15T09:00,44.2,59.3,34,13.5
0,Cook County,2025-01-15T10:00,49.2,60.5,23,12.1
0,Cook County,2025-01-15T11:00,48.8,60,22.8,12.2
0,Cook County,2025-01-15T12:00,46.8,59.1,26.2,12.7
0,Cook County,2025-01-15T13:00,46.4,59.4,27.8,12.9
0,Cook County,2025-01-15T14:00,43.5,59,35.6,13.7
0,Cook County,2025-01-15T15:00,39.3,57.3,45.4,15.2
0,Cook County,2025-01-15T16:00,38.1,57.3,50.3,15.7
0,Cook County,2025-01-15T17:00,37,56.7,53.2,16.2
0,Cook County,2025-01-15T18:00,40.7,56.3,38.5,14.7
0,Cook County,2025-01-15T19:00,46.4,57,23,12.9
0,Cook County,2025-01-15T20:00,49.6,57.9,16.7,12
0,Cook County,2025-01-15T21:00,51.6,58.5,13.4,11.6
0,Cook County,2025-01-15T22:00,52.2,59,13,11.4
0,Cook County,2025-01-15T23:00,52.1,59.6,14.3,11.5
0,Cook County,2025-01-16T00:00,53.1,60.6,14.2,11.2
0,Cook County,2025-01-16T01:00,55.8,61.7,10.5,10.7
0,Cook County,2025-01-16T02:00,59.4,64.4,8.4,10
0,Cook County,2025-01-16T03:00,64.4,68.1,5.7,9.3
0,Cook County,2025-01-16T04:00,66.6,69.8,4.8,9
0,Cook County,2025-01-16T05:00,65.3,71,8.7,9.1
0,Cook County,2025-01-16T06:00,54.2,66.7,23.1,11
0,Cook County,2025-01-16T07:00,39.8,58.4,46.4,15
0,Cook County,2025-01-16T08:00,38.7,57.6,48.5,15.4
0,Cook County,2025-01-16T09:00,45.6,59.8,31.1,13.1
0,Cook County,2025-01-16T10:00,49.4,60.8,23.1,12.1
0,Cook County,2025-01-16T11:00,48.6,60.2,23.7,12.3
0,Cook County,2025-01-16T12:00,47.8,59.9,25.1,12.5
0,Cook County,2025-01-16T13:00,47.1,60.3,28,12.7
0,Cook County,2025-01-16T14:00,44.2,59.8,35.3,13.5
0,Cook County,2025-01-16T15:00,38.5,57.4,49,15.5
0,Cook County,2025-01-16T16:00,36.8,57.3,55.3,16.2
0,Cook County,2025-01-16T17:00,35.9,56.7,57.7,16.6
0,Cook County,2025-01-16T18:00,40.8,57,39.6,14.6
0,Cook County,2025-01-16T19:00,46.6,57.6,23.6,12.8
0,Cook County,2025-01-16T20:00,49.6,58.6,18,12
0,Cook County,2025-01-16T21:00,51.6,59,14.3,11.6
0,Cook County,2025-01-16T22:00,53.1,58.9,10.8,11.2
0,Cook County,2025-01-16T23:00,54.8,59.2,8,10.9
0,Cook County,2025-01-17T00:00,56.7,60.5,6.6,10.5
0,Cook County,2025-01-17T01:00,57.2,60.4,5.6,10.4
0,Cook County,2025-01-17T02:00,60,63.1,5.1,9.9
0,Cook County,2025-01-17T03:00,64.9,67,3.2,9.2
0,Cook County,2025-01-17T04:00,68.1,69.9,2.6,8.8
0,Cook County,2025-01-17T05:00,67,71.4,6.5,8.9
0,Cook County,2025-01-17T06:00,56.3,66.7,18.4,10.6
0,Cook County,2025-01-17T07:00,43.7,59,35.1,13.7
0,Cook County,2025-01-17T08:00,42.7,58.5,36.8,14
0,Cook County,2025-01-17T09:00,47.8,61,27.4,12.5
0,Cook County,2025-01-17T10:00,49.6,61.4,23.8,12
0,Cook County,2025-01-17T11:00,47.6,60.7,27.6,12.5
0,Cook County,2025-01-17T12:00,45.9,60.2,31.1,13
0,Cook County,2025-01-17T13:00,44.3,60,35.5,13.5
0,Cook County,2025-01-17T14:00,40.3,58.9,45.9,14.8
0,Cook County,2025-01-17T15:00,35.8,57,58.9,16.7
0,Cook County,2025-01-17T16:00,35.3,57.2,62.1,16.9
0,Cook County,2025-01-17T17:00,35.7,57.5,61.1,16.7
0,Cook County,2025-01-17T18:00,38.7,57.5,48.4,15.4
0,Cook County,2025-01-17T19:00,44,57.7,31.3,13.6
0,Cook County,2025-01-17T20:00,47.6,58.2,22.1,12.5
0,Cook County,2025-01-17T21:00,49.5,58.5,18,12
0,Cook County,2025-01-17T22:00,50.2,58.6,16.6,11.9
0,Cook County,2025-01-17T23:00,51.5,57.7,11.9,11.6
0,Cook County,2025-01-18T00:00,52.2,57.2,9.6,11.4
0,Cook County,2025-01-18T01:00,53,56.6,6.7,11.3
0,Cook County,2025-01-18T02:00,55.2,57.9,5,10.8
0,Cook County,2025-01-18T03:00,59.4,61.4,3.3,10
0,Cook County,2025-01-18T04:00,63.2,65.2,3.1,9.4
0,Cook County,2025-01-18T05:00,66.8,68.8,2.9,8.9
0,Cook County,2025-01-18T06:00,65.4,68.7,4.9,9.1
0,Cook County,2025-01-18T07:00,61.5,66.3,7.8,9.7
0,Cook County,2025-01-18T08:00,57.5,64,11.3,10.4
0,Cook County,2025-01-18T09:00,54.2,62.9,15.9,11
0,Cook County,2025-01-18T10:00,51.6,62,20.1,11.6
0,Cook County,2025-01-18T11:00,48.7,61.3,25.6,12.2
0,Cook County,2025-01-18T12:00,46.3,60.4,30.4,12.9
0,Cook County,2025-01-18T13:00,45.2,60.3,33.3,13.2
0,Cook County,2025-01-18T14:00,44.2,60.1,35.6,13.5
0,Cook County,2025-01-18T15:00,43.7,59.9,36.9,13.7
0,Cook County,2025-01-18T16:00,44.4,60.1,35.1,13.4
0,Cook County,2025-01-18T17:00,44.1,59.8,35.6,13.5
0,Cook County,2025-01-18T18:00,43.7,58.6,34,13.7
0,Cook County,2025-01-18T19:00,46.2,58.1,25.6,12.9
0,Cook County,2025-01-18T20:00,49.6,58.7,18.3,12
0,Cook County,2025-01-18T21:00,51.3,59.3,15.6,11.6
0,Cook County,2025-01-18T22:00,51.4,59.6,15.8,11.6
0,Cook County,2025-01-18T23:00,52.3,58.5,11.7,11.4
0,Cook County,2025-01-19T00:00,52.5,57.3,8.9,11.4
0,Cook County,2025-01-19T01:00,53.1,56.8,6.9,11.2
0,Cook County,2025-01-19T02:00,54.3,57.1,5.1,11
0,Cook County,2025-01-19T03:00,56.5,58.9,4.2,10.6
0,Cook County,2025-01-19T04:00,60.1,62.2,3.4,9.9
0,Cook County,2025-01-19T05:00,64.3,65.9,2.5,9.3
0,Cook County,2025-01-19T06:00,65.6,67.4,2.7,9.1
0,Cook County,2025-01-19T07:00,63.2,65.8,4,9.4
0,Cook County,2025-01-19T08:00,60.2,64.3,6.7,9.9
0,Cook County,2025-01-19T09:00,57.6,63.3,9.9,10.4
0,Cook County,2025-01-19T10:00,55.8,62.9,12.7,10.7
0,Cook County,2025-01-19T11:00,54.2,62.9,15.9,11
0,Cook County,2025-01-19T12:00,51.2,61.7,20.4,11.6
0,Cook County,2025-01-19T13:00,50.3,61.5,22.1,11.9
0,Cook County,2025-01-19T14:00,49.9,61.5,23.1,12
0,Cook County,2025-01-19T15:00,50.8,61.4,20.9,11.8
0,Cook County,2025-01-19T16:00,51,61.4,20.2,11.7
0,Cook County,2025-01-19T17:00,49.8,60.7,21.8,12
0,Cook County,2025-01-19T18:00,50.4,60.3,19.4,11.8
0,Cook County,2025-01-19T19:00,51.7,60,16,11.6
0,Cook County,2025-01-19T20:00,53.1,60.3,13.6,11.2
0,Cook County,2025-01-19T21:00,53.6,60,12,11.1
0,Cook County,2025-01-19T22:00,54.8,59.8,9,10.9
0,Cook County,2025-01-19T23:00,55.2,59.2,7.1,10.8
0,Cook County,2025-01-20T00:00,55.8,59.2,6,10.7
0,Cook County,2025-01-20T01:00,56.2,59.3,5.4,10.6
0,Cook County,2025-01-20T02:00,58.7,61.3,4.3,10.2
0,Cook County,2025-01-20T03:00,64,65.7,2.6,9.3
0,Cook County,2025-01-20T04:00,66.9,68.4,2.2,8.9
0,Cook County,2025-01-20T05:00,68.4,71.1,3.9,8.7
0,Cook County,2025-01-20T06:00,63.8,68.9,8.1,9.4
0,Cook County,2025-01-20T07:00,59.5,66.2,11.1,10
0,Cook County,2025-01-20T08:00,57,64.4,12.8,10.5
0,Cook County,2025-01-20T09:00,55.7,63.5,14,10.7
0,Cook County,2025-01-20T10:00,54.7,63.1,15.4,10.9
0,Cook County,2025-01-20T11:00,53.5,62.6,16.9,11.1
0,Cook County,2025-01-20T12:00,51.7,61.7,19.2,11.5
0,Cook County,2025-01-20T13:00,50.8,61.6,21.2,11.8
0,Cook County,2025-01-20T14:00,49.3,61.6,24.8,12.1
0,Cook County,2025-01-20T15:00,48.6,61.1,25.5,12.3
0,Cook County,2025-01-20T16:00,47.6,60.7,27.6,12.5
0,Cook County,2025-01-20T17:00,46.1,60.1,30.5,13
0,Cook County,2025-01-20T18:00,47.6,59.3,24.5,12.5
0,Cook County,2025-01-20T19:00,50.9,59.2,16.3,11.7
0,Cook County,2025-01-20T20:00,52.9,59.9,13.2,11.3
0,Cook County,2025-01-20T21:00,54,59.7,10.5,11.1
0,Cook County,2025-01-20T22:00,55,59.8,8.6,10.8
0,Cook County,2025-01-20T23:00,56.6,60.2,6.4,10.5
0,Cook County,2025-01-21T00:00,58.5,61.9,5.7,10.2
0,Cook County,2025-01-21T01:00,59.3,62.6,5.5,10.1
0,Cook County,2025-01-21T02:00,61.9,65.1,5.1,9.6
0,Cook County,2025-01-21T03:00,65.4,67.6,3.4,9.1
0,Cook County,2025-01-21T04:00,67.7,69.6,2.7,8.8
0,Cook County,2025-01-21T05:00,67.2,70.8,5.3,8.9
0,Cook County,2025-01-21T06:00,59.4,67.8,13.9,10
0,Cook County,2025-01-21T07:00,50.1,62.6,24.7,11.9
0,Cook County,2025-01-21T08:00,47.3,60.5,27.7,12.6
0,Cook County,2025-01-21T09:00,51.7,61,17.9,11.6
0,Cook County,2025-01-21T10:00,52.7,61.2,16.1,11.3
0,Cook County,2025-01-21T11:00,51.6,60.4,17.1,11.6
0,Cook County,2025-01-21T12:00,50.3,59.8,18.9,11.9
0,Cook County,2025-01-21T13:00,50.1,59.9,19.6,11.9
0,Cook County,2025-01-21T14:00,49.1,60.3,22.7,12.2
0,Cook County,2025-01-21T15:00,46.4,59.1,27.2,12.9
0,Cook County,2025-01-21T16:00,44.8,58.6,30.7,13.3
0,Cook County,2025-01-21T17:00,44,58.2,32,13.6
0,Cook County,2025-01-21T18:00,46.4,57.6,24,12.9
0,Cook County,2025-01-21T19:00,47.6,57,19.6,12.5
0,Cook County,2025-01-21T20:00,51.2,58.4,13.9,11.6
0,Cook County,2025-01-21T21:00,53.1,58.8,10.6,11.2
0,Cook County,2025-01-21T22:00,54.5,59.1,8.4,11
0,Cook County,2025-01-21T23:00,56,59.8,6.7,10.6
0,Cook County,2025-01-22T00:00,58.2,61.7,5.9,10.2
0,Cook County,2025-01-22T01:00,59.3,62.7,5.6,10.1
0,Cook County,2025-01-22T02:00,62.8,65.9,5,9.5
0,Cook County,2025-01-22T03:00,66,68.2,3.3,9
0,Cook County,2025-01-22T04:00,68.1,69.7,2.3,8.8
0,Cook County,2025-01-22T05:00,66.6,70.7,6.1,8.9
0,Cook County,2025-01-22T06:00,56.5,66.8,18.2,10.6
0,Cook County,2025-01-22T07:00,42.4,59,39,14.1
0,Cook County,2025-01-22T08:00,39.4,57.3,45.3,15.2
0,Cook County,2025-01-22T09:00,43.9,59.1,34.5,13.6
0,Cook County,2025-01-22T10:00,44.2,60,35.7,13.5
0,Cook County,2025-01-22T11:00,44.8,59.7,33,13.3
0,Cook County,2025-01-22T12:00,46.2,59.1,27.8,12.9
0,Cook County,2025-01-22T13:00,47.6,59.7,25.3,12.5
0,Cook County,2025-01-22T14:00,44.7,59.1,32,13.3
0,Cook County,2025-01-22T15:00,40.9,57.5,40.5,14.6
0,Cook County,2025-01-22T16:00,38.8,57.4,47.7,15.4
0,Cook County,2025-01-22T17:00,36.6,56.3,54,16.3
0,Cook County,2025-01-22T18:00,40.8,56.4,38,14.6
0,Cook County,2025-01-22T19:00,46.3,57,22.9,12.9
0,Cook County,2025-01-22T20:00,49.4,58.1,17.6,12.1
0,Cook County,2025-01-22T21:00,50,58.4,16.7,11.9
0,Cook County,2025-01-22T22:00,50.1,58.8,17.1,11.9
0,Cook County,2025-01-22T23:00,50.2,59.7,18.9,11.9
0,Cook County,2025-01-23T00:00,50.9,60.6,19,11.7
0,Cook County,2025-01-23T01:00,53.6,62.2,16,11.1
0,Cook County,2025-01-23T02:00,56.5,64,13.2,10.6
0,Cook County,2025-01-23T03:00,60.6,66.9,10.4,9.8
0,Cook County,2025-01-23T04:00,63.7,68.9,8.2,9.4
0,Cook County,2025-01-23T05:00,62.9,70.7,12.3,9.5
0,Cook County,2025-01-23T06:00,52.8,66.6,26.2,11.3
0,Cook County,2025-01-23T07:00,38.9,58.6,50.4,15.4
0,Cook County,2025-01-23T08:00,37.1,57.3,54.4,16.1
0,Cook County,2025-01-23T09:00,43.4,59.4,36.7,13.8
0,Cook County,2025-01-23T10:00,48.4,60.5,25.1,12.3
0,Cook County,2025-01-23T11:00,47.9,59.9,24.9,12.5
0,Cook County,2025-01-23T12:00,47.6,59.6,25.2,12.5
0,Cook County,2025-01-23T13:00,47.9,60.2,25.4,12.5
0,Cook County,2025-01-23T14:00,44.2,59.5,34.4,13.5
0,Cook County,2025-01-23T15:00,38.6,57.2,48.3,15.5
0,Cook County,2025-01-23T16:00,36.5,56.9,55.7,16.3
0,Cook County,2025-01-23T17:00,35.9,56.6,57.3,16.6
0,Cook County,2025-01-23T18:00,39.8,56.5,42,15
0,Cook County,2025-01-23T19:00,45.6,57.3,25.6,13.1
0,Cook County,2025-01-23T20:00,49.1,58,18.1,12.2
0,Cook County,2025-01-23T21:00,51.6,58.8,14,11.6
0,Cook County,2025-01-23T22:00,53.3,59.1,11,11.2
0,Cook County,2025-01-23T23:00,55,59.7,8.4,10.8
0,Cook County,2025-01-24T00:00,56.4,60.2,6.7,10.6
0,Cook County,2025-01-24T01:00,57.1,60.5,6,10.5
0,Cook County,2025-01-24T02:00,60,63.2,5.3,9.9
0,Cook County,2025-01-24T03:00,64.5,66.8,3.4,9.2
0,Cook County,2025-01-24T04:00,67.2,69.1,2.8,8.9
0,Cook County,2025-01-24T05:00,66.6,70.8,6.2,8.9
0,Cook County,2025-01-24T06:00,56.5,66.3,17.2,10.6
0,Cook County,2025-01-24T07:00,44,58.8,33.5,13.6
0,Cook County,2025-01-24T08:00,42.7,58.1,36.1,14
0,Cook County,2025-01-24T09:00,48.9,60.8,24.3,12.2
0,Cook County,2025-01-24T10:00,50.3,61.2,21.8,11.9
0,Cook County,2025-01-24T11:00,49.1,60.8,23.8,12.2
0,Cook County,2025-01-24T12:00,47.8,60.9,27.3,12.5
0,Cook County,2025-01-24T13:00,47,60.5,28.6,12.7
0,Cook County,2025-01-24T14:00,43,59.3,37.8,13.9
0,Cook County,2025-01-24T15:00,38.4,57.4,49.4,15.6
0,Cook County,2025-01-24T16:00,38.8,57.9,49.1,15.4
0,Cook County,2025-01-24T17:00,38.2,57.5,50.3,15.6
0,Cook County,2025-01-24T18:00,40.4,57.1,41.2,14.8
0,Cook County,2025-01-24T19:00,44.7,56.8,27,13.4
0,Cook County,2025-01-24T20:00,47.7,57.4,20.3,12.5
0,Cook County,2025-01-24T21:00,49.3,58.1,17.8,12.1
0,Cook County,2025-01-24T22:00,51.1,58.4,14.2,11.7
0,Cook County,2025-01-24T23:00,52.3,57.8,10.5,11.4
0,Cook County,2025-01-25T00:00,52.4,56.8,8.3,11.4
0,Cook County,2025-01-25T01:00,53,56.3,6.1,11.2
0,Cook County,2025-01-25T02:00,54.9,57.5,4.7,10.9
0,Cook County,2025-01-25T03:00,59,60.9,3.3,10.1
0,Cook County,2025-01-25T04:00,63.2,65.1,2.9,9.4
0,Cook County,2025-01-25T05:00,66.7,68.6,2.7,8.9
0,Cook County,2025-01-25T06:00,65.7,68.6,4.3,9.1
0,Cook County,2025-01-25T07:00,61.7,65.9,6.8,9.7
0,Cook County,2025-01-25T08:00,56.9,63.3,11.2,10.5
0,Cook County,2025-01-25T09:00,53.7,62.2,15.7,11.1
0,Cook County,2025-01-25T10:00,50.9,61.3,20.2,11.7
0,Cook County,2025-01-25T11:00,48.4,60.7,25.5,12.3
0,Cook County,2025-01-25T12:00,46,60.1,30.6,13
0,Cook County,2025-01-25T13:00,44.7,59.9,33.9,13.3
0,Cook County,2025-01-25T14:00,44,59.7,35.7,13.6
0,Cook County,2025-01-25T15:00,44.3,59.9,35.3,13.5
0,Cook County,2025-01-25T16:00,44.3,59.8,35,13.5
0,Cook County,2025-01-25T17:00,43.2,59.4,37.4,13.8
0,Cook County,2025-01-25T18:00,43.3,58.4,35,13.8
0,Cook County,2025-01-25T19:00,45.2,57.7,27.6,13.2
0,Cook County,2025-01-25T20:00,48.6,58.4,20,12.3
0,Cook County,2025-01-25T21:00,50.1,59.4,18.4,11.9
0,Cook County,2025-01-25T22:00,51.8,59.4,14.5,11.5
0,Cook County,2025-01-25T23:00,51.9,57.8,11.3,11.5
0,Cook County,2025-01-26T00:00,52.4,57.2,9.1,11.4
0,Cook County,2025-01-26T01:00,53,56.7,6.8,11.3
0,Cook County,2025-01-26T02:00,54.2,57,5.1,11
0,Cook County,2025-01-26T03:00,56.2,58.4,3.8,10.6
0,Cook County,2025-01-26T04:00,59.6,61.4,3.1,10
0,Cook County,2025-01-26T05:00,63.7,65.5,2.8,9.4
0,Cook County,2025-01-26T06:00,66.3,67.9,2.3,9
0,Cook County,2025-01-26T07:00,62.9,65.3,3.8,9.5
0,Cook County,2025-01-26T08:00,59.1,63.4,7.2,10.1
0,Cook County,2025-01-26T09:00,57,62.9,10.4,10.5
0,Cook County,2025-01-26T10:00,54.2,62.3,14.9,11
0,Cook County,2025-01-26T11:00,52.6,62,17.8,11.4
0,Cook County,2025-01-26T12:00,49.9,61.1,22.4,12
0,Cook County,2025-01-26T13:00,49.3,61.5,24.8,12.1
0,Cook County,2025-01-26T14:00,49.2,61.3,24.5,12.1
0,Cook County,2025-01-26T15:00,50.1,61.2,22.2,11.9
0,Cook County,2025-01-26T16:00,49.9,61.4,23.1,12
0,Cook County,2025-01-26T17:00,48.7,61,25.4,12.3
0,Cook County,2025-01-26T18:00,50.1,60.6,20.7,11.9
0,Cook County,2025-01-26T19:00,52.8,61,15.5,11.3
0,Cook County,2025-01-26T20:00,54.3,61.2,12.7,11
0,Cook County,2025-01-26T21:00,55,61.4,11.6,10.8
0,Cook County,2025-01-26T22:00,56.3,60.9,8.2,10.6
0,Cook County,2025-01-26T23:00,57,60.6,6.3,10.5
0,Cook County,2025-01-27T00:00,58,61.2,5.4,10.3
0,Cook County,2025-01-27T01:00,58.2,61.2,5.1,10.3
0,Cook County,2025-01-27T02:00,60.3,63.3,4.8,9.9
0,Cook County,2025-01-27T03:00,64.9,66.7,2.8,9.2
0,Cook County,2025-01-27T04:00,68.4,69.6,1.8,8.7
0,Cook County,2025-01-27T05:00,67.8,71.5,5.4,8.8
0,Cook County,2025-01-27T06:00,58.2,67.6,16.1,10.3
0,Cook County,2025-01-27T07:00,43.1,59.3,37.5,13.9
0,Cook County,2025-01-27T08:00,41.8,58.7,40.2,14.3
0,Cook County,2025-01-27T09:00,48.4,60.9,25.7,12.3
0,Cook County,2025-01-27T10:00,50.7,61.3,20.7,11.8
0,Cook County,2025-01-27T11:00,49.8,60.5,21.2,12
0,Cook County,2025-01-27T12:00,48.5,60,23.6,12.3
0,Cook County,2025-01-27T13:00,48.6,60.3,24,12.3
0,Cook County,2025-01-27T14:00,44.8,59.4,32.4,13.3
0,Cook County,2025-01-27T15:00,39.4,57.2,44.8,15.1
0,Cook County,2025-01-27T16:00,39.3,57.7,46.8,15.2
0,Cook County,2025-01-27T17:00,39.3,57.4,46.2,15.2
0,Cook County,2025-01-27T18:00,43.4,57.4,32.1,13.8
0,Cook County,2025-01-27T19:00,47.7,57.4,20.3,12.5
0,Cook County,2025-01-27T20:00,50.7,58.5,15.2,11.8
0,Cook County,2025-01-27T21:00,52.8,59.1,11.9,11.3
0,Cook County,2025-01-27T22:00,54.9,59.7,8.7,10.9
0,Cook County,2025-01-27T23:00,56.6,60.2,6.4,10.5
0,Cook County,2025-01-28T00:00,58.1,61.4,5.6,10.3
0,Cook County,2025-01-28T01:00,58.9,62,5.3,10.1
0,Cook County,2025-01-28T02:00,62.2,65.1,4.5,9.6
0,Cook County,2025-01-28T03:00,66.2,67.9,2.5,9
0,Cook County,2025-01-28T04:00,68.9,70.1,1.6,8.6
0,Cook County,2025-01-28T05:00,67.3,71.1,5.5,8.9
0,Cook County,2025-01-28T06:00,56.5,67.1,18.7,10.6
0,Cook County,2025-01-28T07:00,41.2,58.8,42.8,14.5
0,Cook County,2025-01-28T08:00,38.3,57.5,49.9,15.6
0,Cook County,2025-01-28T09:00,44.2,59.5,34.4,13.5
0,Cook County,2025-01-28T10:00,48.6,60.5,24.2,12.3
0,Cook County,2025-01-28T11:00,48.5,59.8,23.1,12.3
0,Cook County,2025-01-28T12:00,47.2,59.3,25.5,12.6
0,Cook County,2025-01-28T13:00,47.7,59.9,25.5,12.5
0,Cook County,2025-01-28T14:00,44.7,59.5,33.1,13.4
0,Cook County,2025-01-28T15:00,39.5,57.3,45.2,15.1
0,Cook County,2025-01-28T16:00,37.4,56.9,52.2,16
0,Cook County,2025-01-28T17:00,36.6,56.4,53.9,16.3
0,Cook County,2025-01-28T18:00,41.5,56.7,36.6,14.4
0,Cook County,2025-01-28T19:00,47.1,57.2,21.4,12.7
0,Cook County,2025-01-28T20:00,50,57.9,15.7,11.9
0,Cook County,2025-01-28T21:00,52.1,58.4,12.1,11.5
0,Cook County,2025-01-28T22:00,54.1,59,9.1,11
0,Cook County,2025-01-28T23:00,55.6,59.4,6.8,10.7
0,Cook County,2025-01-29T00:00,57.2,60.8,6.2,10.4
0,Cook County,2025-01-29T01:00,58.8,62,5.4,10.2
0,Cook County,2025-01-29T02:00,61.6,64.5,4.6,9.7
0,Cook County,2025-01-29T03:00,66.4,68.1,2.6,9
0,Cook County,2025-01-29T04:00,68.1,69.7,2.4,8.8
0,Cook County,2025-01-29T05:00,67.3,71.2,5.6,8.9
0,Cook County,2025-01-29T06:00,56.4,67.1,18.9,10.6
0,Cook County,2025-01-29T07:00,42.3,59.1,39.6,14.1
0,Cook County,2025-01-29T08:00,40,57.7,44,14.9
0,Cook County,2025-01-29T09:00,46.2,59.9,29.6,12.9
0,Cook County,2025-01-29T10:00,50.1,60.9,21.5,11.9
0,Cook County,2025-01-29T11:00,49.3,60.2,22.2,12.1
0,Cook County,2025-01-29T12:00,47.6,59.6,25,12.5
0,Cook County,2025-01-29T13:00,47,59.9,27.3,12.7
0,Cook County,2025-01-29T14:00,43.4,59.1,36.1,13.8
0,Cook County,2025-01-29T15:00,39.1,57.4,46.8,15.3
0,Cook County,2025-01-29T16:00,37.2,57.2,53.6,16.1
0,Cook County,2025-01-29T17:00,36.4,56.5,55.4,16.4
0,Cook County,2025-01-29T18:00,40.9,56.6,38.3,14.6
0,Cook County,2025-01-29T19:00,46.6,57.3,22.9,12.8
0,Cook County,2025-01-29T20:00,50,58.3,16.7,11.9
0,Cook County,2025-01-29T21:00,51.8,58.5,12.8,11.5
0,Cook County,2025-01-29T22:00,54,59.1,9.4,11.1
0,Cook County,2025-01-29T23:00,55.8,59.8,7.1,10.7
0,Cook County,2025-01-30T00:00,57.3,61,6.3,10.4
0,Cook County,2025-01-30T01:00,57.7,61.3,6.2,10.3
0,Cook County,2025-01-30T02:00,61.1,64.2,5.1,9.8
0,Cook County,2025-01-30T03:00,64.9,67.2,3.4,9.2
0,Cook County,2025-01-30T04:00,68.3,70,2.4,8.7
0,Cook County,2025-01-30T05:00,67.2,71.2,5.8,8.9
0,Cook County,2025-01-30T06:00,56.6,67.2,18.6,10.5
0,Cook County,2025-01-30T07:00,42.2,59,39.6,14.1
0,Cook County,2025-01-30T08:00,40.4,57.9,43.1,14.8
0,Cook County,2025-01-30T09:00,46.8,60.3,28.8,12.8
0,Cook County,2025-01-30T10:00,49.8,60.8,22.1,12
0,Cook County,2025-01-30T11:00,48.1,60.2,25.2,12.4
0,Cook County,2025-01-30T12:00,46.9,59.9,27.7,12.7
0,Cook County,2025-01-30T13:00,46.9,60.3,28.3,12.7
0,Cook County,2025-01-30T14:00,44.1,59.9,35.5,13.5
0,Cook County,2025-01-30T15:00,39,57.7,47.7,15.3
0,Cook County,2025-01-30T16:00,36.7,57.1,55.6,16.3
0,Cook County,2025-01-30T17:00,34.6,56.2,62.3,17.3
0,Cook County,2025-01-30T18:00,37.6,56,49.1,15.9
0,Cook County,2025-01-30T19:00,43.2,57,32,13.8
0,Cook County,2025-01-30T20:00,46.9,57.8,23.4,12.7
0,Cook County,2025-01-30T21:00,48.9,58.4,19.5,12.2
0,Cook County,2025-01-30T22:00,50.4,58.5,16,11.8
0,Cook County,2025-01-30T23:00,52.3,58.8,12.3,11.4
0,Cook County,2025-01-31T00:00,54.3,59.5,9.6,11
0,Cook County,2025-01-31T01:00,56,60.4,7.8,10.7
0,Cook County,2025-01-31T02:00,59,63,6.6,10.1
0,Cook County,2025-01-31T03:00,63.7,66.7,4.5,9.4
0,Cook County,2025-01-31T04:00,66.6,69.4,4.1,9
0,Cook County,2025-01-31T05:00,64.8,70.2,8.4,9.2
0,Cook County,2025-01-31T06:00,55,66.3,20.4,10.8
0,Cook County,2025-01-31T07:00,42.4,58.6,38.2,14.1
0,Cook County,2025-01-31T08:00,39.9,57.6,44.2,15
0,Cook County,2025-01-31T09:00,44.5,59.9,34.4,13.4
0,Cook County,2025-01-31T10:00,45.1,60.3,33.8,13.2
0,Cook County,2025-01-31T11:00,44.5,59.9,34.5,13.4
0,Cook County,2025-01-31T12:00,44.1,59.5,34.8,13.5
0,Cook County,2025-01-31T13:00,43.8,60.2,37.2,13.6
0,Cook County,2025-01-31T14:00,40.8,59.2,45,14.6
0,Cook County,2025-01-31T15:00,36.9,56.9,54.1,16.2
0,Cook County,2025-01-31T16:00,37.5,57.3,52.5,15.9
0,Cook County,2025-01-31T17:00,38.5,57.4,49,15.5
0,Cook County,2025-01-31T18:00,40.7,57.3,40.6,14.7
0,Cook County,2025-01-31T19:00,44.7,57.2,27.7,13.3
0,Cook County,2025-01-31T20:00,47.5,57.5,21,12.6
0,Cook County,2025-01-31T21:00,49.4,58,17.3,12.1
0,Cook County,2025-01-31T22:00,50.8,58,14,11.8
0,Cook County,2025-01-31T23:00,51.9,57.7,11,11.5
0,Cook County,2025-02-01T00:00,52.3,57.1,9.1,11.4
0,Cook County,2025-02-01T01:00,52.3,56,6.9,11.4
0,Cook County,2025-02-01T02:00,54.6,57.5,5.3,10.9
0,Cook County,2025-02-01T03:00,58.4,60.7,4,10.2
0,Cook County,2025-02-01T04:00,62.5,64.6,3.3,9.5
0,Cook County,2025-02-01T05:00,66.7,68.6,2.8,8.9
0,Cook County,2025-02-01T06:00,65.4,68.3,4.3,9.1
0,Cook County,2025-02-01T07:00,61,65.4,7.2,9.8
0,Cook County,2025-02-01T08:00,57.4,63.6,10.8,10.4
0,Cook County,2025-02-01T09:00,54,62.4,15.4,11
0,Cook County,2025-02-01T10:00,50.8,61.4,20.6,11.7
0,Cook County,2025-02-01T11:00,49,61.1,24.6,12.2
0,Cook County,2025-02-01T12:00,46.5,60.1,29.2,12.9
0,Cook County,2025-02-01T13:00,45.9,60.1,30.7,13
0,Cook County,2025-02-01T14:00,45.8,60.2,31.6,13
0,Cook County,2025-02-01T15:00,45.9,60.5,31.8,13
0,Cook County,2025-02-01T16:00,46.4,60.7,30.6,12.9
0,Cook County,2025-02-01T17:00,45.2,60.4,33.5,13.2
0,Cook County,2025-02-01T18:00,44.7,59,32,13.4
0,Cook County,2025-02-01T19:00,46.9,58.2,24.1,12.7
0,Cook County,2025-02-01T20:00,49.4,58.5,18.4,12.1
0,Cook County,2025-02-01T21:00,51.1,59.3,15.8,11.7
0,Cook County,2025-02-01T22:00,52.3,59.5,13.8,11.4
0,Cook County,2025-02-01T23:00,51.6,57.9,12.2,11.6
0,Cook County,2025-02-02T00:00,52.3,57.3,9.4,11.4
0,Cook County,2025-02-02T01:00,52.6,56.6,7.6,11.4
0,Cook County,2025-02-02T02:00,53.8,56.6,5,11.1
0,Cook County,2025-02-02T03:00,55.2,58.3,5.6,10.8
0,Cook County,2025-02-02T04:00,58.5,61.6,5.1,10.2
0,Cook County,2025-02-02T05:00,62.9,65.2,3.7,9.5
0,Cook County,2025-02-02T06:00,65.4,67.4,3.1,9.1
0,Cook County,2025-02-02T07:00,63,65.6,4.1,9.5
0,Cook County,2025-02-02T08:00,59.8,63.9,6.8,10
0,Cook County,2025-02-02T09:00,57.5,63.2,9.9,10.4
0,Cook County,2025-02-02T10:00,55.1,62.6,13.7,10.8
0,Cook County,2025-02-02T11:00,53.3,62.2,16.8,11.2
0,Cook County,2025-02-02T12:00,50.9,61.9,21.5,11.7
0,Cook County,2025-02-02T13:00,49.9,61.9,24,12
0,Cook County,2025-02-02T14:00,49.3,61.6,25,12.1
0,Cook County,2025-02-02T15:00,49.2,61.6,25.2,12.1
0,Cook County,2025-02-02T16:00,50,61.6,23,11.9
0,Cook County,2025-02-02T17:00,48.7,61,25.3,12.3
0,Cook County,2025-02-02T18:00,49.5,60.6,22.3,12.1
0,Cook County,2025-02-02T19:00,51.5,60.8,18,11.6
0,Cook County,2025-02-02T20:00,53.7,61.1,13.7,11.1
0,Cook County,2025-02-02T21:00,55.2,61.1,10.6,10.8
0,Cook County,2025-02-02T22:00,55.3,60.1,8.7,10.8
0,Cook County,2025-02-02T23:00,56.7,60.4,6.5,10.5
0,Cook County,2025-02-03T00:00,57.5,60.8,5.6,10.4
0,Cook County,2025-02-03T01:00,58.3,61.4,5.2,10.2
0,Cook County,2025-02-03T02:00,60.7,63.3,4.2,9.8
0,Cook County,2025-02-03T03:00,65.4,67.1,2.6,9.1
0,Cook County,2025-02-03T04:00,68.3,69.9,2.3,8.7
0,Cook County,2025-02-03T05:00,67.6,71.4,5.6,8.8
0,Cook County,2025-02-03T06:00,58.1,67.9,16.8,10.3
0,Cook County,2025-02-03T07:00,45.2,60.3,33.4,13.2
0,Cook County,2025-02-03T08:00,43.8,59.4,35.4,13.6
0,Cook County,2025-02-03T09:00,49.6,61.3,23.6,12
0,Cook County,2025-02-03T10:00,51.5,61.6,19.5,11.6
0,Cook County,2025-02-03T11:00,50.2,61,21.4,11.9
0,Cook County,2025-02-03T12:00,48,60.1,25.2,12.4
0,Cook County,2025-02-03T13:00,47,60.2,27.8,12.7
0,Cook County,2025-02-03T14:00,43.5,59.1,35.8,13.7
0,Cook County,2025-02-03T15:00,39.3,57.4,46,15.2
0,Cook County,2025-02-03T16:00,39.5,57.6,45.6,15.1
0,Cook County,2025-02-03T17:00,40.1,57.5,43.4,14.9
0,Cook County,2025-02-03T18:00,44.9,57.7,28.6,13.3
0,Cook County,2025-02-03T19:00,48.3,57.6,19.1,12.4
0,Cook County,2025-02-03T20:00,50.8,58.5,15,11.7
0,Cook County,2025-02-03T21:00,52.7,58.7,11.5,11.3
0,Cook County,2025-02-03T22:00,54.8,59.6,8.7,10.9
0,Cook County,2025-02-03T23:00,56.5,60.3,6.8,10.6
0,Cook County,2025-02-04T00:00,57.8,61.3,5.8,10.3
0,Cook County,2025-02-04T01:00,58.5,61.8,5.6,10.2
0,Cook County,2025-02-04T02:00,61.7,64.5,4.5,9.7
0,Cook County,2025-02-04T03:00,65.9,67.8,2.8,9
0,Cook County,2025-02-04T04:00,68.1,69.8,2.4,8.7
0,Cook County,2025-02-04T05:00,66.3,70.8,6.7,9
0,Cook County,2025-02-04T06:00,55.8,66.8,19.8,10.7
0,Cook County,2025-02-04T07:00,41.4,58.8,41.9,14.4
0,Cook County,2025-02-04T08:00,39.2,57.8,47.1,15.2
0,Cook County,2025-02-04T09:00,45.6,59.9,31.2,13.1
0,Cook County,2025-02-04T10:00,49.5,60.8,22.9,12.1
0,Cook County,2025-02-04T11:00,49.3,60.1,22,12.1
0,Cook County,2025-02-04T12:00,47.3,59.4,25.4,12.6
0,Cook County,2025-02-04T13:00,47.9,60,25.3,12.5
0,Cook County,2025-02-04T14:00,45.3,59.6,31.5,13.2
0,Cook County,2025-02-04T15:00,40.4,57.7,42.8,14.8
0,Cook County,2025-02-04T16:00,39.4,57.5,45.8,15.2
0,Cook County,2025-02-04T17:00,37.9,56.7,49.6,15.8
0,Cook County,2025-02-04T18:00,41.6,56.6,35.8,14.3
0,Cook County,2025-02-04T19:00,47,57.1,21.3,12.7
0,Cook County,2025-02-04T20:00,49.9,57.7,15.5,12
0,Cook County,2025-02-04T21:00,51.7,58.2,12.6,11.6
0,Cook County,2025-02-04T22:00,54.1,59.2,9.3,11
0,Cook County,2025-02-04T23:00,55.6,59.4,6.9,10.7
0,Cook County,2025-02-05T00:00,57.3,60.9,6.2,10.4
0,Cook County,2025-02-05T01:00,58.3,61.7,5.7,10.2
0,Cook County,2025-02-05T02:00,61.3,64.3,4.9,9.7
0,Cook County,2025-02-05T03:00,66.1,68.2,3.1,9
0,Cook County,2025-02-05T04:00,67.8,69.4,2.2,8.8
0,Cook County,2025-02-05T05:00,66.9,70.8,5.7,8.9
0,Cook County,2025-02-05T06:00,56.8,66.9,17.7,10.5
0,Cook County,2025-02-05T07:00,42.7,59,38,14
0,Cook County,2025-02-05T08:00,41,57.7,40.7,14.6
0,Cook County,2025-02-05T09:00,47,59.8,27.2,12.7
0,Cook County,2025-02-05T10:00,49.4,60.5,22.4,12.1
0,Cook County,2025-02-05T11:00,49.3,60.3,22.1,12.1
0,Cook County,2025-02-05T12:00,48.7,59.7,22.4,12.3
0,Cook County,2025-02-05T13:00,48.3,60.1,24.3,12.3
0,Cook County,2025-02-05T14:00,45.2,59.4,31.5,13.2
0,Cook County,2025-02-05T15:00,40.6,57.7,41.8,14.7
0,Cook County,2025-02-05T16:00,39.8,57.6,44.6,15
0,Cook County,2025-02-05T17:00,38.7,56.6,46.2,15.4
0,Cook County,2025-02-05T18:00,42.8,56.3,31.4,14
0,Cook County,2025-02-05T19:00,46.7,56.7,21.4,12.8
0,Cook County,2025-02-05T20:00,47.9,56.8,18.5,12.5
0,Cook County,2025-02-05T21:00,48.9,57.4,17.2,12.2
0,Cook County,2025-02-05T22:00,46.5,57.4,23.3,12.8
0,Cook County,2025-02-05T23:00,46.7,58.1,24.3,12.8
0,Cook County,2025-02-06T00:00,49.1,59,19.9,12.1
0,Cook County,2025-02-06T01:00,50.3,59.4,18.1,11.9
0,Cook County,2025-02-06T02:00,54.1,62.4,15.3,11
0,Cook County,2025-02-06T03:00,59.4,66.5,11.9,10
0,Cook County,2025-02-06T04:00,62.3,68.9,10.5,9.6
0,Cook County,2025-02-06T05:00,61.2,70.5,15.1,9.7
0,Cook County,2025-02-06T06:00,51.7,66.4,28.2,11.5
0,Cook County,2025-02-06T07:00,39,58.6,50.3,15.3
0,Cook County,2025-02-06T08:00,37.3,57.3,53.5,16
0,Cook County,2025-02-06T09:00,44.1,59.5,35,13.6
0,Cook County,2025-02-06T10:00,48.9,61.1,24.9,12.2
0,Cook County,2025-02-06T11:00,49.1,60.4,23,12.2
0,Cook County,2025-02-06T12:00,48.2,59.8,24,12.4
0,Cook County,2025-02-06T13:00,48.6,60.6,24.5,12.3
0,Cook County,2025-02-06T14:00,45.3,59.8,31.9,13.2
0,Cook County,2025-02-06T15:00,40.3,57.6,42.9,14.8
0,Cook County,2025-02-06T16:00,39.7,57.7,45.3,15.1
0,Cook County,2025-02-06T17:00,38.7,57.1,47.3,15.4
0,Cook County,2025-02-06T18:00,41.5,56.8,36.8,14.4
0,Cook County,2025-02-06T19:00,46,57.3,24.4,13
0,Cook County,2025-02-06T20:00,49.2,58,17.8,12.1
0,Cook County,2025-02-06T21:00,50.9,58.5,14.9,11.7
0,Cook County,2025-02-06T22:00,52.7,58.8,11.5,11.3
0,Cook County,2025-02-06T23:00,54.4,58.8,8.1,11
0,Cook County,2025-02-07T00:00,56.2,59.9,6.5,10.6
0,Cook County,2025-02-07T01:00,57.5,60.9,5.8,10.4
0,Cook County,2025-02-07T02:00,59.8,63,5.2,10
0,Cook County,2025-02-07T03:00,64.8,66.9,3.2,9.2
0,Cook County,2025-02-07T04:00,67.3,69.2,2.6,8.9
0,Cook County,2025-02-07T05:00,66.9,70.6,5.4,8.9
0,Cook County,2025-02-07T06:00,58.3,66.8,14.5,10.2
0,Cook County,2025-02-07T07:00,45.8,59.3,29.2,13
0,Cook County,2025-02-07T08:00,45.4,58.7,29.3,13.2
0,Cook County,2025-02-07T09:00,50.4,61.2,21.4,11.8
0,Cook County,2025-02-07T10:00,50.8,61.5,21.1,11.8
0,Cook County,2025-02-07T11:00,48.8,60.7,24.3,12.2
0,Cook County,2025-02-07T12:00,47.3,60.2,27.1,12.6
0,Cook County,2025-02-07T13:00,46.1,60.3,30.7,13
0,Cook County,2025-02-07T14:00,42.9,59.4,38.5,13.9
0,Cook County,2025-02-07T15:00,38.1,57.4,50.4,15.7
0,Cook County,2025-02-07T16:00,37.8,57.5,51.9,15.8
0,Cook County,2025-02-07T17:00,37.7,57.3,51.9,15.8
0,Cook County,2025-02-07T18:00,39.3,57.2,45.4,15.2
0,Cook County,2025-02-07T19:00,43,56.9,32.3,13.9
0,Cook County,2025-02-07T20:00,47.3,57.5,21.5,12.6
0,Cook County,2025-02-07T21:00,49.5,58.3,17.7,12.1
0,Cook County,2025-02-07T22:00,50.1,58.4,16.6,11.9
0,Cook County,2025-02-07T23:00,51.8,57.8,11.4,11.5
0,Cook County,2025-02-08T00:00,52,56.7,9.1,11.5
0,Cook County,2025-02-08T01:00,52.5,56.1,6.8,11.4
0,Cook County,2025-02-08T02:00,54.4,57.2,5.1,11
0,Cook County,2025-02-08T03:00,58.4,60.4,3.5,10.2
0,Cook County,2025-02-08T04:00,62.5,64.4,3,9.5
0,Cook County,2025-02-08T05:00,66.3,68.2,2.9,9
0,Cook County,2025-02-08T06:00,65.4,67.9,3.8,9.1
0,Cook County,2025-02-08T07:00,61.2,65.5,6.9,9.7
0,Cook County,2025-02-08T08:00,56.9,63.2,10.9,10.5
0,Cook County,2025-02-08T09:00,53.5,62.1,16,11.2
0,Cook County,2025-02-08T10:00,50.5,61.1,20.9,11.8
0,Cook County,2025-02-08T11:00,47.9,60.2,25.6,12.5
0,Cook County,2025-02-08T12:00,45.4,59.6,31.1,13.1
0,Cook County,2025-02-08T13:00,43.8,59.3,35.3,13.6
0,Cook County,2025-02-08T14:00,42.8,59.3,38.5,14
0,Cook County,2025-02-08T15:00,42.1,59.1,40.4,14.2
0,Cook County,2025-02-08T16:00,42.4,59,38.9,14.1
0,Cook County,2025-02-08T17:00,42.4,58.8,38.7,14.1
0,Cook County,2025-02-08T18:00,42.8,58.1,35.8,14
0,Cook County,2025-02-08T19:00,45.4,57.8,27,13.1
0,Cook County,2025-02-08T20:00,48.9,58.4,19.4,12.2
0,Cook County,2025-02-08T21:00,50.1,58.9,17.5,11.9
0,Cook County,2025-02-08T22:00,50.1,58.8,17.2,11.9
0,Cook County,2025-02-08T23:00,50.9,57.6,13.1,11.7
0,Cook County,2025-02-09T00:00,51.5,56.6,9.8,11.6
0,Cook County,2025-02-09T01:00,52.4,56.3,7.3,11.4
0,Cook County,2025-02-09T02:00,53.6,56.7,5.7,11.1
0,Cook County,2025-02-09T03:00,56,58.7,4.8,10.7
0,Cook County,2025-02-09T04:00,59.8,62.2,3.9,10
0,Cook County,2025-02-09T05:00,63.1,65.2,3.3,9.5
0,Cook County,2025-02-09T06:00,65.2,67,2.7,9.1
0,Cook County,2025-02-09T07:00,62.9,65.2,3.7,9.5
0,Cook County,2025-02-09T08:00,59.4,63.5,6.8,10
0,Cook County,2025-02-09T09:00,56.8,62.7,10.3,10.5
0,Cook County,2025-02-09T10:00,54.3,61.9,13.9,11
0,Cook County,2025-02-09T11:00,51.8,61.2,18.2,11.5
0,Cook County,2025-02-09T12:00,50,60.9,21.6,11.9
0,Cook County,2025-02-09T13:00,49.1,60.8,23.7,12.2
0,Cook County,2025-02-09T14:00,48.6,60.8,25,12.3
0,Cook County,2025-02-09T15:00,48.3,60.9,26.2,12.4
0,Cook County,2025-02-09T16:00,46.5,60.1,29.1,12.8
0,Cook County,2025-02-09T17:00,46.5,58.6,25.9,12.8
0,Cook County,2025-02-09T18:00,50.2,58.8,17,11.9
0,Cook County,2025-02-09T19:00,51.8,59.1,13.9,11.5
0,Cook County,2025-02-09T20:00,54.3,60.9,12,11
0,Cook County,2025-02-09T21:00,52.6,60.4,14.8,11.4
0,Cook County,2025-02-09T22:00,53.3,61.7,15.7,11.2
0,Cook County,2025-02-09T23:00,57.7,61.4,6.4,10.3
0,Cook County,2025-02-10T00:00,58.2,61.4,5.4,10.3
0,Cook County,2025-02-10T01:00,58.4,61.1,4.6,10.2
0,Cook County,2025-02-10T02:00,60.1,62.4,3.9,9.9
0,Cook County,2025-02-10T03:00,64.7,66.2,2.3,9.2
0,Cook County,2025-02-10T04:00,68.3,69.5,1.7,8.7
0,Cook County,2025-02-10T05:00,68.3,71.6,4.7,8.7
0,Cook County,2025-02-10T06:00,59.5,68,14.2,10
0,Cook County,2025-02-10T07:00,44.6,59.7,33.7,13.4
0,Cook County,2025-02-10T08:00,43,59,37,13.9
0,Cook County,2025-02-10T09:00,49.1,61.4,24.9,12.2
0,Cook County,2025-02-10T10:00,51.1,61.9,21.1,11.7
0,Cook County,2025-02-10T11:00,50.6,61.1,20.8,11.8
0,Cook County,2025-02-10T12:00,48.3,60.1,24.4,12.4
0,Cook County,2025-02-10T13:00,48.3,60.3,24.8,12.4
0,Cook County,2025-02-10T14:00,45.6,59.9,31.3,13.1
0,Cook County,2025-02-10T15:00,40.3,57.6,42.6,14.8
0,Cook County,2025-02-10T16:00,40.4,58,43.3,14.8
0,Cook County,2025-02-10T17:00,40.4,57.6,42.3,14.8
0,Cook County,2025-02-10T18:00,44.4,57.7,29.7,13.4
0,Cook County,2025-02-10T19:00,48.6,58,19.2,12.3
0,Cook County,2025-02-10T20:00,51.4,58.9,14.6,11.6
0,Cook County,2025-02-10T21:00,53.3,59.4,11.3,11.2
0,Cook County,2025-02-10T22:00,55.2,59.8,8.2,10.8
0,Cook County,2025-02-10T23:00,57.3,61,6.4,10.4
0,Cook County,2025-02-11T00:00,58.5,61.6,5.3,10.2
0,Cook County,2025-02-11T01:00,59.6,62.6,5.1,10
0,Cook County,2025-02-11T02:00,62.3,65.2,4.6,9.6
0,Cook County,2025-02-11T03:00,65.8,67.6,2.7,9.1
0,Cook County,2025-02-11T04:00,68.2,69.8,2.3,8.7
0,Cook County,2025-02-11T05:00,66.3,70.8,6.7,9
0,Cook County,2025-02-11T06:00,54.4,66.6,22.4,11
0,Cook County,2025-02-11T07:00,40.3,58.6,45.4,14.8
0,Cook County,2025-02-11T08:00,38,57.3,50.8,15.7
0,Cook County,2025-02-11T09:00,44.6,60,34.5,13.4
0,Cook County,2025-02-11T10:00,48.8,61,24.7,12.2
0,Cook County,2025-02-11T11:00,48.5,60.2,24.1,12.3
0,Cook County,2025-02-11T12:00,47.3,59.7,26.1,12.6
0,Cook County,2025-02-11T13:00,46.7,59.9,28.3,12.8
0,Cook County,2025-02-11T14:00,44,59.5,35.2,13.6
0,Cook County,2025-02-11T15:00,38.9,57.5,47.7,15.3
0,Cook County,2025-02-11T16:00,37.7,57.6,52.5,15.8
0,Cook County,2025-02-11T17:00,36.7,56.6,54,16.3
0,Cook County,2025-02-11T18:00,40.8,56.7,39,14.7
0,Cook County,2025-02-11T19:00,46.7,57.5,22.9,12.8
0,Cook County,2025-02-11T20:00,50.3,58.3,15.9,11.9
0,Cook County,2025-02-11T21:00,52.3,58.9,12.6,11.4
0,Cook County,2025-02-11T22:00,54.3,59.4,9.3,11
0,Cook County,2025-02-11T23:00,56.4,60.4,7,10.6
0,Cook County,2025-02-12T00:00,57.8,61.2,5.9,10.3
0,Cook County,2025-02-12T01:00,59.1,62.5,5.7,10.1
0,Cook County,2025-02-12T02:00,62.2,65,4.6,9.6
0,Cook County,2025-02-12T03:00,65.5,68.3,4.2,9.1
0,Cook County,2025-02-12T04:00,65.7,69.6,5.9,9.1
0,Cook County,2025-02-12T05:00,65.1,70.6,8.4,9.2
0,Cook County,2025-02-12T06:00,57.9,66.4,14.8,10.3
0,Cook County,2025-02-12T07:00,46.9,59,25.5,12.7
0,Cook County,2025-02-12T08:00,45.8,57.4,25.2,13
0,Cook County,2025-02-12T09:00,49.5,59.1,19.5,12.1
0,Cook County,2025-02-12T10:00,49.5,59.6,20.3,12.1
0,Cook County,2025-02-12T11:00,45.7,58.3,27.5,13.1
0,Cook County,2025-02-12T12:00,40.4,57.6,42.7,14.8
0,Cook County,2025-02-12T13:00,36.1,57.4,58.8,16.5
0,Cook County,2025-02-12T14:00,34.9,56.7,62.2,17.1
0,Cook County,2025-02-12T15:00,34.6,55.1,59,17.3
0,Cook County,2025-02-12T16:00,38.5,55.9,44.9,15.5
0,Cook County,2025-02-12T17:00,39.4,55.1,40,15.2
0,Cook County,2025-02-12T18:00,39.9,54.3,36.1,15
0,Cook County,2025-02-12T19:00,36.4,53.9,47.7,16.4
0,Cook County,2025-02-12T20:00,38.2,54.8,43.3,15.6
0,Cook County,2025-02-12T21:00,41.7,55.8,33.6,14.3
0,Cook County,2025-02-12T22:00,45.7,56.9,24.5,13.1
0,Cook County,2025-02-12T23:00,48.4,57.5,18.7,12.3
0,Cook County,2025-02-13T00:00,51.3,59.9,16.5,11.6
0,Cook County,2025-02-13T01:00,52.2,60.6,16,11.4
0,Cook County,2025-02-13T02:00,54.2,62.4,15.2,11
0,Cook County,2025-02-13T03:00,58.9,66.6,13,10.1
0,Cook County,2025-02-13T04:00,62.4,69.2,11,9.6
0,Cook County,2025-02-13T05:00,61.7,70.5,14.1,9.7
0,Cook County,2025-02-13T06:00,53.1,66.5,25.1,11.2
0,Cook County,2025-02-13T07:00,40,58.7,46.7,14.9
0,Cook County,2025-02-13T08:00,38.3,57.5,50.1,15.6
0,Cook County,2025-02-13T09:00,44.9,60,33.4,13.3
0,Cook County,2025-02-13T10:00,47.9,60.5,26.2,12.5
0,Cook County,2025-02-13T11:00,46.6,59.6,27.7,12.8
0,Cook County,2025-02-13T12:00,46.2,59.4,28.6,12.9
0,Cook County,2025-02-13T13:00,46.1,60,30,12.9
0,Cook County,2025-02-13T14:00,42.8,59.2,38.2,14
0,Cook County,2025-02-13T15:00,37.6,56.8,50.9,15.9
0,Cook County,2025-02-13T16:00,36,56.6,57.1,16.6
0,Cook County,2025-02-13T17:00,35.3,56.2,59,16.9
0,Cook County,2025-02-13T18:00,38.3,56.5,47.7,15.6
0,Cook County,2025-02-13T19:00,42.8,56.7,32.5,14
0,Cook County,2025-02-13T20:00,47.2,57.9,22.6,12.7
0,Cook County,2025-02-13T21:00,50.4,58.8,16.8,11.9
0,Cook County,2025-02-13T22:00,52.3,58.9,12.7,11.4
0,Cook County,2025-02-13T23:00,53.8,58.8,9.3,11.1
0,Cook County,2025-02-14T00:00,55.4,59.6,7.5,10.8
0,Cook County,2025-02-14T01:00,56.3,59.9,6.4,10.6
0,Cook County,2025-02-14T02:00,59.5,62.8,5.4,10
0,Cook County,2025-02-14T03:00,64.7,67.1,3.6,9.2
0,Cook County,2025-02-14T04:00,67.2,69.5,3.3,8.9
0,Cook County,2025-02-14T05:00,66.6,71.1,6.6,8.9
0,Cook County,2025-02-14T06:00,57.4,66.6,16,10.4
0,Cook County,2025-02-14T07:00,45.8,59.6,30.1,13
0,Cook County,2025-02-14T08:00,44.9,58.7,30.6,13.3
0,Cook County,2025-02-14T09:00,48.5,60.7,25,12.3
0,Cook County,2025-02-14T10:00,48.6,60.9,25.4,12.3
0,Cook County,2025-02-14T11:00,46.8,60.4,28.8,12.8
0,Cook County,2025-02-14T12:00,45.1,59.8,32.5,13.2
0,Cook County,2025-02-14T13:00,43.8,59.8,36.3,13.6
0,Cook County,2025-02-14T14:00,40.4,59,45.8,14.8
0,Cook County,2025-02-14T15:00,35.7,57.3,60.3,16.7
0,Cook County,2025-02-14T16:00,34.7,57.2,64.7,17.2
0,Cook County,2025-02-14T17:00,34.4,56.8,65,17.4
0,Cook County,2025-02-14T18:00,36.6,56.8,55,16.3
0,Cook County,2025-02-14T19:00,31.5,54.6,73,19
0,Cook County,2025-02-14T20:00,26.4,53.2,101.1,22.6
0,Cook County,2025-02-14T21:00,29.9,54.4,81.6,20
0,Cook County,2025-02-14T22:00,36.4,56.3,54.5,16.4
0,Cook County,2025-02-14T23:00,42.1,57.8,37,14.2
0,Cook County,2025-02-15T00:00,46.8,58.1,23.9,12.7
0,Cook County,2025-02-15T01:00,48.3,56.7,17.2,12.3
0,Cook County,2025-02-15T02:00,50.5,57.3,13.4,11.8
0,Cook County,2025-02-15T03:00,54.8,60.7,10.7,10.9
0,Cook County,2025-02-15T04:00,58.8,64,8.9,10.1
0,Cook County,2025-02-15T05:00,63.2,68.1,7.6,9.4
0,Cook County,2025-02-15T06:00,62.9,67.9,7.9,9.5
0,Cook County,2025-02-15T07:00,60,65.6,9.4,9.9
0,Cook County,2025-02-15T08:00,56.3,63.6,12.9,10.6
0,Cook County,2025-02-15T09:00,53.3,62.2,16.7,11.2
0,Cook County,2025-02-15T10:00,51.3,61.5,19.7,11.6
0,Cook County,2025-02-15T11:00,48.3,60.6,25.4,12.4
0,Cook County,2025-02-15T12:00,45.5,59.8,31.5,13.1
0,Cook County,2025-02-15T13:00,44.3,59.7,34.6,13.5
0,Cook County,2025-02-15T14:00,45,59.9,33,13.3
0,Cook County,2025-02-15T15:00,45.1,59.7,32.3,13.3
0,Cook County,2025-02-15T16:00,45.3,59.5,31.3,13.2
0,Cook County,2025-02-15T17:00,44.5,59.2,32.9,13.4
0,Cook County,2025-02-15T18:00,44.2,58.6,32.4,13.5
0,Cook County,2025-02-15T19:00,44.9,57.4,28,13.3
0,Cook County,2025-02-15T20:00,48,58.3,21.2,12.4
0,Cook County,2025-02-15T21:00,49.9,59,18.3,12
0,Cook County,2025-02-15T22:00,50.1,58.8,17.4,11.9
0,Cook County,2025-02-15T23:00,50.6,58.1,14.8,11.8
0,Cook County,2025-02-16T00:00,50.9,56.9,11.6,11.7
0,Cook County,2025-02-16T01:00,51.6,56.2,8.7,11.6
0,Cook County,2025-02-16T02:00,52.7,56.4,6.9,11.3
0,Cook County,2025-02-16T03:00,55.2,58.3,5.6,10.8
0,Cook County,2025-02-16T04:00,58.2,61.2,5,10.2
0,Cook County,2025-02-16T05:00,60.8,64.5,6.2,9.8
0,Cook County,2025-02-16T06:00,61.9,66.3,7.1,9.6
0,Cook County,2025-02-16T07:00,60.7,65,7,9.8
0,Cook County,2025-02-16T08:00,58.5,63.5,8.5,10.2
0,Cook County,2025-02-16T09:00,56.9,63.3,11.2,10.5
0,Cook County,2025-02-16T10:00,55,62.9,14.2,10.8
0,Cook County,2025-02-16T11:00,53,62.5,17.8,11.3
0,Cook County,2025-02-16T12:00,50.1,61.8,23.2,11.9
0,Cook County,2025-02-16T13:00,48.9,61.4,25.4,12.2
0,Cook County,2025-02-16T14:00,47.9,61.1,27.3,12.5
0,Cook County,2025-02-16T15:00,48.6,61.3,25.8,12.3
0,Cook County,2025-02-16T16:00,49.1,61.1,24.4,12.2
0,Cook County,2025-02-16T17:00,48.4,60.6,25.3,12.3
0,Cook County,2025-02-16T18:00,48.4,60.3,24.4,12.3
0,Cook County,2025-02-16T19:00,50.8,60.4,18.8,11.7
0,Cook County,2025-02-16T20:00,52.9,60.8,14.9,11.3
0,Cook County,2025-02-16T21:00,54.2,60.8,12.1,11
0,Cook County,2025-02-16T22:00,55.4,60.7,9.5,10.8
0,Cook County,2025-02-16T23:00,56.1,60.4,7.5,10.6
0,Cook County,2025-02-17T00:00,57.5,61,6,10.4
0,Cook County,2025-02-17T01:00,57.5,60.7,5.5,10.4
0,Cook County,2025-02-17T02:00,59.2,62,4.7,10.1
0,Cook County,2025-02-17T03:00,64.1,66.1,3.1,9.3
0,Cook County,2025-02-17T04:00,67,68.8,2.6,8.9
0,Cook County,2025-02-17T05:00,68.2,71.4,4.7,8.7
0,Cook County,2025-02-17T06:00,62.9,69,9.6,9.5
0,Cook County,2025-02-17T07:00,56.7,65.7,15.8,10.5
0,Cook County,2025-02-17T08:00,54.4,63.8,17.2,11
0,Cook County,2025-02-17T09:00,53.8,63.4,17.8,11.1
0,Cook County,2025-02-17T10:00,52.5,62.9,19.8,11.4
0,Cook County,2025-02-17T11:00,50.9,62,21.8,11.7
0,Cook County,2025-02-17T12:00,48.7,60.9,25,12.2
0,Cook County,2025-02-17T13:00,47.3,60.7,28.2,12.6
0,Cook County,2025-02-17T14:00,46.1,60.8,32,13
0,Cook County,2025-02-17T15:00,44.6,60.4,35.4,13.4
0,Cook County,2025-02-17T16:00,44.4,60,35,13.5
0,Cook County,2025-02-17T17:00,44.2,59.6,34.8,13.5
0,Cook County,2025-02-17T18:00,46.4,59.2,27.5,12.9
0,Cook County,2025-02-17T19:00,49.6,59.1,19.2,12
0,Cook County,2025-02-17T20:00,52.1,59.9,15,11.5
0,Cook County,2025-02-17T21:00,54,60.3,11.7,11.1
0,Cook County,2025-02-17T22:00,55.7,60.7,8.9,10.7
0,Cook County,2025-02-17T23:00,57.6,61.7,7.1,10.4
0,Cook County,2025-02-18T00:00,60,63.3,5.5,9.9
0,Cook County,2025-02-18T01:00,60.5,63.8,5.4,9.9
0,Cook County,2025-02-18T02:00,62.9,66,4.9,9.5
0,Cook County,2025-02-18T03:00,65.8,68.2,3.5,9.1
0,Cook County,2025-02-18T04:00,67.6,69.8,3.2,8.8
0,Cook County,2025-02-18T05:00,66.9,71,6,8.9
0,Cook County,2025-02-18T06:00,56.8,67.1,18,10.5
0,Cook County,2025-02-18T07:00,42.2,59.1,40,14.2
0,Cook County,2025-02-18T08:00,39.3,57.6,46.5,15.2
0,Cook County,2025-02-18T09:00,45.3,59.8,32,13.2
0,Cook County,2025-02-18T10:00,50.4,61.2,21.3,11.8
0,Cook County,2025-02-18T11:00,50.2,60.5,20.5,11.9
0,Cook County,2025-02-18T12:00,49,60,22.3,12.2
0,Cook County,2025-02-18T13:00,48.7,60.3,23.8,12.3
0,Cook County,2025-02-18T14:00,45.6,59.7,31,13.1
0,Cook County,2025-02-18T15:00,40.1,57.2,42.6,14.9
0,Cook County,2025-02-18T16:00,39.6,57.4,45,15.1
0,Cook County,2025-02-18T17:00,38.7,56.6,46,15.4
0,Cook County,2025-02-18T18:00,42.5,57,34.1,14.1
0,Cook County,2025-02-18T19:00,47.5,57.6,21.2,12.6
0,Cook County,2025-02-18T20:00,50.3,58.2,15.8,11.9
0,Cook County,2025-02-18T21:00,52.5,58.9,12,11.4
0,Cook County,2025-02-18T22:00,54.5,59.4,8.9,11
0,Cook County,2025-02-18T23:00,56.2,60.2,7,10.6
0,Cook County,2025-02-19T00:00,57.6,61.2,6.1,10.4
0,Cook County,2025-02-19T01:00,58.9,62.1,5.5,10.1
0,Cook County,2025-02-19T02:00,61.8,64.9,5,9.6
0,Cook County,2025-02-19T03:00,66.3,68.3,2.8,9
0,Cook County,2025-02-19T04:00,68.6,70.1,2.1,8.7
0,Cook County,2025-02-19T05:00,67.4,71,5.2,8.8
0,Cook County,2025-02-19T06:00,57.4,66.9,16.5,10.4
0,Cook County,2025-02-19T07:00,42.4,59.1,39.2,14.1
0,Cook County,2025-02-19T08:00,39.5,57.5,45.4,15.1
0,Cook County,2025-02-19T09:00,45.4,59.7,31.3,13.1
0,Cook County,2025-02-19T10:00,50.1,61,21.6,11.9
0,Cook County,2025-02-19T11:00,49.4,60.2,21.9,12.1
0,Cook County,2025-02-19T12:00,48.2,59.8,23.9,12.4
0,Cook County,2025-02-19T13:00,48,60.3,25.5,12.4
0,Cook County,2025-02-19T14:00,44.5,59.4,33.4,13.4
0,Cook County,2025-02-19T15:00,40.1,57.6,43.4,14.9
0,Cook County,2025-02-19T16:00,39.2,57.5,46.6,15.2
0,Cook County,2025-02-19T17:00,37.9,56.7,49.2,15.7
0,Cook County,2025-02-19T18:00,41.2,56.8,37.9,14.5
0,Cook County,2025-02-19T19:00,45.6,57.1,25.2,13.1
0,Cook County,2025-02-19T20:00,48.5,57.9,19.2,12.3
0,Cook County,2025-02-19T21:00,51,58.7,15,11.7
0,Cook County,2025-02-19T22:00,52.9,59,11.4,11.3
0,Cook County,2025-02-19T23:00,55.1,59.6,8.1,10.8
0,Cook County,2025-02-20T00:00,56.9,60.8,6.7,10.5
0,Cook County,2025-02-20T01:00,57.7,61.3,6.2,10.3
0,Cook County,2025-02-20T02:00,61.2,64.2,4.7,9.7
0,Cook County,2025-02-20T03:00,65.7,67.8,3.1,9.1
0,Cook County,2025-02-20T04:00,68.5,70.1,2.3,8.7
0,Cook County,2025-02-20T05:00,67,71,6,8.9
0,Cook County,2025-02-20T06:00,56.7,66.7,17.6,10.5
0,Cook County,2025-02-20T07:00,41.4,58.4,41,14.4
0,Cook County,2025-02-20T08:00,38.7,57.2,47.8,15.5
0,Cook County,2025-02-20T09:00,44.8,59.9,33.6,13.3
0,Cook County,2025-02-20T10:00,48.1,60.7,26,12.4
0,Cook County,2025-02-20T11:00,48.7,60.4,24.1,12.3
0,Cook County,2025-02-20T12:00,47.4,59.7,25.9,12.6
0,Cook County,2025-02-20T13:00,46.3,60.1,29.6,12.9
0,Cook County,2025-02-20T14:00,42.9,59.3,38.2,13.9
0,Cook County,2025-02-20T15:00,37.7,56.7,50.4,15.9
0,Cook County,2025-02-20T16:00,35.6,56.3,57.9,16.8
0,Cook County,2025-02-20T17:00,34.6,55.5,60.4,17.3
0,Cook County,2025-02-20T18:00,38.8,56.3,45.1,15.4
0,Cook County,2025-02-20T19:00,44.9,57.6,28,13.3
0,Cook County,2025-02-20T20:00,49.2,58.5,18.7,12.1
0,Cook County,2025-02-20T21:00,51.5,58.7,13.8,11.6
0,Cook County,2025-02-20T22:00,53.2,58.9,10.5,11.2
0,Cook County,2025-02-20T23:00,54.9,59.2,7.7,10.9
0,Cook County,2025-02-21T00:00,57,60.5,6,10.5
0,Cook County,2025-02-21T01:00,57.3,60.4,5.5,10.4
0,Cook County,2025-02-21T02:00,60.4,63.2,4.6,9.9
0,Cook County,2025-02-21T03:00,65.2,67.1,2.8,9.1
0,Cook County,2025-02-21T04:00,68.3,69.6,2,8.7
0,Cook County,2025-02-21T05:00,67.5,71.1,5.3,8.8
0,Cook County,2025-02-21T06:00,58,66.7,14.9,10.3
0,Cook County,2025-02-21T07:00,44.1,59,33.7,13.5
0,Cook County,2025-02-21T08:00,42.8,58.2,36,14
0,Cook County,2025-02-21T09:00,47.8,60.9,27.4,12.5
0,Cook County,2025-02-21T10:00,49.5,61.2,23.6,12.1
0,Cook County,2025-02-21T11:00,48.4,60.7,25.4,12.3
0,Cook County,2025-02-21T12:00,46.4,60,29.2,12.9
0,Cook County,2025-02-21T13:00,46,60.7,31.7,13
0,Cook County,2025-02-21T14:00,42.1,59.7,41.6,14.2
0,Cook County,2025-02-21T15:00,36.8,56.9,54.5,16.2
0,Cook County,2025-02-21T16:00,36.2,57.1,57.5,16.5
0,Cook County,2025-02-21T17:00,36.8,56.8,54.2,16.2
0,Cook County,2025-02-21T18:00,39.5,57.2,44.6,15.1
0,Cook County,2025-02-21T19:00,43.6,57.3,31.4,13.7
0,Cook County,2025-02-21T20:00,47,57.8,22.8,12.7
0,Cook County,2025-02-21T21:00,49.5,58.3,17.6,12.1
0,Cook County,2025-02-21T22:00,50.9,58.5,14.9,11.7
0,Cook County,2025-02-21T23:00,51.8,57.9,11.8,11.5
0,Cook County,2025-02-22T00:00,52.8,57.7,9.1,11.3
0,Cook County,2025-02-22T01:00,52.9,56.7,7.1,11.3
0,Cook County,2025-02-22T02:00,55,58.2,5.7,10.8
0,Cook County,2025-02-22T03:00,59,61.1,3.7,10.1
0,Cook County,2025-02-22T04:00,63.8,65.5,2.6,9.4
0,Cook County,2025-02-22T05:00,66.8,68.7,2.8,8.9
0,Cook County,2025-02-22T06:00,66,68.3,3.4,9
0,Cook County,2025-02-22T07:00,61.4,65.7,7.1,9.7
0,Cook County,2025-02-22T08:00,57.2,63.8,11.5,10.4
0,Cook County,2025-02-22T09:00,53.4,62.4,16.8,11.2
0,Cook County,2025-02-22T10:00,50.7,61.6,21.5,11.8
0,Cook County,2025-02-22T11:00,47.2,60.5,28.1,12.7
0,Cook County,2025-02-22T12:00,45,59.9,33,13.3
0,Cook County,2025-02-22T13:00,44.3,59.8,34.9,13.5
0,Cook County,2025-02-22T14:00,43.6,59.8,36.9,13.7
0,Cook County,2025-02-22T15:00,42.7,59.6,39.5,14
0,Cook County,2025-02-22T16:00,43.3,59.7,37.6,13.8
0,Cook County,2025-02-22T17:00,43.4,59.4,36.7,13.8
0,Cook County,2025-02-22T18:00,42.5,58.7,38,14.1
0,Cook County,2025-02-22T19:00,44.6,58.3,30.5,13.4
0,Cook County,2025-02-22T20:00,48.7,58.8,20.8,12.3
0,Cook County,2025-02-22T21:00,50.6,59.4,17.4,11.8
0,Cook County,2025-02-22T22:00,51.4,59.6,15.9,11.6
0,Cook County,2025-02-22T23:00,51.8,58.9,13.8,11.5
0,Cook County,2025-02-23T00:00,52,57.4,10.4,11.5
0,Cook County,2025-02-23T01:00,52.5,56.5,7.5,11.4
0,Cook County,2025-02-23T02:00,53.6,56.8,6,11.1
0,Cook County,2025-02-23T03:00,56.6,59.1,4.4,10.5
0,Cook County,2025-02-23T04:00,60.4,62.1,2.8,9.9
0,Cook County,2025-02-23T05:00,64.2,65.8,2.4,9.3
0,Cook County,2025-02-23T06:00,66.7,67.7,1.5,8.9
0,Cook County,2025-02-23T07:00,64,66,3.1,9.3
0,Cook County,2025-02-23T08:00,60.1,64.2,6.7,9.9
0,Cook County,2025-02-23T09:00,57.4,63.4,10.4,10.4
0,Cook County,2025-02-23T10:00,55,62.8,14.2,10.9
0,Cook County,2025-02-23T11:00,52.5,62.6,19.3,11.4
0,Cook County,2025-02-23T12:00,49.5,61.8,24.8,12.1
0,Cook County,2025-02-23T13:00,47.7,61.5,28.8,12.5
0,Cook County,2025-02-23T14:00,47.6,61.6,29.2,12.5
0,Cook County,2025-02-23T15:00,48.4,61.8,27.7,12.3
0,Cook County,2025-02-23T16:00,49.1,61.8,25.7,12.2
0,Cook County,2025-02-23T17:00,47.9,60.9,27.2,12.5
0,Cook County,2025-02-23T18:00,48.7,60.9,25.1,12.3
0,Cook County,2025-02-23T19:00,51,61.2,19.9,11.7
0,Cook County,2025-02-23T20:00,53.5,61.5,15,11.2
0,Cook County,2025-02-23T21:00,55.2,61.9,12.1,10.8
0,Cook County,2025-02-23T22:00,56.2,61.4,9.2,10.6
0,Cook County,2025-02-23T23:00,56.8,61.1,7.4,10.5
0,Cook County,2025-02-24T00:00,57,61.3,7.5,10.5
0,Cook County,2025-02-24T01:00,57.7,60.9,5.5,10.3
0,Cook County,2025-02-24T02:00,60.2,63.1,4.8,9.9
0,Cook County,2025-02-24T03:00,65,66.7,2.7,9.2
0,Cook County,2025-02-24T04:00,67.4,69.4,3,8.9
0,Cook County,2025-02-24T05:00,65.5,70.9,8.1,9.1
0,Cook County,2025-02-24T06:00,55.3,66.8,20.6,10.8
0,Cook County,2025-02-24T07:00,41.5,58.8,41.6,14.4
0,Cook County,2025-02-24T08:00,40.9,58.4,42.8,14.6
0,Cook County,2025-02-24T09:00,48.5,61.7,27.2,12.3
0,Cook County,2025-02-24T10:00,50.7,61.7,21.7,11.8
0,Cook County,2025-02-24T11:00,49.3,60.9,23.5,12.1
0,Cook County,2025-02-24T12:00,47.9,60.4,26,12.5
0,Cook County,2025-02-24T13:00,47.3,60.4,27.8,12.6
0,Cook County,2025-02-24T14:00,44,59.5,35.3,13.6
0,Cook County,2025-02-24T15:00,39,57.2,46.6,15.3
0,Cook County,2025-02-24T16:00,38.8,57.5,48.2,15.4
0,Cook County,2025-02-24T17:00,38.8,57.3,47.4,15.4
0,Cook County,2025-02-24T18:00,42.5,57.6,35.4,14.1
0,Cook County,2025-02-24T19:00,48,58.3,21.3,12.4
0,Cook County,2025-02-24T20:00,50.7,58.9,16,11.8
0,Cook County,2025-02-24T21:00,52.6,59.2,12.6,11.4
0,Cook County,2025-02-24T22:00,54.1,60,10.8,11
0,Cook County,2025-02-24T23:00,56,60.7,8.3,10.7
0,Cook County,2025-02-25T00:00,56.8,61.3,8,10.5
0,Cook County,2025-02-25T01:00,57.7,62.1,7.5,10.3
0,Cook County,2025-02-25T02:00,61.2,65,6.1,9.7
0,Cook County,2025-02-25T03:00,65.1,67.7,3.9,9.2
0,Cook County,2025-02-25T04:00,67.5,69.9,3.4,8.8
0,Cook County,2025-02-25T05:00,66,71.1,7.8,9
0,Cook County,2025-02-25T06:00,55.2,67,21.2,10.8
0,Cook County,2025-02-25T07:00,41.9,59.9,42.8,14.3
0,Cook County,2025-02-25T08:00,39.6,58.6,47.8,15.1
0,Cook County,2025-02-25T09:00,45.2,60.6,33.9,13.2
0,Cook County,2025-02-25T10:00,48,61,27.1,12.4
0,Cook County,2025-02-25T11:00,47.1,59.8,26.8,12.7
0,Cook County,2025-02-25T12:00,45.8,59.3,29.4,13
0,Cook County,2025-02-25T13:00,45.6,59.6,30.6,13.1
0,Cook County,2025-02-25T14:00,42.8,59.3,38.6,14
0,Cook County,2025-02-25T15:00,38.5,57.5,49.2,15.5
0,Cook County,2025-02-25T16:00,36.8,57.2,55.2,16.2
0,Cook County,2025-02-25T17:00,35.9,56.3,56.8,16.7
0,Cook County,2025-02-25T18:00,40.2,56.9,41.2,14.8
0,Cook County,2025-02-25T19:00,46.3,57.8,24.8,12.9
0,Cook County,2025-02-25T20:00,49.8,58.3,16.9,12
0,Cook County,2025-02-25T21:00,51.8,58.7,13.3,11.5
0,Cook County,2025-02-25T22:00,54.2,59.6,9.8,11
0,Cook County,2025-02-25T23:00,55.3,59.6,7.7,10.8
0,Cook County,2025-02-26T00:00,57.7,61.4,6.4,10.3
0,Cook County,2025-02-26T01:00,57.9,61.4,6,10.3
0,Cook County,2025-02-26T02:00,61.5,64.5,4.9,9.7
0,Cook County,2025-02-26T03:00,66.3,68.1,2.7,9
0,Cook County,2025-02-26T04:00,68.1,70,2.7,8.7
0,Cook County,2025-02-26T05:00,65.8,71.1,8,9.1
0,Cook County,2025-02-26T06:00,52.4,66.2,26.4,11.4
0,Cook County,2025-02-26T07:00,37.6,57.8,53.8,15.9
0,Cook County,2025-02-26T08:00,36,56.7,57.2,16.6
0,Cook County,2025-02-26T09:00,42.8,59.6,39.2,14
0,Cook County,2025-02-26T10:00,47.8,60.9,27.4,12.5
0,Cook County,2025-02-26T11:00,48.4,60.4,24.6,12.3
0,Cook County,2025-02-26T12:00,46.7,59.7,27.8,12.8
0,Cook County,2025-02-26T13:00,46.5,60.1,29,12.8
0,Cook County,2025-02-26T14:00,43.3,59.4,36.9,13.8
0,Cook County,2025-02-26T15:00,38.7,57.4,48.3,15.4
0,Cook County,2025-02-26T16:00,37.1,57.2,53.9,16.1
0,Cook County,2025-02-26T17:00,36.2,56.5,56,16.5
0,Cook County,2025-02-26T18:00,39.2,56.6,44.1,15.2
0,Cook County,2025-02-26T19:00,45.2,57.5,27.1,13.2
0,Cook County,2025-02-26T20:00,49.3,58.5,18.6,12.1
0,Cook County,2025-02-26T21:00,51.4,59.2,15,11.6
0,Cook County,2025-02-26T22:00,53,59.7,12.5,11.3
0,Cook County,2025-02-26T23:00,53.9,59.5,10.3,11.1
0,Cook County,2025-02-27T00:00,56.5,61.2,8.2,10.6
0,Cook County,2025-02-27T01:00,57.6,61.6,6.9,10.4
0,Cook County,2025-02-27T02:00,60.9,64.4,5.6,9.8
0,Cook County,2025-02-27T03:00,65.2,67.5,3.6,9.2
0,Cook County,2025-02-27T04:00,66.8,70,4.7,8.9
0,Cook County,2025-02-27T05:00,66.2,71.2,7.6,9
0,Cook County,2025-02-27T06:00,54.8,66.6,21.6,10.9
0,Cook County,2025-02-27T07:00,40.6,58.5,44,14.7
0,Cook County,2025-02-27T08:00,39.3,57.8,46.9,15.2
0,Cook County,2025-02-27T09:00,45.8,60.5,32.2,13
0,Cook County,2025-02-27T10:00,48.8,61.3,25.7,12.2
0,Cook County,2025-02-27T11:00,48.1,60.6,25.9,12.4
0,Cook County,2025-02-27T12:00,46.5,60.2,29.3,12.8
0,Cook County,2025-02-27T13:00,46.2,60.4,30.7,12.9
0,Cook County,2025-02-27T14:00,42.7,59.7,39.7,14
0,Cook County,2025-02-27T15:00,37.6,57.3,52.4,15.9
0,Cook County,2025-02-27T16:00,36.1,57,57.7,16.5
0,Cook County,2025-02-27T17:00,35.3,56.3,59.5,16.9
0,Cook County,2025-02-27T18:00,39.3,57,44.9,15.2
0,Cook County,2025-02-27T19:00,45.2,57.9,28.2,13.2
0,Cook County,2025-02-27T20:00,49.1,58.6,19.2,12.1
0,Cook County,2025-02-27T21:00,51.5,59.2,14.9,11.6
0,Cook County,2025-02-27T22:00,53.8,59.7,10.9,11.1
0,Cook County,2025-02-27T23:00,55.4,59.7,7.6,10.8
0,Cook County,2025-02-28T00:00,56.7,60.1,6,10.5
0,Cook County,2025-02-28T01:00,57.1,60.3,5.5,10.4
0,Cook County,2025-02-28T02:00,59.8,62.7,4.7,10
0,Cook County,2025-02-28T03:00,65.4,67.1,2.5,9.1
0,Cook County,2025-02-28T04:00,67.9,69.5,2.2,8.8
0,Cook County,2025-02-28T05:00,66.4,71.1,7,9
0,Cook County,2025-02-28T06:00,57.2,66.9,17,10.4
0,Cook County,2025-02-28T07:00,45.3,59.4,31.1,13.2
0,Cook County,2025-02-28T08:00,44.7,58.9,31.8,13.4
0,Cook County,2025-02-28T09:00,48.8,61.4,25.9,12.2
0,Cook County,2025-02-28T10:00,49,61.7,25.8,12.2
0,Cook County,2025-02-28T11:00,47.9,61,27.3,12.5
0,Cook County,2025-02-28T12:00,46.1,60.4,30.9,12.9
0,Cook County,2025-02-28T13:00,45.1,60.5,34.1,13.3
0,Cook County,2025-02-28T14:00,40.9,59.1,44.4,14.6
0,Cook County,2025-02-28T15:00,36.3,57.1,57.2,16.5
0,Cook County,2025-02-28T16:00,35.9,57.2,59.4,16.7
0,Cook County,2025-02-28T17:00,36,57,58.3,16.6
0,Cook County,2025-02-28T18:00,38.2,57.4,50,15.6
0,Cook County,2025-02-28T19:00,42.2,57.6,36.5,14.2
0,Cook County,2025-02-28T20:00,46.6,58.4,25.2,12.8
0,Cook County,2025-02-28T21:00,49.3,58.8,19.2,12.1
0,Cook County,2025-02-28T22:00,50.4,59.1,17.1,11.8
0,Cook County,2025-02-28T23:00,51.8,58.2,12.2,11.5
0,Cook County,2025-03-01T00:00,52.9,57.8,9.1,11.3
0,Cook County,2025-03-01T01:00,53.4,57.2,7,11.2
0,Cook County,2025-03-01T02:00,55.6,58.7,5.4,10.7
0,Cook County,2025-03-01T03:00,59.8,61.9,3.4,10
0,Cook County,2025-03-01T04:00,63.9,65.7,2.8,9.3
0,Cook County,2025-03-01T05:00,66.2,68.3,3.1,9
0,Cook County,2025-03-01T06:00,65.8,68.1,3.5,9.1
0,Cook County,2025-03-01T07:00,61.3,65.7,7,9.7
0,Cook County,2025-03-01T08:00,57.2,63.9,11.6,10.4
0,Cook County,2025-03-01T09:00,53.5,62.5,16.7,11.1
0,Cook County,2025-03-01T10:00,50.3,61.7,22.6,11.9
0,Cook County,2025-03-01T11:00,46.8,60.6,29.5,12.8
0,Cook County,2025-03-01T12:00,44,59.8,35.8,13.6
0,Cook County,2025-03-01T13:00,43.6,59.7,36.7,13.7
0,Cook County,2025-03-01T14:00,43,59.6,38.4,13.9
0,Cook County,2025-03-01T15:00,43.3,59.8,37.9,13.8
0,Cook County,2025-03-01T16:00,43.7,60.1,37.3,13.7
0,Cook County,2025-03-01T17:00,43,59.4,38.1,13.9
0,Cook County,2025-03-01T18:00,42.4,58.8,38.5,14.1
0,Cook County,2025-03-01T19:00,44.7,58.1,29.9,13.3
0,Cook County,2025-03-01T20:00,48.9,59,20.6,12.2
0,Cook County,2025-03-01T21:00,51.1,59.7,16.8,11.7
0,Cook County,2025-03-01T22:00,50.5,60,18.8,11.8
0,Cook County,2025-03-01T23:00,52.6,58.8,11.8,11.3
0,Cook County,2025-03-02T00:00,53,57.9,9.2,11.3
0,Cook County,2025-03-02T01:00,53.5,57.3,7,11.1
0,Cook County,2025-03-02T02:00,55.1,58.1,5.5,10.8
0,Cook County,2025-03-02T03:00,57.6,59.6,3.5,10.4
0,Cook County,2025-03-02T04:00,61.5,62.9,2.3,9.7
0,Cook County,2025-03-02T05:00,64.1,65.5,2.2,9.3
0,Cook County,2025-03-02T06:00,66.3,67.1,1.1,9
0,Cook County,2025-03-02T07:00,63.3,65.4,3.2,9.4
0,Cook County,2025-03-02T08:00,59.4,63.6,6.9,10
0,Cook County,2025-03-02T09:00,57,63.1,10.8,10.5
0,Cook County,2025-03-02T10:00,54.5,62.7,14.9,10.9
0,Cook County,2025-03-02T11:00,51.6,62.2,20.4,11.6
0,Cook County,2025-03-02T12:00,48.5,61.4,26.6,12.3
0,Cook County,2025-03-02T13:00,47.5,61.3,28.9,12.6
0,Cook County,2025-03-02T14:00,47.1,61.2,29.8,12.7
0,Cook County,2025-03-02T15:00,47.6,61.2,28.6,12.5
0,Cook County,2025-03-02T16:00,48.5,61.5,26.5,12.3
0,Cook County,2025-03-02T17:00,48.3,61.1,26.3,12.4
0,Cook County,2025-03-02T18:00,49.3,60.9,23.5,12.1
0,Cook County,2025-03-02T19:00,51.5,61.1,18.5,11.6
0,Cook County,2025-03-02T20:00,53.9,61.6,14.2,11.1
0,Cook County,2025-03-02T21:00,55.3,61.6,11.4,10.8
0,Cook County,2025-03-02T22:00,55.8,60.5,8.3,10.7
0,Cook County,2025-03-02T23:00,57.3,60.7,5.9,10.4
0,Cook County,2025-03-03T00:00,58.6,61.4,4.8,10.2
0,Cook County,2025-03-03T01:00,58.8,61.6,4.7,10.2
0,Cook County,2025-03-03T02:00,61.3,63.8,3.9,9.7
0,Cook County,2025-03-03T03:00,66.2,67.3,1.7,9
0,Cook County,2025-03-03T04:00,69.5,70.3,1.2,8.6
0,Cook County,2025-03-03T05:00,67.6,71.5,5.7,8.8
0,Cook County,2025-03-03T06:00,58.5,67.9,16,10.2
0,Cook County,2025-03-03T07:00,45.2,60,32.8,13.2
0,Cook County,2025-03-03T08:00,44.3,59.3,33.7,13.5
0,Cook County,2025-03-03T09:00,50.5,61.7,22.1,11.8
0,Cook County,2025-03-03T10:00,50.7,61.5,21.2,11.8
0,Cook County,2025-03-03T11:00,49.7,61,22.7,12
0,Cook County,2025-03-03T12:00,48.1,60.2,25.1,12.4
0,Cook County,2025-03-03T13:00,47.9,60.5,26.2,12.5
0,Cook County,2025-03-03T14:00,45.1,59.9,32.6,13.2
0,Cook County,2025-03-03T15:00,40.7,57.8,41.7,14.7
0,Cook County,2025-03-03T16:00,40.2,57.9,44.1,14.9
0,Cook County,2025-03-03T17:00,40.5,57.8,42.8,14.8
0,Cook County,2025-03-03T18:00,43.7,57.9,32.2,13.7
0,Cook County,2025-03-03T19:00,47.5,57.7,21.5,12.6
0,Cook County,2025-03-03T20:00,51,58.8,15.2,11.7
0,Cook County,2025-03-03T21:00,52.8,58.9,11.6,11.3
0,Cook County,2025-03-03T22:00,55.6,60.7,9.2,10.7
0,Cook County,2025-03-03T23:00,56.4,60.3,6.9,10.6
0,Cook County,2025-03-04T00:00,57.9,61.5,6.3,10.3
0,Cook County,2025-03-04T01:00,57.8,62.1,7.5,10.3
0,Cook County,2025-03-04T02:00,60.7,64.4,6,9.8
0,Cook County,2025-03-04T03:00,65.2,67.7,3.7,9.1
0,Cook County,2025-03-04T04:00,67.9,70,3.1,8.8
0,Cook County,2025-03-04T05:00,63.8,70.4,10.3,9.4
0,Cook County,2025-03-04T06:00,50.3,65.4,29.7,11.9
0,Cook County,2025-03-04T07:00,38.2,57.6,50.5,15.6
0,Cook County,2025-03-04T08:00,36.8,56.9,54.6,16.3
0,Cook County,2025-03-04T09:00,43.6,59.8,37.1,13.7
0,Cook County,2025-03-04T10:00,48.4,60.7,25.3,12.3
0,Cook County,2025-03-04T11:00,47.6,60.1,26.2,12.6
0,Cook County,2025-03-04T12:00,43.9,58.9,34.1,13.6
0,Cook County,2025-03-04T13:00,42.4,58.9,38.8,14.1
0,Cook County,2025-03-04T14:00,38.7,57.9,49.5,15.4
0,Cook County,2025-03-04T15:00,35.5,56,57.5,16.8
0,Cook County,2025-03-04T16:00,35.3,56.5,59.6,16.9
0,Cook County,2025-03-04T17:00,34.4,56,62.5,17.4
0,Cook County,2025-03-04T18:00,39.5,56.4,42.8,15.1
0,Cook County,2025-03-04T19:00,44.3,57.1,28.7,13.5
0,Cook County,2025-03-04T20:00,47.5,57.8,21.8,12.6
0,Cook County,2025-03-04T21:00,49.4,58.5,18.2,12.1
0,Cook County,2025-03-04T22:00,52.6,59.2,12.5,11.3
0,Cook County,2025-03-04T23:00,55.1,59.8,8.6,10.8
0,Cook County,2025-03-05T00:00,56.8,61,7.3,10.5
0,Cook County,2025-03-05T01:00,56.4,61.6,9.2,10.6
0,Cook County,2025-03-05T02:00,58.4,63.7,9.2,10.2
0,Cook County,2025-03-05T03:00,63.9,67.5,5.6,9.3
0,Cook County,2025-03-05T04:00,67.5,70,3.7,8.8
0,Cook County,2025-03-05T05:00,65.1,70.7,8.5,9.2
0,Cook County,2025-03-05T06:00,52.8,66.2,25.1,11.3
0,Cook County,2025-03-05T07:00,39.6,58.1,46.7,15.1
0,Cook County,2025-03-05T08:00,38.1,57.4,50.4,15.7
0,Cook County,2025-03-05T09:00,44.9,60.2,34,13.3
0,Cook County,2025-03-05T10:00,48.9,60.8,24.4,12.2
0,Cook County,2025-03-05T11:00,48,60,25,12.4
0,Cook County,2025-03-05T12:00,45.7,59.3,29.8,13.1
0,Cook County,2025-03-05T13:00,43.8,59.3,35.4,13.6
0,Cook County,2025-03-05T14:00,39.9,58.1,45.5,15
0,Cook County,2025-03-05T15:00,34.8,55.8,60.4,17.2
0,Cook County,2025-03-05T16:00,32.8,55.4,68.4,18.2
0,Cook County,2025-03-05T17:00,32.9,54.9,66.8,18.2
0,Cook County,2025-03-05T18:00,37.7,55.6,47.2,15.8
0,Cook County,2025-03-05T19:00,44.7,56.7,26.9,13.4
0,Cook County,2025-03-05T20:00,48.3,57.4,18.8,12.4
0,Cook County,2025-03-05T21:00,51.3,59,14.9,11.6
0,Cook County,2025-03-05T22:00,53.5,59.2,10.8,11.2
0,Cook County,2025-03-05T23:00,55.6,59.8,7.5,10.7
0,Cook County,2025-03-06T00:00,57,60.7,6.5,10.5
0,Cook County,2025-03-06T01:00,58,61.5,5.9,10.3
0,Cook County,2025-03-06T02:00,61.4,64.6,5,9.7
0,Cook County,2025-03-06T03:00,66.2,68,2.6,9
0,Cook County,2025-03-06T04:00,68.7,70.1,2,8.7
0,Cook County,2025-03-06T05:00,66.7,71,6.4,8.9
0,Cook County,2025-03-06T06:00,54.3,66.1,21.6,11
0,Cook County,2025-03-06T07:00,40.2,58.1,44.3,14.8
0,Cook County,2025-03-06T08:00,39.1,57.3,46.5,15.3
0,Cook County,2025-03-06T09:00,45.5,60.1,31.8,13.1
0,Cook County,2025-03-06T10:00,48.8,60.9,24.9,12.2
0,Cook County,2025-03-06T11:00,48,60.4,25.7,12.4
0,Cook County,2025-03-06T12:00,46.2,59.8,29.3,12.9
0,Cook County,2025-03-06T13:00,45.9,60.2,31,13
0,Cook County,2025-03-06T14:00,42.6,59.5,39.6,14
0,Cook County,2025-03-06T15:00,37.2,57,53.1,16.1
0,Cook County,2025-03-06T16:00,35.6,56.5,58.8,16.8
0,Cook County,2025-03-06T17:00,34.6,55.7,61,17.3
0,Cook County,2025-03-06T18:00,39.2,56.7,44.6,15.2
0,Cook County,2025-03-06T19:00,44.8,57.8,29,13.3
0,Cook County,2025-03-06T20:00,48.9,58.6,19.6,12.2
0,Cook County,2025-03-06T21:00,51.1,59.1,15.6,11.7
0,Cook County,2025-03-06T22:00,53.5,59.2,10.8,11.2
0,Cook County,2025-03-06T23:00,54.8,59.3,8.1,10.9
0,Cook County,2025-03-07T00:00,56.6,60.4,6.6,10.5
0,Cook County,2025-03-07T01:00,58,61,5.1,10.3
0,Cook County,2025-03-07T02:00,59.9,62.6,4.4,10
0,Cook County,2025-03-07T03:00,65.2,67,2.7,9.1
0,Cook County,2025-03-07T04:00,68.3,69.7,2,8.7
0,Cook County,2025-03-07T05:00,66.1,70.6,6.7,9
0,Cook County,2025-03-07T06:00,56.5,66.2,17,10.6
0,Cook County,2025-03-07T07:00,44.5,58.9,32.2,13.4
0,Cook County,2025-03-07T08:00,44.7,58.8,31.7,13.4
0,Cook County,2025-03-07T09:00,49.7,61.2,23.2,12
0,Cook County,2025-03-07T10:00,48.8,61.4,25.6,12.2
0,Cook County,2025-03-07T11:00,45.5,60.3,32.6,13.1
0,Cook County,2025-03-07T12:00,42.8,59.5,38.9,14
0,Cook County,2025-03-07T13:00,41.2,59.1,43.3,14.5
0,Cook County,2025-03-07T14:00,38,57.9,52.5,15.7
0,Cook County,2025-03-07T15:00,34.4,56.1,63.1,17.4
0,Cook County,2025-03-07T16:00,35.3,56.7,60.5,16.9
0,Cook County,2025-03-07T17:00,36.6,57.2,56.2,16.3
0,Cook County,2025-03-07T18:00,39.1,57.3,46.5,15.3
0,Cook County,2025-03-07T19:00,43.9,57.6,31.1,13.6
0,Cook County,2025-03-07T20:00,47.8,58.3,21.8,12.5
0,Cook County,2025-03-07T21:00,50.2,58.9,17.2,11.9
0,Cook County,2025-03-07T22:00,50.5,58.9,16.6,11.8
0,Cook County,2025-03-07T23:00,52,58.9,13.2,11.5
0,Cook County,2025-03-08T00:00,52.7,57.6,9.3,11.3
0,Cook County,2025-03-08T01:00,53.3,57.1,7,11.2
0,Cook County,2025-03-08T02:00,55.2,58.3,5.5,10.8
0,Cook County,2025-03-08T03:00,59.3,61.8,4.1,10.1
0,Cook County,2025-03-08T04:00,63.2,65.4,3.4,9.4
0,Cook County,2025-03-08T05:00,67.5,69.3,2.6,8.8
0,Cook County,2025-03-08T06:00,66.3,68.5,3.3,9
0,Cook County,2025-03-08T07:00,61.6,65.9,6.9,9.7
0,Cook County,2025-03-08T08:00,57.3,64,11.6,10.4
0,Cook County,2025-03-08T09:00,53.6,62.9,17.3,11.1
0,Cook County,2025-03-08T10:00,49.9,61.7,23.5,12
0,Cook County,2025-03-08T11:00,46.8,61,30.3,12.8
0,Cook County,2025-03-08T12:00,44.3,60.3,36,13.5
0,Cook County,2025-03-08T13:00,43.5,60,37.8,13.7
0,Cook County,2025-03-08T14:00,42.9,59.9,39.6,13.9
0,Cook County,2025-03-08T15:00,42.6,59.8,40.3,14
0,Cook County,2025-03-08T16:00,42.9,59.8,39.4,13.9
0,Cook County,2025-03-08T17:00,42.7,59.5,39.2,14
0,Cook County,2025-03-08T18:00,43.2,58.9,36.4,13.8
0,Cook County,2025-03-08T19:00,45.8,58.7,28,13
0,Cook County,2025-03-08T20:00,48.9,59.2,21,12.2
0,Cook County,2025-03-08T21:00,50.7,59.6,17.7,11.8
0,Cook County,2025-03-08T22:00,51.6,59.7,15.6,11.6
0,Cook County,2025-03-08T23:00,52,59.5,14.2,11.5
0,Cook County,2025-03-09T00:00,53.1,58.1,9.3,11.2
0,Cook County,2025-03-09T01:00,53.7,57.6,7.1,11.1
0,Cook County,2025-03-09T03:00,55.6,58.4,5.1,10.7
0,Cook County,2025-03-09T04:00,59.5,61.6,3.4,10
0,Cook County,2025-03-09T05:00,64.2,65.5,1.9,9.3
0,Cook County,2025-03-09T06:00,66.3,67.7,2.1,9
0,Cook County,2025-03-09T07:00,65.3,66.9,2.4,9.1
0,Cook County,2025-03-09T08:00,62.4,65.4,4.8,9.6
0,Cook County,2025-03-09T09:00,59.3,64.4,8.4,10.1
0,Cook County,2025-03-09T10:00,56.6,63.6,12.4,10.5
0,Cook County,2025-03-09T11:00,53.4,63,17.9,11.2
0,Cook County,2025-03-09T12:00,49.8,62.1,24.8,12
0,Cook County,2025-03-09T13:00,47.7,61.7,29.4,12.5
0,Cook County,2025-03-09T14:00,45.8,61.2,33.4,13
0,Cook County,2025-03-09T15:00,46.5,61.5,32.2,12.8
0,Cook County,2025-03-09T16:00,47.6,61.5,29.3,12.6
0,Cook County,2025-03-09T17:00,48.5,61.3,26.4,12.3
0,Cook County,2025-03-09T18:00,48.7,61,25.2,12.3
0,Cook County,2025-03-09T19:00,49.8,60.9,22.1,12
0,Cook County,2025-03-09T20:00,52,61.6,18.3,11.5
0,Cook County,2025-03-09T21:00,54.2,61.3,13.1,11
0,Cook County,2025-03-09T22:00,56.2,61.6,9.6,10.6
0,Cook County,2025-03-09T23:00,57.2,61,6.6,10.4
0,Cook County,2025-03-10T00:00,57.7,60.8,5.4,10.3
0,Cook County,2025-03-10T01:00,59.1,61.8,4.5,10.1
0,Cook County,2025-03-10T02:00,60.9,63.5,4.2,9.8
0,Cook County,2025-03-10T03:00,64.6,66.3,2.5,9.2
0,Cook County,2025-03-10T04:00,68.9,69.9,1.4,8.6
0,Cook County,2025-03-10T05:00,67.8,71.5,5.5,8.8
0,Cook County,2025-03-10T06:00,57,67.8,19,10.5
0,Cook County,2025-03-10T07:00,43.6,59.7,36.8,13.7
0,Cook County,2025-03-10T08:00,42,58.7,39.5,14.2
0,Cook County,2025-03-10T09:00,48.1,61.4,27.5,12.4
0,Cook County,2025-03-10T10:00,50.2,61.8,23.1,11.9
0,Cook County,2025-03-10T11:00,49,61.1,24.8,12.2
0,Cook County,2025-03-10T12:00,47,60.1,27.8,12.7
0,Cook County,2025-03-10T13:00,46.7,60.2,28.9,12.8
0,Cook County,2025-03-10T14:00,43.5,59.5,36.8,13.7
0,Cook County,2025-03-10T15:00,38,57.1,50.2,15.7
0,Cook County,2025-03-10T16:00,37,57,53.6,16.1
0,Cook County,2025-03-10T17:00,37.1,56.7,52.4,16.1
0,Cook County,2025-03-10T18:00,41.5,57,37.3,14.4
0,Cook County,2025-03-10T19:00,46.5,57.7,23.9,12.8
0,Cook County,2025-03-10T20:00,49.6,58.5,17.8,12
0,Cook County,2025-03-10T21:00,51.3,58.9,14.6,11.6
0,Cook County,2025-03-10T22:00,53.8,59.9,11.2,11.1
0,Cook County,2025-03-10T23:00,55.6,60.1,8,10.7
0,Cook County,2025-03-11T00:00,57.1,60.8,6.5,10.4
0,Cook County,2025-03-11T01:00,58.5,61.9,5.8,10.2
0,Cook County,2025-03-11T02:00,61.1,64.3,5.1,9.8
0,Cook County,2025-03-11T03:00,65.4,67.4,3,9.1
0,Cook County,2025-03-11T04:00,68,69.7,2.5,8.8
0,Cook County,2025-03-11T05:00,67.4,71.4,6,8.8
0,Cook County,2025-03-11T06:00,55.7,67.3,20.8,10.7
0,Cook County,2025-03-11T07:00,41.1,58.8,43,14.5
0,Cook County,2025-03-11T08:00,38.7,57.6,48.7,15.4
0,Cook County,2025-03-11T09:00,44.8,60.1,34,13.3
0,Cook County,2025-03-11T10:00,48.8,61.2,25.3,12.2
0,Cook County,2025-03-11T11:00,48.1,60.4,25.4,12.4
0,Cook County,2025-03-11T12:00,46.8,59.7,27.5,12.8
0,Cook County,2025-03-11T13:00,46.7,59.9,28.2,12.8
0,Cook County,2025-03-11T14:00,43.2,59.2,37,13.8
0,Cook County,2025-03-11T15:00,37.5,57.1,51.9,15.9
0,Cook County,2025-03-11T16:00,36,56.7,57.3,16.6
0,Cook County,2025-03-11T17:00,35.9,56.2,56.6,16.6
0,Cook County,2025-03-11T18:00,41.2,56.7,37.7,14.5
0,Cook County,2025-03-11T19:00,46.3,57.3,23.8,12.9
0,Cook County,2025-03-11T20:00,48.9,58.1,18.6,12.2
0,Cook County,2025-03-11T21:00,51.5,58.6,13.7,11.6
0,Cook County,2025-03-11T22:00,53.8,59.5,10.5,11.1
0,Cook County,2025-03-11T23:00,55.1,59.5,7.9,10.8
0,Cook County,2025-03-12T00:00,57.2,60.8,6.2,10.4
0,Cook County,2025-03-12T01:00,58,61.4,5.7,10.3
0,Cook County,2025-03-12T02:00,61.4,64.3,4.6,9.7
0,Cook County,2025-03-12T03:00,65.8,67.8,2.9,9.1
0,Cook County,2025-03-12T04:00,68.4,70,2.3,8.7
0,Cook County,2025-03-12T05:00,66.8,71.3,6.7,8.9
0,Cook County,2025-03-12T06:00,55.3,67.2,21.6,10.8
0,Cook County,2025-03-12T07:00,41.5,59,42.1,14.4
0,Cook County,2025-03-12T08:00,39,57.6,47.6,15.3
0,Cook County,2025-03-12T09:00,44.6,60.1,34.7,13.4
0,Cook County,2025-03-12T10:00,47.6,61,28,12.5
0,Cook County,2025-03-12T11:00,47.4,60.3,27,12.6
0,Cook County,2025-03-12T12:00,46.3,59.8,29.1,12.9
0,Cook County,2025-03-12T13:00,45.8,59.8,30.5,13
0,Cook County,2025-03-12T14:00,42,59.2,40.7,14.2
0,Cook County,2025-03-12T15:00,36.8,57.1,55,16.2
0,Cook County,2025-03-12T16:00,35.2,56.5,60.3,17
0,Cook County,2025-03-12T17:00,34.6,55.8,61.1,17.3
0,Cook County,2025-03-12T18:00,39.1,56.3,44,15.3
0,Cook County,2025-03-12T19:00,44.2,57.3,29.8,13.5
0,Cook County,2025-03-12T20:00,47.9,58.2,21.6,12.5
0,Cook County,2025-03-12T21:00,50.5,58.6,16,11.8
0,Cook County,2025-03-12T22:00,52.8,59.3,12.3,11.3
0,Cook County,2025-03-12T23:00,55.1,59.7,8.3,10.8
0,Cook County,2025-03-13T00:00,57,60.6,6.2,10.5
0,Cook County,2025-03-13T01:00,58.9,62.2,5.4,10.1
0,Cook County,2025-03-13T02:00,61.6,64.5,4.7,9.7
0,Cook County,2025-03-13T03:00,66.4,68.2,2.7,9
0,Cook County,2025-03-13T04:00,67.8,70,3.2,8.8
0,Cook County,2025-03-13T05:00,66.3,71.4,7.7,9
0,Cook County,2025-03-13T06:00,54.8,67,22.3,10.9
0,Cook County,2025-03-13T07:00,41,58.8,43.3,14.6
0,Cook County,2025-03-13T08:00,38.8,57.6,48.4,15.4
0,Cook County,2025-03-13T09:00,44.5,60.4,35.6,13.4
0,Cook County,2025-03-13T10:00,47.8,61.4,28.3,12.5
0,Cook County,2025-03-13T11:00,47.7,60.8,27.4,12.5
0,Cook County,2025-03-13T12:00,45.9,60.1,30.8,13
0,Cook County,2025-03-13T13:00,44.9,60.2,33.9,13.3
0,Cook County,2025-03-13T14:00,41.4,59.5,43.5,14.4
0,Cook County,2025-03-13T15:00,36.1,57,57.5,16.5
0,Cook County,2025-03-13T16:00,34.9,56.8,62.7,17.1
0,Cook County,2025-03-13T17:00,34.2,56.1,63.7,17.5
0,Cook County,2025-03-13T18:00,38.5,56.6,47,15.5
0,Cook County,2025-03-13T19:00,43.8,57.7,31.6,13.6
0,Cook County,2025-03-13T20:00,46.5,58.3,25.2,12.8
0,Cook County,2025-03-13T21:00,48.9,58.8,20.2,12.2
0,Cook County,2025-03-13T22:00,51,59.5,16.6,11.7
0,Cook County,2025-03-13T23:00,54.2,59.3,9.3,11
0,Cook County,2025-03-14T00:00,55.7,59.9,7.4,10.7
0,Cook County,2025-03-14T01:00,57,60.4,5.9,10.5
0,Cook County,2025-03-14T02:00,59.4,62.1,4.5,10
0,Cook County,2025-03-14T03:00,63.4,65.7,3.5,9.4
0,Cook County,2025-03-14T04:00,66.9,69.2,3.3,8.9
0,Cook County,2025-03-14T05:00,66.2,70.7,6.8,9
0,Cook County,2025-03-14T06:00,56.5,67,18.6,10.6
0,Cook County,2025-03-14T07:00,44.7,59.5,33.1,13.4
0,Cook County,2025-03-14T08:00,43.8,58.7,34,13.6
0,Cook County,2025-03-14T09:00,48.8,61.7,26.4,12.2
0,Cook County,2025-03-14T10:00,48.7,61.9,26.9,12.3
0,Cook County,2025-03-14T11:00,46.2,60.8,31.6,12.9
0,Cook County,2025-03-14T12:00,43.7,59.9,36.8,13.7
0,Cook County,2025-03-14T13:00,42.3,59.6,40.7,14.1
0,Cook County,2025-03-14T14:00,38.7,58.7,51.4,15.4
0,Cook County,2025-03-14T15:00,34.4,56.8,64.9,17.4
0,Cook County,2025-03-14T16:00,34.1,56.8,66.5,17.5
0,Cook County,2025-03-14T17:00,35.2,56.9,61.6,17
0,Cook County,2025-03-14T18:00,37.6,57.2,51.9,15.9
0,Cook County,2025-03-14T19:00,39.7,57,43.5,15
0,Cook County,2025-03-14T20:00,43.2,57.8,33.6,13.8
0,Cook County,2025-03-14T21:00,46.3,58,25.1,12.9
0,Cook County,2025-03-14T22:00,47.5,58,22.1,12.6
0,Cook County,2025-03-14T23:00,48.1,57.5,19.4,12.4
0,Cook County,2025-03-15T00:00,47.8,56.9,18.9,12.5
0,Cook County,2025-03-15T01:00,48.2,56.3,16.8,12.4
0,Cook County,2025-03-15T02:00,53.3,59,10.6,11.2
0,Cook County,2025-03-15T03:00,59.1,62.5,5.8,10.1
0,Cook County,2025-03-15T04:00,63.9,66.5,4,9.3
0,Cook County,2025-03-15T05:00,67.3,69.5,3.2,8.9
0,Cook County,2025-03-15T06:00,64.5,68,5.4,9.3
0,Cook County,2025-03-15T07:00,60.7,65.7,8.2,9.8
0,Cook County,2025-03-15T08:00,55.2,63.5,15.1,10.8
0,Cook County,2025-03-15T09:00,48.1,61.6,28,12.4
0,Cook County,2025-03-15T10:00,45.3,60.7,33.7,13.2
0,Cook County,2025-03-15T11:00,44.2,60.5,36.6,13.5
0,Cook County,2025-03-15T12:00,42.3,59.7,41.2,14.1
0,Cook County,2025-03-15T13:00,41.2,59.2,43.5,14.5
0,Cook County,2025-03-15T14:00,41.3,59.3,43.5,14.5
0,Cook County,2025-03-15T15:00,41.7,59.3,42.3,14.3
0,Cook County,2025-03-15T16:00,42.3,59.3,40.2,14.1
0,Cook County,2025-03-15T17:00,43.3,59.2,36.5,13.8
0,Cook County,2025-03-15T18:00,43.9,58.9,34.1,13.6
0,Cook County,2025-03-15T19:00,44.2,58.2,31.3,13.5
0,Cook County,2025-03-15T20:00,45.9,58,26.3,13
0,Cook County,2025-03-15T21:00,46.8,58,23.9,12.8
0,Cook County,2025-03-15T22:00,45.3,57.5,27,13.2
0,Cook County,2025-03-15T23:00,44.9,57.1,27,13.3
0,Cook County,2025-03-16T00:00,48.2,57.3,18.7,12.4
0,Cook County,2025-03-16T01:00,52.4,57.8,10.1,11.4
0,Cook County,2025-03-16T02:00,52.4,57.4,9.4,11.4
0,Cook County,2025-03-16T03:00,53.8,59.1,9.8,11.1
0,Cook County,2025-03-16T04:00,59.6,63.3,6.1,10
0,Cook County,2025-03-16T05:00,63.7,66.8,4.8,9.4
0,Cook County,2025-03-16T06:00,64,67.4,5.2,9.3
0,Cook County,2025-03-16T07:00,63,66.2,5,9.5
0,Cook County,2025-03-16T08:00,60.1,64.9,8,9.9
0,Cook County,2025-03-16T09:00,55.6,63.8,14.6,10.7
0,Cook County,2025-03-16T10:00,52,62.9,20.8,11.5
0,Cook County,2025-03-16T11:00,47.2,61.9,31.1,12.7
0,Cook County,2025-03-16T12:00,43.5,60.6,39,13.7
0,Cook County,2025-03-16T13:00,43.7,60.4,38.2,13.7
0,Cook County,2025-03-16T14:00,44.7,60.6,35.3,13.4
0,Cook County,2025-03-16T15:00,46.8,61.3,30.9,12.8
0,Cook County,2025-03-16T16:00,49,61.8,25.9,12.2
0,Cook County,2025-03-16T17:00,50,61.3,22.5,11.9
0,Cook County,2025-03-16T18:00,50.3,61,21.2,11.9
0,Cook County,2025-03-16T19:00,51.7,61.1,18.2,11.6
0,Cook County,2025-03-16T20:00,52.5,61,16.1,11.4
0,Cook County,2025-03-16T21:00,54.3,61.1,12.5,11
0,Cook County,2025-03-16T22:00,55.6,60.8,9.2,10.7
0,Cook County,2025-03-16T23:00,57,61,6.9,10.5
0,Cook County,2025-03-17T00:00,59,62,5.1,10.1
0,Cook County,2025-03-17T01:00,59.8,62.3,4.2,10
0,Cook County,2025-03-17T02:00,62,64.1,3.3,9.6
0,Cook County,2025-03-17T03:00,66.2,67.5,1.8,9
0,Cook County,2025-03-17T04:00,69,69.8,1.2,8.6
0,Cook County,2025-03-17T05:00,67.3,71.7,6.4,8.9
0,Cook County,2025-03-17T06:00,55.6,67.6,21.6,10.7
0,Cook County,2025-03-17T07:00,42.6,59.4,39.4,14
0,Cook County,2025-03-17T08:00,41.1,58.5,42.3,14.5
0,Cook County,2025-03-17T09:00,46.5,61.1,31.2,12.8
0,Cook County,2025-03-17T10:00,48.9,62,26.8,12.2
0,Cook County,2025-03-17T11:00,48.5,61.1,26.1,12.3
0,Cook County,2025-03-17T12:00,47,60.2,28.1,12.7
0,Cook County,2025-03-17T13:00,46.1,60.1,30.4,13
0,Cook County,2025-03-17T14:00,42.6,59.2,38.9,14
0,Cook County,2025-03-17T15:00,37.3,56.9,52.4,16
0,Cook County,2025-03-17T16:00,36.8,56.9,54.5,16.2
0,Cook County,2025-03-17T17:00,37,56.6,52.6,16.1
0,Cook County,2025-03-17T18:00,41.7,57.2,37.2,14.3
0,Cook County,2025-03-17T19:00,46.9,57.9,23.4,12.7
0,Cook County,2025-03-17T20:00,49.3,58.2,18.1,12.1
0,Cook County,2025-03-17T21:00,51.5,58.8,14.2,11.6
0,Cook County,2025-03-17T22:00,53.4,59.6,11.5,11.2
0,Cook County,2025-03-17T23:00,56,60.7,8.2,10.6
0,Cook County,2025-03-18T00:00,57.3,61.1,6.6,10.4
0,Cook County,2025-03-18T01:00,58.4,61.9,5.8,10.2
0,Cook County,2025-03-18T02:00,61.4,64.6,5.2,9.7
0,Cook County,2025-03-18T03:00,66,68.1,3.1,9
0,Cook County,2025-03-18T04:00,68.1,70.2,3.1,8.8
0,Cook County,2025-03-18T05:00,65.8,71.3,8.4,9.1
0,Cook County,2025-03-18T06:00,52.3,66.2,26.5,11.4
0,Cook County,2025-03-18T07:00,39.6,58.2,46.9,15.1
0,Cook County,2025-03-18T08:00,37.4,57,52.2,16
0,Cook County,2025-03-18T09:00,42.3,59.3,40.2,14.1
0,Cook County,2025-03-18T10:00,45.6,60.3,32.1,13.1
0,Cook County,2025-03-18T11:00,46.1,59.9,29.9,13
0,Cook County,2025-03-18T12:00,45,59.4,32,13.3
0,Cook County,2025-03-18T13:00,44.5,59.6,34,13.4
0,Cook County,2025-03-18T14:00,40.9,58.6,43.2,14.6
0,Cook County,2025-03-18T15:00,36.4,56.6,55.5,16.4
0,Cook County,2025-03-18T16:00,34.5,56.3,63.1,17.3
0,Cook County,2025-03-18T17:00,33.6,55.5,65,17.8
0,Cook County,2025-03-18T18:00,38,56,47.4,15.7
0,Cook County,2025-03-18T19:00,43,56.8,31.9,13.9
0,Cook County,2025-03-18T20:00,47,57.8,22.7,12.7
0,Cook County,2025-03-18T21:00,49.5,58.1,17.2,12.1
0,Cook County,2025-03-18T22:00,51.7,59.3,14.7,11.6
0,Cook County,2025-03-18T23:00,54.1,59.7,10.3,11
0,Cook County,2025-03-19T00:00,55.9,60,7.2,10.7
0,Cook County,2025-03-19T01:00,57.3,61,6.3,10.4
0,Cook County,2025-03-19T02:00,61.4,64.3,4.8,9.7
0,Cook County,2025-03-19T03:00,65.9,67.8,2.9,9.1
0,Cook County,2025-03-19T04:00,68.6,70.2,2.4,8.7
0,Cook County,2025-03-19T05:00,65,71.2,9.5,9.2
0,Cook County,2025-03-19T06:00,51.7,65.9,27.4,11.6
0,Cook County,2025-03-19T07:00,39.9,58.3,46.1,15
0,Cook County,2025-03-19T08:00,38.1,57.2,49.8,15.7
0,Cook County,2025-03-19T09:00,42.4,59.1,39.2,14.1
0,Cook County,2025-03-19T10:00,45.2,60.1,33,13.2
0,Cook County,2025-03-19T11:00,44.8,59.7,33.2,13.3
0,Cook County,2025-03-19T12:00,42.9,59.1,37.6,13.9
0,Cook County,2025-03-19T13:00,40.6,58.5,43.9,14.7
0,Cook County,2025-03-19T14:00,37.1,57,53.7,16.1
0,Cook County,2025-03-19T15:00,32.5,54.8,68.4,18.4
0,Cook County,2025-03-19T16:00,33.2,55.4,66.8,18
0,Cook County,2025-03-19T17:00,31.8,54.5,71.2,18.8
0,Cook County,2025-03-19T18:00,36.2,54.6,50.8,16.5
0,Cook County,2025-03-19T19:00,42.8,55.9,30.5,13.9
0,Cook County,2025-03-19T20:00,47.3,57.2,20.9,12.6
0,Cook County,2025-03-19T21:00,50.2,58.6,16.5,11.9
0,Cook County,2025-03-19T22:00,52.8,59.9,13.4,11.3
0,Cook County,2025-03-19T23:00,55.8,61,9.3,10.7
0,Cook County,2025-03-20T00:00,57.2,61.5,7.4,10.4
0,Cook County,2025-03-20T01:00,57.4,61.9,7.8,10.4
0,Cook County,2025-03-20T02:00,58.5,64.7,10.7,10.2
0,Cook County,2025-03-20T03:00,60.4,68.1,12.7,9.9
0,Cook County,2025-03-20T04:00,59.8,70,17,10
0,Cook County,2025-03-20T05:00,54.8,70.6,28.6,10.9
0,Cook County,2025-03-20T06:00,43.9,64.6,46.9,13.6
0,Cook County,2025-03-20T07:00,35.2,56.9,61.3,17
0,Cook County,2025-03-20T08:00,35,56.4,60.8,17
0,Cook County,2025-03-20T09:00,41.5,59.1,42.3,14.4
0,Cook County,2025-03-20T10:00,45.2,60.3,33.4,13.2
0,Cook County,2025-03-20T11:00,45.2,59.7,32.1,13.2
0,Cook County,2025-03-20T12:00,44.2,59.4,34.1,13.5
0,Cook County,2025-03-20T13:00,43.9,59.5,35.4,13.6
0,Cook County,2025-03-20T14:00,40.7,58.6,43.8,14.7
0,Cook County,2025-03-20T15:00,36,56.3,56.2,16.6
0,Cook County,2025-03-20T16:00,35.7,56.5,58,16.7
0,Cook County,2025-03-20T17:00,35.3,55.9,58.3,16.9
0,Cook County,2025-03-20T18:00,38.1,56.1,47.2,15.7
0,Cook County,2025-03-20T19:00,42.3,57,34.8,14.1
0,Cook County,2025-03-20T20:00,45.6,58,27,13.1
0,Cook County,2025-03-20T21:00,49.2,58.9,19.6,12.1
0,Cook County,2025-03-20T22:00,51.2,59.2,15.7,11.7
0,Cook County,2025-03-20T23:00,53.5,59.4,10.9,11.2
0,Cook County,2025-03-21T00:00,55,60,9,10.8
0,Cook County,2025-03-21T01:00,56.7,60.9,7.4,10.5
0,Cook County,2025-03-21T02:00,60.8,63.9,5,9.8
0,Cook County,2025-03-21T03:00,65,67.5,3.8,9.2
0,Cook County,2025-03-21T04:00,67.4,70.5,4.4,8.8
0,Cook County,2025-03-21T05:00,66.7,72,7.9,8.9
0,Cook County,2025-03-21T06:00,55,66.9,21.4,10.8
0,Cook County,2025-03-21T07:00,43.1,58.9,36.5,13.8
0,Cook County,2025-03-21T08:00,43.1,58.7,36.1,13.9
0,Cook County,2025-03-21T09:00,47.4,61.3,29.1,12.6
0,Cook County,2025-03-21T10:00,47.3,61.6,30.2,12.6
0,Cook County,2025-03-21T11:00,45.3,60.5,33.5,13.2
0,Cook County,2025-03-21T12:00,43.3,59.6,37.5,13.8
0,Cook County,2025-03-21T13:00,42.1,59.3,41,14.2
0,Cook County,2025-03-21T14:00,38.9,58.3,49.6,15.3
0,Cook County,2025-03-21T15:00,35.3,56.8,60.6,16.9
0,Cook County,2025-03-21T16:00,35.7,57.1,59.5,16.7
0,Cook County,2025-03-21T17:00,37.4,57.5,53.3,16
0,Cook County,2025-03-21T18:00,40.7,57.9,42.1,14.7
0,Cook County,2025-03-21T19:00,43.3,58,33.9,13.8
0,Cook County,2025-03-21T20:00,45.8,58.1,26.8,13
0,Cook County,2025-03-21T21:00,48.5,58.7,21.1,12.3
0,Cook County,2025-03-21T22:00,50,58.7,17.3,11.9
0,Cook County,2025-03-21T23:00,51.6,58.3,12.8,11.6
0,Cook County,2025-03-22T00:00,53.9,58.7,8.9,11.1
0,Cook County,2025-03-22T01:00,54.3,58,6.7,11
0,Cook County,2025-03-22T02:00,56.1,59,5.2,10.6
0,Cook County,2025-03-22T03:00,61.1,63.2,3.4,9.8
0,Cook County,2025-03-22T04:00,65.7,67.7,2.9,9.1
0,Cook County,2025-03-22T05:00,69.2,71.2,2.9,8.6
0,Cook County,2025-03-22T06:00,67,70.1,4.5,8.9
0,Cook County,2025-03-22T07:00,62.9,67.4,7.2,9.5
0,Cook County,2025-03-22T08:00,57.6,65.1,12.9,10.4
0,Cook County,2025-03-22T09:00,52.8,63.4,20,11.3
0,Cook County,2025-03-22T10:00,48.9,62.2,27.1,12.2
0,Cook County,2025-03-22T11:00,45.6,61.2,34.1,13.1
0,Cook County,2025-03-22T12:00,43.2,60,38.8,13.8
0,Cook County,2025-03-22T13:00,42,59.5,41.6,14.2
0,Cook County,2025-03-22T14:00,41.6,59.5,43.1,14.4
0,Cook County,2025-03-22T15:00,41.3,59.2,43.4,14.5
0,Cook County,2025-03-22T16:00,42.3,59.4,40.5,14.1
0,Cook County,2025-03-22T17:00,43.4,59.5,36.9,13.7
0,Cook County,2025-03-22T18:00,44,59.2,34.4,13.6
0,Cook County,2025-03-22T19:00,45.6,58.6,28.4,13.1
0,Cook County,2025-03-22T20:00,47.3,58.8,24.1,12.6
0,Cook County,2025-03-22T21:00,49.2,59.4,20.6,12.1
0,Cook County,2025-03-22T22:00,49.5,59.2,19.5,12.1
0,Cook County,2025-03-22T23:00,51.5,59.4,15.2,11.6
0,Cook County,2025-03-23T00:00,52.8,58.2,10.1,11.3
0,Cook County,2025-03-23T01:00,54.2,58,7.1,11
0,Cook County,2025-03-23T02:00,55.7,58.5,4.9,10.7
0,Cook County,2025-03-23T03:00,59.1,61,3.2,10.1
0,Cook County,2025-03-23T04:00,62.7,64.3,2.4,9.5
0,Cook County,2025-03-23T05:00,66.2,67.8,2.5,9
0,Cook County,2025-03-23T06:00,67.1,69.3,3.2,8.9
0,Cook County,2025-03-23T07:00,63.5,66.8,5.2,9.4
0,Cook County,2025-03-23T08:00,60.3,65.1,7.8,9.9
0,Cook County,2025-03-23T09:00,57.5,64.2,11.7,10.4
0,Cook County,2025-03-23T10:00,53.5,63.2,18,11.1
0,Cook County,2025-03-23T11:00,49.9,62.7,25.6,12
0,Cook County,2025-03-23T12:00,47.5,62,30.4,12.6
0,Cook County,2025-03-23T13:00,44.9,61.2,36.1,13.3
0,Cook County,2025-03-23T14:00,45.2,61.2,35.3,13.2
0,Cook County,2025-03-23T15:00,44.1,60.6,37.5,13.5
0,Cook County,2025-03-23T16:00,44.6,60.8,36.2,13.4
0,Cook County,2025-03-23T17:00,46.9,61.3,30.7,12.7
0,Cook County,2025-03-23T18:00,48.4,61.5,26.9,12.3
0,Cook County,2025-03-23T19:00,50,61,21.9,11.9
0,Cook County,2025-03-23T20:00,51.9,61.1,17.7,11.5
0,Cook County,2025-03-23T21:00,54.4,61.8,13.6,11
0,Cook County,2025-03-23T22:00,55.8,61.3,9.7,10.7
0,Cook County,2025-03-23T23:00,56.9,61,7.3,10.5
0,Cook County,2025-03-24T00:00,58.6,61.7,5.3,10.2
0,Cook County,2025-03-24T01:00,59.7,62.3,4.3,10
0,Cook County,2025-03-24T02:00,61.1,63.6,4,9.8
0,Cook County,2025-03-24T03:00,66.1,67.8,2.5,9
0,Cook County,2025-03-24T04:00,69.2,70.6,2,8.6
0,Cook County,2025-03-24T05:00,67.3,72.2,7.1,8.9
0,Cook County,2025-03-24T06:00,57.2,68.4,19.4,10.4
0,Cook County,2025-03-24T07:00,50.5,63.5,25.8,11.8
0,Cook County,2025-03-24T08:00,49.4,61.8,24.9,12.1
0,Cook County,2025-03-24T09:00,51,62.4,22.4,11.7
0,Cook County,2025-03-24T10:00,49.7,62.2,25.2,12
0,Cook County,2025-03-24T11:00,48.3,61.4,26.9,12.4
0,Cook County,2025-03-24T12:00,46.5,60.1,29.2,12.8
0,Cook County,2025-03-24T13:00,46.1,60.1,30.3,12.9
0,Cook County,2025-03-24T14:00,43.4,59.5,37.1,13.8
0,Cook County,2025-03-24T15:00,41.1,58.7,42.6,14.5
0,Cook County,2025-03-24T16:00,40.9,58.4,42.6,14.6
0,Cook County,2025-03-24T17:00,41.1,58,41.1,14.5
0,Cook County,2025-03-24T18:00,45.2,58.2,28.6,13.2
0,Cook County,2025-03-24T19:00,48,58.2,21.3,12.4
0,Cook County,2025-03-24T20:00,49.7,58.6,18,12
0,Cook County,2025-03-24T21:00,52,59.1,13.5,11.5
0,Cook County,2025-03-24T22:00,54.1,59.6,10,11
0,Cook County,2025-03-24T23:00,55.9,60.1,7.5,10.7
0,Cook County,2025-03-25T00:00,57.8,61.2,5.9,10.3
0,Cook County,2025-03-25T01:00,58.7,62,5.7,10.2
0,Cook County,2025-03-25T02:00,62,64.9,4.8,9.6
0,Cook County,2025-03-25T03:00,66.2,68.2,2.9,9
0,Cook County,2025-03-25T04:00,69.1,70.6,2,8.6
0,Cook County,2025-03-25T05:00,67.3,72,7,8.9
0,Cook County,2025-03-25T06:00,56.1,67.6,20.5,10.6
0,Cook County,2025-03-25T07:00,48.6,62.5,28.5,12.3
0,Cook County,2025-03-25T08:00,46.9,60.9,29.9,12.7
0,Cook County,2025-03-25T09:00,48.9,61.6,25.8,12.2
0,Cook County,2025-03-25T10:00,48.1,61.3,27.3,12.4
0,Cook County,2025-03-25T11:00,47.1,60.6,28.5,12.7
0,Cook County,2025-03-25T12:00,46,59.7,29.8,13
0,Cook County,2025-03-25T13:00,45.8,59.9,30.8,13
0,Cook County,2025-03-25T14:00,43.1,59.4,37.5,13.8
0,Cook County,2025-03-25T15:00,40.6,58.3,43.4,14.7
0,Cook County,2025-03-25T16:00,39.8,58,45.7,15
0,Cook County,2025-03-25T17:00,39.3,57.4,45.8,15.2
0,Cook County,2025-03-25T18:00,43.4,57.5,32.5,13.8
0,Cook County,2025-03-25T19:00,47.5,57.9,21.8,12.6
0,Cook County,2025-03-25T20:00,49.5,58.6,18.2,12
0,Cook County,2025-03-25T21:00,51.4,58.8,14.3,11.6
0,Cook County,2025-03-25T22:00,53.4,59.3,11,11.2
0,Cook County,2025-03-25T23:00,55.3,59.8,8,10.8
0,Cook County,2025-03-26T00:00,57.3,61,6.3,10.4
0,Cook County,2025-03-26T01:00,59,62.2,5.4,10.1
0,Cook County,2025-03-26T02:00,61.9,64.8,4.6,9.6
0,Cook County,2025-03-26T03:00,65.9,67.7,2.6,9
0,Cook County,2025-03-26T04:00,69.1,70.6,2.1,8.6
0,Cook County,2025-03-26T05:00,66.8,71.8,7.5,8.9
0,Cook County,2025-03-26T06:00,56.9,67.7,19,10.5
0,Cook County,2025-03-26T07:00,49.1,62.8,27.9,12.2
0,Cook County,2025-03-26T08:00,47.1,61,29.3,12.7
0,Cook County,2025-03-26T09:00,48.7,61.5,26.4,12.3
0,Cook County,2025-03-26T10:00,48.9,61.8,26.2,12.2
0,Cook County,2025-03-26T11:00,47.2,60.8,28.8,12.7
0,Cook County,2025-03-26T12:00,45.8,60.1,31.2,13
0,Cook County,2025-03-26T13:00,45.8,60.3,31.6,13
0,Cook County,2025-03-26T14:00,43.2,59.6,37.9,13.8
0,Cook County,2025-03-26T15:00,40.8,58.9,44.2,14.6
0,Cook County,2025-03-26T16:00,39.5,58.4,47.6,15.1
0,Cook County,2025-03-26T17:00,38.5,57.5,49.2,15.5
0,Cook County,2025-03-26T18:00,42.2,57.5,36.3,14.2
0,Cook County,2025-03-26T19:00,46.8,58,24,12.8
0,Cook County,2025-03-26T20:00,49.1,58.8,19.7,12.2
0,Cook County,2025-03-26T21:00,51.3,60.1,17,11.6
0,Cook County,2025-03-26T22:00,53.5,59.7,11.5,11.2
0,Cook County,2025-03-26T23:00,55,59.6,8.3,10.8
0,Cook County,2025-03-27T00:00,57.2,61.1,6.7,10.4
0,Cook County,2025-03-27T01:00,58.5,61.9,5.7,10.2
0,Cook County,2025-03-27T02:00,61.9,65,4.8,9.6
0,Cook County,2025-03-27T03:00,66,68,2.9,9
0,Cook County,2025-03-27T04:00,68.6,70.4,2.7,8.7
0,Cook County,2025-03-27T05:00,66.8,71.6,7,8.9
0,Cook County,2025-03-27T06:00,57.5,67.7,17.7,10.4
0,Cook County,2025-03-27T07:00,49.8,63,26.4,12
0,Cook County,2025-03-27T08:00,48.5,61.5,26.8,12.3
0,Cook County,2025-03-27T09:00,49.9,62.1,24.5,12
0,Cook County,2025-03-27T10:00,48.8,62.1,27.1,12.2
0,Cook County,2025-03-27T11:00,47.1,61.4,30.2,12.7
0,Cook County,2025-03-27T12:00,45.1,60.5,34,13.2
0,Cook County,2025-03-27T13:00,43.8,60.3,37.5,13.6
0,Cook County,2025-03-27T14:00,41.8,59.6,42.6,14.3
0,Cook County,2025-03-27T15:00,40,58.7,46.7,14.9
0,Cook County,2025-03-27T16:00,38.9,58.3,49.8,15.4
0,Cook County,2025-03-27T17:00,38.9,58,49.1,15.4
0,Cook County,2025-03-27T18:00,41.6,57.9,39.1,14.3
0,Cook County,2025-03-27T19:00,46.1,58.5,26.9,13
0,Cook County,2025-03-27T20:00,48.9,59,20.7,12.2
0,Cook County,2025-03-27T21:00,50.5,59.2,17.1,11.8
0,Cook County,2025-03-27T22:00,51.7,59.6,15.1,11.5
0,Cook County,2025-03-27T23:00,54.4,59.8,9.8,11
0,Cook County,2025-03-28T00:00,55.6,60,7.8,10.7
0,Cook County,2025-03-28T01:00,57.6,61.1,5.9,10.4
0,Cook County,2025-03-28T02:00,60.9,63.8,4.7,9.8
0,Cook County,2025-03-28T03:00,65.4,67.6,3.3,9.1
0,Cook County,2025-03-28T04:00,66.1,70.1,6,9
0,Cook County,2025-03-28T05:00,63.1,71.2,12.7,9.4
0,Cook County,2025-03-28T06:00,56.4,67.6,19.7,10.6
0,Cook County,2025-03-28T07:00,52,63.4,21.8,11.5
0,Cook County,2025-03-28T08:00,50.8,62.1,22.2,11.8
0,Cook County,2025-03-28T09:00,50.3,62.5,24.1,11.9
0,Cook County,2025-03-28T10:00,48.6,62.4,28.3,12.3
0,Cook County,2025-03-28T11:00,46.1,61.3,33,13
0,Cook County,2025-03-28T12:00,44,60.3,36.9,13.6
0,Cook County,2025-03-28T13:00,42.9,60.1,40.1,13.9
0,Cook County,2025-03-28T14:00,40,59,47.5,14.9
0,Cook County,2025-03-28T15:00,38.1,58.4,53.1,15.7
0,Cook County,2025-03-28T16:00,38.4,58.6,52.6,15.6
0,Cook County,2025-03-28T17:00,38,57.8,52,15.7
0,Cook County,2025-03-28T18:00,40.1,57.9,44,14.9
0,Cook County,2025-03-28T19:00,42.9,57.7,34.4,13.9
0,Cook County,2025-03-28T20:00,45.6,58.3,27.8,13.1
0,Cook County,2025-03-28T21:00,47.6,58.6,23.1,12.5
0,Cook County,2025-03-28T22:00,48.2,58.8,21.8,12.4
0,Cook County,2025-03-28T23:00,50,58,15.9,11.9
0,Cook County,2025-03-29T00:00,51.1,57.5,12.5,11.7
0,Cook County,2025-03-29T01:00,53.5,58,8.4,11.2
0,Cook County,2025-03-29T02:00,55.5,59.1,6.5,10.8
0,Cook County,2025-03-29T03:00,59.9,62.4,4.1,10
0,Cook County,2025-03-29T04:00,64.2,66.3,3.2,9.3
0,Cook County,2025-03-29T05:00,67.7,70.3,3.6,8.8
0,Cook County,2025-03-29T06:00,65.3,68.5,4.7,9.1
0,Cook County,2025-03-29T07:00,61.4,66.4,8.1,9.7
0,Cook County,2025-03-29T08:00,57.9,65.2,12.6,10.3
0,Cook County,2025-03-29T09:00,53.4,63.7,19.2,11.2
0,Cook County,2025-03-29T10:00,49.7,62.6,25.9,12
0,Cook County,2025-03-29T11:00,47.4,61.9,30.7,12.6
0,Cook County,2025-03-29T12:00,45.1,60.9,34.9,13.2
0,Cook County,2025-03-29T13:00,44.4,60.7,36.8,13.5
0,Cook County,2025-03-29T14:00,43.1,60,39.2,13.9
0,Cook County,2025-03-29T15:00,43.7,60.4,38.1,13.7
0,Cook County,2025-03-29T16:00,43.4,60.3,38.8,13.7
0,Cook County,2025-03-29T17:00,43.3,59.9,38.3,13.8
0,Cook County,2025-03-29T18:00,43.2,59.3,37.1,13.8
0,Cook County,2025-03-29T19:00,46,59,28.2,13
0,Cook County,2025-03-29T20:00,48.2,59.6,23.6,12.4
0,Cook County,2025-03-29T21:00,47.6,59.7,25.3,12.5
0,Cook County,2025-03-29T22:00,47.3,59.4,25.6,12.6
0,Cook County,2025-03-29T23:00,49.4,58.8,18.9,12.1
0,Cook County,2025-03-30T00:00,50.8,58.2,14.5,11.7
0,Cook County,2025-03-30T01:00,53,58.4,10.2,11.3
0,Cook County,2025-03-30T02:00,54.8,59.2,7.9,10.9
0,Cook County,2025-03-30T03:00,58,61.3,5.5,10.3
0,Cook County,2025-03-30T04:00,61.9,64.6,4.4,9.6
0,Cook County,2025-03-30T05:00,64.7,67.3,4,9.2
0,Cook County,2025-03-30T06:00,65.2,67.6,3.6,9.1
0,Cook County,2025-03-30T07:00,62.8,66,5.1,9.5
0,Cook County,2025-03-30T08:00,60,65,8.3,9.9
0,Cook County,2025-03-30T09:00,56.9,64,12.5,10.5
0,Cook County,2025-03-30T10:00,54.1,63.4,17.2,11
0,Cook County,2025-03-30T11:00,52,62.9,20.9,11.5
0,Cook County,2025-03-30T12:00,49.2,62.1,26.1,12.1
0,Cook County,2025-03-30T13:00,46.5,61.5,32,12.8
0,Cook County,2025-03-30T14:00,43,60.3,40,13.9
0,Cook County,2025-03-30T15:00,43.8,60.4,37.8,13.6
0,Cook County,2025-03-30T16:00,47.9,61,27.4,12.5
0,Cook County,2025-03-30T17:00,50.2,61.2,21.8,11.9
0,Cook County,2025-03-30T18:00,50.5,61,20.5,11.8
0,Cook County,2025-03-30T19:00,51.3,61.1,18.9,11.6
0,Cook County,2025-03-30T20:00,52.5,61.4,16.8,11.4
0,Cook County,2025-03-30T21:00,54,61.5,13.8,11.1
0,Cook County,2025-03-30T22:00,55.8,61.4,10,10.7
0,Cook County,2025-03-30T23:00,57.3,61.5,7.3,10.4
0,Cook County,2025-03-31T00:00,58.3,61.8,6,10.2
0,Cook County,2025-03-31T01:00,58.7,62,5.6,10.2
0,Cook County,2025-03-31T02:00,62.4,65,4.1,9.6
0,Cook County,2025-03-31T03:00,65.7,67.9,3.3,9.1
0,Cook County,2025-03-31T04:00,68.3,70.5,3.1,8.7
0,Cook County,2025-03-31T05:00,66.9,72.2,7.9,8.9
0,Cook County,2025-03-31T06:00,56.2,67.5,19.9,10.6
0,Cook County,2025-03-31T07:00,47.2,61.6,30.4,12.6
0,Cook County,2025-03-31T08:00,46.2,60.5,30.9,12.9
0,Cook County,2025-03-31T09:00,49.7,61.9,24.4,12
0,Cook County,2025-03-31T10:00,49.8,61.8,24.2,12
0,Cook County,2025-03-31T11:00,48.3,61,26.2,12.4
0,Cook County,2025-03-31T12:00,46.7,60.3,29,12.8
0,Cook County,2025-03-31T13:00,46.1,60.2,30.5,13
0,Cook County,2025-03-31T14:00,44.1,59.8,35.6,13.5
0,Cook County,2025-03-31T15:00,40.2,58.2,44.5,14.8
0,Cook County,2025-03-31T16:00,39.3,57.9,47.2,15.2
0,Cook County,2025-03-31T17:00,39.4,57.4,45.4,15.1
0,Cook County,2025-03-31T18:00,43.4,57.6,32.7,13.8
0,Cook County,2025-03-31T19:00,47,57.8,22.8,12.7
0,Cook County,2025-03-31T20:00,49.4,58.5,18.4,12.1
0,Cook County,2025-03-31T21:00,52.2,59.5,14,11.4
0,Cook County,2025-03-31T22:00,54.4,60.2,10.7,11
0,Cook County,2025-03-31T23:00,56.4,61.6,9.1,10.6
0,Cook County,2025-04-01T00:00,58.4,62.3,6.7,10.2
0,Cook County,2025-04-01T01:00,60.7,63.8,5.2,9.8
0,Cook County,2025-04-01T02:00,63.1,65.6,4,9.5
0,Cook County,2025-04-01T03:00,65.8,67.8,3,9.1
0,Cook County,2025-04-01T04:00,68.4,70.1,2.5,8.7
0,Cook County,2025-04-01T05:00,66.8,71.6,7.1,8.9
0,Cook County,2025-04-01T06:00,55.7,67.1,20.4,10.7
0,Cook County,2025-04-01T07:00,44.5,60.7,36.2,13.4
0,Cook County,2025-04-01T08:00,42.6,59.3,38.9,14
0,Cook County,2025-04-01T09:00,46.4,60.3,29.9,12.9
0,Cook County,2025-04-01T10:00,47.2,60.4,28.1,12.7
0,Cook County,2025-04-01T11:00,46.2,59.8,29.3,12.9
0,Cook County,2025-04-01T12:00,45.5,59.2,30,13.1
0,Cook County,2025-04-01T13:00,45.5,59.4,30.7,13.1
0,Cook County,2025-04-01T14:00,43,59,37,13.9
0,Cook County,2025-04-01T15:00,39.5,57.8,46.3,15.1
0,Cook County,2025-04-01T16:00,38.1,57.5,50.9,15.7
0,Cook County,2025-04-01T17:00,37,56.7,53,16.1
0,Cook County,2025-04-01T18:00,39.8,56.5,41.9,15
0,Cook County,2025-04-01T19:00,45.2,57.2,26.6,13.2
0,Cook County,2025-04-01T20:00,48.9,58.2,18.9,12.2
0,Cook County,2025-04-01T21:00,50.8,59,16.1,11.7
0,Cook County,2025-04-01T22:00,53.6,59.7,11.4,11.1
0,Cook County,2025-04-01T23:00,55.9,60.2,7.7,10.7
0,Cook County,2025-04-02T00:00,57.3,61.2,6.8,10.4
0,Cook County,2025-04-02T01:00,58.3,62.6,7.4,10.2
0,Cook County,2025-04-02T02:00,60.6,65,7.2,9.8
0,Cook County,2025-04-02T03:00,65,67.9,4.5,9.2
0,Cook County,2025-04-02T04:00,66,69.7,5.6,9
0,Cook County,2025-04-02T05:00,60,70,16.6,9.9
0,Cook County,2025-04-02T06:00,45.5,63.5,39.5,13.1
0,Cook County,2025-04-02T07:00,35.8,56.4,57.4,16.7
0,Cook County,2025-04-02T08:00,34.9,55.6,59.1,17.1
0,Cook County,2025-04-02T09:00,40.1,57.6,43.7,14.9
0,Cook County,2025-04-02T10:00,44.2,59.4,34.4,13.5
0,Cook County,2025-04-02T11:00,43.2,59,36.3,13.8
0,Cook County,2025-04-02T12:00,44.2,58.6,32.3,13.5
0,Cook County,2025-04-02T13:00,43.4,58.7,35,13.7
0,Cook County,2025-04-02T14:00,41.8,58,38.9,14.3
0,Cook County,2025-04-02T15:00,39.4,56.8,44.3,15.2
0,Cook County,2025-04-02T16:00,39,57.1,46.2,15.3
0,Cook County,2025-04-02T17:00,38.1,56.6,48.4,15.7
0,Cook County,2025-04-02T18:00,41,56.6,37.8,14.6
0,Cook County,2025-04-02T19:00,45.2,56.8,25.6,13.2
0,Cook County,2025-04-02T20:00,47.9,57.6,20.1,12.5
0,Cook County,2025-04-02T21:00,50.1,58.6,16.9,11.9
0,Cook County,2025-04-02T22:00,52.7,59.7,13.1,11.3
0,Cook County,2025-04-02T23:00,54.9,60.3,9.9,10.9
0,Cook County,2025-04-03T00:00,58.6,62.3,6.3,10.2
0,Cook County,2025-04-03T01:00,59.2,62.7,5.8,10.1
0,Cook County,2025-04-03T02:00,63,66,4.7,9.5
0,Cook County,2025-04-03T03:00,66,68.1,3.1,9
0,Cook County,2025-04-03T04:00,68.3,70.1,2.7,8.7
0,Cook County,2025-04-03T05:00,65.1,71.3,9.5,9.2
0,Cook County,2025-04-03T06:00,53,66.1,24.7,11.3
0,Cook County,2025-04-03T07:00,40.2,58.3,44.9,14.9
0,Cook County,2025-04-03T08:00,38.9,57.5,47.9,15.4
0,Cook County,2025-04-03T09:00,43.9,59.7,36,13.6
0,Cook County,2025-04-03T10:00,46,60.8,32.3,13
0,Cook County,2025-04-03T11:00,45.6,60.3,32.1,13.1
0,Cook County,2025-04-03T12:00,44.4,59.7,34.2,13.4
0,Cook County,2025-04-03T13:00,43.9,59.6,35.7,13.6
0,Cook County,2025-04-03T14:00,40.9,59,44,14.6
0,Cook County,2025-04-03T15:00,36.2,56.9,57.1,16.5
0,Cook County,2025-04-03T16:00,34.7,56.4,62.2,17.2
0,Cook County,2025-04-03T17:00,34.6,56,61.9,17.3
0,Cook County,2025-04-03T18:00,38.8,56.3,45.1,15.4
0,Cook County,2025-04-03T19:00,43,57,32.5,13.9
0,Cook County,2025-04-03T20:00,46.5,58.2,25,12.8
0,Cook County,2025-04-03T21:00,49.6,58.9,18.6,12
0,Cook County,2025-04-03T22:00,52,59.2,13.7,11.5
0,Cook County,2025-04-03T23:00,54.3,59.1,8.9,11
0,Cook County,2025-04-04T00:00,55.8,60,7.4,10.7
0,Cook County,2025-04-04T01:00,57.9,61,5.3,10.3
0,Cook County,2025-04-04T02:00,60.2,63.1,4.8,9.9
0,Cook County,2025-04-04T03:00,65,67.3,3.5,9.2
0,Cook County,2025-04-04T04:00,66.6,69.2,3.9,9
0,Cook County,2025-04-04T05:00,65.4,70.8,8.1,9.1
0,Cook County,2025-04-04T06:00,55.8,66.3,18.7,10.7
0,Cook County,2025-04-04T07:00,43.4,58.7,35.3,13.8
0,Cook County,2025-04-04T08:00,42.4,58.4,37.8,14.1
0,Cook County,2025-04-04T09:00,46.6,60.9,30.6,12.8
0,Cook County,2025-04-04T10:00,46.7,61.4,31.5,12.8
0,Cook County,2025-04-04T11:00,44.3,59.9,35.3,13.5
0,Cook County,2025-04-04T12:00,42.8,59.2,38.2,14
0,Cook County,2025-04-04T13:00,42.6,59.5,39.5,14
0,Cook County,2025-04-04T14:00,40.3,58.9,46.1,14.8
0,Cook County,2025-04-04T15:00,35.4,57,60.9,16.9
0,Cook County,2025-04-04T16:00,33.8,56.5,66.9,17.7
0,Cook County,2025-04-04T17:00,33.5,56.1,67.4,17.8
0,Cook County,2025-04-04T18:00,36.4,56.3,54.3,16.4
0,Cook County,2025-04-04T19:00,41.9,57.1,36,14.2
0,Cook County,2025-04-04T20:00,45.9,57.7,25.7,13
0,Cook County,2025-04-04T21:00,47.1,58.2,23.6,12.7
0,Cook County,2025-04-04T22:00,46.5,58,24.6,12.8
0,Cook County,2025-04-04T23:00,49.2,58,17.9,12.1
0,Cook County,2025-04-05T00:00,49.8,57,14.4,12
0,Cook County,2025-04-05T01:00,51,57,11.6,11.7
0,Cook County,2025-04-05T02:00,52.6,58,10.4,11.4
0,Cook County,2025-04-05T03:00,57.2,61.7,7.9,10.4
0,Cook County,2025-04-05T04:00,62,65.6,5.6,9.6
0,Cook County,2025-04-05T05:00,65.7,69.2,5.3,9.1
0,Cook County,2025-04-05T06:00,64.2,68.2,6.1,9.3
0,Cook County,2025-04-05T07:00,60.4,66.1,9.3,9.9
0,Cook County,2025-04-05T08:00,56.5,64.3,13.9,10.6
0,Cook County,2025-04-05T09:00,52,62.7,20.4,11.5
0,Cook County,2025-04-05T10:00,48.2,61.5,27.5,12.4
0,Cook County,2025-04-05T11:00,45.1,60.7,34.7,13.2
0,Cook County,2025-04-05T12:00,43,59.9,39,13.9
0,Cook County,2025-04-05T13:00,42.7,59.8,39.7,14
0,Cook County,2025-04-05T14:00,43.4,59.9,37.8,13.7
0,Cook County,2025-04-05T15:00,43.7,59.9,37.1,13.7
0,Cook County,2025-04-05T16:00,43.8,60,36.9,13.6
0,Cook County,2025-04-05T17:00,43.3,59.5,37.2,13.8
0,Cook County,2025-04-05T18:00,44.8,58.9,31.6,13.3
0,Cook County,2025-04-05T19:00,46.4,58.5,26.2,12.9
0,Cook County,2025-04-05T20:00,48.1,59,22.4,12.4
0,Cook County,2025-04-05T21:00,49.9,59.3,18.7,12
0,Cook County,2025-04-05T22:00,50.6,59.2,16.9,11.8
0,Cook County,2025-04-05T23:00,51.3,58.8,14.7,11.6
0,Cook County,2025-04-06T00:00,52.1,57.7,10.7,11.5
0,Cook County,2025-04-06T01:00,53.2,57.5,8,11.2
0,Cook County,2025-04-06T02:00,53.8,57,5.8,11.1
0,Cook County,2025-04-06T03:00,55.6,58.3,4.8,10.7
0,Cook County,2025-04-06T04:00,59.5,62.1,4.2,10
0,Cook County,2025-04-06T05:00,62.6,65.8,5.1,9.5
0,Cook County,2025-04-06T06:00,64.5,66.9,3.6,9.2
0,Cook County,2025-04-06T07:00,62.6,66,5.4,9.5
0,Cook County,2025-04-06T08:00,59.9,64.8,8.2,10
0,Cook County,2025-04-06T09:00,56.4,64,13.6,10.6
0,Cook County,2025-04-06T10:00,53.4,63.1,18.1,11.2
0,Cook County,2025-04-06T11:00,50.2,62.6,24.6,11.9
0,Cook County,2025-04-06T12:00,46.4,61.4,32.2,12.9
0,Cook County,2025-04-06T13:00,45,60.8,35,13.3
0,Cook County,2025-04-06T14:00,44.5,60.8,36.5,13.4
0,Cook County,2025-04-06T15:00,45.4,61.5,35.2,13.1
0,Cook County,2025-04-06T16:00,46.1,61.1,32.6,13
0,Cook County,2025-04-06T17:00,46.8,61.1,30.5,12.8
0,Cook County,2025-04-06T18:00,48.9,61,24.7,12.2
0,Cook County,2025-04-06T19:00,50.1,60.5,20.7,11.9
0,Cook County,2025-04-06T20:00,50.8,60.8,19.7,11.8
0,Cook County,2025-04-06T21:00,53.5,61.3,14.5,11.1
0,Cook County,2025-04-06T22:00,55.6,61,9.6,10.7
0,Cook County,2025-04-06T23:00,57.5,61.2,6.5,10.4
0,Cook County,2025-04-07T00:00,58.3,61.5,5.4,10.2
0,Cook County,2025-04-07T01:00,59.9,62.7,4.7,10
0,Cook County,2025-04-07T02:00,61.2,63.7,4,9.7
0,Cook County,2025-04-07T03:00,65.9,67.4,2.2,9
0,Cook County,2025-04-07T04:00,68.6,70,2,8.7
0,Cook County,2025-04-07T05:00,65.8,71.5,8.6,9.1
0,Cook County,2025-04-07T06:00,54,66.4,22.8,11
0,Cook County,2025-04-07T07:00,41.5,58.7,41.4,14.4
0,Cook County,2025-04-07T08:00,40.2,58,44.1,14.8
0,Cook County,2025-04-07T09:00,45.9,60.4,31.5,13
0,Cook County,2025-04-07T10:00,47.3,60.9,28.7,12.6
0,Cook County,2025-04-07T11:00,46.3,60.1,29.6,12.9
0,Cook County,2025-04-07T12:00,45.7,59.5,30.2,13.1
0,Cook County,2025-04-07T13:00,46.8,60.1,28.5,12.8
0,Cook County,2025-04-07T14:00,43.8,59.3,35.4,13.6
0,Cook County,2025-04-07T15:00,38.3,57,48.8,15.6
0,Cook County,2025-04-07T16:00,37.8,56.9,50.4,15.8
0,Cook County,2025-04-07T17:00,38.5,56.6,46.7,15.5
0,Cook County,2025-04-07T18:00,43.2,56.9,31.7,13.8
0,Cook County,2025-04-07T19:00,47.4,57.3,20.9,12.6
0,Cook County,2025-04-07T20:00,49.2,58.2,18.2,12.1
0,Cook County,2025-04-07T21:00,51.8,59.1,14,11.5
0,Cook County,2025-04-07T22:00,53.9,59.4,10.1,11.1
0,Cook County,2025-04-07T23:00,56.3,60.4,7.3,10.6
0,Cook County,2025-04-08T00:00,57.9,61.6,6.3,10.3
0,Cook County,2025-04-08T01:00,59.6,62.9,5.5,10
0,Cook County,2025-04-08T02:00,62.3,65.4,4.8,9.6
0,Cook County,2025-04-08T03:00,66.1,68,2.8,9
0,Cook County,2025-04-08T04:00,68.7,70.2,2.2,8.7
0,Cook County,2025-04-08T05:00,66.6,71.3,7.1,9
0,Cook County,2025-04-08T06:00,53.7,66.3,23.3,11.1
0,Cook County,2025-04-08T07:00,40,58.4,45.9,14.9
0,Cook County,2025-04-08T08:00,38.2,57.6,50.8,15.6
0,Cook County,2025-04-08T09:00,44.1,59.9,36,13.6
0,Cook County,2025-04-08T10:00,47.1,60.6,28.4,12.7
0,Cook County,2025-04-08T11:00,46.4,59.7,28.8,12.9
0,Cook County,2025-04-08T12:00,45.4,59.3,30.6,13.2
0,Cook County,2025-04-08T13:00,44.9,59.3,31.9,13.3
0,Cook County,2025-04-08T14:00,41.5,58.3,40.3,14.4
0,Cook County,2025-04-08T15:00,36.8,56.6,53.6,16.2
0,Cook County,2025-04-08T16:00,34.8,56.2,61.2,17.2
0,Cook County,2025-04-08T17:00,34.5,55.7,61.1,17.3
0,Cook County,2025-04-08T18:00,38.9,55.9,43.4,15.3
0,Cook County,2025-04-08T19:00,44.7,56.6,26.6,13.4
0,Cook County,2025-04-08T20:00,48,57.7,20.2,12.4
0,Cook County,2025-04-08T21:00,50.7,58.4,15.2,11.8
0,Cook County,2025-04-08T22:00,53.9,59.7,10.7,11.1
0,Cook County,2025-04-08T23:00,55.5,59.7,7.5,10.7
0,Cook County,2025-04-09T00:00,57.6,61.2,6.1,10.4
0,Cook County,2025-04-09T01:00,58.5,61.7,5.6,10.2
0,Cook County,2025-04-09T02:00,62.8,65.7,4.6,9.5
0,Cook County,2025-04-09T03:00,66.7,68.6,2.7,8.9
0,Cook County,2025-04-09T04:00,68.5,70.2,2.3,8.7
0,Cook County,2025-04-09T05:00,65.4,71.1,8.6,9.1
0,Cook County,2025-04-09T06:00,53.8,66.1,22.9,11.1
0,Cook County,2025-04-09T07:00,41,58.4,42.4,14.6
0,Cook County,2025-04-09T08:00,38.9,57.3,47,15.3
0,Cook County,2025-04-09T09:00,44.6,59.8,33.9,13.4
0,Cook County,2025-04-09T10:00,47.2,60.8,28.8,12.7
0,Cook County,2025-04-09T11:00,46.4,60,29.2,12.9
0,Cook County,2025-04-09T12:00,44.9,59.2,31.6,13.3
0,Cook County,2025-04-09T13:00,45.7,59.6,30.4,13.1
0,Cook County,2025-04-09T14:00,42.6,58.7,37.9,14
0,Cook County,2025-04-09T15:00,37.4,56.8,51.6,16
0,Cook County,2025-04-09T16:00,34.3,55.9,63,17.4
0,Cook County,2025-04-09T17:00,32.3,54.7,69.1,18.5
0,Cook County,2025-04-09T18:00,35.8,54.9,53.3,16.7
0,Cook County,2025-04-09T19:00,41.5,56.2,35.4,14.4
0,Cook County,2025-04-09T20:00,46,57.5,25.1,13
0,Cook County,2025-04-09T21:00,49.3,58.4,18.4,12.1
0,Cook County,2025-04-09T22:00,52.7,59.4,12.6,11.3
0,Cook County,2025-04-09T23:00,55.4,60,8.1,10.8
0,Cook County,2025-04-10T00:00,57.5,61.4,6.7,10.4
0,Cook County,2025-04-10T01:00,58.8,62.5,6.1,10.1
0,Cook County,2025-04-10T02:00,61.9,64.8,4.6,9.6
0,Cook County,2025-04-10T03:00,66.6,68.5,2.7,8.9
0,Cook County,2025-04-10T04:00,68.6,70.4,2.6,8.7
0,Cook County,2025-04-10T05:00,65.3,71.4,9.2,9.1
0,Cook County,2025-04-10T06:00,52.9,66,24.6,11.3
0,Cook County,2025-04-10T07:00,40.8,58.4,43.3,14.7
0,Cook County,2025-04-10T08:00,39.4,57.8,46.5,15.1
0,Cook County,2025-04-10T09:00,45.3,60.3,33,13.2
0,Cook County,2025-04-10T10:00,47.2,60.8,28.7,12.6
0,Cook County,2025-04-10T11:00,46.6,60.1,28.9,12.8
0,Cook County,2025-04-10T12:00,44.7,59.4,32.7,13.3
0,Cook County,2025-04-10T13:00,44.6,59.6,33.5,13.4
0,Cook County,2025-04-10T14:00,41.3,58.9,42.4,14.4
0,Cook County,2025-04-10T15:00,36.7,57.1,55.3,16.3
0,Cook County,2025-04-10T16:00,35.2,56.7,60.9,17
0,Cook County,2025-04-10T17:00,35,56.1,60.2,17.1
0,Cook County,2025-04-10T18:00,39.8,56.4,41.8,15
0,Cook County,2025-04-10T19:00,44.8,57.5,28.3,13.3
0,Cook County,2025-04-10T20:00,47,58,23.3,12.7
0,Cook County,2025-04-10T21:00,50,58.8,17.5,11.9
0,Cook County,2025-04-10T22:00,52.2,59.1,13.2,11.4
0,Cook County,2025-04-10T23:00,54.2,59.6,9.8,11
0,Cook County,2025-04-11T00:00,55.7,60.1,7.9,10.7
0,Cook County,2025-04-11T01:00,57.3,60.8,6,10.4
0,Cook County,2025-04-11T02:00,61,63.5,4.1,9.8
0,Cook County,2025-04-11T03:00,65.6,67.3,2.7,9.1
0,Cook County,2025-04-11T04:00,68.5,70.1,2.2,8.7
0,Cook County,2025-04-11T05:00,65.4,71.2,8.9,9.1
0,Cook County,2025-04-11T06:00,55.5,66.4,19.6,10.8
0,Cook County,2025-04-11T07:00,43.6,59,35,13.7
0,Cook County,2025-04-11T08:00,43,58.7,36.3,13.9
0,Cook County,2025-04-11T09:00,46.9,61.3,30.6,12.7
0,Cook County,2025-04-11T10:00,46.8,61.2,30.7,12.8
0,Cook County,2025-04-11T11:00,45.6,60.4,32.5,13.1
0,Cook County,2025-04-11T12:00,43.3,59.5,37.1,13.8
0,Cook County,2025-04-11T13:00,42.4,59.5,40.3,14.1
0,Cook County,2025-04-11T14:00,38.2,58.1,52.2,15.6
0,Cook County,2025-04-11T15:00,33.9,56.3,66,17.6
0,Cook County,2025-04-11T16:00,34.1,56.5,65.6,17.5
0,Cook County,2025-04-11T17:00,35.2,56.6,60.7,17
0,Cook County,2025-04-11T18:00,38.1,56.8,49.2,15.7
0,Cook County,2025-04-11T19:00,41.7,57.2,37,14.3
0,Cook County,2025-04-11T20:00,44.9,57.7,28.6,13.3
0,Cook County,2025-04-11T21:00,47.8,58.7,22.5,12.5
0,Cook County,2025-04-11T22:00,48.6,58.7,20.6,12.3
0,Cook County,2025-04-11T23:00,51,58.5,14.6,11.7
0,Cook County,2025-04-12T00:00,52.9,58.1,9.8,11.3
0,Cook County,2025-04-12T01:00,53.6,57.4,7.1,11.1
0,Cook County,2025-04-12T02:00,55.1,58.2,5.6,10.8
0,Cook County,2025-04-12T03:00,59.5,61.8,3.8,10
0,Cook County,2025-04-12T04:00,64,65.7,2.7,9.3
0,Cook County,2025-04-12T05:00,67.3,69.1,2.6,8.9
0,Cook County,2025-04-12T06:00,66.7,69,3.4,8.9
0,Cook County,2025-04-12T07:00,61,66.6,9.1,9.8
0,Cook County,2025-04-12T08:00,55.5,64.1,15.5,10.8
0,Cook County,2025-04-12T09:00,49.7,62.3,25.2,12
0,Cook County,2025-04-12T10:00,45.9,60.9,32.7,13
0,Cook County,2025-04-12T11:00,43.8,60.2,37.4,13.6
0,Cook County,2025-04-12T12:00,41.8,59.5,42.3,14.3
0,Cook County,2025-04-12T13:00,40.8,59.3,45.4,14.6
0,Cook County,2025-04-12T14:00,40.7,59.3,45.5,14.7
0,Cook County,2025-04-12T15:00,41.4,59.5,43.6,14.4
0,Cook County,2025-04-12T16:00,41.6,59.5,42.9,14.3
0,Cook County,2025-04-12T17:00,41.4,59.1,42.6,14.4
0,Cook County,2025-04-12T18:00,42.4,58.8,38.4,14.1
0,Cook County,2025-04-12T19:00,44.1,58.6,32.7,13.5
0,Cook County,2025-04-12T20:00,46.1,59.1,28.1,13
0,Cook County,2025-04-12T21:00,47.4,59.7,26,12.6
0,Cook County,2025-04-12T22:00,49.2,59.5,20.9,12.1
0,Cook County,2025-04-12T23:00,51,59.4,16.4,11.7
0,Cook County,2025-04-13T00:00,51.7,58,12.1,11.6
0,Cook County,2025-04-13T01:00,52.9,57.2,8.2,11.3
0,Cook County,2025-04-13T02:00,54.7,57.8,5.7,10.9
0,Cook County,2025-04-13T03:00,56.6,59.2,4.5,10.5
0,Cook County,2025-04-13T04:00,60.9,63,3.4,9.8
0,Cook County,2025-04-13T05:00,63.7,66.1,3.7,9.4
0,Cook County,2025-04-13T06:00,65.3,67.1,2.6,9.1
0,Cook County,2025-04-13T07:00,64.3,66.6,3.6,9.3
0,Cook County,2025-04-13T08:00,60.2,65,8,9.9
0,Cook County,2025-04-13T09:00,56.2,64,13.9,10.6
0,Cook County,2025-04-13T10:00,51.4,62.7,21.9,11.6
0,Cook County,2025-04-13T11:00,49.3,63,27.6,12.1
0,Cook County,2025-04-13T12:00,45.8,61.9,35.2,13
0,Cook County,2025-04-13T13:00,43.8,61.4,40,13.6
0,Cook County,2025-04-13T14:00,42.1,60.8,44.1,14.2
0,Cook County,2025-04-13T15:00,43.6,60.8,39.5,13.7
0,Cook County,2025-04-13T16:00,45.9,61.2,33.3,13
0,Cook County,2025-04-13T17:00,48.1,61.4,27.6,12.4
0,Cook County,2025-04-13T18:00,47.8,61.4,28.5,12.5
0,Cook County,2025-04-13T19:00,48.3,61.2,26.6,12.4
0,Cook County,2025-04-13T20:00,51.2,61.7,20.2,11.6
0,Cook County,2025-04-13T21:00,53.9,61.6,14.2,11.1
0,Cook County,2025-04-13T22:00,55.8,61.4,10,10.7
0,Cook County,2025-04-13T23:00,57.2,61.9,8.3,10.4
0,Cook County,2025-04-14T00:00,58.8,62,5.4,10.2
0,Cook County,2025-04-14T01:00,59.3,62.2,4.7,10.1
0,Cook County,2025-04-14T02:00,61.3,63.6,3.8,9.7
0,Cook County,2025-04-14T03:00,66.3,67.6,1.9,9
0,Cook County,2025-04-14T04:00,68.8,70,1.6,8.7
0,Cook County,2025-04-14T05:00,66.4,71.6,7.8,9
0,Cook County,2025-04-14T06:00,55,66.7,21.2,10.8
0,Cook County,2025-04-14T07:00,41.3,58.8,42.1,14.5
0,Cook County,2025-04-14T08:00,40.3,58.2,44.2,14.8
0,Cook County,2025-04-14T09:00,46,60.7,32,13
0,Cook County,2025-04-14T10:00,48.2,61.3,27.2,12.4
0,Cook County,2025-04-14T11:00,47.1,60.4,28.2,12.7
0,Cook County,2025-04-14T12:00,45.6,59.6,30.4,13.1
0,Cook County,2025-04-14T13:00,45.5,59.9,31.8,13.1
0,Cook County,2025-04-14T14:00,42.1,58.9,39.7,14.2
0,Cook County,2025-04-14T15:00,37.1,56.8,52.7,16.1
0,Cook County,2025-04-14T16:00,36.7,56.8,54.9,16.3
0,Cook County,2025-04-14T17:00,37.1,56.3,51.6,16.1
0,Cook County,2025-04-14T18:00,42.1,56.8,34.8,14.2
0,Cook County,2025-04-14T19:00,46.9,57.5,22.7,12.7
0,Cook County,2025-04-14T20:00,48.5,58,19.6,12.3
0,Cook County,2025-04-14T21:00,51.6,59.2,14.7,11.6
0,Cook County,2025-04-14T22:00,54.2,59.9,10.3,11
0,Cook County,2025-04-14T23:00,56.2,60.4,7.6,10.6
0,Cook County,2025-04-15T00:00,58.4,62.1,6.3,10.2
0,Cook County,2025-04-15T01:00,59.4,63.1,6.1,10
0,Cook County,2025-04-15T02:00,62.2,65.4,5.1,9.6
0,Cook County,2025-04-15T03:00,66.1,68.3,3.2,9
0,Cook County,2025-04-15T04:00,68,70.2,3.3,8.8
0,Cook County,2025-04-15T05:00,63.3,71.1,12.3,9.4
0,Cook County,2025-04-15T06:00,49.3,65.1,31.8,12.1
0,Cook County,2025-04-15T07:00,36.9,57.2,55.1,16.2
0,Cook County,2025-04-15T08:00,35.7,56.5,58.3,16.7
0,Cook County,2025-04-15T09:00,42.7,59.5,39.3,14
0,Cook County,2025-04-15T10:00,46.3,60.4,30.2,12.9
0,Cook County,2025-04-15T11:00,46.5,59.7,28.3,12.8
0,Cook County,2025-04-15T12:00,45.5,59.4,30.4,13.1
0,Cook County,2025-04-15T13:00,45.5,59.8,31.3,13.1
0,Cook County,2025-04-15T14:00,42.4,59,39.1,14.1
0,Cook County,2025-04-15T15:00,36.8,56.6,53.8,16.2
0,Cook County,2025-04-15T16:00,35,56.3,60.7,17.1
0,Cook County,2025-04-15T17:00,35,55.7,59.1,17.1
0,Cook County,2025-04-15T18:00,39.7,56.1,41,15
0,Cook County,2025-04-15T19:00,45.5,57,25.3,13.1
0,Cook County,2025-04-15T20:00,48.2,58,20.2,12.4
0,Cook County,2025-04-15T21:00,50.9,58.7,15.2,11.7
0,Cook County,2025-04-15T22:00,53.7,59.4,10.7,11.1
0,Cook County,2025-04-15T23:00,55.5,60,8,10.8
0,Cook County,2025-04-16T00:00,57,60.9,6.8,10.5
0,Cook County,2025-04-16T01:00,58.5,62,6,10.2
0,Cook County,2025-04-16T02:00,61.6,64.6,4.8,9.7
0,Cook County,2025-04-16T03:00,66.7,68.7,2.9,8.9
0,Cook County,2025-04-16T04:00,69,70.6,2.4,8.6
0,Cook County,2025-04-16T05:00,65.9,71.3,8.2,9
0,Cook County,2025-04-16T06:00,52.7,65.9,24.8,11.3
0,Cook County,2025-04-16T07:00,38.7,57.8,49.2,15.4
0,Cook County,2025-04-16T08:00,36.9,56.8,53.7,16.2
0,Cook County,2025-04-16T09:00,42.8,59.4,38.8,14
0,Cook County,2025-04-16T10:00,45.9,60.3,31.2,13
0,Cook County,2025-04-16T11:00,45,59.3,31.7,13.3
0,Cook County,2025-04-16T12:00,44.1,59,33.7,13.5
0,Cook County,2025-04-16T13:00,44.2,59.4,34.4,13.5
0,Cook County,2025-04-16T14:00,40.5,58.5,44.5,14.8
0,Cook County,2025-04-16T15:00,36,56.7,57.2,16.6
0,Cook County,2025-04-16T16:00,33.9,56.1,65.4,17.6
0,Cook County,2025-04-16T17:00,33.4,55.7,66.7,17.9
0,Cook County,2025-04-16T18:00,37.5,55.9,49.1,15.9
0,Cook County,2025-04-16T19:00,43.9,57.2,30,13.6
0,Cook County,2025-04-16T20:00,47.4,58,22.3,12.6
0,Cook County,2025-04-16T21:00,48.4,58.5,20.7,12.3
0,Cook County,2025-04-16T22:00,52.7,59.7,13.2,11.3
0,Cook County,2025-04-16T23:00,55.2,59.9,8.5,10.8
0,Cook County,2025-04-17T00:00,56.8,61.1,7.5,10.5
0,Cook County,2025-04-17T01:00,58.1,61.7,6.2,10.3
0,Cook County,2025-04-17T02:00,61.4,64.7,5.2,9.7
0,Cook County,2025-04-17T03:00,66.6,68.5,2.9,9
0,Cook County,2025-04-17T04:00,68.5,70.6,3,8.7
0,Cook County,2025-04-17T05:00,64.7,71.4,10.4,9.2
0,Cook County,2025-04-17T06:00,52.9,66.2,24.9,11.3
0,Cook County,2025-04-17T07:00,40.2,58.6,45.6,14.9
0,Cook County,2025-04-17T08:00,38.6,57.5,48.8,15.5
0,Cook County,2025-04-17T09:00,44,60,36.2,13.6
0,Cook County,2025-04-17T10:00,46.1,60.8,31.8,12.9
0,Cook County,2025-04-17T11:00,45.4,60.1,32.3,13.2
0,Cook County,2025-04-17T12:00,44.2,59.8,35.3,13.5
0,Cook County,2025-04-17T13:00,43.2,59.8,38.3,13.8
0,Cook County,2025-04-17T14:00,40,59,47.5,14.9
0,Cook County,2025-04-17T15:00,34,56.4,66.1,17.6
0,Cook County,2025-04-17T16:00,29.8,54.9,83.8,20
0,Cook County,2025-04-17T17:00,30.5,54.9,79.8,19.6
0,Cook County,2025-04-17T18:00,36.5,56.4,54.6,16.4
0,Cook County,2025-04-17T19:00,42.8,58.2,35.8,13.9
0,Cook County,2025-04-17T20:00,46.4,59,27,12.9
0,Cook County,2025-04-17T21:00,49,59.3,21,12.2
0,Cook County,2025-04-17T22:00,52.3,59.8,14.1,11.4
0,Cook County,2025-04-17T23:00,54.9,60.1,9.4,10.9
0,Cook County,2025-04-18T00:00,55.7,60.2,8,10.7
0,Cook County,2025-04-18T01:00,57.9,61.1,5.5,10.3
0,Cook County,2025-04-18T02:00,60.1,62.9,4.5,9.9
0,Cook County,2025-04-18T03:00,65.3,67.1,2.8,9.1
0,Cook County,2025-04-18T04:00,68.5,70,2.1,8.7
0,Cook County,2025-04-18T05:00,67.8,71.7,5.8,8.8
0,Cook County,2025-04-18T06:00,59.7,67.7,13.4,10
0,Cook County,2025-04-18T07:00,52.6,63.3,20.3,11.3
0,Cook County,2025-04-18T08:00,50.9,62.1,21.9,11.7
0,Cook County,2025-04-18T09:00,50.2,62.6,24.7,11.9
0,Cook County,2025-04-18T10:00,47.3,62.2,31.4,12.6
0,Cook County,2025-04-18T11:00,43.6,60.6,39.1,13.7
0,Cook County,2025-04-18T12:00,41.1,59.6,44.7,14.5
0,Cook County,2025-04-18T13:00,40.5,59,45.8,14.8
0,Cook County,2025-04-18T14:00,38.7,58.5,50.9,15.4
0,Cook County,2025-04-18T15:00,37.4,58,55,16
0,Cook County,2025-04-18T16:00,38.6,57.8,49.8,15.5
0,Cook County,2025-04-18T17:00,40.5,58,43.1,14.7
0,Cook County,2025-04-18T18:00,43,58,34.7,13.9
0,Cook County,2025-04-18T19:00,45.9,57.9,26.2,13
0,Cook County,2025-04-18T20:00,46.1,57.9,25.4,12.9
0,Cook County,2025-04-18T21:00,47.5,58,22,12.6
0,Cook County,2025-04-18T22:00,48.6,58,19.2,12.3
0,Cook County,2025-04-18T23:00,47.4,57,20.1,12.6
0,Cook County,2025-04-19T00:00,50.8,57.4,12.9,11.7
0,Cook County,2025-04-19T01:00,52.5,57.2,9,11.4
0,Cook County,2025-04-19T02:00,54.7,58.2,6.3,10.9
0,Cook County,2025-04-19T03:00,58.7,61.1,4,10.2
0,Cook County,2025-04-19T04:00,62.7,65,3.5,9.5
0,Cook County,2025-04-19T05:00,66.5,68.8,3.4,9
0,Cook County,2025-04-19T06:00,63.9,67.3,5.2,9.3
0,Cook County,2025-04-19T07:00,59.2,64.8,9.5,10.1
0,Cook County,2025-04-19T08:00,55.7,63.6,14.2,10.7
0,Cook County,2025-04-19T09:00,52.4,62.6,19.5,11.4
0,Cook County,2025-04-19T10:00,48.8,61.6,26.2,12.2
0,Cook County,2025-04-19T11:00,45.4,60.7,33.4,13.1
0,Cook County,2025-04-19T12:00,43.2,59.9,38.4,13.8
0,Cook County,2025-04-19T13:00,42.3,59.4,40.3,14.1
0,Cook County,2025-04-19T14:00,43.1,59.8,38.7,13.9
0,Cook County,2025-04-19T15:00,43.8,60.1,37,13.6
0,Cook County,2025-04-19T16:00,44.2,60,35.4,13.5
0,Cook County,2025-04-19T17:00,45.2,59.8,32.4,13.2
0,Cook County,2025-04-19T18:00,46.5,59.7,28.2,12.8
0,Cook County,2025-04-19T19:00,47.4,59,24.4,12.6
0,Cook County,2025-04-19T20:00,48.2,59.1,22.5,12.4
0,Cook County,2025-04-19T21:00,48.9,59.3,21.3,12.2
0,Cook County,2025-04-19T22:00,50,59.5,18.9,11.9
0,Cook County,2025-04-19T23:00,51.7,59,14,11.6
0,Cook County,2025-04-20T00:00,53.3,58.7,10.1,11.2
0,Cook County,2025-04-20T01:00,54.4,58.4,7.2,11
0,Cook County,2025-04-20T02:00,55.3,58.2,5.3,10.8
0,Cook County,2025-04-20T03:00,57.8,60,3.6,10.3
0,Cook County,2025-04-20T04:00,61.3,63.2,3,9.7
0,Cook County,2025-04-20T05:00,64.4,65.5,1.7,9.3
0,Cook County,2025-04-20T06:00,65.4,65.9,0.7,9.1
0,Cook County,2025-04-20T07:00,61.1,63.5,3.9,9.8
0,Cook County,2025-04-20T08:00,59.6,63.7,7,10
0,Cook County,2025-04-20T09:00,57.2,63.9,11.7,10.4
0,Cook County,2025-04-20T10:00,54.6,63.9,17,10.9
0,Cook County,2025-04-20T11:00,50,63.3,26.6,11.9
0,Cook County,2025-04-20T12:00,47.4,62.7,32.2,12.6
0,Cook County,2025-04-20T13:00,45.6,62.4,36.8,13.1
0,Cook County,2025-04-20T14:00,43.4,61.8,42.3,13.8
0,Cook County,2025-04-20T15:00,47.7,62.9,31.8,12.5
0,Cook County,2025-04-20T16:00,52.6,64.3,22.3,11.4
0,Cook County,2025-04-20T17:00,54.6,64.8,18.6,10.9
0,Cook County,2025-04-20T18:00,53.4,64.6,20.7,11.2
0,Cook County,2025-04-20T19:00,51.5,64.4,24.9,11.6
0,Cook County,2025-04-20T20:00,50.1,63.5,26.6,11.9
0,Cook County,2025-04-20T21:00,53,63.1,19,11.3
0,Cook County,2025-04-20T22:00,56.2,62.1,10.4,10.6
0,Cook County,2025-04-20T23:00,55.2,61.4,11.2,10.8
0,Cook County,2025-04-21T00:00,55.2,61.5,11.4,10.8
0,Cook County,2025-04-21T01:00,57,61.8,8.3,10.5
0,Cook County,2025-04-21T02:00,60.4,64.1,6.2,9.9
0,Cook County,2025-04-21T03:00,65.6,68.3,4,9.1
0,Cook County,2025-04-21T04:00,68.3,70.5,3.3,8.7
0,Cook County,2025-04-21T05:00,65.6,72,9.7,9.1
0,Cook County,2025-04-21T06:00,54.8,67.3,22.9,10.9
0,Cook County,2025-04-21T07:00,44.3,60.1,35.8,13.5
0,Cook County,2025-04-21T08:00,43.7,59.6,36.3,13.7
0,Cook County,2025-04-21T09:00,49.2,62.3,26.4,12.1
0,Cook County,2025-04-21T10:00,50.5,62.8,24.3,11.8
0,Cook County,2025-04-21T11:00,49.2,61.8,25.5,12.1
0,Cook County,2025-04-21T12:00,47.7,60.9,27.7,12.5
0,Cook County,2025-04-21T13:00,47.1,61,29.4,12.7
0,Cook County,2025-04-21T14:00,43.9,60.1,36.6,13.6
0,Cook County,2025-04-21T15:00,39.5,58.1,47.1,15.1
0,Cook County,2025-04-21T16:00,39.2,57.9,47.8,15.3
0,Cook County,2025-04-21T17:00,40.4,57.6,42.6,14.8
0,Cook County,2025-04-21T18:00,45.3,58.1,28.2,13.2
0,Cook County,2025-04-21T19:00,48.2,58.2,20.6,12.4
0,Cook County,2025-04-21T20:00,49.8,58.9,18.3,12
0,Cook County,2025-04-21T21:00,52.5,59.8,13.6,11.4
0,Cook County,2025-04-21T22:00,55.3,60.6,9.4,10.8
0,Cook County,2025-04-21T23:00,57,61,7,10.5
0,Cook County,2025-04-22T00:00,58.8,62.3,5.8,10.1
0,Cook County,2025-04-22T01:00,60.5,63.6,5,9.9
0,Cook County,2025-04-22T02:00,62.5,65.5,4.8,9.5
0,Cook County,2025-04-22T03:00,67,68.8,2.7,8.9
0,Cook County,2025-04-22T04:00,68.9,70.4,2.1,8.7
0,Cook County,2025-04-22T05:00,66.1,71.4,8,9
0,Cook County,2025-04-22T06:00,52.2,65.8,26,11.4
0,Cook County,2025-04-22T07:00,38.5,57.8,49.8,15.5
0,Cook County,2025-04-22T08:00,37.1,57.2,53.9,16.1
0,Cook County,2025-04-22T09:00,43.5,59.8,37.6,13.7
0,Cook County,2025-04-22T10:00,46.8,60.8,30,12.8
0,Cook County,2025-04-22T11:00,46.4,60.1,29.3,12.9
0,Cook County,2025-04-22T12:00,45.3,59.5,31.3,13.2
0,Cook County,2025-04-22T13:00,45.8,60.2,31.3,13
0,Cook County,2025-04-22T14:00,42.3,59.1,39.6,14.1
0,Cook County,2025-04-22T15:00,36.6,56.7,54.8,16.3
0,Cook County,2025-04-22T16:00,34.9,56.4,61.6,17.1
0,Cook County,2025-04-22T17:00,33.9,55.8,64.3,17.6
0,Cook County,2025-04-22T18:00,38.2,55.9,46.3,15.7
0,Cook County,2025-04-22T19:00,44.3,56.9,28.4,13.5
0,Cook County,2025-04-22T20:00,47.6,57.8,21.3,12.6
0,Cook County,2025-04-22T21:00,50.5,58.5,15.7,11.8
0,Cook County,2025-04-22T22:00,52,59,13.3,11.5
0,Cook County,2025-04-22T23:00,55.8,60.7,8.7,10.7
0,Cook County,2025-04-23T00:00,56.4,60.5,7.2,10.6
0,Cook County,2025-04-23T01:00,58.5,61.8,5.6,10.2
0,Cook County,2025-04-23T02:00,61.1,64.1,4.7,9.8
0,Cook County,2025-04-23T03:00,66.3,68.2,2.9,9
0,Cook County,2025-04-23T04:00,68.9,70.5,2.3,8.7
0,Cook County,2025-04-23T05:00,62,71,14.4,9.6
0,Cook County,2025-04-23T06:00,47.5,64.9,36.4,12.6
0,Cook County,2025-04-23T07:00,35.8,56.8,58.4,16.7
0,Cook County,2025-04-23T08:00,34.2,56,63.4,17.5
0,Cook County,2025-04-23T09:00,40.1,58.7,46,14.9
0,Cook County,2025-04-23T10:00,44.8,60.3,34.6,13.3
0,Cook County,2025-04-23T11:00,45.7,59.8,30.8,13.1
0,Cook County,2025-04-23T12:00,45,59.5,32.1,13.3
0,Cook County,2025-04-23T13:00,45,59.8,32.7,13.3
0,Cook County,2025-04-23T14:00,41.5,58.9,42.1,14.4
0,Cook County,2025-04-23T15:00,36.5,56.9,55.5,16.3
0,Cook County,2025-04-23T16:00,34.5,56.4,63.4,17.3
0,Cook County,2025-04-23T17:00,33.6,55.4,64.7,17.8
0,Cook County,2025-04-23T18:00,38,55.7,46.5,15.7
0,Cook County,2025-04-23T19:00,43.7,56.4,29.1,13.7
0,Cook County,2025-04-23T20:00,46.4,57.5,23.8,12.9
0,Cook County,2025-04-23T21:00,48.5,58.4,20.3,12.3
0,Cook County,2025-04-23T22:00,52.1,59.2,13.7,11.5
0,Cook County,2025-04-23T23:00,54.4,59.4,9,11
0,Cook County,2025-04-24T00:00,56.1,60.3,7.4,10.6
0,Cook County,2025-04-24T01:00,57.6,61.1,6.1,10.4
0,Cook County,2025-04-24T02:00,60.9,64,5.1,9.8
0,Cook County,2025-04-24T03:00,66.4,68.4,2.9,9
0,Cook County,2025-04-24T04:00,67.4,70.3,4.3,8.8
0,Cook County,2025-04-24T05:00,63.9,71.3,11.6,9.3
0,Cook County,2025-04-24T06:00,51.8,65.9,27.1,11.5
0,Cook County,2025-04-24T07:00,39.2,58.2,48.4,15.2
0,Cook County,2025-04-24T08:00,37.9,57.6,52,15.8
0,Cook County,2025-04-24T09:00,43.3,60.2,38.9,13.8
0,Cook County,2025-04-24T10:00,45.9,61,32.7,13
0,Cook County,2025-04-24T11:00,45.2,60.1,32.9,13.2
0,Cook County,2025-04-24T12:00,44,59.7,35.7,13.6
0,Cook County,2025-04-24T13:00,43.4,59.9,38,13.8
0,Cook County,2025-04-24T14:00,39.9,58.7,47.1,15
0,Cook County,2025-04-24T15:00,35.1,56.6,61.3,17
0,Cook County,2025-04-24T16:00,33.2,56.1,68.5,18
0,Cook County,2025-04-24T17:00,32.8,55.5,69,18.2
0,Cook County,2025-04-24T18:00,37.4,56.2,50.2,16
0,Cook County,2025-04-24T19:00,42.9,57.1,32.9,13.9
0,Cook County,2025-04-24T20:00,45.8,57.9,26.2,13
0,Cook County,2025-04-24T21:00,48,58.3,21.5,12.4
0,Cook County,2025-04-24T22:00,51.1,58.9,15.2,11.7
0,Cook County,2025-04-24T23:00,53.7,59.2,10.3,11.1
0,Cook County,2025-04-25T00:00,55.4,60.1,8.4,10.8
0,Cook County,2025-04-25T01:00,57.2,60.8,6.2,10.4
0,Cook County,2025-04-25T02:00,60.2,63.4,5.4,9.9
0,Cook County,2025-04-25T03:00,65.8,67.8,3,9.1
0,Cook County,2025-04-25T04:00,66.6,69.9,4.8,8.9
0,Cook County,2025-04-25T05:00,65.2,71.1,9.1,9.1
0,Cook County,2025-04-25T06:00,54.7,66.4,21.4,10.9
0,Cook County,2025-04-25T07:00,42.9,59,37.3,13.9
0,Cook County,2025-04-25T08:00,42.4,58.7,38.3,14.1
0,Cook County,2025-04-25T09:00,47,61.4,30.7,12.7
0,Cook County,2025-04-25T10:00,46.6,61.6,32,12.8
0,Cook County,2025-04-25T11:00,44,60.2,36.7,13.6
0,Cook County,2025-04-25T12:00,38.2,58.3,52.6,15.7
0,Cook County,2025-04-25T13:00,35.7,57.2,60,16.7
0,Cook County,2025-04-25T14:00,34.4,56.6,64.5,17.4
0,Cook County,2025-04-25T15:00,32.5,55.9,71.8,18.4
0,Cook County,2025-04-25T16:00,33.6,56.5,68.2,17.8
0,Cook County,2025-04-25T17:00,35.6,57,59.8,16.8
0,Cook County,2025-04-25T18:00,39.2,57.6,47,15.2
0,Cook County,2025-04-25T19:00,41.5,57.6,38.7,14.4
0,Cook County,2025-04-25T20:00,44.5,57.5,29.2,13.4
0,Cook County,2025-04-25T21:00,47.3,58,22.7,12.6
0,Cook County,2025-04-25T22:00,49.8,59.2,18.8,12
0,Cook County,2025-04-25T23:00,50.6,59.4,17.2,11.8
0,Cook County,2025-04-26T00:00,51.5,58.1,12.8,11.6
0,Cook County,2025-04-26T01:00,53.1,57.6,8.5,11.2
0,Cook County,2025-04-26T02:00,55.1,58.4,6,10.8
0,Cook County,2025-04-26T03:00,58.4,61.6,5.4,10.2
0,Cook County,2025-04-26T04:00,63.1,65.6,4,9.5
0,Cook County,2025-04-26T05:00,67.2,69.2,2.9,8.9
0,Cook County,2025-04-26T06:00,66.1,68.8,3.9,9
0,Cook County,2025-04-26T07:00,60.7,66.3,9.2,9.8
0,Cook County,2025-04-26T08:00,55.5,64.1,15.3,10.7
0,Cook County,2025-04-26T09:00,51.2,62.6,22.3,11.7
0,Cook County,2025-04-26T10:00,47.5,61.3,29.1,12.6
0,Cook County,2025-04-26T11:00,44.5,60.5,35.8,13.4
0,Cook County,2025-04-26T12:00,41.7,59.4,42.3,14.3
0,Cook County,2025-04-26T13:00,40.5,59.1,45.9,14.8
0,Cook County,2025-04-26T14:00,40.1,59.1,47.3,14.9
0,Cook County,2025-04-26T15:00,40.9,59.3,44.7,14.6
0,Cook County,2025-04-26T16:00,42.5,59.5,40,14.1
0,Cook County,2025-04-26T17:00,43.2,59.8,38.2,13.8
0,Cook County,2025-04-26T18:00,42.8,59.1,37.9,13.9
0,Cook County,2025-04-26T19:00,43.8,58.5,33.7,13.6
0,Cook County,2025-04-26T20:00,46.6,59.1,26.7,12.8
0,Cook County,2025-04-26T21:00,48,59.2,23.3,12.4
0,Cook County,2025-04-26T22:00,48.5,59.5,22.6,12.3
0,Cook County,2025-04-26T23:00,50.3,59.6,18.4,11.9
0,Cook County,2025-04-27T00:00,51.6,58.2,12.7,11.6
0,Cook County,2025-04-27T01:00,53,57.6,8.6,11.3
0,Cook County,2025-04-27T02:00,54.1,57.9,7,11
0,Cook County,2025-04-27T03:00,57.4,60.1,4.7,10.4
0,Cook County,2025-04-27T04:00,61.8,63.7,3.1,9.7
0,Cook County,2025-04-27T05:00,65.4,67,2.4,9.1
0,Cook County,2025-04-27T06:00,66.1,67.7,2.4,9
0,Cook County,2025-04-27T07:00,63.9,66.8,4.4,9.3
0,Cook County,2025-04-27T08:00,59.9,65.3,9.1,10
0,Cook County,2025-04-27T09:00,56.3,64.5,14.5,10.6
0,Cook County,2025-04-27T10:00,52.5,63.5,20.9,11.4
0,Cook County,2025-04-27T11:00,49.5,62.8,26.8,12.1
0,Cook County,2025-04-27T12:00,45.7,61.5,34.4,13.1
0,Cook County,2025-04-27T13:00,44,61,38.5,13.6
0,Cook County,2025-04-27T14:00,43.5,60.9,39.8,13.7
0,Cook County,2025-04-27T15:00,44.1,61.3,39,13.6
0,Cook County,2025-04-27T16:00,44.7,61.2,36.9,13.4
0,Cook County,2025-04-27T17:00,44.9,60.8,35.1,13.3
0,Cook County,2025-04-27T18:00,47.1,60.9,29.2,12.7
0,Cook County,2025-04-27T19:00,48.2,60.6,25.6,12.4
0,Cook County,2025-04-27T20:00,50.2,61,21.5,11.9
0,Cook County,2025-04-27T21:00,51.5,61.1,18.5,11.6
0,Cook County,2025-04-27T22:00,54.5,61.7,13.2,11
0,Cook County,2025-04-27T23:00,57.2,61.9,8.1,10.4
0,Cook County,2025-04-28T00:00,58.9,62.3,5.7,10.1
0,Cook County,2025-04-28T01:00,59.4,62.3,4.8,10
0,Cook County,2025-04-28T02:00,61,63.6,4.2,9.8
0,Cook County,2025-04-28T03:00,65.6,67.2,2.3,9.1
0,Cook County,2025-04-28T04:00,69.1,70.5,1.9,8.6
0,Cook County,2025-04-28T05:00,66.4,71.8,8,9
0,Cook County,2025-04-28T06:00,53.1,66.5,25.1,11.2
0,Cook County,2025-04-28T07:00,41,58.7,43,14.6
0,Cook County,2025-04-28T08:00,39.7,58.1,46,15
0,Cook County,2025-04-28T09:00,45.4,60.7,33.7,13.2
0,Cook County,2025-04-28T10:00,47.2,61.3,29.7,12.7
0,Cook County,2025-04-28T11:00,46.4,60.4,30.1,12.9
0,Cook County,2025-04-28T12:00,44.5,59.5,33.7,13.4
0,Cook County,2025-04-28T13:00,44.3,59.8,34.9,13.5
0,Cook County,2025-04-28T14:00,41.3,59,42.7,14.5
0,Cook County,2025-04-28T15:00,36.1,56.4,56.1,16.6
0,Cook County,2025-04-28T16:00,35.1,56.4,60.2,17
0,Cook County,2025-04-28T17:00,35.6,56.1,57.5,16.8
0,Cook County,2025-04-28T18:00,40.5,56.6,39.8,14.8
0,Cook County,2025-04-28T19:00,45.4,57.3,26.1,13.1
0,Cook County,2025-04-28T20:00,47.5,58,21.9,12.6
0,Cook County,2025-04-28T21:00,50.6,58.6,15.9,11.8
0,Cook County,2025-04-28T22:00,52.9,59.4,12.1,11.3
0,Cook County,2025-04-28T23:00,55.5,61,9.9,10.8
0,Cook County,2025-04-29T00:00,56.6,61,7.6,10.5
0,Cook County,2025-04-29T01:00,58.2,61.7,6,10.3
0,Cook County,2025-04-29T02:00,61.1,64,4.8,9.8
0,Cook County,2025-04-29T03:00,65.6,67.8,3.2,9.1
0,Cook County,2025-04-29T04:00,67.8,70.1,3.2,8.8
0,Cook County,2025-04-29T05:00,65.5,71.2,8.6,9.1
0,Cook County,2025-04-29T06:00,52.1,65.7,26.1,11.5
0,Cook County,2025-04-29T07:00,38.4,57.6,50.1,15.6
0,Cook County,2025-04-29T08:00,37.1,57.2,53.9,16.1
0,Cook County,2025-04-29T09:00,42.3,59.3,39.9,14.1
0,Cook County,2025-04-29T10:00,45.9,60.4,31.5,13
0,Cook County,2025-04-29T11:00,45.8,59.8,30.5,13
0,Cook County,2025-04-29T12:00,45,59.3,31.7,13.3
0,Cook County,2025-04-29T13:00,44.3,59.5,34.3,13.5
0,Cook County,2025-04-29T14:00,40.8,58.6,43.5,14.6
0,Cook County,2025-04-29T15:00,35.4,56.3,59.1,16.9
0,Cook County,2025-04-29T16:00,33.6,55.9,65.9,17.8
0,Cook County,2025-04-29T17:00,33,55.2,67,18.1
0,Cook County,2025-04-29T18:00,37.6,55.7,47.9,15.9
0,Cook County,2025-04-29T19:00,44.2,56.8,28.6,13.5
0,Cook County,2025-04-29T20:00,47.2,57.6,22,12.7
0,Cook County,2025-04-29T21:00,50.1,58.6,16.8,11.9
0,Cook County,2025-04-29T22:00,52.5,58.9,12.1,11.4
0,Cook County,2025-04-29T23:00,55.1,59.9,8.5,10.8
0,Cook County,2025-04-30T00:00,57.2,61,6.7,10.4
0,Cook County,2025-04-30T01:00,58.3,62,6.2,10.2
0,Cook County,2025-04-30T02:00,61.5,64.5,4.9,9.7
0,Cook County,2025-04-30T03:00,66.4,68.4,3,9
0,Cook County,2025-04-30T04:00,68.7,70.6,2.7,8.7
0,Cook County,2025-04-30T05:00,65.2,71.4,9.4,9.1
0,Cook County,2025-04-30T06:00,50.8,65.6,29.1,11.8
0,Cook County,2025-04-30T07:00,38.1,57.8,51.7,15.7
0,Cook County,2025-04-30T08:00,36.6,56.8,55.1,16.3
0,Cook County,2025-04-30T09:00,42.2,59.3,40.2,14.1
0,Cook County,2025-04-30T10:00,44.5,60.2,35.1,13.4
0,Cook County,2025-04-30T11:00,44.9,59.9,33.4,13.3
0,Cook County,2025-04-30T12:00,43.8,59.4,35.5,13.6
0,Cook County,2025-04-30T13:00,42.8,59.5,38.8,13.9
0,Cook County,2025-04-30T14:00,37.5,57.8,54.2,15.9
0,Cook County,2025-04-30T15:00,33,55.8,68.8,18.1
0,Cook County,2025-04-30T16:00,31.7,55.4,74.6,18.8
0,Cook County,2025-04-30T17:00,32.4,54.9,69.6,18.5
0,Cook County,2025-04-30T18:00,38.1,55.8,46.3,15.7
0,Cook County,2025-04-30T19:00,43.9,57.2,30.1,13.6
0,Cook County,2025-04-30T20:00,47.2,57.9,22.8,12.7
0,Cook County,2025-04-30T21:00,50.6,59,16.5,11.8
0,Cook County,2025-04-30T22:00,52.5,59.3,13,11.4
0,Cook County,2025-04-30T23:00,54,59.7,10.5,11.1
0,Cook County,2025-05-01T00:00,56.3,60.8,8,10.6
0,Cook County,2025-05-01T01:00,57.8,62.4,7.8,10.3
0,Cook County,2025-05-01T02:00,59,64.5,9.2,10.1
0,Cook County,2025-05-01T03:00,63.7,68.1,6.9,9.4
0,Cook County,2025-05-01T04:00,66.8,70.2,5.1,8.9
0,Cook County,2025-05-01T05:00,61.1,70.7,15.7,9.8
0,Cook County,2025-05-01T06:00,47.3,64.6,36.4,12.6
0,Cook County,2025-05-01T07:00,34.8,56.2,61.4,17.2
0,Cook County,2025-05-01T08:00,34.3,56,62.9,17.4
0,Cook County,2025-05-01T09:00,41.1,59.3,44.2,14.5
0,Cook County,2025-05-01T10:00,44.6,60.2,34.9,13.4
0,Cook County,2025-05-01T11:00,44.4,59.8,34.6,13.4
0,Cook County,2025-05-01T12:00,42.6,59.1,38.5,14
0,Cook County,2025-05-01T13:00,42.7,59.4,38.9,14
0,Cook County,2025-05-01T14:00,40.2,58.7,46.1,14.9
0,Cook County,2025-05-01T15:00,35.9,56.6,57.3,16.6
0,Cook County,2025-05-01T16:00,35.2,56.6,60.8,17
0,Cook County,2025-05-01T17:00,35.3,56,58.5,16.9
0,Cook County,2025-05-01T18:00,38.8,56,44.3,15.4
0,Cook County,2025-05-01T19:00,44.6,57.4,28.7,13.4
0,Cook County,2025-05-01T20:00,47.2,58.1,22.9,12.6
0,Cook County,2025-05-01T21:00,50.5,59.2,17,11.8
0,Cook County,2025-05-01T22:00,52.8,59.5,12.5,11.3
0,Cook County,2025-05-01T23:00,54.8,59.9,9.2,10.9
0,Cook County,2025-05-02T00:00,56.2,60.3,7.2,10.6
0,Cook County,2025-05-02T01:00,56.7,60.6,6.8,10.5
0,Cook County,2025-05-02T02:00,60.1,63.6,5.7,9.9
0,Cook County,2025-05-02T03:00,65,67.3,3.4,9.2
0,Cook County,2025-05-02T04:00,67.4,69.7,3.4,8.9
0,Cook County,2025-05-02T05:00,65,71.1,9.2,9.2
0,Cook County,2025-05-02T06:00,53.4,66.3,24.1,11.2
0,Cook County,2025-05-02T07:00,40.7,58.2,43,14.7
0,Cook County,2025-05-02T08:00,40.8,58.1,42.4,14.6
0,Cook County,2025-05-02T09:00,46.7,61.1,30.7,12.8
0,Cook County,2025-05-02T10:00,47,61.2,30.2,12.7
0,Cook County,2025-05-02T11:00,44.7,60.2,34.6,13.4
0,Cook County,2025-05-02T12:00,43,59.7,38.8,13.9
0,Cook County,2025-05-02T13:00,42.1,59.8,41.9,14.2
0,Cook County,2025-05-02T14:00,38.5,58.4,51.4,15.5
0,Cook County,2025-05-02T15:00,34.3,56.5,64.3,17.4
0,Cook County,2025-05-02T16:00,34.2,56.7,65.4,17.5
0,Cook County,2025-05-02T17:00,35.7,56.7,58.7,16.7
0,Cook County,2025-05-02T18:00,39.9,57.4,44,15
0,Cook County,2025-05-02T19:00,42.7,57.4,34.4,14
0,Cook County,2025-05-02T20:00,45.8,58.2,27,13
0,Cook County,2025-05-02T21:00,48.2,58.8,22,12.4
0,Cook County,2025-05-02T22:00,49.3,58.8,19.4,12.1
0,Cook County,2025-05-02T23:00,50.9,58.4,14.8,11.7
0,Cook County,2025-05-03T00:00,52.4,58,10.6,11.4
0,Cook County,2025-05-03T01:00,53.3,57.3,7.5,11.2
0,Cook County,2025-05-03T02:00,55.4,58.4,5.4,10.8
0,Cook County,2025-05-03T03:00,60.9,63.4,4.1,9.8
0,Cook County,2025-05-03T04:00,62.2,64.3,3.4,9.6
0,Cook County,2025-05-03T05:00,67.7,69.1,2.1,8.8
0,Cook County,2025-05-03T06:00,66.1,69,4.3,9
0,Cook County,2025-05-03T07:00,60.5,66.6,10.1,9.9
0,Cook County,2025-05-03T08:00,54.9,64.1,16.7,10.9
0,Cook County,2025-05-03T09:00,50,62.4,24.6,11.9
0,Cook County,2025-05-03T10:00,45.7,60.8,33.1,13.1
0,Cook County,2025-05-03T11:00,43.1,60.1,39.1,13.8
0,Cook County,2025-05-03T12:00,41.3,59.5,44.1,14.5
0,Cook County,2025-05-03T13:00,40.1,58.9,46.8,14.9
0,Cook County,2025-05-03T14:00,39.8,58.8,47.5,15
0,Cook County,2025-05-03T15:00,40.3,59.1,46.6,14.8
0,Cook County,2025-05-03T16:00,41.4,59.3,43.1,14.4
0,Cook County,2025-05-03T17:00,42.4,59,38.8,14.1
0,Cook County,2025-05-03T18:00,43.8,58.9,34.6,13.6
0,Cook County,2025-05-03T19:00,45.3,58.5,29,13.2
0,Cook County,2025-05-03T20:00,47.3,59.3,25.3,12.6
0,Cook County,2025-05-03T21:00,47.9,59.3,23.8,12.5
0,Cook County,2025-05-03T22:00,49.2,59.6,21,12.1
0,Cook County,2025-05-03T23:00,50.6,58.7,16,11.8
0,Cook County,2025-05-04T00:00,52.1,58.2,11.5,11.4
0,Cook County,2025-05-04T01:00,52.7,57,8.1,11.3
0,Cook County,2025-05-04T02:00,54.6,57.8,5.8,10.9
0,Cook County,2025-05-04T03:00,57.8,60.3,4.4,10.3
0,Cook County,2025-05-04T04:00,62,63.8,2.7,9.6
0,Cook County,2025-05-04T05:00,65.9,67,1.6,9.1
0,Cook County,2025-05-04T06:00,67.3,68.7,1.9,8.9
0,Cook County,2025-05-04T07:00,64.1,66.9,4.3,9.3
0,Cook County,2025-05-04T08:00,60.1,65.4,8.8,9.9
0,Cook County,2025-05-04T09:00,56.6,64.3,13.6,10.5
0,Cook County,2025-05-04T10:00,53.4,63.7,19.1,11.2
0,Cook County,2025-05-04T11:00,49.9,62.7,25.6,12
0,Cook County,2025-05-04T12:00,46.8,61.8,32,12.8
0,Cook County,2025-05-04T13:00,45.1,61.1,35.4,13.2
0,Cook County,2025-05-04T14:00,43.9,60.8,38.3,13.6
0,Cook County,2025-05-04T15:00,42.2,60.1,42.2,14.2
0,Cook County,2025-05-04T16:00,42.2,60.2,42.4,14.1
0,Cook County,2025-05-04T17:00,44.3,60.7,36.9,13.5
0,Cook County,2025-05-04T18:00,46.4,60.9,31.1,12.9
0,Cook County,2025-05-04T19:00,49.9,61.3,22.7,12
0,Cook County,2025-05-04T20:00,51.6,61.2,18.5,11.6
0,Cook County,2025-05-04T21:00,53.6,61.5,14.7,11.1
0,Cook County,2025-05-04T22:00,55.2,61.1,10.8,10.8
0,Cook County,2025-05-04T23:00,57,61.5,7.9,10.5
0,Cook County,2025-05-05T00:00,57.5,62.3,8.3,10.4
0,Cook County,2025-05-05T01:00,58.7,62.8,7,10.2
0,Cook County,2025-05-05T02:00,61.3,64.5,5.2,9.7
0,Cook County,2025-05-05T03:00,65.5,67.5,3,9.1
0,Cook County,2025-05-05T04:00,67.5,70,3.6,8.8
0,Cook County,2025-05-05T05:00,63.8,71.5,12,9.4
0,Cook County,2025-05-05T06:00,51.7,66,27.7,11.6
0,Cook County,2025-05-05T07:00,39.9,58.2,45.8,15
0,Cook County,2025-05-05T08:00,39.5,57.6,45.9,15.1
0,Cook County,2025-05-05T09:00,45.9,60.7,32,13
0,Cook County,2025-05-05T10:00,48,61.4,27.7,12.4
0,Cook County,2025-05-05T11:00,47,60.2,28,12.7
0,Cook County,2025-05-05T12:00,45.8,59.6,30.1,13
0,Cook County,2025-05-05T13:00,45.9,60.2,31,13
0,Cook County,2025-05-05T14:00,42.3,59.1,39.7,14.1
0,Cook County,2025-05-05T15:00,37,57,53.6,16.1
0,Cook County,2025-05-05T16:00,35.8,56.6,58.2,16.7
0,Cook County,2025-05-05T17:00,36,55.9,55.2,16.6
0,Cook County,2025-05-05T18:00,40.6,56.4,38.8,14.7
0,Cook County,2025-05-05T19:00,46,57,23.9,13
0,Cook County,2025-05-05T20:00,48.1,57.6,19.6,12.4
0,Cook County,2025-05-05T21:00,50,58.5,16.8,11.9
0,Cook County,2025-05-05T22:00,53,59.7,12.6,11.3
0,Cook County,2025-05-05T23:00,55.8,60.2,7.9,10.7
0,Cook County,2025-05-06T00:00,57.9,61.4,6.1,10.3
0,Cook County,2025-05-06T01:00,59,62.2,5.4,10.1
0,Cook County,2025-05-06T02:00,61.3,64.2,4.6,9.7
0,Cook County,2025-05-06T03:00,65.7,67.6,3,9.1
0,Cook County,2025-05-06T04:00,68.4,70.3,2.8,8.7
0,Cook County,2025-05-06T05:00,65.5,71.1,8.5,9.1
0,Cook County,2025-05-06T06:00,51,65.2,27.8,11.7
0,Cook County,2025-05-06T07:00,37.6,57.3,52.5,15.9
0,Cook County,2025-05-06T08:00,36.6,56.9,55.1,16.3
0,Cook County,2025-05-06T09:00,42.7,59.5,39.4,14
0,Cook County,2025-05-06T10:00,45.8,60.4,31.7,13
0,Cook County,2025-05-06T11:00,45.5,59.6,30.9,13.1
0,Cook County,2025-05-06T12:00,45,59.3,31.7,13.3
0,Cook County,2025-05-06T13:00,44.5,59.7,34,13.4
0,Cook County,2025-05-06T14:00,41.1,58.8,42.9,14.5
0,Cook County,2025-05-06T15:00,35.5,56.3,58.3,16.8
0,Cook County,2025-05-06T16:00,33.7,55.9,65.8,17.7
0,Cook County,2025-05-06T17:00,33,55.2,67.1,18.1
0,Cook County,2025-05-06T18:00,37.7,55.6,47.6,15.9
0,Cook County,2025-05-06T19:00,43.8,56.8,29.5,13.6
0,Cook County,2025-05-06T20:00,46.8,57.5,22.8,12.8
0,Cook County,2025-05-06T21:00,49.5,58.3,17.8,12.1
0,Cook County,2025-05-06T22:00,51.6,58.9,14,11.6
0,Cook County,2025-05-06T23:00,54.9,59.7,8.7,10.9
0,Cook County,2025-05-07T00:00,55.6,60,7.9,10.7
0,Cook County,2025-05-07T01:00,57.7,61.3,6.3,10.3
0,Cook County,2025-05-07T02:00,61.1,64.2,5.1,9.8
0,Cook County,2025-05-07T03:00,66,68.1,3.1,9
0,Cook County,2025-05-07T04:00,68.4,70.5,2.9,8.7
0,Cook County,2025-05-07T05:00,65.5,71.5,9.1,9.1
0,Cook County,2025-05-07T06:00,51.6,65.6,27.1,11.6
0,Cook County,2025-05-07T07:00,38.8,57.9,49.2,15.4
0,Cook County,2025-05-07T08:00,37.5,57.3,52.6,15.9
0,Cook County,2025-05-07T09:00,43.1,60.1,39.2,13.8
0,Cook County,2025-05-07T10:00,45.5,60.7,33.5,13.1
0,Cook County,2025-05-07T11:00,45.1,60.2,33.5,13.3
0,Cook County,2025-05-07T12:00,43.7,59.3,35.5,13.6
0,Cook County,2025-05-07T13:00,43,59.3,37.6,13.9
0,Cook County,2025-05-07T14:00,39.9,58.4,46.2,15
0,Cook County,2025-05-07T15:00,35.3,56.7,60.4,16.9
0,Cook County,2025-05-07T16:00,33.2,56,68.4,18
0,Cook County,2025-05-07T17:00,33.2,55.6,67.2,18
0,Cook County,2025-05-07T18:00,38,56.1,47.3,15.7
0,Cook County,2025-05-07T19:00,43.5,57.1,31.1,13.7
0,Cook County,2025-05-07T20:00,46.6,57.9,24.1,12.8
0,Cook County,2025-05-07T21:00,49.7,58.8,18.3,12
0,Cook County,2025-05-07T22:00,52.1,59.3,13.9,11.5
0,Cook County,2025-05-07T23:00,55.1,60,8.9,10.8
0,Cook County,2025-05-08T00:00,56.6,61,7.7,10.5
0,Cook County,2025-05-08T01:00,57.9,61.8,6.8,10.3
0,Cook County,2025-05-08T02:00,61.8,65,5.2,9.7
0,Cook County,2025-05-08T03:00,66.4,68.8,3.6,9
0,Cook County,2025-05-08T04:00,68,70.7,4,8.8
0,Cook County,2025-05-08T05:00,65,71.5,10,9.2
0,Cook County,2025-05-08T06:00,52.2,65.7,25.9,11.4
0,Cook County,2025-05-08T07:00,40,58.3,45.8,14.9
0,Cook County,2025-05-08T08:00,38.9,57.7,48.3,15.4
0,Cook County,2025-05-08T09:00,44.2,60.3,36.5,13.5
0,Cook County,2025-05-08T10:00,45.9,60.9,32.5,13
0,Cook County,2025-05-08T11:00,44.8,60,33.8,13.3
0,Cook County,2025-05-08T12:00,42.8,59.5,38.9,14
0,Cook County,2025-05-08T13:00,41.8,59.4,42.1,14.3
0,Cook County,2025-05-08T14:00,37.7,57.9,53.2,15.8
0,Cook County,2025-05-08T15:00,33.3,56.1,68.4,18
0,Cook County,2025-05-08T16:00,32.1,55.8,73.8,18.6
0,Cook County,2025-05-08T17:00,32.2,55.3,71.4,18.5
0,Cook County,2025-05-08T18:00,36.9,56.2,52.3,16.2
0,Cook County,2025-05-08T19:00,41.8,56.8,35.9,14.3
0,Cook County,2025-05-08T20:00,45.5,58,27.5,13.1
0,Cook County,2025-05-08T21:00,48.1,58.7,22.1,12.4
0,Cook County,2025-05-08T22:00,51.4,59.3,15.4,11.6
0,Cook County,2025-05-08T23:00,54.5,59.6,9.4,11
0,Cook County,2025-05-09T00:00,56.6,60.5,6.8,10.5
0,Cook County,2025-05-09T01:00,57.6,61.1,6,10.4
0,Cook County,2025-05-09T02:00,60.3,63.3,4.8,9.9
0,Cook County,2025-05-09T03:00,66.2,68,2.7,9
0,Cook County,2025-05-09T04:00,68.8,70.4,2.3,8.7
0,Cook County,2025-05-09T05:00,66,71.4,8,9
0,Cook County,2025-05-09T06:00,53.3,66,23.8,11.2
0,Cook County,2025-05-09T07:00,41.6,58.4,40.5,14.4
0,Cook County,2025-05-09T08:00,41.3,58.4,41.3,14.5
0,Cook County,2025-05-09T09:00,45.7,61.2,33.9,13.1
0,Cook County,2025-05-09T10:00,45.5,61.2,34.5,13.1
0,Cook County,2025-05-09T11:00,43,59.8,38.8,13.9
0,Cook County,2025-05-09T12:00,40.8,59,44.6,14.6
0,Cook County,2025-05-09T13:00,39.6,58.9,48.6,15.1
0,Cook County,2025-05-09T14:00,36.7,57.9,57.4,16.3
0,Cook County,2025-05-09T15:00,32.9,56.2,71,18.2
0,Cook County,2025-05-09T16:00,32.5,56.2,72.7,18.4
0,Cook County,2025-05-09T17:00,33.9,56.5,66.6,17.6
0,Cook County,2025-05-09T18:00,37.5,57.2,52.4,15.9
0,Cook County,2025-05-09T19:00,41.3,57.7,39.5,14.5
0,Cook County,2025-05-09T20:00,44.3,58.1,31.1,13.5
0,Cook County,2025-05-09T21:00,46.8,58.7,25.4,12.8
0,Cook County,2025-05-09T22:00,48.1,58.9,22.4,12.4
0,Cook County,2025-05-09T23:00,49.4,58.8,19,12.1
0,Cook County,2025-05-10T00:00,50.9,58.1,14.1,11.7
0,Cook County,2025-05-10T01:00,53.4,57.8,8.2,11.2
0,Cook County,2025-05-10T02:00,55.6,58.9,5.9,10.7
0,Cook County,2025-05-10T03:00,60.3,62.7,3.9,9.9
0,Cook County,2025-05-10T04:00,64.5,66.3,2.7,9.2
0,Cook County,2025-05-10T05:00,68.2,69.3,1.7,8.7
0,Cook County,2025-05-10T06:00,65,68.3,5.1,9.2
0,Cook County,2025-05-10T07:00,59.9,66.3,10.6,10
0,Cook County,2025-05-10T08:00,54.4,64.2,17.9,11
0,Cook County,2025-05-10T09:00,48.8,62.3,27.6,12.2
0,Cook County,2025-05-10T10:00,44.1,60.7,37.3,13.5
0,Cook County,2025-05-10T11:00,41.5,59.8,43.9,14.4
0,Cook County,2025-05-10T12:00,39.4,59.2,49.9,15.1
0,Cook County,2025-05-10T13:00,38.7,58.8,52.1,15.5
0,Cook County,2025-05-10T14:00,38.5,58.9,52.9,15.5
0,Cook County,2025-05-10T15:00,39,59.1,51.3,15.3
0,Cook County,2025-05-10T16:00,39.6,59.2,49.4,15.1
0,Cook County,2025-05-10T17:00,40.9,59.3,44.7,14.6
0,Cook County,2025-05-10T18:00,42.6,59.4,39.3,14
0,Cook County,2025-05-10T19:00,44.9,59.4,32.3,13.3
0,Cook County,2025-05-10T20:00,47.2,60,27,12.6
0,Cook County,2025-05-10T21:00,48.5,60.5,24.7,12.3
0,Cook County,2025-05-10T22:00,49.2,59.9,21.6,12.1
0,Cook County,2025-05-10T23:00,50.5,59.6,18.1,11.8
0,Cook County,2025-05-11T00:00,51.8,58.8,13.4,11.5
0,Cook County,2025-05-11T01:00,53.7,58.1,8.1,11.1
0,Cook County,2025-05-11T02:00,54.6,58,6.1,10.9
0,Cook County,2025-05-11T03:00,58.5,61,4.1,10.2
0,Cook County,2025-05-11T04:00,62.6,64.7,3.2,9.5
0,Cook County,2025-05-11T05:00,65.5,66.3,1.2,9.1
0,Cook County,2025-05-11T06:00,65.8,66.8,1.4,9.1
0,Cook County,2025-05-11T07:00,62,65.1,4.9,9.6
0,Cook County,2025-05-11T08:00,58.5,64.2,9.7,10.2
0,Cook County,2025-05-11T09:00,55.2,63.9,15.7,10.8
0,Cook County,2025-05-11T10:00,50.5,63.2,25,11.8
0,Cook County,2025-05-11T11:00,46.8,62.5,33.4,12.7
0,Cook County,2025-05-11T12:00,43.4,61.5,41.5,13.8
0,Cook County,2025-05-11T13:00,42.1,61,44.7,14.2
0,Cook County,2025-05-11T14:00,41.7,60.8,45.5,14.3
0,Cook County,2025-05-11T15:00,42.7,61,42.8,14
0,Cook County,2025-05-11T16:00,44.1,61.5,39.4,13.6
0,Cook County,2025-05-11T17:00,45.6,61.7,35.3,13.1
0,Cook County,2025-05-11T18:00,46.9,61.9,31.8,12.7
0,Cook County,2025-05-11T19:00,47.8,62.2,30,12.5
0,Cook County,2025-05-11T20:00,47.8,61.8,29.1,12.5
0,Cook County,2025-05-11T21:00,50,61.9,23.7,11.9
0,Cook County,2025-05-11T22:00,54.7,62.2,13.7,10.9
0,Cook County,2025-05-11T23:00,56.4,61.5,8.9,10.6
0,Cook County,2025-05-12T00:00,58.1,62.3,7.2,10.3
0,Cook County,2025-05-12T01:00,58.3,61.6,5.6,10.2
0,Cook County,2025-05-12T02:00,61,63.6,4.3,9.8
0,Cook County,2025-05-12T03:00,66.3,67.7,2.1,9
0,Cook County,2025-05-12T04:00,69.6,71,2,8.6
0,Cook County,2025-05-12T05:00,65.9,72.3,9.6,9
0,Cook County,2025-05-12T06:00,52.7,66.5,26.1,11.3
0,Cook County,2025-05-12T07:00,41.3,58.7,42.2,14.5
0,Cook County,2025-05-12T08:00,40.4,58.6,44.9,14.8
0,Cook County,2025-05-12T09:00,46.5,61.4,32,12.8
0,Cook County,2025-05-12T10:00,48.1,61.8,28.5,12.4
0,Cook County,2025-05-12T11:00,46.6,61.1,30.9,12.8
0,Cook County,2025-05-12T12:00,45.5,60.4,32.6,13.1
0,Cook County,2025-05-12T13:00,45,60.4,34,13.3
0,Cook County,2025-05-12T14:00,41.4,59.3,43.2,14.4
0,Cook County,2025-05-12T15:00,36.3,56.9,56.5,16.4
0,Cook County,2025-05-12T16:00,35.5,56.8,59.9,16.8
0,Cook County,2025-05-12T17:00,35.2,56.2,59.6,17
0,Cook County,2025-05-12T18:00,39.7,56.7,42.7,15
0,Cook County,2025-05-12T19:00,45.7,57.6,25.9,13.1
0,Cook County,2025-05-12T20:00,48,58.3,21.4,12.4
0,Cook County,2025-05-12T21:00,50.2,59.4,18.3,11.9
0,Cook County,2025-05-12T22:00,53.6,60.6,12.9,11.1
0,Cook County,2025-05-12T23:00,54.6,61.3,12.1,10.9
0,Cook County,2025-05-13T00:00,57.4,61.6,7.3,10.4
0,Cook County,2025-05-13T01:00,58.6,62.1,5.9,10.2
0,Cook County,2025-05-13T02:00,61.6,64.8,5,9.7
0,Cook County,2025-05-13T03:00,66.6,68.6,3.1,9
0,Cook County,2025-05-13T04:00,68.9,70.7,2.5,8.7
0,Cook County,2025-05-13T05:00,65.6,71.6,9.1,9.1
0,Cook County,2025-05-13T06:00,50.9,65.3,28.2,11.7
0,Cook County,2025-05-13T07:00,38.2,57.7,51.1,15.7
0,Cook County,2025-05-13T08:00,36.8,57,54.7,16.2
0,Cook County,2025-05-13T09:00,42.8,60,40,13.9
0,Cook County,2025-05-13T10:00,45.6,60.6,32.8,13.1
0,Cook County,2025-05-13T11:00,45.2,59.8,32.1,13.2
0,Cook County,2025-05-13T12:00,44.5,59.5,33.5,13.4
0,Cook County,2025-05-13T13:00,44.6,59.9,34.3,13.4
0,Cook County,2025-05-13T14:00,40.7,58.8,44.4,14.7
0,Cook County,2025-05-13T15:00,35.4,56.4,59.4,16.9
0,Cook County,2025-05-13T16:00,33.5,55.9,66.7,17.8
0,Cook County,2025-05-13T17:00,33.2,55.3,66.3,18
0,Cook County,2025-05-13T18:00,37.8,55.8,47.3,15.8
0,Cook County,2025-05-13T19:00,44.2,57,29,13.5
0,Cook County,2025-05-13T20:00,46.8,57.5,22.9,12.8
0,Cook County,2025-05-13T21:00,49,58.5,19.3,12.2
0,Cook County,2025-05-13T22:00,52,59.6,14.6,11.5
0,Cook County,2025-05-13T23:00,54.8,59.9,9.4,10.9
0,Cook County,2025-05-14T00:00,56.5,60.5,7,10.6
0,Cook County,2025-05-14T01:00,57.8,61.4,6.2,10.3
0,Cook County,2025-05-14T02:00,61.3,64.4,5,9.7
0,Cook County,2025-05-14T03:00,66.5,68.6,3.1,9
0,Cook County,2025-05-14T04:00,68.9,70.5,2.3,8.6
0,Cook County,2025-05-14T05:00,64.8,71.3,10,9.2
0,Cook County,2025-05-14T06:00,51.6,65.6,27.1,11.6
0,Cook County,2025-05-14T07:00,39.4,58.1,47.6,15.2
0,Cook County,2025-05-14T08:00,37.9,57.2,50.8,15.8
0,Cook County,2025-05-14T09:00,43.3,59.9,38.2,13.8
0,Cook County,2025-05-14T10:00,45.4,60.7,33.6,13.1
0,Cook County,2025-05-14T11:00,45,60.1,33.4,13.3
0,Cook County,2025-05-14T12:00,43.9,59.7,35.8,13.6
0,Cook County,2025-05-14T13:00,42.9,59.5,38.6,13.9
0,Cook County,2025-05-14T14:00,38.3,57.9,50.9,15.6
0,Cook County,2025-05-14T15:00,34,56,64.5,17.6
0,Cook County,2025-05-14T16:00,32.4,55.6,71.7,18.5
0,Cook County,2025-05-14T17:00,31.9,55,72.4,18.7
0,Cook County,2025-05-14T18:00,36,55.7,54.5,16.6
0,Cook County,2025-05-14T19:00,42.3,56.9,34.3,14.1
0,Cook County,2025-05-14T20:00,45.4,57.7,27,13.1
0,Cook County,2025-05-14T21:00,47.5,58.5,23.1,12.6
0,Cook County,2025-05-14T22:00,51.6,59.8,15.8,11.6
0,Cook County,2025-05-14T23:00,54.8,60.2,9.7,10.9
0,Cook County,2025-05-15T00:00,57.3,61.4,7.2,10.4
0,Cook County,2025-05-15T01:00,58.3,61.8,6,10.2
0,Cook County,2025-05-15T02:00,61.9,64.8,4.6,9.6
0,Cook County,2025-05-15T03:00,67,69,2.9,8.9
0,Cook County,2025-05-15T04:00,69.1,71,2.7,8.6
0,Cook County,2025-05-15T05:00,63.7,71.5,12.2,9.4
0,Cook County,2025-05-15T06:00,50.6,65.5,29.4,11.8
0,Cook County,2025-05-15T07:00,38.7,57.9,49.5,15.4
0,Cook County,2025-05-15T08:00,37.5,57.4,52.8,15.9
0,Cook County,2025-05-15T09:00,43.3,60.3,39.1,13.8
0,Cook County,2025-05-15T10:00,45.2,60.9,34.7,13.2
0,Cook County,2025-05-15T11:00,43.9,60.1,36.7,13.6
0,Cook County,2025-05-15T12:00,42.4,59.5,40.3,14.1
0,Cook County,2025-05-15T13:00,41.8,59.7,42.9,14.3
0,Cook County,2025-05-15T14:00,38,58.5,53.8,15.7
0,Cook County,2025-05-15T15:00,33.4,56.2,68.2,17.9
0,Cook County,2025-05-15T16:00,32.2,55.8,73,18.5
0,Cook County,2025-05-15T17:00,32.2,55.4,71.6,18.5
0,Cook County,2025-05-15T18:00,36.4,55.9,53.4,16.4
0,Cook County,2025-05-15T19:00,41.7,56.7,36.1,14.3
0,Cook County,2025-05-15T20:00,42.4,56.6,33.3,14.1
0,Cook County,2025-05-15T21:00,48.2,58.5,21.3,12.4
0,Cook County,2025-05-15T22:00,51.1,59.4,16,11.7
0,Cook County,2025-05-15T23:00,53.7,60.3,12.3,11.1
0,Cook County,2025-05-16T00:00,55.6,61.9,11.2,10.7
0,Cook County,2025-05-16T01:00,56.4,62.3,10.5,10.6
0,Cook County,2025-05-16T02:00,58.4,62.1,6.3,10.2
0,Cook County,2025-05-16T03:00,64.3,66.6,3.6,9.3
0,Cook County,2025-05-16T04:00,68,70.3,3.2,8.8
0,Cook County,2025-05-16T05:00,64.4,71.3,10.6,9.3
0,Cook County,2025-05-16T06:00,52.6,66.1,25.6,11.4
0,Cook County,2025-05-16T07:00,41.5,58.9,41.7,14.4
0,Cook County,2025-05-16T08:00,40.6,58.5,44.1,14.7
0,Cook County,2025-05-16T09:00,44.6,61.5,37.7,13.4
0,Cook County,2025-05-16T10:00,44.1,61.3,39,13.5
0,Cook County,2025-05-16T11:00,41.7,60.1,44.1,14.3
0,Cook County,2025-05-16T12:00,39.2,58.9,50.1,15.2
0,Cook County,2025-05-16T13:00,38.2,58.9,54.2,15.7
0,Cook County,2025-05-16T14:00,35.9,57.9,61.2,16.6
0,Cook County,2025-05-16T15:00,32.5,56.1,72.8,18.4
0,Cook County,2025-05-16T16:00,31.8,56.1,76,18.8
0,Cook County,2025-05-16T17:00,32.8,56.1,71,18.2
0,Cook County,2025-05-16T18:00,35.6,56.5,58.5,16.8
0,Cook County,2025-05-16T19:00,39.8,57.1,43.4,15
0,Cook County,2025-05-16T20:00,44.6,58.2,30.5,13.4
0,Cook County,2025-05-16T21:00,46.7,58.9,26,12.8
0,Cook County,2025-05-16T22:00,47.8,58.8,22.9,12.5
0,Cook County,2025-05-16T23:00,49.3,58.7,19.1,12.1
0,Cook County,2025-05-17T00:00,51.6,59.3,14.8,11.6
0,Cook County,2025-05-17T01:00,53.7,59.1,10.1,11.1
0,Cook County,2025-05-17T02:00,56.1,59.9,6.6,10.6
0,Cook County,2025-05-17T03:00,60.6,63.3,4.5,9.8
0,Cook County,2025-05-17T04:00,64.2,66.6,3.7,9.3
0,Cook County,2025-05-17T05:00,68,70.3,3.4,8.8
0,Cook County,2025-05-17T06:00,65.5,69.5,6,9.1
0,Cook County,2025-05-17T07:00,59.2,66.4,12.1,10.1
0,Cook County,2025-05-17T08:00,53.5,64.1,19.7,11.2
0,Cook County,2025-05-17T09:00,48.7,62.7,28.7,12.3
0,Cook County,2025-05-17T10:00,44.9,61.4,36.6,13.3
0,Cook County,2025-05-17T11:00,41.8,60.1,43.7,14.3
0,Cook County,2025-05-17T12:00,39.5,59.2,49.7,15.1
0,Cook County,2025-05-17T13:00,39.2,58.9,50.2,15.2
0,Cook County,2025-05-17T14:00,40,59.4,48.2,14.9
0,Cook County,2025-05-17T15:00,41,59.8,45.7,14.6
0,Cook County,2025-05-17T16:00,41.1,59.7,45.3,14.5
0,Cook County,2025-05-17T17:00,40.4,59.4,46.9,14.8
0,Cook County,2025-05-17T18:00,39.7,58.5,47.1,15
0,Cook County,2025-05-17T19:00,41.8,58.3,39.4,14.3
0,Cook County,2025-05-17T20:00,46,59.6,29.4,13
0,Cook County,2025-05-17T21:00,48.7,60.4,23.9,12.3
0,Cook County,2025-05-17T22:00,48.9,60.2,23.1,12.2
0,Cook County,2025-05-17T23:00,48.3,59.3,22.7,12.4
0,Cook County,2025-05-18T00:00,48.8,58.6,19.9,12.2
0,Cook County,2025-05-18T01:00,52.3,58.1,10.9,11.4
0,Cook County,2025-05-18T02:00,54.6,58.4,6.9,10.9
0,Cook County,2025-05-18T03:00,58.9,61.8,4.9,10.1
0,Cook County,2025-05-18T04:00,63.2,65.4,3.3,9.4
0,Cook County,2025-05-18T05:00,66.9,68.5,2.3,8.9
0,Cook County,2025-05-18T06:00,66.9,68.7,2.6,8.9
0,Cook County,2025-05-18T07:00,63.6,67.5,6,9.4
0,Cook County,2025-05-18T08:00,59.6,66.2,11,10
0,Cook County,2025-05-18T09:00,54.7,64.6,18,10.9
0,Cook County,2025-05-18T10:00,49.9,63.4,26.9,12
0,Cook County,2025-05-18T11:00,47,62.8,33.3,12.7
0,Cook County,2025-05-18T12:00,43.7,61.5,40.5,13.7
0,Cook County,2025-05-18T13:00,43.1,61,41.5,13.9
0,Cook County,2025-05-18T14:00,43,61,42,13.9
0,Cook County,2025-05-18T15:00,43.5,61.1,40.2,13.7
0,Cook County,2025-05-18T16:00,43.6,61.3,40.7,13.7
0,Cook County,2025-05-18T17:00,42.7,61.1,42.8,14
0,Cook County,2025-05-18T18:00,44.2,61,38,13.5
0,Cook County,2025-05-18T19:00,46.9,61,29.9,12.7
0,Cook County,2025-05-18T20:00,49.9,61.3,22.8,12
0,Cook County,2025-05-18T21:00,52.2,61.6,18,11.4
0,Cook County,2025-05-18T22:00,54.8,62.1,13.3,10.9
0,Cook County,2025-05-18T23:00,54.5,61.7,13.2,11
0,Cook County,2025-05-19T00:00,55.6,61.6,10.8,10.7
0,Cook County,2025-05-19T01:00,58.3,61.6,5.5,10.2
0,Cook County,2025-05-19T02:00,60.4,63.1,4.5,9.9
0,Cook County,2025-05-19T03:00,66.3,68,2.5,9
0,Cook County,2025-05-19T04:00,69.1,70.9,2.7,8.6
0,Cook County,2025-05-19T05:00,64.3,71.9,11.7,9.3
0,Cook County,2025-05-19T06:00,52,66.4,27.7,11.5
0,Cook County,2025-05-19T07:00,41.3,59.2,43.1,14.5
0,Cook County,2025-05-19T08:00,40.4,58.7,45.2,14.8
0,Cook County,2025-05-19T09:00,45,61.5,36.7,13.3
0,Cook County,2025-05-19T10:00,46.1,61.4,33,12.9
0,Cook County,2025-05-19T11:00,45.8,60.9,33,13
0,Cook County,2025-05-19T12:00,44.2,60.2,36.2,13.5
0,Cook County,2025-05-19T13:00,43.8,60.3,37.6,13.6
0,Cook County,2025-05-19T14:00,40.5,59,45.7,14.8
0,Cook County,2025-05-19T15:00,35.7,56.8,59.1,16.7
0,Cook County,2025-05-19T16:00,34.6,56.5,63.2,17.3
0,Cook County,2025-05-19T17:00,35.4,56.4,59.1,16.9
0,Cook County,2025-05-19T18:00,41,57.2,39.2,14.6
0,Cook County,2025-05-19T19:00,46.6,58.1,24.6,12.8
0,Cook County,2025-05-19T20:00,49,58.5,19.3,12.2
0,Cook County,2025-05-19T21:00,51.5,59.7,15.8,11.6
0,Cook County,2025-05-19T22:00,54.2,60.3,11.2,11
0,Cook County,2025-05-19T23:00,56.5,61,7.9,10.6
0,Cook County,2025-05-20T00:00,58.2,62,6.4,10.2
0,Cook County,2025-05-20T01:00,60.1,63.3,5.3,9.9
0,Cook County,2025-05-20T02:00,62.6,65.4,4.5,9.5
0,Cook County,2025-05-20T03:00,66.5,68.5,2.9,9
0,Cook County,2025-05-20T04:00,66,70.5,6.8,9
0,Cook County,2025-05-20T05:00,58.3,70.5,20.9,10.2
0,Cook County,2025-05-20T06:00,46.5,64.2,38,12.8
0,Cook County,2025-05-20T07:00,36.5,57,56,16.4
0,Cook County,2025-05-20T08:00,35.6,56.4,58.5,16.8
0,Cook County,2025-05-20T09:00,42.1,59.6,41.4,14.2
0,Cook County,2025-05-20T10:00,46.1,60.5,31.3,13
0,Cook County,2025-05-20T11:00,45.5,60.1,31.8,13.1
0,Cook County,2025-05-20T12:00,43.5,59.2,36,13.7
0,Cook County,2025-05-20T13:00,42.3,59.1,39.7,14.1
0,Cook County,2025-05-20T14:00,38.6,58,50.1,15.5
0,Cook County,2025-05-20T15:00,34.6,55.9,61.6,17.3
0,Cook County,2025-05-20T16:00,34.3,56.2,63.6,17.4
0,Cook County,2025-05-20T17:00,33.7,55.6,64.7,17.7
0,Cook County,2025-05-20T18:00,38.1,56.1,47.1,15.7
0,Cook County,2025-05-20T19:00,44.7,56.8,26.9,13.4
0,Cook County,2025-05-20T20:00,48.1,58.1,20.6,12.4
0,Cook County,2025-05-20T21:00,50.4,59.2,17.4,11.9
0,Cook County,2025-05-20T22:00,53.2,60.5,13.6,11.2
0,Cook County,2025-05-20T23:00,56.3,61.9,10,10.6
0,Cook County,2025-05-21T00:00,58.8,63.1,7.3,10.1
0,Cook County,2025-05-21T01:00,59.2,63.2,6.6,10.1
0,Cook County,2025-05-21T02:00,62.1,65.5,5.5,9.6
0,Cook County,2025-05-21T03:00,66.5,69,3.7,9
0,Cook County,2025-05-21T04:00,68.4,71,3.7,8.7
0,Cook County,2025-05-21T05:00,64.4,71.5,10.9,9.3
0,Cook County,2025-05-21T06:00,51.2,65.5,27.7,11.6
0,Cook County,2025-05-21T07:00,39.1,58.1,48.5,15.3
0,Cook County,2025-05-21T08:00,37.1,57,53.4,16.1
0,Cook County,2025-05-21T09:00,42,59.6,41.9,14.2
0,Cook County,2025-05-21T10:00,44.2,60.4,36.4,13.5
0,Cook County,2025-05-21T11:00,43.6,59.8,37.2,13.7
0,Cook County,2025-05-21T12:00,41.9,58.9,40.5,14.3
0,Cook County,2025-05-21T13:00,41.5,59,42.2,14.4
0,Cook County,2025-05-21T14:00,39.3,58.3,48.1,15.2
0,Cook County,2025-05-21T15:00,35.5,56.6,59.1,16.8
0,Cook County,2025-05-21T16:00,33.5,55.9,66.6,17.8
0,Cook County,2025-05-21T17:00,32.9,55.2,67.5,18.2
0,Cook County,2025-05-21T18:00,38.4,56.4,46.6,15.5
0,Cook County,2025-05-21T19:00,45.1,57.5,27.5,13.2
0,Cook County,2025-05-21T20:00,47.2,57.8,22.4,12.7
0,Cook County,2025-05-21T21:00,48.8,58.6,20.1,12.2
0,Cook County,2025-05-21T22:00,52,59.4,14.1,11.5
0,Cook County,2025-05-21T23:00,54.6,60,9.9,10.9
0,Cook County,2025-05-22T00:00,56.6,60.7,7.3,10.5
0,Cook County,2025-05-22T01:00,57.4,61.2,6.6,10.4
0,Cook County,2025-05-22T02:00,60.6,64.2,5.8,9.8
0,Cook County,2025-05-22T03:00,65.7,68,3.5,9.1
0,Cook County,2025-05-22T04:00,68.4,70.7,3.3,8.7
0,Cook County,2025-05-22T05:00,63.5,71,11.8,9.4
0,Cook County,2025-05-22T06:00,51,65.3,28,11.7
0,Cook County,2025-05-22T07:00,39.5,58.1,46.9,15.1
0,Cook County,2025-05-22T08:00,38.7,57.2,48,15.4
0,Cook County,2025-05-22T09:00,45.2,60.5,33.7,13.2
0,Cook County,2025-05-22T10:00,46.7,61,30.6,12.8
0,Cook County,2025-05-22T11:00,45.5,60,31.8,13.1
0,Cook County,2025-05-22T12:00,43.8,59.3,35.2,13.6
0,Cook County,2025-05-22T13:00,42.6,59.3,39.1,14
0,Cook County,2025-05-22T14:00,39.4,58.9,49.5,15.2
0,Cook County,2025-05-22T15:00,34.7,56.7,63.6,17.2
0,Cook County,2025-05-22T16:00,33.1,56.3,69.7,18
0,Cook County,2025-05-22T17:00,33.3,55.9,67.5,17.9
0,Cook County,2025-05-22T18:00,37.5,56.3,50,15.9
0,Cook County,2025-05-22T19:00,43,57.3,33,13.9
0,Cook County,2025-05-22T20:00,46.9,58,23.8,12.7
0,Cook County,2025-05-22T21:00,48.2,59.1,22.5,12.4
0,Cook County,2025-05-22T22:00,50.7,59.4,17,11.8
0,Cook County,2025-05-22T23:00,52.7,60.4,14.5,11.3
0,Cook County,2025-05-23T00:00,56.5,61.1,8.1,10.6
0,Cook County,2025-05-23T01:00,56.9,60.1,5.7,10.5
0,Cook County,2025-05-23T02:00,59.8,62.4,4.4,10
0,Cook County,2025-05-23T03:00,64.8,66.6,2.8,9.2
0,Cook County,2025-05-23T04:00,67.8,69.7,2.8,8.8
0,Cook County,2025-05-23T05:00,65.5,71.1,8.5,9.1
0,Cook County,2025-05-23T06:00,56,66.6,18.8,10.7
0,Cook County,2025-05-23T07:00,44.9,59.1,31.5,13.3
0,Cook County,2025-05-23T08:00,44.6,59,32.4,13.4
0,Cook County,2025-05-23T09:00,47.9,61.7,28.8,12.5
0,Cook County,2025-05-23T10:00,46.4,61.6,32.5,12.9
0,Cook County,2025-05-23T11:00,43.2,60.1,38.9,13.8
0,Cook County,2025-05-23T12:00,40.8,59.2,45.2,14.7
0,Cook County,2025-05-23T13:00,39.1,58.7,50.1,15.3
0,Cook County,2025-05-23T14:00,36.3,57.9,59.4,16.5
0,Cook County,2025-05-23T15:00,32.3,56,73,18.5
0,Cook County,2025-05-23T16:00,32.7,56.2,71.8,18.3
0,Cook County,2025-05-23T17:00,35.3,56.6,60,16.9
0,Cook County,2025-05-23T18:00,39.4,57.4,45.3,15.1
0,Cook County,2025-05-23T19:00,42.9,58,35.1,13.9
0,Cook County,2025-05-23T20:00,45.4,58.4,28.5,13.2
0,Cook County,2025-05-23T21:00,47.6,58.7,23.4,12.5
0,Cook County,2025-05-23T22:00,49.2,58.9,19.8,12.1
0,Cook County,2025-05-23T23:00,51,58.3,14.4,11.7
0,Cook County,2025-05-24T00:00,52.6,57.9,10,11.3
0,Cook County,2025-05-24T01:00,53.8,57.5,6.9,11.1
0,Cook County,2025-05-24T02:00,55.3,58.3,5.3,10.8
0,Cook County,2025-05-24T03:00,59.8,61.9,3.5,10
0,Cook County,2025-05-24T04:00,64.5,66.1,2.4,9.2
0,Cook County,2025-05-24T05:00,68.3,69.9,2.4,8.7
0,Cook County,2025-05-24T06:00,65.2,68.6,5.2,9.2
0,Cook County,2025-05-24T07:00,61.2,66.8,9,9.7
0,Cook County,2025-05-24T08:00,57,65.3,14.4,10.5
0,Cook County,2025-05-24T09:00,52.9,64,20.8,11.3
0,Cook County,2025-05-24T10:00,48.8,62.8,28.6,12.2
0,Cook County,2025-05-24T11:00,45.6,61.8,35.5,13.1
0,Cook County,2025-05-24T12:00,43,60.7,41.1,13.9
0,Cook County,2025-05-24T13:00,41.9,60.4,44.2,14.3
0,Cook County,2025-05-24T14:00,41.5,60.2,44.9,14.4
0,Cook County,2025-05-24T15:00,41.9,60.2,43.4,14.2
0,Cook County,2025-05-24T16:00,42.9,60.1,40,13.9
0,Cook County,2025-05-24T17:00,44.2,60.2,36.1,13.5
0,Cook County,2025-05-24T18:00,44.2,59.8,35.3,13.5
0,Cook County,2025-05-24T19:00,45.3,59.2,30.5,13.2
0,Cook County,2025-05-24T20:00,47.5,59.7,25.5,12.6
0,Cook County,2025-05-24T21:00,49.3,60.4,22.4,12.1
0,Cook County,2025-05-24T22:00,49.1,60,22.2,12.2
0,Cook County,2025-05-24T23:00,48.1,59.2,23,12.4
0,Cook County,2025-05-25T00:00,49.8,59.6,19.7,12
0,Cook County,2025-05-25T01:00,52.8,58.2,10.2,11.3
0,Cook County,2025-05-25T02:00,53.6,57.9,7.9,11.1
0,Cook County,2025-05-25T03:00,56.7,59.8,5.3,10.5
0,Cook County,2025-05-25T04:00,61.5,64,3.9,9.7
0,Cook County,2025-05-25T05:00,65.4,66.9,2.2,9.1
0,Cook County,2025-05-25T06:00,65.8,67.6,2.7,9.1
0,Cook County,2025-05-25T07:00,62.9,66.4,5.4,9.5
0,Cook County,2025-05-25T08:00,60.4,65.7,8.5,9.9
0,Cook County,2025-05-25T09:00,57.5,64.8,12.8,10.4
0,Cook County,2025-05-25T10:00,55.3,64.4,16.4,10.8
0,Cook County,2025-05-25T11:00,52.2,63.7,21.8,11.4
0,Cook County,2025-05-25T12:00,49,62.4,27.4,12.2
0,Cook County,2025-05-25T13:00,47,61.9,31.6,12.7
0,Cook County,2025-05-25T14:00,46.5,61.8,32.7,12.8
0,Cook County,2025-05-25T15:00,46.1,61.3,32.9,13
0,Cook County,2025-05-25T16:00,47.1,61.3,30.1,12.7
0,Cook County,2025-05-25T17:00,48.9,61.3,25.1,12.2
0,Cook County,2025-05-25T18:00,50.3,61.2,21.8,11.9
0,Cook County,2025-05-25T19:00,51.3,61.1,19,11.6
0,Cook County,2025-05-25T20:00,51.9,61.4,18.2,11.5
0,Cook County,2025-05-25T21:00,52.4,61.7,17.8,11.4
0,Cook County,2025-05-25T22:00,52.9,61.3,15.9,11.3
0,Cook County,2025-05-25T23:00,53.9,60.4,12.1,11.1
0,Cook County,2025-05-26T00:00,55.4,59.8,7.7,10.8
0,Cook County,2025-05-26T01:00,56.1,59.4,5.9,10.6
0,Cook County,2025-05-26T02:00,56.8,59.5,4.6,10.5
0,Cook County,2025-05-26T03:00,60.8,62.4,2.7,9.8
0,Cook County,2025-05-26T04:00,64.8,65.9,1.7,9.2
0,Cook County,2025-05-26T05:00,67.2,67.9,1.1,8.9
0,Cook County,2025-05-26T06:00,65.3,66.9,2.4,9.1
0,Cook County,2025-05-26T07:00,61.8,65.3,5.6,9.7
0,Cook County,2025-05-26T08:00,60.2,65.1,8.1,9.9
0,Cook County,2025-05-26T09:00,57.9,64.9,12.1,10.3
0,Cook County,2025-05-26T10:00,56.2,65,15.6,10.6
0,Cook County,2025-05-26T11:00,53.4,64.3,20.3,11.2
0,Cook County,2025-05-26T12:00,50.4,63,24.8,11.8
0,Cook County,2025-05-26T13:00,49.9,62.7,25.5,12
0,Cook County,2025-05-26T14:00,50.2,62.7,24.8,11.9
0,Cook County,2025-05-26T15:00,49.6,62.3,25.4,12
0,Cook County,2025-05-26T16:00,49.6,62,24.8,12
0,Cook County,2025-05-26T17:00,51.2,62.4,21.8,11.7
0,Cook County,2025-05-26T18:00,52.8,62.2,17.6,11.3
0,Cook County,2025-05-26T19:00,53.6,62.2,16,11.1
0,Cook County,2025-05-26T20:00,53,61.7,16.5,11.3
0,Cook County,2025-05-26T21:00,54.5,62.1,13.9,10.9
0,Cook County,2025-05-26T22:00,56,61.7,10.1,10.7
0,Cook County,2025-05-26T23:00,57,61.1,7.1,10.5
0,Cook County,2025-05-27T00:00,58.8,62,5.4,10.1
0,Cook County,2025-05-27T01:00,60.4,63.3,4.7,9.9
0,Cook County,2025-05-27T02:00,61.7,64.2,3.9,9.7
0,Cook County,2025-05-27T03:00,67.2,68.5,1.8,8.9
0,Cook County,2025-05-27T04:00,70.1,71.4,1.9,8.5
0,Cook County,2025-05-27T05:00,66.9,72.1,7.6,8.9
0,Cook County,2025-05-27T06:00,54.2,66.9,23.2,11
0,Cook County,2025-05-27T07:00,42,59.6,41.7,14.2
0,Cook County,2025-05-27T08:00,40.7,58.6,44.1,14.7
0,Cook County,2025-05-27T09:00,46.6,61.6,32.2,12.8
0,Cook County,2025-05-27T10:00,48.5,62,27.8,12.3
0,Cook County,2025-05-27T11:00,46.5,60.7,30.5,12.9
0,Cook County,2025-05-27T12:00,45.1,60.1,33.1,13.2
0,Cook County,2025-05-27T13:00,44.9,60.2,34.1,13.3
0,Cook County,2025-05-27T14:00,41.5,59.3,42.8,14.4
0,Cook County,2025-05-27T15:00,36.1,56.9,57.5,16.5
0,Cook County,2025-05-27T16:00,35.4,57,60.6,16.9
0,Cook County,2025-05-27T17:00,35.5,56.5,59,16.8
0,Cook County,2025-05-27T18:00,40.6,57.2,40.7,14.7
0,Cook County,2025-05-27T19:00,47,58,23.4,12.7
0,Cook County,2025-05-27T20:00,49.5,58.7,18.4,12.1
0,Cook County,2025-05-27T21:00,51.4,59.4,15.4,11.6
0,Cook County,2025-05-27T22:00,53.5,60,12.1,11.2
0,Cook County,2025-05-27T23:00,56.8,61.4,8,10.5
0,Cook County,2025-05-28T00:00,58,61.7,6.4,10.3
0,Cook County,2025-05-28T01:00,59.8,63.2,5.7,10
0,Cook County,2025-05-28T02:00,61.5,64.6,5.1,9.7
0,Cook County,2025-05-28T03:00,66.9,69.1,3.1,8.9
0,Cook County,2025-05-28T04:00,68,70.7,3.8,8.8
0,Cook County,2025-05-28T05:00,65.1,71.4,9.5,9.2
0,Cook County,2025-05-28T06:00,52.4,65.8,25.4,11.4
0,Cook County,2025-05-28T07:00,38.9,58.1,49.4,15.4
0,Cook County,2025-05-28T08:00,35,56.5,61,17
0,Cook County,2025-05-28T09:00,38.9,58.7,50.7,15.4
0,Cook County,2025-05-28T10:00,43,60,39.4,13.9
0,Cook County,2025-05-28T11:00,44.3,59.7,34.5,13.5
0,Cook County,2025-05-28T12:00,44.7,59.4,32.7,13.3
0,Cook County,2025-05-28T13:00,44.5,59.5,33.8,13.4
0,Cook County,2025-05-28T14:00,41.1,58.7,42.8,14.5
0,Cook County,2025-05-28T15:00,37.2,57.2,53.4,16
0,Cook County,2025-05-28T16:00,35.8,56.8,58.8,16.7
0,Cook County,2025-05-28T17:00,35.6,56.3,58.1,16.8
0,Cook County,2025-05-28T18:00,39.6,56.5,42.7,15.1
0,Cook County,2025-05-28T19:00,45.3,57.3,26.3,13.2
0,Cook County,2025-05-28T20:00,48.1,57.9,20.5,12.4
0,Cook County,2025-05-28T21:00,49.2,58.5,18.7,12.1
0,Cook County,2025-05-28T22:00,51.7,60,16,11.6
0,Cook County,2025-05-28T23:00,55.4,60.3,8.9,10.8
0,Cook County,2025-05-29T00:00,56.8,60.8,7,10.5
0,Cook County,2025-05-29T01:00,58,61.6,6.1,10.3
0,Cook County,2025-05-29T02:00,61.5,64.6,5.1,9.7
0,Cook County,2025-05-29T03:00,66,68.1,3.1,9
0,Cook County,2025-05-29T04:00,68.8,70.8,2.8,8.7
0,Cook County,2025-05-29T05:00,66.2,71.6,8.2,9
0,Cook County,2025-05-29T06:00,53,65.9,24.4,11.3
0,Cook County,2025-05-29T07:00,41.3,59,42.9,14.5
0,Cook County,2025-05-29T08:00,39.4,57.9,47,15.2
0,Cook County,2025-05-29T09:00,44,60.4,37.3,13.6
0,Cook County,2025-05-29T10:00,45,60.7,34.8,13.3
0,Cook County,2025-05-29T11:00,43.8,59.7,36.1,13.6
0,Cook County,2025-05-29T12:00,42.9,59.3,38.3,13.9
0,Cook County,2025-05-29T13:00,42,59.5,41.4,14.2
0,Cook County,2025-05-29T14:00,38.6,58.6,51.5,15.5
0,Cook County,2025-05-29T15:00,34.4,56.5,64.2,17.4
0,Cook County,2025-05-29T16:00,33.3,56.2,68.5,17.9
0,Cook County,2025-05-29T17:00,33.5,55.9,66.9,17.8
0,Cook County,2025-05-29T18:00,37.8,56.5,49.5,15.8
0,Cook County,2025-05-29T19:00,43.1,57.5,33.5,13.9
0,Cook County,2025-05-29T20:00,45.7,58,26.8,13.1
0,Cook County,2025-05-29T21:00,47.7,59,23.6,12.5
0,Cook County,2025-05-29T22:00,50.1,59,17.8,11.9
0,Cook County,2025-05-29T23:00,53.2,59.5,11.8,11.2
0,Cook County,2025-05-30T00:00,54.9,59.8,8.9,10.9
0,Cook County,2025-05-30T01:00,57.1,60.6,6.1,10.4
0,Cook County,2025-05-30T02:00,59.3,62.3,4.9,10.1
0,Cook County,2025-05-30T03:00,64.7,66.7,3,9.2
0,Cook County,2025-05-30T04:00,67.6,69.9,3.4,8.8
0,Cook County,2025-05-30T05:00,65.8,71.2,8.1,9.1
0,Cook County,2025-05-30T06:00,53.2,65.9,23.8,11.2
0,Cook County,2025-05-30T07:00,42.5,59,38.9,14.1
0,Cook County,2025-05-30T08:00,41.3,58.4,41.4,14.5
0,Cook County,2025-05-30T09:00,44.5,60.6,36.1,13.4
0,Cook County,2025-05-30T10:00,44.6,61.1,37,13.4
0,Cook County,2025-05-30T11:00,41.9,59.6,42.1,14.2
0,Cook County,2025-05-30T12:00,39.9,58.6,46.9,15
0,Cook County,2025-05-30T13:00,38.7,58.3,50.5,15.4
0,Cook County,2025-05-30T14:00,36.3,57.7,59,16.5
0,Cook County,2025-05-30T15:00,32.4,56.1,72.9,18.4
0,Cook County,2025-05-30T16:00,31.2,55.8,78.7,19.2
0,Cook County,2025-05-30T17:00,32,55.7,74.1,18.7
0,Cook County,2025-05-30T18:00,35.1,56.4,60.4,17
0,Cook County,2025-05-30T19:00,38.6,56.8,46.9,15.5
0,Cook County,2025-05-30T20:00,42.6,57.2,34.4,14
0,Cook County,2025-05-30T21:00,45.8,57.7,25.9,13
0,Cook County,2025-05-30T22:00,47.9,58.2,21.6,12.5
0,Cook County,2025-05-30T23:00,47.3,58,22.6,12.6
0,Cook County,2025-05-31T00:00,47.6,58.7,23.2,12.5
0,Cook County,2025-05-31T01:00,51.9,59.2,13.9,11.5
0,Cook County,2025-05-31T02:00,54.5,58.8,7.9,11
0,Cook County,2025-05-31T03:00,59.7,62.3,4.4,10
0,Cook County,2025-05-31T04:00,64.1,66.4,3.5,9.3
0,Cook County,2025-05-31T05:00,68.5,69.8,1.8,8.7
0,Cook County,2025-05-31T06:00,65.7,68.5,4.2,9.1
0,Cook County,2025-05-31T07:00,60.2,66,9.6,9.9
0,Cook County,2025-05-31T08:00,54.5,63.6,16.7,11
0,Cook County,2025-05-31T09:00,49.7,62.3,25.2,12
0,Cook County,2025-05-31T10:00,45.9,61.3,33.4,13
0,Cook County,2025-05-31T11:00,42.9,60.5,40.8,13.9
0,Cook County,2025-05-31T12:00,40.5,59.5,46.8,14.7
0,Cook County,2025-05-31T13:00,39.5,59.1,49.4,15.1
0,Cook County,2025-05-31T14:00,39.5,59.1,49.6,15.1
0,Cook County,2025-05-31T15:00,40.1,59.3,47.7,14.9
0,Cook County,2025-05-31T16:00,39.7,59.3,49.1,15
0,Cook County,2025-05-31T17:00,39.5,58.9,49,15.1
0,Cook County,2025-05-31T18:00,40,58.3,45.8,14.9
0,Cook County,2025-05-31T19:00,41.4,57.6,39,14.4
0,Cook County,2025-05-31T20:00,44.5,58.4,31.2,13.4
0,Cook County,2025-05-31T21:00,46.8,59,26.1,12.8
0,Cook County,2025-05-31T22:00,47.6,59,24,12.5
0,Cook County,2025-05-31T23:00,48.1,58.7,21.9,12.4
0,Cook County,2025-06-01T00:00,47.3,58.6,23.8,12.6
0,Cook County,2025-06-01T01:00,50.7,58.5,15.3,11.8
0,Cook County,2025-06-01T02:00,53.3,58.3,9.2,11.2
0,Cook County,2025-06-01T03:00,55.6,59.8,7.6,10.7
0,Cook County,2025-06-01T04:00,60.5,64,5.9,9.9
0,Cook County,2025-06-01T05:00,62.7,66.5,5.9,9.5
0,Cook County,2025-06-01T06:00,63.1,66.4,5.3,9.5
0,Cook County,2025-06-01T07:00,60.8,65.1,7.1,9.8
0,Cook County,2025-06-01T08:00,57.4,64.2,11.8,10.4
0,Cook County,2025-06-01T09:00,54.7,63.8,16.5,10.9
0,Cook County,2025-06-01T10:00,50.6,63.3,25,11.8
0,Cook County,2025-06-01T11:00,46.9,62.4,32.8,12.7
0,Cook County,2025-06-01T12:00,44,61.3,39.2,13.6
0,Cook County,2025-06-01T13:00,42.9,61,42,13.9
0,Cook County,2025-06-01T14:00,42.7,60.7,42.1,14
0,Cook County,2025-06-01T15:00,43.2,60.5,40,13.8
0,Cook County,2025-06-01T16:00,43.6,60.4,38.2,13.7
0,Cook County,2025-06-01T17:00,44.3,60.7,37.1,13.5
0,Cook County,2025-06-01T18:00,46.1,60.5,31.2,13
0,Cook County,2025-06-01T19:00,48.6,60.5,24.3,12.3
0,Cook County,2025-06-01T20:00,50.7,60.8,20,11.8
0,Cook County,2025-06-01T21:00,51,60.6,18.7,11.7
0,Cook County,2025-06-01T22:00,53.3,60.4,13.3,11.2
0,Cook County,2025-06-01T23:00,55.6,60.5,8.7,10.7
0,Cook County,2025-06-02T00:00,57.1,60.9,6.5,10.5
0,Cook County,2025-06-02T01:00,58.2,61.5,5.6,10.2
0,Cook County,2025-06-02T02:00,60,63,4.9,9.9
0,Cook County,2025-06-02T03:00,65.4,67.4,3,9.1
0,Cook County,2025-06-02T04:00,68.8,70.6,2.5,8.7
0,Cook County,2025-06-02T05:00,64.2,71.5,11.4,9.3
0,Cook County,2025-06-02T06:00,52.5,66.4,26.2,11.4
0,Cook County,2025-06-02T07:00,42.1,59.6,41.3,14.2
0,Cook County,2025-06-02T08:00,40.5,58.6,44.3,14.7
0,Cook County,2025-06-02T09:00,45.3,60.9,34.4,13.2
0,Cook County,2025-06-02T10:00,46.9,61.5,31.1,12.7
0,Cook County,2025-06-02T11:00,46.1,60.7,31.4,12.9
0,Cook County,2025-06-02T12:00,43.9,59.7,35.8,13.6
0,Cook County,2025-06-02T13:00,43.1,59.8,38.5,13.8
0,Cook County,2025-06-02T14:00,39.8,58.7,47.4,15
0,Cook County,2025-06-02T15:00,35.6,56.7,59,16.8
0,Cook County,2025-06-02T16:00,34.9,56.6,61.9,17.1
0,Cook County,2025-06-02T17:00,35.9,56.6,57.6,16.6
0,Cook County,2025-06-02T18:00,41.1,57.3,39.2,14.5
0,Cook County,2025-06-02T19:00,46.1,57.8,25.3,12.9
0,Cook County,2025-06-02T20:00,48.3,58.3,20.6,12.3
0,Cook County,2025-06-02T21:00,50.4,59.3,17.5,11.8
0,Cook County,2025-06-02T22:00,52.6,59.5,13,11.3
0,Cook County,2025-06-02T23:00,54.3,59.4,9.3,11
0,Cook County,2025-06-03T00:00,55.8,60.5,8.2,10.7
0,Cook County,2025-06-03T01:00,57.9,61.8,6.7,10.3
0,Cook County,2025-06-03T02:00,60.3,63.7,5.7,9.9
0,Cook County,2025-06-03T03:00,65.8,67.9,3.2,9.1
0,Cook County,2025-06-03T04:00,69,71,2.9,8.6
0,Cook County,2025-06-03T05:00,65.3,71.6,9.6,9.1
0,Cook County,2025-06-03T06:00,51.6,66,27.9,11.6
0,Cook County,2025-06-03T07:00,39.7,58.9,48.4,15
0,Cook County,2025-06-03T08:00,37.6,57.8,53.6,15.9
0,Cook County,2025-06-03T09:00,42.4,59.7,40.7,14.1
0,Cook County,2025-06-03T10:00,44.6,60.5,35.5,13.4
0,Cook County,2025-06-03T11:00,43.4,59.6,37.1,13.7
0,Cook County,2025-06-03T12:00,42.5,59,38.8,14.1
0,Cook County,2025-06-03T13:00,41.9,58.9,40.6,14.3
0,Cook County,2025-06-03T14:00,37.7,58.1,53.9,15.8
0,Cook County,2025-06-03T15:00,34.9,56.3,61.1,17.1
0,Cook County,2025-06-03T16:00,33.8,56,65.5,17.7
0,Cook County,2025-06-03T17:00,33.8,55.6,64.5,17.7
0,Cook County,2025-06-03T18:00,38.9,56.5,45,15.3
0,Cook County,2025-06-03T19:00,44.3,57.2,29.1,13.5
0,Cook County,2025-06-03T20:00,46.9,57.8,23.1,12.7
0,Cook County,2025-06-03T21:00,48.9,58.5,19.4,12.2
0,Cook County,2025-06-03T22:00,50.6,59.1,16.8,11.8
0,Cook County,2025-06-03T23:00,53.9,59.7,10.7,11.1
0,Cook County,2025-06-04T00:00,55.9,60.3,7.9,10.7
0,Cook County,2025-06-04T01:00,57.4,61.1,6.3,10.4
0,Cook County,2025-06-04T02:00,60.3,63.5,5.3,9.9
0,Cook County,2025-06-04T03:00,64.1,67.3,4.9,9.3
0,Cook County,2025-06-04T04:00,64,69.9,9.1,9.3
0,Cook County,2025-06-04T05:00,59.1,70.5,19.2,10.1
0,Cook County,2025-06-04T06:00,47.5,64.4,35.4,12.6
0,Cook County,2025-06-04T07:00,36.7,57.5,56.4,16.3
0,Cook County,2025-06-04T08:00,34.2,56,63.8,17.5
0,Cook County,2025-06-04T09:00,39.2,58.2,48.6,15.3
0,Cook County,2025-06-04T10:00,42.7,59.5,39.3,14
0,Cook County,2025-06-04T11:00,43.1,59.2,37.3,13.9
0,Cook County,2025-06-04T12:00,41.2,58.3,41.6,14.5
0,Cook County,2025-06-04T13:00,40.2,58.4,45.2,14.9
0,Cook County,2025-06-04T14:00,36.6,57.3,56.4,16.3
0,Cook County,2025-06-04T15:00,33.6,55.8,65.9,17.8
0,Cook County,2025-06-04T16:00,33.3,55.7,67.4,18
0,Cook County,2025-06-04T17:00,34.2,55.9,63.4,17.5
0,Cook County,2025-06-04T18:00,38,56.1,47.4,15.7
0,Cook County,2025-06-04T19:00,43.6,57.2,31.1,13.7
0,Cook County,2025-06-04T20:00,47.3,57.8,22.1,12.6
0,Cook County,2025-06-04T21:00,49,58.8,19.8,12.2
0,Cook County,2025-06-04T22:00,52.1,59.6,14.4,11.5
0,Cook County,2025-06-04T23:00,54.5,60.2,10.3,10.9
0,Cook County,2025-06-05T00:00,55.9,60.4,7.8,10.7
0,Cook County,2025-06-05T01:00,57.4,61.3,6.8,10.4
0,Cook County,2025-06-05T02:00,60.6,63.9,5.5,9.8
0,Cook County,2025-06-05T03:00,66,68.1,3.1,9
0,Cook County,2025-06-05T04:00,69.2,71.1,2.6,8.6
0,Cook County,2025-06-05T05:00,65.1,71.4,9.6,9.2
0,Cook County,2025-06-05T06:00,51.5,65.7,27.5,11.6
0,Cook County,2025-06-05T07:00,41.2,59.4,44,14.5
0,Cook County,2025-06-05T08:00,39.1,57.8,47.9,15.3
0,Cook County,2025-06-05T09:00,42.8,59.6,38.9,13.9
0,Cook County,2025-06-05T10:00,44.3,60.5,36.3,13.5
0,Cook County,2025-06-05T11:00,43.5,59.8,37.6,13.7
0,Cook County,2025-06-05T12:00,41.7,59.2,41.9,14.3
0,Cook County,2025-06-05T13:00,41.5,59.4,43.1,14.4
0,Cook County,2025-06-05T14:00,38.9,58.7,50.7,15.3
0,Cook County,2025-06-05T15:00,35.2,57,62,17
0,Cook County,2025-06-05T16:00,33.2,56.3,69.6,18
0,Cook County,2025-06-05T17:00,32.7,55.7,70.2,18.3
0,Cook County,2025-06-05T18:00,36.9,56.2,52.4,16.2
0,Cook County,2025-06-05T19:00,43.3,57.7,33,13.8
0,Cook County,2025-06-05T20:00,46.5,58.3,25.5,12.8
0,Cook County,2025-06-05T21:00,48,58.7,22.3,12.4
0,Cook County,2025-06-05T22:00,50.2,59.3,18.1,11.9
0,Cook County,2025-06-05T23:00,53.2,59.4,11.6,11.2
0,Cook County,2025-06-06T00:00,55,59.8,8.5,10.8
0,Cook County,2025-06-06T01:00,56.6,60.1,6.1,10.5
0,Cook County,2025-06-06T02:00,58.9,61.9,5,10.1
0,Cook County,2025-06-06T03:00,63.6,66.2,3.9,9.4
0,Cook County,2025-06-06T04:00,68.2,70.4,3.2,8.7
0,Cook County,2025-06-06T05:00,66.5,71.4,7.3,9
0,Cook County,2025-06-06T06:00,55.4,66.9,20.7,10.8
0,Cook County,2025-06-06T07:00,46.1,60.7,31.5,12.9
0,Cook County,2025-06-06T08:00,44.5,59.7,34,13.4
0,Cook County,2025-06-06T09:00,46.3,61.3,32.4,12.9
0,Cook County,2025-06-06T10:00,45.8,61.6,34.6,13
0,Cook County,2025-06-06T11:00,43.5,60.5,38.9,13.7
0,Cook County,2025-06-06T12:00,40.8,59.5,45.7,14.6
0,Cook County,2025-06-06T13:00,39.5,59.3,50.1,15.1
0,Cook County,2025-06-06T14:00,36.9,58.6,58.6,16.2
0,Cook County,2025-06-06T15:00,33.6,57,69.4,17.8
0,Cook County,2025-06-06T16:00,32.6,56.3,72.6,18.3
0,Cook County,2025-06-06T17:00,33.7,56.4,67.3,17.7
0,Cook County,2025-06-06T18:00,36.6,56.9,55.5,16.3
0,Cook County,2025-06-06T19:00,39.3,56.9,44.5,15.2
0,Cook County,2025-06-06T20:00,43.4,57.8,33.1,13.8
0,Cook County,2025-06-06T21:00,46.2,58.8,27,12.9
0,Cook County,2025-06-06T22:00,46.7,59.2,26.6,12.8
0,Cook County,2025-06-06T23:00,47.9,59.3,23.7,12.5
0,Cook County,2025-06-07T00:00,47,58.8,25,12.7
0,Cook County,2025-06-07T01:00,52,58.4,12.2,11.5
0,Cook County,2025-06-07T02:00,55.4,59,6.5,10.8
0,Cook County,2025-06-07T03:00,59.7,62.2,4.1,10
0,Cook County,2025-06-07T04:00,64.4,66.6,3.2,9.3
0,Cook County,2025-06-07T05:00,68.9,69.9,1.4,8.6
0,Cook County,2025-06-07T06:00,67,69.6,3.8,8.9
0,Cook County,2025-06-07T07:00,60.8,66.5,9.4,9.8
0,Cook County,2025-06-07T08:00,55.2,64.1,16.1,10.8
0,Cook County,2025-06-07T09:00,51.4,63,22.5,11.6
0,Cook County,2025-06-07T10:00,47.1,61.8,31,12.7
0,Cook County,2025-06-07T11:00,43.9,61,38.8,13.6
0,Cook County,2025-06-07T12:00,41.1,59.9,45.7,14.5
0,Cook County,2025-06-07T13:00,39.5,59.4,50.3,15.1
0,Cook County,2025-06-07T14:00,39,59.2,51.8,15.3
0,Cook County,2025-06-07T15:00,39.4,59.3,50.5,15.2
0,Cook County,2025-06-07T16:00,40.4,59.3,46.8,14.8
0,Cook County,2025-06-07T17:00,41.9,59.6,42.2,14.3
0,Cook County,2025-06-07T18:00,42.8,59.2,38.3,13.9
0,Cook County,2025-06-07T19:00,45.7,59.1,29.2,13.1
0,Cook County,2025-06-07T20:00,47.6,59.4,24.6,12.5
0,Cook County,2025-06-07T21:00,47.1,59.7,26.8,12.7
0,Cook County,2025-06-07T22:00,47,59.6,26.8,12.7
0,Cook County,2025-06-07T23:00,46.9,59.7,27.2,12.7
0,Cook County,2025-06-08T00:00,49,59.1,20.6,12.2
0,Cook County,2025-06-08T01:00,50.7,58.1,14.5,11.8
0,Cook County,2025-06-08T02:00,52.6,57.7,9.7,11.3
0,Cook County,2025-06-08T03:00,56.4,60.2,6.7,10.6
0,Cook County,2025-06-08T04:00,62.1,64.8,4.3,9.6
0,Cook County,2025-06-08T05:00,66.6,68.2,2.2,8.9
0,Cook County,2025-06-08T06:00,66.9,68.9,3,8.9
0,Cook County,2025-06-08T07:00,63.3,67.1,6,9.4
0,Cook County,2025-06-08T08:00,59.4,65.6,10.5,10
0,Cook County,2025-06-08T09:00,55,64.5,17.1,10.8
0,Cook County,2025-06-08T10:00,51.2,63.9,24.6,11.6
0,Cook County,2025-06-08T11:00,47.4,63,32.7,12.6
0,Cook County,2025-06-08T12:00,44.1,61.8,40,13.5
0,Cook County,2025-06-08T13:00,42.7,61.2,43.2,14
0,Cook County,2025-06-08T14:00,41.9,60.8,44.8,14.2
0,Cook County,2025-06-08T15:00,40.2,59.9,48.9,14.9
0,Cook County,2025-06-08T16:00,39.1,59.4,51.8,15.3
0,Cook County,2025-06-08T17:00,43.5,60.5,39,13.7
0,Cook County,2025-06-08T18:00,45.5,60.6,33,13.1
0,Cook County,2025-06-08T19:00,49.9,61.2,22.8,12
0,Cook County,2025-06-08T20:00,52.4,61.5,17.3,11.4
0,Cook County,2025-06-08T21:00,52.4,61.5,17.1,11.4
0,Cook County,2025-06-08T22:00,53.4,61.4,14.9,11.2
0,Cook County,2025-06-08T23:00,55.8,61.7,10.6,10.7
0,Cook County,2025-06-09T00:00,57.4,61.6,7.2,10.4
0,Cook County,2025-06-09T01:00,59.2,62.4,5.3,10.1
0,Cook County,2025-06-09T02:00,60.7,63.5,4.6,9.8
0,Cook County,2025-06-09T03:00,65.7,67.4,2.6,9.1
0,Cook County,2025-06-09T04:00,69.1,70.6,2.2,8.6
0,Cook County,2025-06-09T05:00,65.4,72,10.1,9.1
0,Cook County,2025-06-09T06:00,53.4,67.1,25.7,11.2
0,Cook County,2025-06-09T07:00,43.4,60.6,39.5,13.8
0,Cook County,2025-06-09T08:00,41.9,59.3,41.4,14.2
0,Cook County,2025-06-09T09:00,45.3,60.8,34.2,13.2
0,Cook County,2025-06-09T10:00,46.9,61.7,31.6,12.7
0,Cook County,2025-06-09T11:00,45,60.5,34.2,13.3
0,Cook County,2025-06-09T12:00,42.9,59.5,38.7,13.9
0,Cook County,2025-06-09T13:00,42.4,59.5,40.3,14.1
0,Cook County,2025-06-09T14:00,40.1,58.8,46.7,14.9
0,Cook County,2025-06-09T15:00,36.5,57.1,56.1,16.4
0,Cook County,2025-06-09T16:00,36,57,58.1,16.6
0,Cook County,2025-06-09T17:00,37,57.2,54.5,16.2
0,Cook County,2025-06-09T18:00,41.6,57.7,38.5,14.3
0,Cook County,2025-06-09T19:00,46.7,58.2,24.6,12.8
0,Cook County,2025-06-09T20:00,49.1,58.7,19.3,12.1
0,Cook County,2025-06-09T21:00,50.6,59,16.7,11.8
0,Cook County,2025-06-09T22:00,53.5,60,12.1,11.1
0,Cook County,2025-06-09T23:00,55.1,60,8.8,10.8
0,Cook County,2025-06-10T00:00,57.7,61.7,6.9,10.3
0,Cook County,2025-06-10T01:00,59.5,63,5.8,10
0,Cook County,2025-06-10T02:00,62.2,65.4,5,9.6
0,Cook County,2025-06-10T03:00,67.2,69.1,2.7,8.9
0,Cook County,2025-06-10T04:00,69,70.6,2.2,8.6
0,Cook County,2025-06-10T05:00,64.7,71.1,9.9,9.2
0,Cook County,2025-06-10T06:00,51.7,65.8,27.2,11.5
0,Cook County,2025-06-10T07:00,40.9,59.5,45.1,14.6
0,Cook County,2025-06-10T08:00,39.1,58,48.5,15.3
0,Cook County,2025-06-10T09:00,42.6,59.6,39.7,14
0,Cook County,2025-06-10T10:00,44.5,60.4,35.7,13.4
0,Cook County,2025-06-10T11:00,44.2,59.8,35.1,13.5
0,Cook County,2025-06-10T12:00,42.4,59,38.8,14.1
0,Cook County,2025-06-10T13:00,42.1,59.2,40.4,14.2
0,Cook County,2025-06-10T14:00,39.8,58.7,47.2,15
0,Cook County,2025-06-10T15:00,36,57.1,58.8,16.6
0,Cook County,2025-06-10T16:00,34.2,56.6,65.5,17.5
0,Cook County,2025-06-10T17:00,34,56.2,65.2,17.6
0,Cook County,2025-06-10T18:00,38.7,56.9,46.9,15.4
0,Cook County,2025-06-10T19:00,44.4,57.8,29.9,13.4
0,Cook County,2025-06-10T20:00,47.4,58.2,22.7,12.6
0,Cook County,2025-06-10T21:00,48.8,58.6,20.1,12.2
0,Cook County,2025-06-10T22:00,51.9,59.4,14.4,11.5
0,Cook County,2025-06-10T23:00,54.4,59.6,9.4,11
0,Cook County,2025-06-11T00:00,56.8,60.8,7,10.5
0,Cook County,2025-06-11T01:00,57.7,61.3,6.2,10.3
0,Cook County,2025-06-11T02:00,61.4,64.3,4.8,9.7
0,Cook County,2025-06-11T03:00,66.1,68.1,2.9,9
0,Cook County,2025-06-11T04:00,69.3,70.9,2.2,8.6
0,Cook County,2025-06-11T05:00,65.8,71.5,8.7,9.1
0,Cook County,2025-06-11T06:00,52.3,66.2,26.5,11.4
0,Cook County,2025-06-11T07:00,41.8,59.9,43.1,14.3
0,Cook County,2025-06-11T08:00,39.8,58.3,46.3,15
0,Cook County,2025-06-11T09:00,43.5,59.9,37.6,13.7
0,Cook County,2025-06-11T10:00,44.5,60.5,36,13.4
0,Cook County,2025-06-11T11:00,43.4,59.8,37.8,13.8
0,Cook County,2025-06-11T12:00,41.8,59.1,41.1,14.3
0,Cook County,2025-06-11T13:00,41.5,59.3,42.6,14.4
0,Cook County,2025-06-11T14:00,38.3,58.2,51.8,15.6
0,Cook County,2025-06-11T15:00,35.4,56.9,60.6,16.9
0,Cook County,2025-06-11T16:00,33.7,56.3,66.8,17.7
0,Cook County,2025-06-11T17:00,33.4,55.9,67,17.9
0,Cook County,2025-06-11T18:00,38.2,56.6,48.3,15.6
0,Cook County,2025-06-11T19:00,43.6,57.4,31.6,13.7
0,Cook County,2025-06-11T20:00,46.1,57.8,25.2,12.9
0,Cook County,2025-06-11T21:00,48,58.4,21.5,12.4
0,Cook County,2025-06-11T22:00,50.7,59,16.4,11.8
0,Cook County,2025-06-11T23:00,52.3,59.2,13.3,11.4
0,Cook County,2025-06-12T00:00,55.4,60.2,8.7,10.8
0,Cook County,2025-06-12T01:00,57.4,61.1,6.4,10.4
0,Cook County,2025-06-12T02:00,60.6,63.7,5.2,9.9
0,Cook County,2025-06-12T03:00,66,68.1,3,9
0,Cook County,2025-06-12T04:00,69.2,70.9,2.3,8.6
0,Cook County,2025-06-12T05:00,66.3,71.9,8.3,9
0,Cook County,2025-06-12T06:00,53.3,66.5,24.6,11.2
0,Cook County,2025-06-12T07:00,42.7,60.4,41.2,14
0,Cook County,2025-06-12T08:00,41,59,43.7,14.6
0,Cook County,2025-06-12T09:00,44.7,60.5,35.1,13.3
0,Cook County,2025-06-12T10:00,45.4,61.1,34.5,13.2
0,Cook County,2025-06-12T11:00,43.4,60,38,13.8
0,Cook County,2025-06-12T12:00,41.3,59.3,43.2,14.4
0,Cook County,2025-06-12T13:00,40.7,59.2,45.4,14.7
0,Cook County,2025-06-12T14:00,38.6,58.7,52,15.5
0,Cook County,2025-06-12T15:00,35.5,57.5,62,16.8
0,Cook County,2025-06-12T16:00,33.4,56.8,70.1,17.9
0,Cook County,2025-06-12T17:00,32.5,56.3,73.2,18.4
0,Cook County,2025-06-12T18:00,36.7,56.7,54.2,16.3
0,Cook County,2025-06-12T19:00,42.7,57.8,35.1,14
0,Cook County,2025-06-12T20:00,46.6,58.7,25.8,12.8
0,Cook County,2025-06-12T21:00,46.9,58.8,25.2,12.7
0,Cook County,2025-06-12T22:00,48.7,59.3,21.5,12.2
0,Cook County,2025-06-12T23:00,52.6,59.6,13.4,11.4
0,Cook County,2025-06-13T00:00,54.9,59.7,8.7,10.9
0,Cook County,2025-06-13T01:00,56.4,60.4,7,10.6
0,Cook County,2025-06-13T02:00,58.9,62.5,6.1,10.1
0,Cook County,2025-06-13T03:00,65,67.4,3.7,9.2
0,Cook County,2025-06-13T04:00,67.6,70.6,4.4,8.8
0,Cook County,2025-06-13T05:00,65.6,71.7,9.3,9.1
0,Cook County,2025-06-13T06:00,55.8,67.4,20.7,10.7
0,Cook County,2025-06-13T07:00,47.6,62.8,31.7,12.5
0,Cook County,2025-06-13T08:00,44.8,60.9,35.8,13.3
0,Cook County,2025-06-13T09:00,45.6,61.7,35,13.1
0,Cook County,2025-06-13T10:00,44,61.5,39.8,13.6
0,Cook County,2025-06-13T11:00,40.4,59.8,48,14.8
0,Cook County,2025-06-13T12:00,37.7,58.5,55.1,15.8
0,Cook County,2025-06-13T13:00,36.9,58.4,58,16.2
0,Cook County,2025-06-13T14:00,34.7,57.5,65.8,17.2
0,Cook County,2025-06-13T15:00,33,56.7,71.9,18.1
0,Cook County,2025-06-13T16:00,33.4,56.6,69.3,17.9
0,Cook County,2025-06-13T17:00,34.8,56.8,63,17.2
0,Cook County,2025-06-13T18:00,38.8,57.5,48.1,15.4
0,Cook County,2025-06-13T19:00,43.6,58.1,33.2,13.7
0,Cook County,2025-06-13T20:00,46.4,58.3,25.5,12.9
0,Cook County,2025-06-13T21:00,47.4,58.5,23.4,12.6
0,Cook County,2025-06-13T22:00,48.7,58.9,20.9,12.3
0,Cook County,2025-06-13T23:00,49.6,58.4,17.7,12
0,Cook County,2025-06-14T00:00,51.7,57.8,11.8,11.5
0,Cook County,2025-06-14T01:00,53.1,57.9,9.1,11.2
0,Cook County,2025-06-14T02:00,55.8,59.2,6.1,10.7
0,Cook County,2025-06-14T03:00,60.2,62.5,3.8,9.9
0,Cook County,2025-06-14T04:00,64.4,66.5,3.2,9.3
0,Cook County,2025-06-14T05:00,67.9,69.8,2.7,8.8
0,Cook County,2025-06-14T06:00,65.9,68.8,4.4,9.1
0,Cook County,2025-06-14T07:00,61,66.6,9.1,9.8
0,Cook County,2025-06-14T08:00,56.7,64.7,14,10.5
0,Cook County,2025-06-14T09:00,52.4,63.6,21.3,11.4
0,Cook County,2025-06-14T10:00,48.3,62.5,29.3,12.4
0,Cook County,2025-06-14T11:00,44.4,61.3,37.9,13.4
0,Cook County,2025-06-14T12:00,42.4,60.2,41.7,14.1
0,Cook County,2025-06-14T13:00,42.3,60.2,42.1,14.1
0,Cook County,2025-06-14T14:00,42,60.2,43.2,14.2
0,Cook County,2025-06-14T15:00,42.1,60.3,43.1,14.2
0,Cook County,2025-06-14T16:00,42.3,60.1,41.8,14.1
0,Cook County,2025-06-14T17:00,43.3,59.9,38.2,13.8
0,Cook County,2025-06-14T18:00,44.2,59.6,34.8,13.5
0,Cook County,2025-06-14T19:00,46,59.2,28.5,13
0,Cook County,2025-06-14T20:00,47.3,59.3,25.3,12.6
0,Cook County,2025-06-14T21:00,47.2,59.9,26.7,12.6
0,Cook County,2025-06-14T22:00,47.4,59.8,26,12.6
0,Cook County,2025-06-14T23:00,47.8,58.9,23.2,12.5
0,Cook County,2025-06-15T00:00,50,58,15.9,11.9
0,Cook County,2025-06-15T01:00,52.8,58.1,9.8,11.3
0,Cook County,2025-06-15T02:00,54.4,58,6.4,11
0,Cook County,2025-06-15T03:00,57.6,60.1,4.3,10.4
0,Cook County,2025-06-15T04:00,62,63.9,3,9.6
0,Cook County,2025-06-15T05:00,66.1,67.2,1.6,9
0,Cook County,2025-06-15T06:00,66.1,67.8,2.5,9
0,Cook County,2025-06-15T07:00,63.7,66.5,4.4,9.4
0,Cook County,2025-06-15T08:00,60,65.5,9,9.9
0,Cook County,2025-06-15T09:00,55.6,64.6,16,10.7
0,Cook County,2025-06-15T10:00,52.8,64.5,22,11.3
0,Cook County,2025-06-15T11:00,49,64,30.3,12.2
0,Cook County,2025-06-15T12:00,46.1,62.7,36,13
0,Cook County,2025-06-15T13:00,44.6,61.9,38.9,13.4
0,Cook County,2025-06-15T14:00,44.2,61.6,39.4,13.5
0,Cook County,2025-06-15T15:00,44.8,61.9,38,13.3
0,Cook County,2025-06-15T16:00,45.2,61.9,36.7,13.2
0,Cook County,2025-06-15T17:00,46.7,61.8,32.2,12.8
0,Cook County,2025-06-15T18:00,48.8,62.4,27.7,12.2
0,Cook County,2025-06-15T19:00,50.7,62.6,23.4,11.8
0,Cook County,2025-06-15T20:00,50.2,62.5,24.3,11.9
0,Cook County,2025-06-15T21:00,49,61.5,25.5,12.2
0,Cook County,2025-06-15T22:00,51.8,60.9,17.7,11.5
0,Cook County,2025-06-15T23:00,55.1,60.6,9.9,10.8
0,Cook County,2025-06-16T00:00,56.9,60.9,7,10.5
0,Cook County,2025-06-16T01:00,57.6,61.1,5.9,10.4
0,Cook County,2025-06-16T02:00,59.9,62.7,4.5,10
0,Cook County,2025-06-16T03:00,65.4,67.2,2.7,9.1
0,Cook County,2025-06-16T04:00,69,70.4,1.9,8.6
0,Cook County,2025-06-16T05:00,66.1,72.3,9.3,9
0,Cook County,2025-06-16T06:00,54.7,67.6,23.5,10.9
0,Cook County,2025-06-16T07:00,47.5,63.3,33.1,12.6
0,Cook County,2025-06-16T08:00,44.8,60.9,35.8,13.3
0,Cook County,2025-06-16T09:00,47.6,61.9,30,12.6
0,Cook County,2025-06-16T10:00,47.2,62,31.4,12.7
0,Cook County,2025-06-16T11:00,45.5,60.8,33.7,13.1
0,Cook County,2025-06-16T12:00,43.3,59.9,38.2,13.8
0,Cook County,2025-06-16T13:00,43.5,60,37.9,13.7
0,Cook County,2025-06-16T14:00,40.5,59.1,45.8,14.8
0,Cook County,2025-06-16T15:00,38.9,58.2,49.7,15.4
0,Cook County,2025-06-16T16:00,37.8,57.7,52.4,15.8
0,Cook County,2025-06-16T17:00,38,57.2,50.4,15.7
0,Cook County,2025-06-16T18:00,42.5,57.8,35.8,14.1
0,Cook County,2025-06-16T19:00,47.4,58.3,23,12.6
0,Cook County,2025-06-16T20:00,49.6,58.8,18.4,12
0,Cook County,2025-06-16T21:00,50.9,59.4,16.6,11.7
0,Cook County,2025-06-16T22:00,53.2,59.8,12.2,11.2
0,Cook County,2025-06-16T23:00,55.3,60.2,8.7,10.8
0,Cook County,2025-06-17T00:00,57.2,61.2,7,10.4
0,Cook County,2025-06-17T01:00,58.7,62.4,6.1,10.2
0,Cook County,2025-06-17T02:00,61.5,64.6,5,9.7
0,Cook County,2025-06-17T03:00,66.2,68.3,3.1,9
0,Cook County,2025-06-17T04:00,69.2,71,2.5,8.6
0,Cook County,2025-06-17T05:00,65.5,71.7,9.4,9.1
0,Cook County,2025-06-17T06:00,52.7,66.3,25.8,11.3
0,Cook County,2025-06-17T07:00,44.2,61.9,40,13.5
0,Cook County,2025-06-17T08:00,41.1,59.6,44.9,14.5
0,Cook County,2025-06-17T09:00,44,60.3,37,13.6
0,Cook County,2025-06-17T10:00,45.8,60.9,32.8,13
0,Cook County,2025-06-17T11:00,44.3,59.8,34.8,13.5
0,Cook County,2025-06-17T12:00,42.6,58.9,38.1,14
0,Cook County,2025-06-17T13:00,42.1,59,39.9,14.2
0,Cook County,2025-06-17T14:00,39.9,58.7,47,15
0,Cook County,2025-06-17T15:00,38.1,58,52.1,15.7
0,Cook County,2025-06-17T16:00,36.1,57.2,58.4,16.5
0,Cook County,2025-06-17T17:00,34.7,56.4,62.6,17.2
0,Cook County,2025-06-17T18:00,38.6,56.6,46.4,15.5
0,Cook County,2025-06-17T19:00,44.8,57.3,28,13.3
0,Cook County,2025-06-17T20:00,47.9,58,20.9,12.5
0,Cook County,2025-06-17T21:00,48.3,58.8,21.7,12.4
0,Cook County,2025-06-17T22:00,49.9,59.4,18.8,12
0,Cook County,2025-06-17T23:00,52.7,60.1,13.9,11.3
0,Cook County,2025-06-18T00:00,53.4,60.7,13.6,11.2
0,Cook County,2025-06-18T01:00,56.3,61.9,10,10.6
0,Cook County,2025-06-18T02:00,60.2,64.8,7.5,9.9
0,Cook County,2025-06-18T03:00,65.6,68.5,4.4,9.1
0,Cook County,2025-06-18T04:00,67.3,70.7,5,8.9
0,Cook County,2025-06-18T05:00,62.9,71.6,13.8,9.5
0,Cook County,2025-06-18T06:00,53.4,66.9,25.2,11.2
0,Cook County,2025-06-18T07:00,45.6,62.4,36.6,13.1
0,Cook County,2025-06-18T08:00,42.8,59.9,39.8,14
0,Cook County,2025-06-18T09:00,45.4,60.6,33.3,13.1
0,Cook County,2025-06-18T10:00,46.6,61.2,31.3,12.8
0,Cook County,2025-06-18T11:00,45.1,60.3,33.5,13.2
0,Cook County,2025-06-18T12:00,43.1,59.6,38,13.8
0,Cook County,2025-06-18T13:00,40,58.9,47,14.9
0,Cook County,2025-06-18T14:00,33.7,56.8,68.2,17.7
0,Cook County,2025-06-18T15:00,34.2,56.7,65.5,17.5
0,Cook County,2025-06-18T16:00,34,56.5,66.3,17.6
0,Cook County,2025-06-18T17:00,33.4,55.9,67.4,17.9
0,Cook County,2025-06-18T18:00,36.5,56.3,54,16.3
0,Cook County,2025-06-18T19:00,39.3,56.5,43.7,15.2
0,Cook County,2025-06-18T20:00,42.9,57.6,34.3,13.9
0,Cook County,2025-06-18T21:00,47.7,58.6,22.9,12.5
0,Cook County,2025-06-18T22:00,51.3,59.8,16.5,11.6
0,Cook County,2025-06-18T23:00,54.6,61.2,12,10.9
0,Cook County,2025-06-19T00:00,55.7,61.9,11.1,10.7
0,Cook County,2025-06-19T01:00,55.9,62.5,11.8,10.7
0,Cook County,2025-06-19T02:00,59.3,64.4,8.6,10.1
0,Cook County,2025-06-19T03:00,64.6,68.5,6,9.2
0,Cook County,2025-06-19T04:00,66.7,70.9,6.3,8.9
0,Cook County,2025-06-19T05:00,62.9,71.9,14.2,9.5
0,Cook County,2025-06-19T06:00,55.2,68,23.1,10.8
0,Cook County,2025-06-19T07:00,51.1,65.1,27.4,11.7
0,Cook County,2025-06-19T08:00,50.2,63.2,25.8,11.9
0,Cook County,2025-06-19T09:00,48.7,62.9,29.1,12.3
0,Cook County,2025-06-19T10:00,45.3,62.2,37.1,13.2
0,Cook County,2025-06-19T11:00,41.6,60.8,45.8,14.3
0,Cook County,2025-06-19T12:00,38.7,59,52.3,15.4
0,Cook County,2025-06-19T13:00,38.7,59,52.4,15.4
0,Cook County,2025-06-19T14:00,36.7,58.3,58.4,16.3
0,Cook County,2025-06-19T15:00,35.6,57.9,62.5,16.8
0,Cook County,2025-06-19T16:00,35.4,57.7,62.7,16.9
0,Cook County,2025-06-19T17:00,36.2,57.5,58.7,16.5
0,Cook County,2025-06-19T18:00,39.6,57.9,46.1,15.1
0,Cook County,2025-06-19T19:00,44,58.3,32.4,13.6
0,Cook County,2025-06-19T20:00,47.1,59,25.2,12.7
0,Cook County,2025-06-19T21:00,48.4,59.3,22.6,12.3
0,Cook County,2025-06-19T22:00,49.8,59.4,19.2,12
0,Cook County,2025-06-19T23:00,52.3,60,14.6,11.4
0,Cook County,2025-06-20T00:00,54,59.8,10.7,11
0,Cook County,2025-06-20T01:00,55.7,60.5,8.5,10.7
0,Cook County,2025-06-20T02:00,58.2,61.9,6.2,10.2
0,Cook County,2025-06-20T03:00,63.4,66.3,4.5,9.4
0,Cook County,2025-06-20T04:00,67.2,69.8,3.7,8.9
0,Cook County,2025-06-20T05:00,66.8,71.6,7,8.9
0,Cook County,2025-06-20T06:00,58.5,68.1,16.4,10.2
0,Cook County,2025-06-20T07:00,52.2,64.3,23.1,11.4
0,Cook County,2025-06-20T08:00,49.2,62.2,26.3,12.1
0,Cook County,2025-06-20T09:00,48,62.4,30,12.4
0,Cook County,2025-06-20T10:00,44.7,62,38.6,13.3
0,Cook County,2025-06-20T11:00,42.1,60.6,43.8,14.2
0,Cook County,2025-06-20T12:00,40.7,59.9,46.8,14.7
0,Cook County,2025-06-20T13:00,39,59.3,51.9,15.3
0,Cook County,2025-06-20T14:00,37,58.7,58.7,16.2
0,Cook County,2025-06-20T15:00,35,57.8,64.7,17
0,Cook County,2025-06-20T16:00,34.7,57.2,64.8,17.2
0,Cook County,2025-06-20T17:00,35.3,57.1,61.6,16.9
0,Cook County,2025-06-20T18:00,38.6,57.4,48.7,15.5
0,Cook County,2025-06-20T19:00,42.6,57.9,35.9,14
0,Cook County,2025-06-20T20:00,46.2,58.7,27,12.9
0,Cook County,2025-06-20T21:00,45.9,58.7,27.9,13
0,Cook County,2025-06-20T22:00,46.3,58.7,26.8,12.9
0,Cook County,2025-06-20T23:00,47.7,58.6,22.8,12.5
0,Cook County,2025-06-21T00:00,51.1,59,15.3,11.7
0,Cook County,2025-06-21T01:00,51.5,57.6,11.9,11.6
0,Cook County,2025-06-21T02:00,53.4,58.4,9.2,11.2
0,Cook County,2025-06-21T03:00,58.1,61.6,6,10.3
0,Cook County,2025-06-21T04:00,63.9,66.4,3.9,9.3
0,Cook County,2025-06-21T05:00,68.2,70,2.6,8.7
0,Cook County,2025-06-21T06:00,65.8,69.3,5.3,9.1
0,Cook County,2025-06-21T07:00,60.4,67,10.7,9.9
0,Cook County,2025-06-21T08:00,55.9,65,16.4,10.7
0,Cook County,2025-06-21T09:00,51.7,63.8,23.3,11.5
0,Cook County,2025-06-21T10:00,47.1,62.6,32.8,12.7
0,Cook County,2025-06-21T11:00,43.7,61.3,40.2,13.7
0,Cook County,2025-06-21T12:00,41.8,60.5,44.5,14.3
0,Cook County,2025-06-21T13:00,41.4,60.2,45.2,14.4
0,Cook County,2025-06-21T14:00,41.5,60,44.5,14.4
0,Cook County,2025-06-21T15:00,41.6,60.2,44.4,14.3
0,Cook County,2025-06-21T16:00,42.1,59.9,42.3,14.2
0,Cook County,2025-06-21T17:00,41.9,59.6,42,14.3
0,Cook County,2025-06-21T18:00,43.2,59.3,37.2,13.8
0,Cook County,2025-06-21T19:00,45.6,59.1,29.5,13.1
0,Cook County,2025-06-21T20:00,47.2,59.4,25.9,12.7
0,Cook County,2025-06-21T21:00,46.5,59.9,28.8,12.8
0,Cook County,2025-06-21T22:00,46.6,59.9,28.5,12.8
0,Cook County,2025-06-21T23:00,46.8,59.8,27.7,12.7
0,Cook County,2025-06-22T00:00,50.4,60,18.8,11.8
0,Cook County,2025-06-22T01:00,51.5,58.4,13.3,11.6
0,Cook County,2025-06-22T02:00,53.6,58.5,9.1,11.1
0,Cook County,2025-06-22T03:00,57,60.7,6.5,10.5
0,Cook County,2025-06-22T04:00,61.9,64.6,4.3,9.6
0,Cook County,2025-06-22T05:00,65.6,68.3,4,9.1
0,Cook County,2025-06-22T06:00,66.2,68.9,4,9
0,Cook County,2025-06-22T07:00,64.5,67.9,5.1,9.2
0,Cook County,2025-06-22T08:00,61.3,66.7,8.8,9.7
0,Cook County,2025-06-22T09:00,57.9,66.1,14,10.3
0,Cook County,2025-06-22T10:00,53.5,65.2,21.8,11.2
0,Cook County,2025-06-22T11:00,49.3,64,29.7,12.1
0,Cook County,2025-06-22T12:00,45.7,62.2,36.2,13.1
0,Cook County,2025-06-22T13:00,44.6,62.1,38.9,13.4
0,Cook County,2025-06-22T14:00,44.5,61.8,38.7,13.4
0,Cook County,2025-06-22T15:00,45.1,62,37.5,13.2
0,Cook County,2025-06-22T16:00,45.8,62,35.5,13
0,Cook County,2025-06-22T17:00,46.2,61.8,33.7,12.9
0,Cook County,2025-06-22T18:00,47,61.3,30.3,12.7
0,Cook County,2025-06-22T19:00,49.5,61.9,25,12.1
0,Cook County,2025-06-22T20:00,51.1,61.8,20.8,11.7
0,Cook County,2025-06-22T21:00,51.9,61.9,19.3,11.5
0,Cook County,2025-06-22T22:00,52.8,61.8,16.9,11.3
0,Cook County,2025-06-22T23:00,54.5,62,13.8,11
0,Cook County,2025-06-23T00:00,57.4,62.7,9.2,10.4
0,Cook County,2025-06-23T01:00,58.5,62.2,6.2,10.2
0,Cook County,2025-06-23T02:00,59.8,62.8,5,10
0,Cook County,2025-06-23T03:00,65.5,67.6,3.1,9.1
0,Cook County,2025-06-23T04:00,68.8,70.8,3,8.7
0,Cook County,2025-06-23T05:00,65.2,72.2,10.7,9.1
0,Cook County,2025-06-23T06:00,54,67.7,25.4,11.1
0,Cook County,2025-06-23T07:00,46.5,63.1,35.4,12.8
0,Cook County,2025-06-23T08:00,43.6,60.4,38.4,13.7
0,Cook County,2025-06-23T09:00,45.5,61.1,34.2,13.1
0,Cook County,2025-06-23T10:00,46.9,62.1,32.3,12.7
0,Cook County,2025-06-23T11:00,45.2,61.3,35.6,13.2
0,Cook County,2025-06-23T12:00,42.7,59.9,40.1,14
0,Cook County,2025-06-23T13:00,41.8,59.8,42.8,14.3
0,Cook County,2025-06-23T14:00,40,59.2,47.9,14.9
0,Cook County,2025-06-23T15:00,38.1,58.2,52.5,15.7
0,Cook County,2025-06-23T16:00,37.3,57.8,54.8,16
0,Cook County,2025-06-23T17:00,37.3,57.4,53.7,16
0,Cook County,2025-06-23T18:00,42.1,58,37.5,14.2
0,Cook County,2025-06-23T19:00,47.1,58.4,24,12.7
0,Cook County,2025-06-23T20:00,49,58.9,20.2,12.2
0,Cook County,2025-06-23T21:00,50.4,59.5,17.9,11.8
0,Cook County,2025-06-23T22:00,53.1,60.2,13.4,11.2
0,Cook County,2025-06-23T23:00,55.2,60.5,9.5,10.8
0,Cook County,2025-06-24T00:00,57.3,61.8,7.8,10.4
0,Cook County,2025-06-24T01:00,58.3,62.2,6.5,10.2
0,Cook County,2025-06-24T02:00,61.4,64.8,5.6,9.7
0,Cook County,2025-06-24T03:00,66.1,68.6,3.6,9
0,Cook County,2025-06-24T04:00,68.9,70.9,2.8,8.6
0,Cook County,2025-06-24T05:00,65.6,71.8,9.4,9.1
0,Cook County,2025-06-24T06:00,53.1,66.7,25.5,11.2
0,Cook County,2025-06-24T07:00,44,62,40.7,13.6
0,Cook County,2025-06-24T08:00,40.1,59.2,47.5,14.9
0,Cook County,2025-06-24T09:00,42.3,59.7,40.8,14.1
0,Cook County,2025-06-24T10:00,44.8,60.6,35.2,13.3
0,Cook County,2025-06-24T11:00,44.7,60,34.1,13.3
0,Cook County,2025-06-24T12:00,42.7,59,38.1,14
0,Cook County,2025-06-24T13:00,42.1,59.2,40.6,14.2
0,Cook County,2025-06-24T14:00,39.8,58.6,46.9,15
0,Cook County,2025-06-24T15:00,37.4,57.7,54.2,16
0,Cook County,2025-06-24T16:00,35.5,57.2,60.7,16.8
0,Cook County,2025-06-24T17:00,35.2,56.6,60.7,17
0,Cook County,2025-06-24T18:00,40.4,57.3,41.8,14.8
0,Cook County,2025-06-24T19:00,45.6,57.8,26.7,13.1
0,Cook County,2025-06-24T20:00,46.9,58.1,24,12.7
0,Cook County,2025-06-24T21:00,47.2,58.7,24.3,12.7
0,Cook County,2025-06-24T22:00,50.9,59.8,17.5,11.7
0,Cook County,2025-06-24T23:00,54.4,60.4,11.1,11
0,Cook County,2025-06-25T00:00,56.2,61.3,9.1,10.6
0,Cook County,2025-06-25T01:00,57.1,62.3,9,10.4
0,Cook County,2025-06-25T02:00,58.8,63.9,8.5,10.1
0,Cook County,2025-06-25T03:00,61,67.5,10.5,9.8
0,Cook County,2025-06-25T04:00,65.4,70.2,7.3,9.1
0,Cook County,2025-06-25T05:00,62.4,71.3,14.1,9.6
0,Cook County,2025-06-25T06:00,51.5,66.4,28.9,11.6
0,Cook County,2025-06-25T07:00,44.6,62.1,39.1,13.4
0,Cook County,2025-06-25T08:00,41.2,59.4,43.8,14.5
0,Cook County,2025-06-25T09:00,44.2,60.3,36.3,13.5
0,Cook County,2025-06-25T10:00,45.8,61,33.1,13
0,Cook County,2025-06-25T11:00,44,59.8,35.8,13.6
0,Cook County,2025-06-25T12:00,42,59.2,40.8,14.2
0,Cook County,2025-06-25T13:00,41.2,59.3,43.6,14.5
0,Cook County,2025-06-25T14:00,38.3,58.6,53,15.6
0,Cook County,2025-06-25T15:00,35.7,57.3,60.3,16.7
0,Cook County,2025-06-25T16:00,34.4,56.9,65.4,17.4
0,Cook County,2025-06-25T17:00,33.6,56.5,67.9,17.8
0,Cook County,2025-06-25T18:00,37.3,56.9,52.5,16
0,Cook County,2025-06-25T19:00,43.1,57.5,33.2,13.8
0,Cook County,2025-06-25T20:00,46.7,58.1,24.5,12.8
0,Cook County,2025-06-25T21:00,47.9,59.1,23.4,12.5
0,Cook County,2025-06-25T22:00,50,60.1,20,11.9
0,Cook County,2025-06-25T23:00,52.1,60.2,15.6,11.5
0,Cook County,2025-06-26T00:00,53.7,61.2,13.8,11.1
0,Cook County,2025-06-26T01:00,57.4,62.6,9.1,10.4
0,Cook County,2025-06-26T02:00,60.4,64.2,6.2,9.9
0,Cook County,2025-06-26T03:00,65.3,67.7,3.7,9.1
0,Cook County,2025-06-26T04:00,68.3,71,3.9,8.7
0,Cook County,2025-06-26T05:00,61.8,70.9,14.5,9.6
0,Cook County,2025-06-26T06:00,50.8,65.6,29.1,11.8
0,Cook County,2025-06-26T07:00,43.1,61.3,42.1,13.9
0,Cook County,2025-06-26T08:00,40.3,59.3,47.1,14.8
0,Cook County,2025-06-26T09:00,42.1,59.8,42,14.2
0,Cook County,2025-06-26T10:00,43.9,60.9,38.4,13.6
0,Cook County,2025-06-26T11:00,43.4,60.3,38.9,13.8
0,Cook County,2025-06-26T12:00,41.2,59.2,43.8,14.5
0,Cook County,2025-06-26T13:00,40.4,59.4,47,14.8
0,Cook County,2025-06-26T14:00,37.8,58.8,55.2,15.8
0,Cook County,2025-06-26T15:00,35.3,57.6,63.1,16.9
0,Cook County,2025-06-26T16:00,33.9,56.9,67.7,17.6
0,Cook County,2025-06-26T17:00,33.2,56.2,69.3,18
0,Cook County,2025-06-26T18:00,36.7,56.7,54.1,16.3
0,Cook County,2025-06-26T19:00,42.2,57.6,36.4,14.2
0,Cook County,2025-06-26T20:00,46.4,58.5,26.1,12.9
0,Cook County,2025-06-26T21:00,47.7,59.1,23.9,12.5
0,Cook County,2025-06-26T22:00,48.8,59.6,21.9,12.2
0,Cook County,2025-06-26T23:00,49.9,59.5,19.1,12
0,Cook County,2025-06-27T00:00,56.3,61.6,9.5,10.6
0,Cook County,2025-06-27T01:00,58.4,62.3,6.7,10.2
0,Cook County,2025-06-27T02:00,61.2,64.3,5.1,9.8
0,Cook County,2025-06-27T03:00,65.5,67.8,3.5,9.1
0,Cook County,2025-06-27T04:00,68.6,70.8,3.1,8.7
0,Cook County,2025-06-27T05:00,65.9,71.7,8.8,9.1
0,Cook County,2025-06-27T06:00,55.6,67.4,21.1,10.7
0,Cook County,2025-06-27T07:00,49.3,63.5,28.7,12.1
0,Cook County,2025-06-27T08:00,46.1,61.3,33,13
0,Cook County,2025-06-27T09:00,45.9,61.7,34.4,13
0,Cook County,2025-06-27T10:00,45.3,61.8,36.2,13.2
0,Cook County,2025-06-27T11:00,42.9,60.9,42,13.9
0,Cook County,2025-06-27T12:00,40.3,59.9,48.6,14.8
0,Cook County,2025-06-27T13:00,38.9,59.6,52.9,15.4
0,Cook County,2025-06-27T14:00,36.4,58.6,60.8,16.4
0,Cook County,2025-06-27T15:00,34.4,57.5,67.3,17.4
0,Cook County,2025-06-27T16:00,34.2,57.2,67.2,17.5
0,Cook County,2025-06-27T17:00,35.5,57.4,61.5,16.8
0,Cook County,2025-06-27T18:00,38.9,58.1,49.2,15.3
0,Cook County,2025-06-27T19:00,42.9,58.4,36.2,13.9
0,Cook County,2025-06-27T20:00,46.4,59.1,27.4,12.9
0,Cook County,2025-06-27T21:00,47.1,59.4,25.8,12.7
0,Cook County,2025-06-27T22:00,47.8,59.6,24.7,12.5
0,Cook County,2025-06-27T23:00,50,60.5,20.8,11.9
0,Cook County,2025-06-28T00:00,53.6,60.5,12.8,11.1
0,Cook County,2025-06-28T01:00,53.8,58.5,8.8,11.1
0,Cook County,2025-06-28T02:00,55.8,59.5,6.5,10.7
0,Cook County,2025-06-28T03:00,60.3,63,4.5,9.9
0,Cook County,2025-06-28T04:00,64.8,66.9,3.2,9.2
0,Cook County,2025-06-28T05:00,69.1,70.7,2.2,8.6
0,Cook County,2025-06-28T06:00,66.2,69.5,5,9
0,Cook County,2025-06-28T07:00,61.2,67.4,10,9.7
0,Cook County,2025-06-28T08:00,56.7,65.5,15.5,10.5
0,Cook County,2025-06-28T09:00,51.6,64,23.9,11.6
0,Cook County,2025-06-28T10:00,47,62.8,33.5,12.7
0,Cook County,2025-06-28T11:00,43.9,61.6,40.1,13.6
0,Cook County,2025-06-28T12:00,41.5,60.5,45.7,14.4
0,Cook County,2025-06-28T13:00,40.7,60.3,47.9,14.7
0,Cook County,2025-06-28T14:00,40.1,60.2,50.1,14.9
0,Cook County,2025-06-28T15:00,40.4,60.3,49.2,14.8
0,Cook County,2025-06-28T16:00,41.2,60.1,45.7,14.5
0,Cook County,2025-06-28T17:00,42.4,60.4,42.1,14.1
0,Cook County,2025-06-28T18:00,43.1,60.3,39.9,13.9
0,Cook County,2025-06-28T19:00,44.6,59.7,34,13.4
0,Cook County,2025-06-28T20:00,47.1,59.8,26.9,12.7
0,Cook County,2025-06-28T21:00,47.1,60.4,28.2,12.7
0,Cook County,2025-06-28T22:00,46,60.6,31.5,13
0,Cook County,2025-06-28T23:00,47.7,60.7,27.2,12.5
0,Cook County,2025-06-29T00:00,51.4,60.2,17.1,11.6
0,Cook County,2025-06-29T01:00,52.5,58.6,11.4,11.4
0,Cook County,2025-06-29T02:00,54.4,58.6,7.7,11
0,Cook County,2025-06-29T03:00,57.2,60.4,5.6,10.4
0,Cook County,2025-06-29T04:00,62,64.2,3.5,9.6
0,Cook County,2025-06-29T05:00,66.7,67.7,1.5,8.9
0,Cook County,2025-06-29T06:00,67.4,68.8,2,8.8
0,Cook County,2025-06-29T07:00,64.2,67.5,5.1,9.3
0,Cook County,2025-06-29T08:00,61.4,67,8.9,9.7
0,Cook County,2025-06-29T09:00,57.3,65.9,15,10.4
0,Cook County,2025-06-29T10:00,53,64.9,22.3,11.3
0,Cook County,2025-06-29T11:00,48.9,64,30.8,12.2
0,Cook County,2025-06-29T12:00,45.8,62.7,36.9,13
0,Cook County,2025-06-29T13:00,43.9,62.1,41.3,13.6
0,Cook County,2025-06-29T14:00,43.3,62,43.2,13.8
0,Cook County,2025-06-29T15:00,43.8,61.8,40.8,13.6
0,Cook County,2025-06-29T16:00,44.9,61.6,37.1,13.3
0,Cook County,2025-06-29T17:00,46.8,61.9,32.3,12.8
0,Cook County,2025-06-29T18:00,48.9,62.2,27,12.2
0,Cook County,2025-06-29T19:00,50.1,61.9,23.5,11.9
0,Cook County,2025-06-29T20:00,51.1,61.9,20.9,11.7
0,Cook County,2025-06-29T21:00,51.9,62.3,19.9,11.5
0,Cook County,2025-06-29T22:00,53.4,61.8,15.6,11.2
0,Cook County,2025-06-29T23:00,55.4,61.6,11.2,10.8
0,Cook County,2025-06-30T00:00,57.1,62,8.4,10.4
0,Cook County,2025-06-30T01:00,58.9,62.7,6.4,10.1
0,Cook County,2025-06-30T02:00,60.9,63.9,4.8,9.8
0,Cook County,2025-06-30T03:00,65.6,67.4,2.7,9.1
0,Cook County,2025-06-30T04:00,68.2,70.4,3.2,8.7
0,Cook County,2025-06-30T05:00,66.9,71.9,7.5,8.9
0,Cook County,2025-06-30T06:00,57,67.8,18.7,10.5
0,Cook County,2025-06-30T07:00,48.7,63.5,30.2,12.2
0,Cook County,2025-06-30T08:00,45.7,61,33.3,13.1
0,Cook County,2025-06-30T09:00,46.5,61.4,31.9,12.8
0,Cook County,2025-06-30T10:00,47.2,62.1,31.5,12.6
0,Cook County,2025-06-30T11:00,45.6,61.2,34,13.1
0,Cook County,2025-06-30T12:00,43,59.7,38.8,13.9
0,Cook County,2025-06-30T13:00,41.9,59.5,41.8,14.2
0,Cook County,2025-06-30T14:00,39.6,58.9,48.6,15.1
0,Cook County,2025-06-30T15:00,37.7,57.9,53.6,15.9
0,Cook County,2025-06-30T16:00,37.6,57.8,53.4,15.9
0,Cook County,2025-06-30T17:00,38,57.7,51.8,15.7
0,Cook County,2025-06-30T18:00,42,58,37.8,14.2
0,Cook County,2025-06-30T19:00,45.5,58,27.5,13.1
0,Cook County,2025-06-30T20:00,48.4,58.8,21.4,12.3
0,Cook County,2025-06-30T21:00,50.9,59.5,16.9,11.7
0,Cook County,2025-06-30T22:00,53.5,60.4,12.7,11.1
0,Cook County,2025-06-30T23:00,54.7,61,11.4,10.9
