Region index,Region label,Time,Speed [kmh],Free flow speed [kmh],Congestion level [%],Travel time per 10 km [min]
0,County Dublin,2025-01-01T00:00,31.7,40.8,28.8,18.9
0,County Dublin,2025-01-01T01:00,37,43.7,17.9,16.1
0,County Dublin,2025-01-01T02:00,37.9,43.1,13.7,15.7
0,County Dublin,2025-01-01T03:00,38.1,42.4,11.2,15.7
0,County Dublin,2025-01-01T04:00,37.8,41.2,8.9,15.8
0,County Dublin,2025-01-01T05:00,40.5,43.9,8.4,14.8
0,County Dublin,2025-01-01T06:00,44.6,47.4,6.2,13.4
0,County Dublin,2025-01-01T07:00,45.3,48.9,8,13.2
0,County Dublin,2025-01-01T08:00,47.1,51.4,9.2,12.7
0,County Dublin,2025-01-01T09:00,47.5,52.2,9.8,12.6
0,County Dublin,2025-01-01T10:00,47.6,53.5,12.2,12.5
0,County Dublin,2025-01-01T11:00,47.6,54.8,15.2,12.6
0,County Dublin,2025-01-01T12:00,46.4,55.7,19.9,12.9
0,County Dublin,2025-01-01T13:00,44.7,55.7,24.6,13.4
0,County Dublin,2025-01-01T14:00,42.6,54.8,28.8,14
0,County Dublin,2025-01-01T15:00,41.7,53.9,29.3,14.3
0,County Dublin,2025-01-01T16:00,41.6,53.8,29.1,14.3
0,County Dublin,2025-01-01T17:00,41,52.7,28.5,14.6
0,County Dublin,2025-01-01T18:00,40.8,51.3,25.7,14.6
0,County Dublin,2025-01-01T19:00,40.6,50,23,14.7
0,County Dublin,2025-01-01T20:00,40.6,48.9,20.4,14.7
0,County Dublin,2025-01-01T21:00,40.8,47.6,16.6,14.6
0,County Dublin,2025-01-01T22:00,40.7,46.2,13.4,14.7
0,County Dublin,2025-01-01T23:00,40.7,44.9,10.3,14.7
0,County Dublin,2025-01-02T00:00,40.3,43.2,6.9,14.8
0,County Dublin,2025-01-02T01:00,41.4,43.1,4,14.4
0,County Dublin,2025-01-02T02:00,42.7,43.8,2.5,14
0,County Dublin,2025-01-02T03:00,48.2,48.8,1.3,12.4
0,County Dublin,2025-01-02T04:00,53,53.9,1.7,11.3
0,County Dublin,2025-01-02T05:00,52.3,54.6,4.3,11.4
0,County Dublin,2025-01-02T06:00,51.4,57.6,11.9,11.6
0,County Dublin,2025-01-02T07:00,47.2,57.6,21.9,12.7
0,County Dublin,2025-01-02T08:00,45,56.7,25.7,13.3
0,County Dublin,2025-01-02T09:00,44.2,55.2,24.9,13.5
0,County Dublin,2025-01-02T10:00,43.4,55.3,27.3,13.8
0,County Dublin,2025-01-02T11:00,41.4,55,32.6,14.4
0,County Dublin,2025-01-02T12:00,39.9,54.9,37.5,15
0,County Dublin,2025-01-02T13:00,38.8,54.8,41,15.4
0,County Dublin,2025-01-02T14:00,38.4,54.6,41.9,15.5
0,County Dublin,2025-01-02T15:00,38.5,54.9,42.6,15.5
0,County Dublin,2025-01-02T16:00,37,54.7,47.8,16.2
0,County Dublin,2025-01-02T17:00,36.1,53.6,48.2,16.5
0,County Dublin,2025-01-02T18:00,38,51.7,35.9,15.7
0,County Dublin,2025-01-02T19:00,38.3,49.7,29.5,15.6
0,County Dublin,2025-01-02T20:00,39.2,48.9,24.6,15.2
0,County Dublin,2025-01-02T21:00,39.9,48.1,20.2,15
0,County Dublin,2025-01-02T22:00,38.9,46,17.9,15.3
0,County Dublin,2025-01-02T23:00,38.9,44.3,13.6,15.3
0,County Dublin,2025-01-03T00:00,40.1,43.9,9.6,14.9
0,County Dublin,2025-01-03T01:00,40.4,42.9,6.2,14.8
0,County Dublin,2025-01-03T02:00,41.7,44,5.3,14.3
0,County Dublin,2025-01-03T03:00,45.6,47.8,4.8,13.1
0,County Dublin,2025-01-03T04:00,50.3,54,7.3,11.9
0,County Dublin,2025-01-03T05:00,51.8,56.4,9,11.5
0,County Dublin,2025-01-03T06:00,50.1,57.4,14.6,11.9
0,County Dublin,2025-01-03T07:00,45.8,57,24.4,13
0,County Dublin,2025-01-03T08:00,43.3,55.8,28.7,13.8
0,County Dublin,2025-01-03T09:00,42.4,54.9,29.6,14.1
0,County Dublin,2025-01-03T10:00,41.3,54.5,31.8,14.5
0,County Dublin,2025-01-03T11:00,40.1,54.6,36.3,14.9
0,County Dublin,2025-01-03T12:00,38.2,54.5,42.5,15.6
0,County Dublin,2025-01-03T13:00,37.1,54.6,46.8,16.1
0,County Dublin,2025-01-03T14:00,36.7,54.3,48,16.3
0,County Dublin,2025-01-03T15:00,36.3,54.3,49.5,16.5
0,County Dublin,2025-01-03T16:00,35.5,54.1,52.1,16.8
0,County Dublin,2025-01-03T17:00,34.9,52.4,49.9,17.1
0,County Dublin,2025-01-03T18:00,36.1,50.7,40.3,16.5
0,County Dublin,2025-01-03T19:00,36.3,48.9,34.3,16.4
0,County Dublin,2025-01-03T20:00,36.6,47.2,28.9,16.3
0,County Dublin,2025-01-03T21:00,36.7,45.7,24.6,16.3
0,County Dublin,2025-01-03T22:00,36.1,43.9,21.8,16.6
0,County Dublin,2025-01-03T23:00,36.7,43.5,18.5,16.3
0,County Dublin,2025-01-04T00:00,36.8,42.2,14.5,16.2
0,County Dublin,2025-01-04T01:00,37,41,10.8,16.1
0,County Dublin,2025-01-04T02:00,37.9,41.2,8.6,15.7
0,County Dublin,2025-01-04T03:00,41.2,43.8,6.4,14.5
0,County Dublin,2025-01-04T04:00,47.9,51,6.4,12.5
0,County Dublin,2025-01-04T05:00,50.1,53.6,6.9,11.9
0,County Dublin,2025-01-04T06:00,49.6,53.6,8.1,12
0,County Dublin,2025-01-04T07:00,47.7,53.8,12.9,12.5
0,County Dublin,2025-01-04T08:00,46.7,54.5,16.6,12.8
0,County Dublin,2025-01-04T09:00,45.8,54.3,18.5,13
0,County Dublin,2025-01-04T10:00,43.6,54.1,24,13.7
0,County Dublin,2025-01-04T11:00,41.4,54.1,30.7,14.4
0,County Dublin,2025-01-04T12:00,40.2,54.7,35.9,14.9
0,County Dublin,2025-01-04T13:00,39,54.4,39.5,15.3
0,County Dublin,2025-01-04T14:00,37.8,53.9,42.4,15.8
0,County Dublin,2025-01-04T15:00,37.1,53.3,43.5,16.1
0,County Dublin,2025-01-04T16:00,37.6,53.1,41.2,15.9
0,County Dublin,2025-01-04T17:00,37,51.6,39.5,16.2
0,County Dublin,2025-01-04T18:00,37,49.6,34,16.1
0,County Dublin,2025-01-04T19:00,35.9,47.2,31.5,16.6
0,County Dublin,2025-01-04T20:00,35.8,45.8,28,16.7
0,County Dublin,2025-01-04T21:00,35.2,44,24.8,17
0,County Dublin,2025-01-04T22:00,35.4,43.3,22.2,16.9
0,County Dublin,2025-01-04T23:00,34.9,42,20,17.1
0,County Dublin,2025-01-05T00:00,34.7,40.3,16.1,17.2
0,County Dublin,2025-01-05T01:00,36.5,40.7,11.4,16.4
0,County Dublin,2025-01-05T02:00,35.5,39.1,10.1,16.8
0,County Dublin,2025-01-05T03:00,39.7,42.8,7.8,15.1
0,County Dublin,2025-01-05T04:00,45.3,48.9,7.8,13.2
0,County Dublin,2025-01-05T05:00,46.4,49.8,7.3,12.9
0,County Dublin,2025-01-05T06:00,46.8,50.1,7,12.8
0,County Dublin,2025-01-05T07:00,46.1,51,10.5,12.9
0,County Dublin,2025-01-05T08:00,45.2,51.5,13.9,13.2
0,County Dublin,2025-01-05T09:00,44.7,51.6,15.4,13.4
0,County Dublin,2025-01-05T10:00,43.8,52,18.7,13.6
0,County Dublin,2025-01-05T11:00,42.1,52.2,23.7,14.2
0,County Dublin,2025-01-05T12:00,40.4,52.6,30.2,14.8
0,County Dublin,2025-01-05T13:00,39.2,52.7,34.5,15.2
0,County Dublin,2025-01-05T14:00,38.3,52.3,36.7,15.6
0,County Dublin,2025-01-05T15:00,38.6,52.1,34.9,15.5
0,County Dublin,2025-01-05T16:00,38.1,51.8,35.7,15.7
0,County Dublin,2025-01-05T17:00,38.5,51.7,34.2,15.5
0,County Dublin,2025-01-05T18:00,38.3,50.1,30.6,15.6
0,County Dublin,2025-01-05T19:00,38.3,48.7,27,15.6
0,County Dublin,2025-01-05T20:00,38.9,47.8,22.8,15.3
0,County Dublin,2025-01-05T21:00,39.7,46.8,18,15.1
0,County Dublin,2025-01-05T22:00,40.1,46.1,15,14.9
0,County Dublin,2025-01-05T23:00,41.2,46.1,11.8,14.5
0,County Dublin,2025-01-06T00:00,43.5,46.2,6.2,13.7
0,County Dublin,2025-01-06T01:00,44.2,45.5,2.8,13.5
0,County Dublin,2025-01-06T02:00,44.8,45.8,2.1,13.3
0,County Dublin,2025-01-06T03:00,48.3,50.2,3.8,12.4
0,County Dublin,2025-01-06T04:00,53.4,56.2,5.1,11.2
0,County Dublin,2025-01-06T05:00,53.5,57.4,7.2,11.2
0,County Dublin,2025-01-06T06:00,48.7,59.3,21.7,12.3
0,County Dublin,2025-01-06T07:00,38.7,56.5,45.7,15.4
0,County Dublin,2025-01-06T08:00,30.6,52.4,71.4,19.5
0,County Dublin,2025-01-06T09:00,37.7,53.3,41.3,15.9
0,County Dublin,2025-01-06T10:00,40.4,53.7,32.8,14.8
0,County Dublin,2025-01-06T11:00,39.2,52.8,34.7,15.2
0,County Dublin,2025-01-06T12:00,38.1,52.4,37.2,15.7
0,County Dublin,2025-01-06T13:00,37.2,52,39.7,16.1
0,County Dublin,2025-01-06T14:00,36.6,52.3,42.7,16.3
0,County Dublin,2025-01-06T15:00,36.4,53.2,46.1,16.4
0,County Dublin,2025-01-06T16:00,34.4,53.4,55,17.4
0,County Dublin,2025-01-06T17:00,34.2,52.9,54.3,17.4
0,County Dublin,2025-01-06T18:00,36.4,50.6,39,16.4
0,County Dublin,2025-01-06T19:00,37,48.5,30.9,16.1
0,County Dublin,2025-01-06T20:00,38,47.6,25,15.7
0,County Dublin,2025-01-06T21:00,40,47.6,18.8,14.9
0,County Dublin,2025-01-06T22:00,39.5,45.8,15.9,15.1
0,County Dublin,2025-01-06T23:00,40,45.1,12.7,14.9
0,County Dublin,2025-01-07T00:00,41.6,44.7,7.6,14.4
0,County Dublin,2025-01-07T01:00,42.9,44.5,3.7,13.9
0,County Dublin,2025-01-07T02:00,44.3,45.5,2.6,13.5
0,County Dublin,2025-01-07T03:00,47.9,49.1,2.5,12.5
0,County Dublin,2025-01-07T04:00,51.8,54.1,4.4,11.5
0,County Dublin,2025-01-07T05:00,52.7,56.5,7.1,11.3
0,County Dublin,2025-01-07T06:00,48.2,59.4,23.3,12.4
0,County Dublin,2025-01-07T07:00,37,56.4,52.1,16.1
0,County Dublin,2025-01-07T08:00,29,52.8,81.9,20.6
0,County Dublin,2025-01-07T09:00,36.4,53.6,47.1,16.4
0,County Dublin,2025-01-07T10:00,39.6,53.5,35,15.1
0,County Dublin,2025-01-07T11:00,38.5,52.7,36.6,15.5
0,County Dublin,2025-01-07T12:00,37.5,52.3,39.2,15.9
0,County Dublin,2025-01-07T13:00,37.1,52.6,41.6,16.1
0,County Dublin,2025-01-07T14:00,35.9,52.2,45.6,16.7
0,County Dublin,2025-01-07T15:00,34.7,53.2,53.2,17.2
0,County Dublin,2025-01-07T16:00,31.6,53.4,68.8,18.9
0,County Dublin,2025-01-07T17:00,30.8,52.7,71.1,19.4
0,County Dublin,2025-01-07T18:00,34.9,51.4,47.4,17.1
0,County Dublin,2025-01-07T19:00,36.8,49.4,34.2,16.2
0,County Dublin,2025-01-07T20:00,37.4,47.7,27.5,16
0,County Dublin,2025-01-07T21:00,38.6,47,21.5,15.5
0,County Dublin,2025-01-07T22:00,39.2,46.1,17.3,15.2
0,County Dublin,2025-01-07T23:00,39.1,44.2,13.2,15.3
0,County Dublin,2025-01-08T00:00,39.9,43.3,8.5,15
0,County Dublin,2025-01-08T01:00,40,42.7,6.7,14.9
0,County Dublin,2025-01-08T02:00,41.9,44.4,5.9,14.3
0,County Dublin,2025-01-08T03:00,44.4,47.6,7.3,13.5
0,County Dublin,2025-01-08T04:00,49.6,52.9,6.5,12
0,County Dublin,2025-01-08T05:00,51.4,56.3,9.4,11.6
0,County Dublin,2025-01-08T06:00,47,59.4,26.3,12.7
0,County Dublin,2025-01-08T07:00,36.2,56.5,55.9,16.5
0,County Dublin,2025-01-08T08:00,27.3,52.4,91.6,21.9
0,County Dublin,2025-01-08T09:00,34.7,53,52.6,17.2
0,County Dublin,2025-01-08T10:00,38.8,52.9,36.2,15.4
0,County Dublin,2025-01-08T11:00,38.5,52.8,37.2,15.5
0,County Dublin,2025-01-08T12:00,37.2,52.1,39.9,16.1
0,County Dublin,2025-01-08T13:00,35.6,51.7,45.3,16.8
0,County Dublin,2025-01-08T14:00,35.6,52,45.8,16.8
0,County Dublin,2025-01-08T15:00,35.5,53.2,49.9,16.8
0,County Dublin,2025-01-08T16:00,32.7,53.3,62.9,18.3
0,County Dublin,2025-01-08T17:00,32,52.7,64.5,18.7
0,County Dublin,2025-01-08T18:00,35.3,50.9,44.1,16.9
0,County Dublin,2025-01-08T19:00,36,48.9,35.7,16.6
0,County Dublin,2025-01-08T20:00,36.6,47.4,29.5,16.3
0,County Dublin,2025-01-08T21:00,37.9,46.8,23.4,15.7
0,County Dublin,2025-01-08T22:00,37.7,45.4,20.2,15.8
0,County Dublin,2025-01-08T23:00,38.7,44.3,14.5,15.5
0,County Dublin,2025-01-09T00:00,39,43.2,10.9,15.3
0,County Dublin,2025-01-09T01:00,40.4,43.2,7,14.8
0,County Dublin,2025-01-09T02:00,40.5,43.8,7.9,14.7
0,County Dublin,2025-01-09T03:00,44.7,47.8,6.7,13.3
0,County Dublin,2025-01-09T04:00,48.8,52.8,7.9,12.2
0,County Dublin,2025-01-09T05:00,51.6,56,8.5,11.6
0,County Dublin,2025-01-09T06:00,47.4,59.2,24.8,12.6
0,County Dublin,2025-01-09T07:00,39,57,45.8,15.3
0,County Dublin,2025-01-09T08:00,32.4,53.2,63.8,18.4
0,County Dublin,2025-01-09T09:00,36.5,53.4,46.4,16.4
0,County Dublin,2025-01-09T10:00,36.3,52.3,44.1,16.5
0,County Dublin,2025-01-09T11:00,37,52.2,41,16.2
0,County Dublin,2025-01-09T12:00,37,52,40.4,16.1
0,County Dublin,2025-01-09T13:00,36.3,52.2,43.7,16.5
0,County Dublin,2025-01-09T14:00,35.2,52.1,47.8,17
0,County Dublin,2025-01-09T15:00,33.6,52.6,56.2,17.8
0,County Dublin,2025-01-09T16:00,30.7,52.6,71,19.4
0,County Dublin,2025-01-09T17:00,30.3,52.4,73,19.7
0,County Dublin,2025-01-09T18:00,33.7,50.8,50.5,17.7
0,County Dublin,2025-01-09T19:00,35.5,48.7,37,16.8
0,County Dublin,2025-01-09T20:00,36.1,47.1,30.4,16.6
0,County Dublin,2025-01-09T21:00,37.4,46.5,24.5,16
0,County Dublin,2025-01-09T22:00,37.8,45.6,20.5,15.8
0,County Dublin,2025-01-09T23:00,37,43,16,16.1
0,County Dublin,2025-01-10T00:00,38.2,42.3,10.6,15.6
0,County Dublin,2025-01-10T01:00,37.6,40.6,7.7,15.9
0,County Dublin,2025-01-10T02:00,38.3,41,7,15.6
0,County Dublin,2025-01-10T03:00,44.6,47.3,6.1,13.4
0,County Dublin,2025-01-10T04:00,50.3,53.5,6.3,11.9
0,County Dublin,2025-01-10T05:00,51.3,55.4,8.1,11.6
0,County Dublin,2025-01-10T06:00,48.2,58.8,21.7,12.4
0,County Dublin,2025-01-10T07:00,40,56.4,40.7,14.9
0,County Dublin,2025-01-10T08:00,31,52.6,69.5,19.3
0,County Dublin,2025-01-10T09:00,36.3,53.2,46.6,16.5
0,County Dublin,2025-01-10T10:00,39.5,53.5,35.5,15.1
0,County Dublin,2025-01-10T11:00,38,52.8,38.9,15.7
0,County Dublin,2025-01-10T12:00,36.7,53.1,44.7,16.3
0,County Dublin,2025-01-10T13:00,35.6,53.7,50.6,16.8
0,County Dublin,2025-01-10T14:00,34.2,53.6,56.8,17.5
0,County Dublin,2025-01-10T15:00,33.8,53.5,58.1,17.7
0,County Dublin,2025-01-10T16:00,33.3,52.9,58.8,17.9
0,County Dublin,2025-01-10T17:00,32.1,51.7,60.8,18.6
0,County Dublin,2025-01-10T18:00,33.8,50,47.9,17.7
0,County Dublin,2025-01-10T19:00,34.4,48.2,39.8,17.3
0,County Dublin,2025-01-10T20:00,35.2,46.6,32.4,17
0,County Dublin,2025-01-10T21:00,36.6,46,25.7,16.3
0,County Dublin,2025-01-10T22:00,36.2,44.8,23.8,16.5
0,County Dublin,2025-01-10T23:00,36.2,43.6,20.2,16.5
0,County Dublin,2025-01-11T00:00,34.9,40.7,16.5,17.1
0,County Dublin,2025-01-11T01:00,34.9,39.4,12.8,17.1
0,County Dublin,2025-01-11T02:00,35.3,38.9,10.2,16.9
0,County Dublin,2025-01-11T03:00,39.4,42.5,7.8,15.2
0,County Dublin,2025-01-11T04:00,46.8,49.7,6.1,12.7
0,County Dublin,2025-01-11T05:00,49.2,52.4,6.4,12.1
0,County Dublin,2025-01-11T06:00,49.1,53.4,8.6,12.2
0,County Dublin,2025-01-11T07:00,48.4,54.7,13.1,12.3
0,County Dublin,2025-01-11T08:00,46.2,54.5,17.8,12.9
0,County Dublin,2025-01-11T09:00,43.6,54,23.7,13.7
0,County Dublin,2025-01-11T10:00,41.2,54.2,31.6,14.5
0,County Dublin,2025-01-11T11:00,38.8,54.3,39.7,15.4
0,County Dublin,2025-01-11T12:00,36.5,54.3,48.8,16.4
0,County Dublin,2025-01-11T13:00,35.5,54.3,53.1,16.8
0,County Dublin,2025-01-11T14:00,34.3,53.5,55.8,17.4
0,County Dublin,2025-01-11T15:00,34.1,53,55.3,17.5
0,County Dublin,2025-01-11T16:00,34.8,52.7,51.5,17.2
0,County Dublin,2025-01-11T17:00,34.6,51.8,49.4,17.2
0,County Dublin,2025-01-11T18:00,35.4,50.2,41.8,16.9
0,County Dublin,2025-01-11T19:00,35.2,48,36.4,17
0,County Dublin,2025-01-11T20:00,35.7,46.4,29.9,16.7
0,County Dublin,2025-01-11T21:00,36.4,45.3,24.6,16.4
0,County Dublin,2025-01-11T22:00,35.6,44.6,25.4,16.8
0,County Dublin,2025-01-11T23:00,34.2,43.4,27,17.5
0,County Dublin,2025-01-12T00:00,34.7,41.4,19.2,17.2
0,County Dublin,2025-01-12T01:00,36.2,40.9,12.7,16.5
0,County Dublin,2025-01-12T02:00,34.6,39.1,12.9,17.3
0,County Dublin,2025-01-12T03:00,38,40.9,7.6,15.7
0,County Dublin,2025-01-12T04:00,42.8,45.7,6.6,13.9
0,County Dublin,2025-01-12T05:00,45.8,48.3,5.5,13
0,County Dublin,2025-01-12T06:00,49.1,51.6,4.9,12.2
0,County Dublin,2025-01-12T07:00,47.7,52.1,9.1,12.5
0,County Dublin,2025-01-12T08:00,47.8,53.7,12.2,12.5
0,County Dublin,2025-01-12T09:00,46.5,54,16,12.8
0,County Dublin,2025-01-12T10:00,44,54.1,22.8,13.6
0,County Dublin,2025-01-12T11:00,41.3,53.9,30.4,14.4
0,County Dublin,2025-01-12T12:00,39.4,54.6,38.3,15.1
0,County Dublin,2025-01-12T13:00,37.7,54.6,44.8,15.8
0,County Dublin,2025-01-12T14:00,37.1,54.2,46.2,16.1
0,County Dublin,2025-01-12T15:00,38.3,53.8,40.3,15.6
0,County Dublin,2025-01-12T16:00,38.9,53.9,38.4,15.3
0,County Dublin,2025-01-12T17:00,39.1,53.6,36.9,15.3
0,County Dublin,2025-01-12T18:00,39,52.1,33.5,15.3
0,County Dublin,2025-01-12T19:00,39.6,50.9,28.4,15.1
0,County Dublin,2025-01-12T20:00,40.5,50.2,23.8,14.7
0,County Dublin,2025-01-12T21:00,41,48.6,18.3,14.6
0,County Dublin,2025-01-12T22:00,40.4,47.2,16.9,14.8
0,County Dublin,2025-01-12T23:00,41,45.9,12,14.6
0,County Dublin,2025-01-13T00:00,41.1,44,7.2,14.5
0,County Dublin,2025-01-13T01:00,39.9,42.1,5.4,15
0,County Dublin,2025-01-13T02:00,40.4,42.5,5.1,14.8
0,County Dublin,2025-01-13T03:00,45.5,47.5,4.2,13.1
0,County Dublin,2025-01-13T04:00,52.7,54.7,3.7,11.3
0,County Dublin,2025-01-13T05:00,54.3,57.2,5.2,11
0,County Dublin,2025-01-13T06:00,48.9,60.1,22.9,12.2
0,County Dublin,2025-01-13T07:00,36.5,56.6,54.7,16.4
0,County Dublin,2025-01-13T08:00,28.1,53.1,88.8,21.3
0,County Dublin,2025-01-13T09:00,34.4,54.4,58.1,17.4
0,County Dublin,2025-01-13T10:00,39.4,54.3,37.6,15.2
0,County Dublin,2025-01-13T11:00,38.1,53.6,40.5,15.7
0,County Dublin,2025-01-13T12:00,37.3,53,42,16
0,County Dublin,2025-01-13T13:00,36.8,53.1,44.3,16.3
0,County Dublin,2025-01-13T14:00,36.4,53.4,46.7,16.4
0,County Dublin,2025-01-13T15:00,34.7,53.8,55.2,17.2
0,County Dublin,2025-01-13T16:00,29.8,53.4,78.7,20
0,County Dublin,2025-01-13T17:00,27.7,52.7,89.8,21.5
0,County Dublin,2025-01-13T18:00,33.4,52.3,56.5,17.9
0,County Dublin,2025-01-13T19:00,36.6,49.7,35.7,16.3
0,County Dublin,2025-01-13T20:00,38,48.5,27.7,15.7
0,County Dublin,2025-01-13T21:00,40.3,48.6,20.5,14.8
0,County Dublin,2025-01-13T22:00,40.6,46.8,15.3,14.7
0,County Dublin,2025-01-13T23:00,39.7,44.3,11.5,15
0,County Dublin,2025-01-14T00:00,41.7,44.5,6.7,14.3
0,County Dublin,2025-01-14T01:00,41.5,43,3.5,14.4
0,County Dublin,2025-01-14T02:00,41.7,42.8,2.6,14.3
0,County Dublin,2025-01-14T03:00,45.5,46,1.1,13.1
0,County Dublin,2025-01-14T04:00,53.2,54.7,2.8,11.2
0,County Dublin,2025-01-14T05:00,54.5,57.2,4.8,10.9
0,County Dublin,2025-01-14T06:00,47.5,59.7,25.7,12.6
0,County Dublin,2025-01-14T07:00,33.6,56.3,67.1,17.8
0,County Dublin,2025-01-14T08:00,25.3,53.4,110.6,23.6
0,County Dublin,2025-01-14T09:00,31.2,54.9,75.9,19.2
0,County Dublin,2025-01-14T10:00,36.8,54,46.6,16.2
0,County Dublin,2025-01-14T11:00,37.5,53,41,15.9
0,County Dublin,2025-01-14T12:00,36.9,52.8,43.2,16.2
0,County Dublin,2025-01-14T13:00,36.5,53.2,45.6,16.4
0,County Dublin,2025-01-14T14:00,36.2,53.5,47.6,16.5
0,County Dublin,2025-01-14T15:00,33.7,54,59.9,17.7
0,County Dublin,2025-01-14T16:00,27.8,53.2,91.4,21.5
0,County Dublin,2025-01-14T17:00,24.6,52.2,111.8,24.3
0,County Dublin,2025-01-14T18:00,29.1,52.3,79.9,20.6
0,County Dublin,2025-01-14T19:00,35.6,50.2,40.9,16.8
0,County Dublin,2025-01-14T20:00,37.5,48.4,28.8,15.9
0,County Dublin,2025-01-14T21:00,39.9,48.4,21.2,15
0,County Dublin,2025-01-14T22:00,40,47,17.5,14.9
0,County Dublin,2025-01-14T23:00,39.7,45,13.4,15.1
0,County Dublin,2025-01-15T00:00,38.5,41.7,8.4,15.5
0,County Dublin,2025-01-15T01:00,37.9,40.1,5.9,15.8
0,County Dublin,2025-01-15T02:00,40.6,42,3.3,14.7
0,County Dublin,2025-01-15T03:00,45.9,47.1,2.4,13
0,County Dublin,2025-01-15T04:00,52.6,54.3,3.3,11.4
0,County Dublin,2025-01-15T05:00,53.5,56.3,5.3,11.2
0,County Dublin,2025-01-15T06:00,48,59.7,24.4,12.4
0,County Dublin,2025-01-15T07:00,33.2,55.8,67.6,18
0,County Dublin,2025-01-15T08:00,25.8,52.9,104.4,23.1
0,County Dublin,2025-01-15T09:00,31.6,54,70.3,18.9
0,County Dublin,2025-01-15T10:00,37.3,53.8,43.9,16
0,County Dublin,2025-01-15T11:00,38,53.2,40,15.7
0,County Dublin,2025-01-15T12:00,36.5,53,45,16.4
0,County Dublin,2025-01-15T13:00,34.5,52.9,53,17.3
0,County Dublin,2025-01-15T14:00,35.1,53.5,52.3,17
0,County Dublin,2025-01-15T15:00,31.9,53.4,67.4,18.8
0,County Dublin,2025-01-15T16:00,25.9,52.5,102.8,23.1
0,County Dublin,2025-01-15T17:00,23.5,52,120.6,25.4
0,County Dublin,2025-01-15T18:00,27.8,51.9,86.4,21.5
0,County Dublin,2025-01-15T19:00,34.9,50.3,44,17.1
0,County Dublin,2025-01-15T20:00,37.2,48.5,30.3,16
0,County Dublin,2025-01-15T21:00,39.2,48.3,23,15.2
0,County Dublin,2025-01-15T22:00,40,47.1,17.6,14.9
0,County Dublin,2025-01-15T23:00,39,44,12.8,15.3
0,County Dublin,2025-01-16T00:00,39.7,43,8.3,15
0,County Dublin,2025-01-16T01:00,38.4,40.5,5.4,15.6
0,County Dublin,2025-01-16T02:00,39.3,40.9,4,15.2
0,County Dublin,2025-01-16T03:00,46.5,47.7,2.4,12.8
0,County Dublin,2025-01-16T04:00,52.4,53.9,2.8,11.4
0,County Dublin,2025-01-16T05:00,53.2,55.9,5,11.2
0,County Dublin,2025-01-16T06:00,48,59.6,24,12.4
0,County Dublin,2025-01-16T07:00,35,56.1,60.3,17.1
0,County Dublin,2025-01-16T08:00,27.2,53.2,95.3,22
0,County Dublin,2025-01-16T09:00,32.6,54.5,67,18.3
0,County Dublin,2025-01-16T10:00,37.7,54.1,43.5,15.9
0,County Dublin,2025-01-16T11:00,37.4,53.1,42.1,16
0,County Dublin,2025-01-16T12:00,36.3,52.8,45.2,16.4
0,County Dublin,2025-01-16T13:00,36,53.4,48.2,16.6
0,County Dublin,2025-01-16T14:00,35.1,53.3,51.7,17
0,County Dublin,2025-01-16T15:00,32.8,54,64.6,18.2
0,County Dublin,2025-01-16T16:00,27.6,53,91.6,21.6
0,County Dublin,2025-01-16T17:00,25.2,52.2,107,23.7
0,County Dublin,2025-01-16T18:00,29.2,51.5,76.2,20.5
0,County Dublin,2025-01-16T19:00,34.9,50,43.2,17.1
0,County Dublin,2025-01-16T20:00,36.3,47.8,31.7,16.5
0,County Dublin,2025-01-16T21:00,38.4,47.6,23.7,15.5
0,County Dublin,2025-01-16T22:00,39.1,46.6,19.1,15.3
0,County Dublin,2025-01-16T23:00,38.3,43.8,14.4,15.6
0,County Dublin,2025-01-17T00:00,37.8,41.6,10.2,15.8
0,County Dublin,2025-01-17T01:00,38.2,40.4,5.9,15.6
0,County Dublin,2025-01-17T02:00,39,41.1,5.3,15.3
0,County Dublin,2025-01-17T03:00,45.3,46.7,3.1,13.2
0,County Dublin,2025-01-17T04:00,51.2,52.8,3.2,11.7
0,County Dublin,2025-01-17T05:00,53.1,56,5.4,11.2
0,County Dublin,2025-01-17T06:00,48.8,59.2,21.2,12.2
0,County Dublin,2025-01-17T07:00,37.7,56.2,48.9,15.8
0,County Dublin,2025-01-17T08:00,30.3,53,74.8,19.7
0,County Dublin,2025-01-17T09:00,36.1,53.8,49.1,16.6
0,County Dublin,2025-01-17T10:00,38.4,53.5,39.3,15.6
0,County Dublin,2025-01-17T11:00,37.5,53.3,42.3,15.9
0,County Dublin,2025-01-17T12:00,36.2,53.9,48.9,16.5
0,County Dublin,2025-01-17T13:00,34.5,54.1,56.4,17.3
0,County Dublin,2025-01-17T14:00,30,52.8,75.9,19.9
0,County Dublin,2025-01-17T15:00,27.3,52.3,91.2,21.9
0,County Dublin,2025-01-17T16:00,26.9,52.2,93.9,22.2
0,County Dublin,2025-01-17T17:00,28.6,52.1,82,20.9
0,County Dublin,2025-01-17T18:00,32.6,51,56.4,18.3
0,County Dublin,2025-01-17T19:00,34.3,49,42.6,17.4
0,County Dublin,2025-01-17T20:00,35.7,47.3,32.4,16.7
0,County Dublin,2025-01-17T21:00,36.8,46.7,26.9,16.2
0,County Dublin,2025-01-17T22:00,36.8,45.7,24.1,16.2
0,County Dublin,2025-01-17T23:00,35,42.9,22.5,17.1
0,County Dublin,2025-01-18T00:00,34.6,40.6,17.2,17.3
0,County Dublin,2025-01-18T01:00,34.6,39.5,14.1,17.3
0,County Dublin,2025-01-18T02:00,34.2,38.8,13.2,17.4
0,County Dublin,2025-01-18T03:00,38.9,42.1,8.1,15.3
0,County Dublin,2025-01-18T04:00,45.5,47.6,4.7,13.1
0,County Dublin,2025-01-18T05:00,49.1,51.5,4.9,12.2
0,County Dublin,2025-01-18T06:00,50.2,53.9,7.3,11.9
0,County Dublin,2025-01-18T07:00,48.8,55.1,12.9,12.2
0,County Dublin,2025-01-18T08:00,46.9,55.2,17.6,12.7
0,County Dublin,2025-01-18T09:00,43.6,55.4,27,13.7
0,County Dublin,2025-01-18T10:00,40.2,54.7,35.9,14.8
0,County Dublin,2025-01-18T11:00,37.6,54.7,45.6,15.9
0,County Dublin,2025-01-18T12:00,35.3,54.8,55.2,16.9
0,County Dublin,2025-01-18T13:00,33.7,54.2,60.9,17.7
0,County Dublin,2025-01-18T14:00,33.6,54.2,61.4,17.8
0,County Dublin,2025-01-18T15:00,34.3,53.5,55.8,17.4
0,County Dublin,2025-01-18T16:00,34.5,53,53.5,17.3
0,County Dublin,2025-01-18T17:00,34.8,52,49.2,17.2
0,County Dublin,2025-01-18T18:00,35.4,50.1,41.4,16.9
0,County Dublin,2025-01-18T19:00,35.5,48.8,37.4,16.8
0,County Dublin,2025-01-18T20:00,34.7,47.3,36.2,17.2
0,County Dublin,2025-01-18T21:00,36.3,45.7,25.9,16.5
0,County Dublin,2025-01-18T22:00,36.5,45.1,23.7,16.4
0,County Dublin,2025-01-18T23:00,35.4,43.2,21.9,16.9
0,County Dublin,2025-01-19T00:00,35.1,41.3,17.5,17
0,County Dublin,2025-01-19T01:00,36,40.5,12.5,16.6
0,County Dublin,2025-01-19T02:00,33.7,38.3,13.8,17.7
0,County Dublin,2025-01-19T03:00,36.9,40.1,8.7,16.2
0,County Dublin,2025-01-19T04:00,41.9,44.5,6.3,14.3
0,County Dublin,2025-01-19T05:00,45.7,47.7,4.2,13.1
0,County Dublin,2025-01-19T06:00,49,51.5,5.1,12.2
0,County Dublin,2025-01-19T07:00,48.1,52.6,9.1,12.4
0,County Dublin,2025-01-19T08:00,49.4,54.9,11,12.1
0,County Dublin,2025-01-19T09:00,47.2,55,16.5,12.7
0,County Dublin,2025-01-19T10:00,44.4,55.2,24.2,13.4
0,County Dublin,2025-01-19T11:00,41.4,55.3,33.5,14.4
0,County Dublin,2025-01-19T12:00,38.9,55.3,42,15.3
0,County Dublin,2025-01-19T13:00,37.1,55.2,48.4,16.1
0,County Dublin,2025-01-19T14:00,37.9,54.5,43.6,15.7
0,County Dublin,2025-01-19T15:00,39,54.2,39.1,15.3
0,County Dublin,2025-01-19T16:00,39.5,54.6,38.2,15.1
0,County Dublin,2025-01-19T17:00,37.9,53.8,42,15.8
0,County Dublin,2025-01-19T18:00,38.8,53,36.6,15.4
0,County Dublin,2025-01-19T19:00,40.3,51.7,28.1,14.8
0,County Dublin,2025-01-19T20:00,41.3,51,23.2,14.4
0,County Dublin,2025-01-19T21:00,42.3,49.9,17.9,14.1
0,County Dublin,2025-01-19T22:00,42.5,48.7,14.3,14
0,County Dublin,2025-01-19T23:00,41.2,46.1,11.8,14.5
0,County Dublin,2025-01-20T00:00,40.9,44,7.5,14.6
0,County Dublin,2025-01-20T01:00,39,41.3,5.6,15.3
0,County Dublin,2025-01-20T02:00,39.6,41.6,5,15.1
0,County Dublin,2025-01-20T03:00,45.8,47.6,3.8,13
0,County Dublin,2025-01-20T04:00,53.8,55.3,2.7,11.1
0,County Dublin,2025-01-20T05:00,54.5,57.5,5.4,10.9
0,County Dublin,2025-01-20T06:00,46.5,59.7,28.2,12.8
0,County Dublin,2025-01-20T07:00,32.3,55.6,71.7,18.5
0,County Dublin,2025-01-20T08:00,23.8,51.9,117.3,25.1
0,County Dublin,2025-01-20T09:00,30.9,54.1,75,19.4
0,County Dublin,2025-01-20T10:00,37.2,53.9,44.6,16
0,County Dublin,2025-01-20T11:00,38.3,53.4,39.4,15.6
0,County Dublin,2025-01-20T12:00,37.5,53.4,42.3,15.9
0,County Dublin,2025-01-20T13:00,36.9,53.2,44.1,16.2
0,County Dublin,2025-01-20T14:00,36.5,53.6,46.5,16.3
0,County Dublin,2025-01-20T15:00,34.5,53.9,56.2,17.3
0,County Dublin,2025-01-20T16:00,29.4,53.5,81.9,20.3
0,County Dublin,2025-01-20T17:00,28.1,52.9,87.8,21.2
0,County Dublin,2025-01-20T18:00,33.5,52.3,56,17.9
0,County Dublin,2025-01-20T19:00,36.6,50.1,36.7,16.3
0,County Dublin,2025-01-20T20:00,38.2,48.9,27.9,15.6
0,County Dublin,2025-01-20T21:00,40.2,48.6,20.9,14.9
0,County Dublin,2025-01-20T22:00,40.6,47.1,16.1,14.7
0,County Dublin,2025-01-20T23:00,40.6,45.3,11.6,14.7
0,County Dublin,2025-01-21T00:00,41.3,43.8,6.2,14.5
0,County Dublin,2025-01-21T01:00,40,41.5,3.9,14.9
0,County Dublin,2025-01-21T02:00,40.8,41.9,2.6,14.6
0,County Dublin,2025-01-21T03:00,45.7,46.1,0.8,13.1
0,County Dublin,2025-01-21T04:00,52.6,53.8,2.2,11.4
0,County Dublin,2025-01-21T05:00,54.9,57.4,4.4,10.9
0,County Dublin,2025-01-21T06:00,47.4,59.7,25.9,12.6
0,County Dublin,2025-01-21T07:00,32.7,56,71,18.3
0,County Dublin,2025-01-21T08:00,25,53.1,112.1,23.9
0,County Dublin,2025-01-21T09:00,31.1,54.2,73.9,19.2
0,County Dublin,2025-01-21T10:00,37.5,53.7,43.3,15.9
0,County Dublin,2025-01-21T11:00,37.6,53.1,41.4,15.9
0,County Dublin,2025-01-21T12:00,37.2,52.9,42.2,16.1
0,County Dublin,2025-01-21T13:00,36.5,53,45.3,16.4
0,County Dublin,2025-01-21T14:00,36.1,53.1,47.1,16.6
0,County Dublin,2025-01-21T15:00,33,53.6,62.4,18.1
0,County Dublin,2025-01-21T16:00,26.9,52.7,96,22.2
0,County Dublin,2025-01-21T17:00,24.3,52.1,113.8,24.6
0,County Dublin,2025-01-21T18:00,28.4,52.2,83.9,21.1
0,County Dublin,2025-01-21T19:00,34.6,50,44.6,17.3
0,County Dublin,2025-01-21T20:00,37.3,48.5,29.9,16
0,County Dublin,2025-01-21T21:00,39.8,48.7,22.1,15
0,County Dublin,2025-01-21T22:00,40.6,47.8,17.6,14.7
0,County Dublin,2025-01-21T23:00,40,44.9,12.2,14.9
0,County Dublin,2025-01-22T00:00,39.7,42.5,6.9,15
0,County Dublin,2025-01-22T01:00,39.9,42,5.2,15
0,County Dublin,2025-01-22T02:00,40.2,41.9,4.1,14.9
0,County Dublin,2025-01-22T03:00,44.7,45.3,1.3,13.4
0,County Dublin,2025-01-22T04:00,53.5,55.1,2.8,11.1
0,County Dublin,2025-01-22T05:00,53.7,56.4,4.9,11.1
0,County Dublin,2025-01-22T06:00,47.7,60.1,25.8,12.5
0,County Dublin,2025-01-22T07:00,33,55.9,69.1,18.1
0,County Dublin,2025-01-22T08:00,25.2,52.9,109.4,23.7
0,County Dublin,2025-01-22T09:00,31.7,54.4,71.5,18.9
0,County Dublin,2025-01-22T10:00,37.3,53.8,44.3,16
0,County Dublin,2025-01-22T11:00,37.6,53.1,41.3,15.9
0,County Dublin,2025-01-22T12:00,36.6,52.9,44.6,16.3
0,County Dublin,2025-01-22T13:00,35,53,51.1,17.1
0,County Dublin,2025-01-22T14:00,34.9,53,51.6,17.1
0,County Dublin,2025-01-22T15:00,34.3,54.4,58.4,17.4
0,County Dublin,2025-01-22T16:00,30,53.7,78.8,19.9
0,County Dublin,2025-01-22T17:00,27.6,53,92,21.7
0,County Dublin,2025-01-22T18:00,31.6,52.2,64.9,18.9
0,County Dublin,2025-01-22T19:00,34.7,49.7,43.2,17.2
0,County Dublin,2025-01-22T20:00,36.5,48.3,32.1,16.4
0,County Dublin,2025-01-22T21:00,38.5,48,24.5,15.5
0,County Dublin,2025-01-22T22:00,39.2,46.9,19.7,15.2
0,County Dublin,2025-01-22T23:00,39.1,44.5,13.6,15.3
0,County Dublin,2025-01-23T00:00,39.6,42.9,8.4,15.1
0,County Dublin,2025-01-23T01:00,38.3,40.4,5.2,15.6
0,County Dublin,2025-01-23T02:00,41,42.7,4.1,14.6
0,County Dublin,2025-01-23T03:00,46.3,47,1.5,12.9
0,County Dublin,2025-01-23T04:00,53,54.9,3.5,11.3
0,County Dublin,2025-01-23T05:00,54.1,57.1,5.6,11
0,County Dublin,2025-01-23T06:00,46.8,59.4,26.9,12.8
0,County Dublin,2025-01-23T07:00,32.4,55.5,71.1,18.4
0,County Dublin,2025-01-23T08:00,22.6,52,129.7,26.4
0,County Dublin,2025-01-23T09:00,27.7,53.4,92.9,21.6
0,County Dublin,2025-01-23T10:00,34.2,53.3,55.7,17.5
0,County Dublin,2025-01-23T11:00,35,52.4,49.7,17.1
0,County Dublin,2025-01-23T12:00,34.1,52.5,53.8,17.5
0,County Dublin,2025-01-23T13:00,34.3,53.2,55,17.4
0,County Dublin,2025-01-23T14:00,33.5,53.3,58.9,17.8
0,County Dublin,2025-01-23T15:00,30.2,53.5,76.8,19.8
0,County Dublin,2025-01-23T16:00,25.2,52.5,107.9,23.7
0,County Dublin,2025-01-23T17:00,22.3,51.7,131.5,26.8
0,County Dublin,2025-01-23T18:00,25.2,51.5,103.8,23.7
0,County Dublin,2025-01-23T19:00,33,51.1,54.9,18.1
0,County Dublin,2025-01-23T20:00,36.5,49,34.1,16.4
0,County Dublin,2025-01-23T21:00,38.5,48.3,25.2,15.5
0,County Dublin,2025-01-23T22:00,38,46.8,23.3,15.7
0,County Dublin,2025-01-23T23:00,38,44.2,16.2,15.7
0,County Dublin,2025-01-24T00:00,37.8,42.1,11.3,15.8
0,County Dublin,2025-01-24T01:00,36.8,39.7,7.9,16.2
0,County Dublin,2025-01-24T02:00,39.9,41.3,3.4,15
0,County Dublin,2025-01-24T03:00,41.5,42.4,2.3,14.4
0,County Dublin,2025-01-24T04:00,45.8,47.8,4.5,13.1
0,County Dublin,2025-01-24T05:00,47.2,48.9,3.6,12.7
0,County Dublin,2025-01-24T06:00,43.5,45.3,4.1,13.7
0,County Dublin,2025-01-24T07:00,43.7,46.4,6.2,13.7
0,County Dublin,2025-01-24T08:00,45.6,48,5.3,13.1
0,County Dublin,2025-01-24T09:00,46.1,48.4,5.1,13
0,County Dublin,2025-01-24T10:00,46.4,49.4,6.3,12.9
0,County Dublin,2025-01-24T11:00,47.1,51.9,10.2,12.7
0,County Dublin,2025-01-24T12:00,44.2,51.6,16.5,13.5
0,County Dublin,2025-01-24T13:00,41.9,51.1,21.8,14.2
0,County Dublin,2025-01-24T14:00,40.4,50.3,24.3,14.8
0,County Dublin,2025-01-24T15:00,40.3,50.6,25.4,14.8
0,County Dublin,2025-01-24T16:00,39.1,50.9,30,15.3
0,County Dublin,2025-01-24T17:00,36.5,49.9,36.8,16.4
0,County Dublin,2025-01-24T18:00,37.5,50.4,34.5,15.9
0,County Dublin,2025-01-24T19:00,36.3,47.5,30.8,16.5
0,County Dublin,2025-01-24T20:00,36.3,45.8,26.1,16.5
0,County Dublin,2025-01-24T21:00,37,45.2,22.1,16.2
0,County Dublin,2025-01-24T22:00,37.6,45.1,20,15.9
0,County Dublin,2025-01-24T23:00,36.9,43.4,17.5,16.2
0,County Dublin,2025-01-25T00:00,36.5,41.2,12.7,16.4
0,County Dublin,2025-01-25T01:00,35.7,39.3,10.2,16.7
0,County Dublin,2025-01-25T02:00,36.4,39.7,8.9,16.4
0,County Dublin,2025-01-25T03:00,40.5,42.9,5.9,14.8
0,County Dublin,2025-01-25T04:00,47.8,50.3,5.1,12.5
0,County Dublin,2025-01-25T05:00,50,52.8,5.5,11.9
0,County Dublin,2025-01-25T06:00,49.6,53.7,8.2,12
0,County Dublin,2025-01-25T07:00,48.8,55.1,12.7,12.2
0,County Dublin,2025-01-25T08:00,46.7,55,17.7,12.8
0,County Dublin,2025-01-25T09:00,42.5,54.3,27.8,14.1
0,County Dublin,2025-01-25T10:00,39.5,54.3,37.3,15.1
0,County Dublin,2025-01-25T11:00,36.4,54.4,49.6,16.4
0,County Dublin,2025-01-25T12:00,34,54.6,60.6,17.6
0,County Dublin,2025-01-25T13:00,32.6,54.4,66.6,18.3
0,County Dublin,2025-01-25T14:00,32.5,53.9,65.5,18.4
0,County Dublin,2025-01-25T15:00,33.8,53.4,58.2,17.7
0,County Dublin,2025-01-25T16:00,33.1,52.7,59.4,18.1
0,County Dublin,2025-01-25T17:00,33.7,52.2,54.5,17.7
0,County Dublin,2025-01-25T18:00,34.8,50.6,45.4,17.2
0,County Dublin,2025-01-25T19:00,34.1,48.6,42.1,17.5
0,County Dublin,2025-01-25T20:00,35.5,46.8,31.8,16.8
0,County Dublin,2025-01-25T21:00,35.8,46,28.4,16.7
0,County Dublin,2025-01-25T22:00,36.4,45.3,24.3,16.4
0,County Dublin,2025-01-25T23:00,36.2,43.8,21,16.5
0,County Dublin,2025-01-26T00:00,37.3,43,15.1,16
0,County Dublin,2025-01-26T01:00,37.8,41.7,10.5,15.8
0,County Dublin,2025-01-26T02:00,35.9,39.8,11,16.6
0,County Dublin,2025-01-26T03:00,37.7,40.7,7.9,15.9
0,County Dublin,2025-01-26T04:00,41.8,44.3,5.9,14.3
0,County Dublin,2025-01-26T05:00,46,48,4.2,13
0,County Dublin,2025-01-26T06:00,49.6,52,4.9,12
0,County Dublin,2025-01-26T07:00,47.8,52.2,9.1,12.5
0,County Dublin,2025-01-26T08:00,47.5,53.3,12.2,12.6
0,County Dublin,2025-01-26T09:00,46,53.9,17.2,13
0,County Dublin,2025-01-26T10:00,41.9,53.2,27,14.3
0,County Dublin,2025-01-26T11:00,40.2,53.6,33.2,14.8
0,County Dublin,2025-01-26T12:00,39,53.8,37.9,15.3
0,County Dublin,2025-01-26T13:00,39,54,38.2,15.3
0,County Dublin,2025-01-26T14:00,38,53.2,39.8,15.7
0,County Dublin,2025-01-26T15:00,38,52.9,39.2,15.7
0,County Dublin,2025-01-26T16:00,39,52.9,35.6,15.3
0,County Dublin,2025-01-26T17:00,38.4,52.5,36.5,15.5
0,County Dublin,2025-01-26T18:00,38.8,52.1,34,15.4
0,County Dublin,2025-01-26T19:00,39.8,51.1,28.4,15
0,County Dublin,2025-01-26T20:00,40.6,50.1,23.3,14.7
0,County Dublin,2025-01-26T21:00,41.4,48.9,17.9,14.4
0,County Dublin,2025-01-26T22:00,41.4,47.9,15.6,14.4
0,County Dublin,2025-01-26T23:00,42,46.8,11.4,14.2
0,County Dublin,2025-01-27T00:00,42,44.8,6.7,14.2
0,County Dublin,2025-01-27T01:00,40.1,41.8,4.4,14.9
0,County Dublin,2025-01-27T02:00,40.8,42.5,4,14.6
0,County Dublin,2025-01-27T03:00,45.5,47.2,3.7,13.1
0,County Dublin,2025-01-27T04:00,53.6,55.3,3.2,11.1
0,County Dublin,2025-01-27T05:00,54.4,57.6,5.8,11
0,County Dublin,2025-01-27T06:00,47.2,59.8,26.6,12.6
0,County Dublin,2025-01-27T07:00,32.4,55.6,71.2,18.4
0,County Dublin,2025-01-27T08:00,23.8,51.9,117.2,25.1
0,County Dublin,2025-01-27T09:00,30.3,53.4,75.8,19.7
0,County Dublin,2025-01-27T10:00,37.2,53.5,43.9,16.1
0,County Dublin,2025-01-27T11:00,38.1,53.2,39.4,15.7
0,County Dublin,2025-01-27T12:00,37.1,53.2,43.4,16.1
0,County Dublin,2025-01-27T13:00,36.3,53.1,46.2,16.5
0,County Dublin,2025-01-27T14:00,35.8,53.1,48.1,16.7
0,County Dublin,2025-01-27T15:00,32.2,52.8,63.9,18.6
0,County Dublin,2025-01-27T16:00,26,51.5,97.9,23
0,County Dublin,2025-01-27T17:00,24.8,51.9,108.6,24.1
0,County Dublin,2025-01-27T18:00,29.5,52,75.7,20.2
0,County Dublin,2025-01-27T19:00,35.2,50,41.9,17
0,County Dublin,2025-01-27T20:00,37.3,48.6,30.1,16
0,County Dublin,2025-01-27T21:00,39.7,48.7,22.5,15
0,County Dublin,2025-01-27T22:00,41.1,47.8,16.2,14.5
0,County Dublin,2025-01-27T23:00,40.6,45.3,11.5,14.7
0,County Dublin,2025-01-28T00:00,41.4,44.7,7.9,14.4
0,County Dublin,2025-01-28T01:00,40.4,42.6,5.6,14.8
0,County Dublin,2025-01-28T02:00,40.4,42,3.9,14.8
0,County Dublin,2025-01-28T03:00,44.6,46,3,13.4
0,County Dublin,2025-01-28T04:00,52.6,54.5,3.6,11.3
0,County Dublin,2025-01-28T05:00,54.3,57.5,5.8,11
0,County Dublin,2025-01-28T06:00,45.8,59.6,30,13
0,County Dublin,2025-01-28T07:00,29.3,54.8,86.6,20.4
0,County Dublin,2025-01-28T08:00,20.3,51,151,29.4
0,County Dublin,2025-01-28T09:00,24.3,51.8,112.6,24.6
0,County Dublin,2025-01-28T10:00,31.8,52.9,66.2,18.8
0,County Dublin,2025-01-28T11:00,35.6,52.6,47.7,16.8
0,County Dublin,2025-01-28T12:00,36.2,52.6,45.2,16.5
0,County Dublin,2025-01-28T13:00,35.8,53,48.1,16.7
0,County Dublin,2025-01-28T14:00,35,52.9,51.3,17.1
0,County Dublin,2025-01-28T15:00,34,54.2,59.5,17.6
0,County Dublin,2025-01-28T16:00,28.8,53.4,85.2,20.7
0,County Dublin,2025-01-28T17:00,25.8,52.7,104.2,23.2
0,County Dublin,2025-01-28T18:00,29.5,52,76,20.2
0,County Dublin,2025-01-28T19:00,34.4,49.8,44.4,17.3
0,County Dublin,2025-01-28T20:00,36.6,48.5,32.4,16.3
0,County Dublin,2025-01-28T21:00,39.4,48.6,23.5,15.2
0,County Dublin,2025-01-28T22:00,40.7,47.6,17,14.7
0,County Dublin,2025-01-28T23:00,39.8,44.8,12.5,15
0,County Dublin,2025-01-29T00:00,40.1,43,7.1,14.9
0,County Dublin,2025-01-29T01:00,39.7,41.7,4.9,15.1
0,County Dublin,2025-01-29T02:00,41.2,42.4,3,14.5
0,County Dublin,2025-01-29T03:00,45.4,46.4,2.3,13.2
0,County Dublin,2025-01-29T04:00,53.5,55,2.8,11.2
0,County Dublin,2025-01-29T05:00,54.2,57.2,5.5,11
0,County Dublin,2025-01-29T06:00,47.5,59.8,25.8,12.6
0,County Dublin,2025-01-29T07:00,32.8,56.1,70.9,18.2
0,County Dublin,2025-01-29T08:00,25.4,52.9,107.8,23.5
0,County Dublin,2025-01-29T09:00,32.7,54.3,66,18.3
0,County Dublin,2025-01-29T10:00,37.6,53.4,42,15.9
0,County Dublin,2025-01-29T11:00,37.7,53.2,41,15.8
0,County Dublin,2025-01-29T12:00,36.6,53.3,45.6,16.3
0,County Dublin,2025-01-29T13:00,34.4,53,54,17.4
0,County Dublin,2025-01-29T14:00,34,53,55.9,17.6
0,County Dublin,2025-01-29T15:00,32.4,53.7,65.3,18.4
0,County Dublin,2025-01-29T16:00,27.5,52.8,92.1,21.8
0,County Dublin,2025-01-29T17:00,25.3,52.3,106.5,23.6
0,County Dublin,2025-01-29T18:00,29.4,51.9,76.5,20.3
0,County Dublin,2025-01-29T19:00,33.6,49.9,48.4,17.8
0,County Dublin,2025-01-29T20:00,36.8,48.6,32,16.2
0,County Dublin,2025-01-29T21:00,39.1,48.5,23.8,15.3
0,County Dublin,2025-01-29T22:00,39.1,46.8,19.7,15.3
0,County Dublin,2025-01-29T23:00,39.3,44.7,13.6,15.2
0,County Dublin,2025-01-30T00:00,40.1,43.2,7.8,14.9
0,County Dublin,2025-01-30T01:00,39,40.8,4.6,15.3
0,County Dublin,2025-01-30T02:00,40.3,42.3,4.9,14.8
0,County Dublin,2025-01-30T03:00,45.8,46.9,2.3,13
0,County Dublin,2025-01-30T04:00,52.9,54.5,3,11.3
0,County Dublin,2025-01-30T05:00,53.9,56.6,5.1,11.1
0,County Dublin,2025-01-30T06:00,47.4,59.9,26.2,12.6
0,County Dublin,2025-01-30T07:00,34.2,56.3,64.4,17.5
0,County Dublin,2025-01-30T08:00,26.2,52.7,100.6,22.8
0,County Dublin,2025-01-30T09:00,32.1,54.3,68.9,18.6
0,County Dublin,2025-01-30T10:00,37.4,54.3,45,16
0,County Dublin,2025-01-30T11:00,37.1,53.3,43.4,16.1
0,County Dublin,2025-01-30T12:00,36,53.1,47.5,16.6
0,County Dublin,2025-01-30T13:00,35.6,53.1,48.9,16.8
0,County Dublin,2025-01-30T14:00,35.1,53.3,51.8,17
0,County Dublin,2025-01-30T15:00,29.7,52.4,76,20.1
0,County Dublin,2025-01-30T16:00,24,51.1,112.8,24.9
0,County Dublin,2025-01-30T17:00,22.4,51.5,129.8,26.7
0,County Dublin,2025-01-30T18:00,25.8,51.4,99.2,23.2
0,County Dublin,2025-01-30T19:00,32.2,50.3,56,18.5
0,County Dublin,2025-01-30T20:00,35.6,48.4,35.9,16.8
0,County Dublin,2025-01-30T21:00,37,47.5,28.4,16.1
0,County Dublin,2025-01-30T22:00,37.2,45.9,23.4,16.1
0,County Dublin,2025-01-30T23:00,37.2,43.9,18.2,16.1
0,County Dublin,2025-01-31T00:00,37.1,41.5,11.7,16.1
0,County Dublin,2025-01-31T01:00,36.5,39.5,8.2,16.4
0,County Dublin,2025-01-31T02:00,38.2,40.4,5.7,15.6
0,County Dublin,2025-01-31T03:00,43.5,45.2,3.9,13.7
0,County Dublin,2025-01-31T04:00,49.2,51.5,4.6,12.1
0,County Dublin,2025-01-31T05:00,52.8,56.4,6.8,11.3
0,County Dublin,2025-01-31T06:00,48.5,59.5,22.6,12.3
0,County Dublin,2025-01-31T07:00,39,56.6,45,15.3
0,County Dublin,2025-01-31T08:00,31.7,52.9,67,18.9
0,County Dublin,2025-01-31T09:00,36.6,54,47.5,16.3
0,County Dublin,2025-01-31T10:00,38.2,54.1,41.3,15.6
0,County Dublin,2025-01-31T11:00,37.2,54,44.9,16
0,County Dublin,2025-01-31T12:00,35.1,54,53.9,17
0,County Dublin,2025-01-31T13:00,32.7,54.1,65.6,18.3
0,County Dublin,2025-01-31T14:00,28.9,53.2,84,20.7
0,County Dublin,2025-01-31T15:00,26,51.9,99.9,23
0,County Dublin,2025-01-31T16:00,25.7,51.8,101.3,23.3
0,County Dublin,2025-01-31T17:00,27.5,51.6,87.2,21.7
0,County Dublin,2025-01-31T18:00,32,51.4,60.4,18.7
0,County Dublin,2025-01-31T19:00,35.5,51,43.3,16.8
0,County Dublin,2025-01-31T20:00,37.4,49.6,32.7,16
0,County Dublin,2025-01-31T21:00,36.9,47,27.4,16.2
0,County Dublin,2025-01-31T22:00,36.4,45.7,25.5,16.4
0,County Dublin,2025-01-31T23:00,35.8,44,22.9,16.7
0,County Dublin,2025-02-01T00:00,35.9,41.8,16.2,16.6
0,County Dublin,2025-02-01T01:00,34.8,39.3,13,17.2
0,County Dublin,2025-02-01T02:00,33.6,38.4,14.4,17.8
0,County Dublin,2025-02-01T03:00,38.9,42,8,15.4
0,County Dublin,2025-02-01T04:00,45.4,48.3,6.2,13.1
0,County Dublin,2025-02-01T05:00,49.6,52.4,5.6,12
0,County Dublin,2025-02-01T06:00,49.6,53.7,8.3,12
0,County Dublin,2025-02-01T07:00,48.8,55,12.5,12.2
0,County Dublin,2025-02-01T08:00,46.9,55,17.2,12.7
0,County Dublin,2025-02-01T09:00,44.7,55.5,24.2,13.4
0,County Dublin,2025-02-01T10:00,41.7,55.5,33.1,14.3
0,County Dublin,2025-02-01T11:00,38.7,55.8,44.2,15.4
0,County Dublin,2025-02-01T12:00,34.8,55.6,59.5,17.2
0,County Dublin,2025-02-01T13:00,33.8,54.9,62.2,17.7
0,County Dublin,2025-02-01T14:00,35.1,54,53.5,17
0,County Dublin,2025-02-01T15:00,36.6,53,44.9,16.3
0,County Dublin,2025-02-01T16:00,37.4,52.8,41.2,16
0,County Dublin,2025-02-01T17:00,37.5,51.7,37.9,15.9
0,County Dublin,2025-02-01T18:00,36.9,50.1,35.8,16.2
0,County Dublin,2025-02-01T19:00,35.4,49.5,39.7,16.9
0,County Dublin,2025-02-01T20:00,36.4,47.9,31.5,16.4
0,County Dublin,2025-02-01T21:00,36.7,46.2,25.9,16.3
0,County Dublin,2025-02-01T22:00,37.9,46.8,23.4,15.8
0,County Dublin,2025-02-01T23:00,38.8,46.6,20.2,15.4
0,County Dublin,2025-02-02T00:00,38.8,44.4,14.3,15.4
0,County Dublin,2025-02-02T01:00,38,42.2,11.2,15.7
0,County Dublin,2025-02-02T02:00,36,40,11,16.6
0,County Dublin,2025-02-02T03:00,38.3,41.5,8.4,15.6
0,County Dublin,2025-02-02T04:00,42.2,44.6,5.6,14.1
0,County Dublin,2025-02-02T05:00,46.6,48.6,4.2,12.8
0,County Dublin,2025-02-02T06:00,48.3,51.1,5.7,12.4
0,County Dublin,2025-02-02T07:00,47.3,51.8,9.4,12.6
0,County Dublin,2025-02-02T08:00,49.2,55,11.7,12.1
0,County Dublin,2025-02-02T09:00,47.7,55.5,16.1,12.5
0,County Dublin,2025-02-02T10:00,45.7,56.2,23,13.1
0,County Dublin,2025-02-02T11:00,43.7,57.1,30.5,13.7
0,County Dublin,2025-02-02T12:00,40.6,56.6,39.2,14.7
0,County Dublin,2025-02-02T13:00,38.8,55.6,43.3,15.4
0,County Dublin,2025-02-02T14:00,39.1,54.9,40.1,15.3
0,County Dublin,2025-02-02T15:00,39.5,54.4,37.8,15.1
0,County Dublin,2025-02-02T16:00,39.6,54.6,37.7,15.1
0,County Dublin,2025-02-02T17:00,39.6,54.1,36.4,15.1
0,County Dublin,2025-02-02T18:00,38.4,52.1,35.5,15.5
0,County Dublin,2025-02-02T19:00,38,50,31.6,15.7
0,County Dublin,2025-02-02T20:00,37.9,48.1,26.9,15.8
0,County Dublin,2025-02-02T21:00,38.4,47.1,22.6,15.6
0,County Dublin,2025-02-02T22:00,38,45.6,19.9,15.7
0,County Dublin,2025-02-02T23:00,37.5,43.7,16.3,15.9
0,County Dublin,2025-02-03T00:00,37.9,42.6,12.4,15.8
0,County Dublin,2025-02-03T01:00,37.4,40.9,9.2,16
0,County Dublin,2025-02-03T02:00,37.1,39.8,7.4,16.1
0,County Dublin,2025-02-03T03:00,41.7,43.5,4.3,14.3
0,County Dublin,2025-02-03T04:00,45.3,47.1,4,13.2
0,County Dublin,2025-02-03T05:00,50,52.2,4.3,11.9
0,County Dublin,2025-02-03T06:00,50,52.9,5.8,11.9
0,County Dublin,2025-02-03T07:00,47.4,52.4,10.6,12.6
0,County Dublin,2025-02-03T08:00,46.9,52.7,12.4,12.7
0,County Dublin,2025-02-03T09:00,47.2,54.4,15.2,12.7
0,County Dublin,2025-02-03T10:00,45.2,54.5,20.5,13.2
0,County Dublin,2025-02-03T11:00,43.2,55.1,27.5,13.8
0,County Dublin,2025-02-03T12:00,41.3,55.3,33.8,14.5
0,County Dublin,2025-02-03T13:00,40.6,55.9,37.5,14.7
0,County Dublin,2025-02-03T14:00,38.8,55,41.4,15.4
0,County Dublin,2025-02-03T15:00,39.5,55.2,39.7,15.1
0,County Dublin,2025-02-03T16:00,39.7,55,38.6,15.1
0,County Dublin,2025-02-03T17:00,40.4,55,35.8,14.8
0,County Dublin,2025-02-03T18:00,40.2,53.1,32,14.9
0,County Dublin,2025-02-03T19:00,40.9,51.9,26.9,14.6
0,County Dublin,2025-02-03T20:00,42.2,51.7,22.4,14.1
0,County Dublin,2025-02-03T21:00,43.5,50.9,17,13.7
0,County Dublin,2025-02-03T22:00,43,48.8,13.5,13.9
0,County Dublin,2025-02-03T23:00,42.4,46.5,9.8,14.1
0,County Dublin,2025-02-04T00:00,42.2,45,6.4,14.1
0,County Dublin,2025-02-04T01:00,42,43.7,4.2,14.2
0,County Dublin,2025-02-04T02:00,42.8,44.4,3.6,14
0,County Dublin,2025-02-04T03:00,49.1,50.2,2.2,12.2
0,County Dublin,2025-02-04T04:00,54.6,56.5,3.6,10.9
0,County Dublin,2025-02-04T05:00,55.2,58.8,6.5,10.8
0,County Dublin,2025-02-04T06:00,46.2,59.9,29.4,12.9
0,County Dublin,2025-02-04T07:00,30.4,54.9,80.4,19.6
0,County Dublin,2025-02-04T08:00,22.5,52.1,131.1,26.6
0,County Dublin,2025-02-04T09:00,28.8,54,87.2,20.8
0,County Dublin,2025-02-04T10:00,35.6,54,51.4,16.8
0,County Dublin,2025-02-04T11:00,37.3,53.2,42.6,16
0,County Dublin,2025-02-04T12:00,36.7,53,44.4,16.3
0,County Dublin,2025-02-04T13:00,36.2,53.3,47.3,16.5
0,County Dublin,2025-02-04T14:00,35.5,53.2,49.5,16.8
0,County Dublin,2025-02-04T15:00,33.7,53.8,59.6,17.7
0,County Dublin,2025-02-04T16:00,29.2,53.1,81.5,20.5
0,County Dublin,2025-02-04T17:00,27.6,52.9,91.8,21.7
0,County Dublin,2025-02-04T18:00,31.9,52.4,64.1,18.7
0,County Dublin,2025-02-04T19:00,36,50.2,39.1,16.6
0,County Dublin,2025-02-04T20:00,37.6,48.9,29.8,15.9
0,County Dublin,2025-02-04T21:00,39.9,48.7,22,15
0,County Dublin,2025-02-04T22:00,41.6,48.3,16.1,14.4
0,County Dublin,2025-02-04T23:00,41.4,45.9,10.9,14.4
0,County Dublin,2025-02-05T00:00,40.5,43.3,6.8,14.7
0,County Dublin,2025-02-05T01:00,38.6,40.6,5.1,15.5
0,County Dublin,2025-02-05T02:00,41.1,42.6,3.6,14.5
0,County Dublin,2025-02-05T03:00,46.4,47.6,2.6,12.9
0,County Dublin,2025-02-05T04:00,54.2,55.6,2.4,11
0,County Dublin,2025-02-05T05:00,54.8,57.5,4.9,10.9
0,County Dublin,2025-02-05T06:00,47,59.7,27.2,12.7
0,County Dublin,2025-02-05T07:00,32.3,55.5,71.4,18.5
0,County Dublin,2025-02-05T08:00,25.1,52.3,108.3,23.8
0,County Dublin,2025-02-05T09:00,32.2,54.4,68.8,18.6
0,County Dublin,2025-02-05T10:00,37.1,53.7,44.7,16.1
0,County Dublin,2025-02-05T11:00,37.2,53,42.1,16
0,County Dublin,2025-02-05T12:00,36.3,53.1,46.3,16.5
0,County Dublin,2025-02-05T13:00,33.5,52.2,55.9,17.9
0,County Dublin,2025-02-05T14:00,32.1,52.5,63.2,18.6
0,County Dublin,2025-02-05T15:00,29.5,52.7,78.2,20.2
0,County Dublin,2025-02-05T16:00,25.3,52.2,106,23.6
0,County Dublin,2025-02-05T17:00,23.9,51.9,117,25
0,County Dublin,2025-02-05T18:00,28.2,52.1,84.3,21.2
0,County Dublin,2025-02-05T19:00,34.4,50.5,46.8,17.4
0,County Dublin,2025-02-05T20:00,36.5,48.7,33.2,16.4
0,County Dublin,2025-02-05T21:00,39,48.5,24.3,15.3
0,County Dublin,2025-02-05T22:00,39.3,46.9,19.2,15.2
0,County Dublin,2025-02-05T23:00,39,44.4,13.6,15.3
0,County Dublin,2025-02-06T00:00,39.5,42.7,8.2,15.1
0,County Dublin,2025-02-06T01:00,38.4,40.8,6.1,15.5
0,County Dublin,2025-02-06T02:00,39.9,42,5.2,15
0,County Dublin,2025-02-06T03:00,43.9,45,2.4,13.6
0,County Dublin,2025-02-06T04:00,51.5,52.8,2.5,11.6
0,County Dublin,2025-02-06T05:00,53.6,56.8,5.8,11.1
0,County Dublin,2025-02-06T06:00,47.4,59.6,25.8,12.6
0,County Dublin,2025-02-06T07:00,33.4,56,67.4,17.9
0,County Dublin,2025-02-06T08:00,25.7,52.6,104.5,23.2
0,County Dublin,2025-02-06T09:00,31.6,53.9,70.8,18.9
0,County Dublin,2025-02-06T10:00,36.6,53.8,46.8,16.3
0,County Dublin,2025-02-06T11:00,35.9,52.6,46.4,16.6
0,County Dublin,2025-02-06T12:00,33.9,52.6,54.8,17.6
0,County Dublin,2025-02-06T13:00,34.7,53.3,53.5,17.2
0,County Dublin,2025-02-06T14:00,34.6,53.5,54.3,17.3
0,County Dublin,2025-02-06T15:00,30.8,53.3,72.5,19.4
0,County Dublin,2025-02-06T16:00,24.5,51.6,110.5,24.4
0,County Dublin,2025-02-06T17:00,23.5,51.5,118.8,25.4
0,County Dublin,2025-02-06T18:00,27.8,52.1,86.9,21.5
0,County Dublin,2025-02-06T19:00,33.3,49.5,48.5,17.9
0,County Dublin,2025-02-06T20:00,35.6,48,34.6,16.8
0,County Dublin,2025-02-06T21:00,38,47.8,25.6,15.7
0,County Dublin,2025-02-06T22:00,38,46.3,21.6,15.7
0,County Dublin,2025-02-06T23:00,38.1,44.3,16.2,15.7
0,County Dublin,2025-02-07T00:00,38.9,42.7,9.7,15.3
0,County Dublin,2025-02-07T01:00,36.4,39.5,8.5,16.4
0,County Dublin,2025-02-07T02:00,38.9,41.1,5.7,15.4
0,County Dublin,2025-02-07T03:00,45,46.6,3.6,13.3
0,County Dublin,2025-02-07T04:00,51.7,53.9,4,11.5
0,County Dublin,2025-02-07T05:00,54,57.5,6.3,11
0,County Dublin,2025-02-07T06:00,48.4,59.4,22.5,12.3
0,County Dublin,2025-02-07T07:00,38.2,56.3,47.3,15.6
0,County Dublin,2025-02-07T08:00,30.7,52.7,71.2,19.4
0,County Dublin,2025-02-07T09:00,36.5,53.7,47,16.4
0,County Dublin,2025-02-07T10:00,37.8,53,40.1,15.8
0,County Dublin,2025-02-07T11:00,37.4,53.5,42.9,16
0,County Dublin,2025-02-07T12:00,35.6,53.5,50.2,16.8
0,County Dublin,2025-02-07T13:00,34,53.7,57.7,17.6
0,County Dublin,2025-02-07T14:00,28.3,51.7,82.1,21.1
0,County Dublin,2025-02-07T15:00,25.6,51.4,100.1,23.3
0,County Dublin,2025-02-07T16:00,26.6,51.8,94.2,22.4
0,County Dublin,2025-02-07T17:00,29.6,51.9,75.3,20.2
0,County Dublin,2025-02-07T18:00,31.9,50.3,57.5,18.7
0,County Dublin,2025-02-07T19:00,33.4,49.1,47.1,17.9
0,County Dublin,2025-02-07T20:00,35.2,47.1,33.9,17
0,County Dublin,2025-02-07T21:00,37,46.7,26.2,16.2
0,County Dublin,2025-02-07T22:00,36.8,46,25,16.2
0,County Dublin,2025-02-07T23:00,36.1,44.1,22.2,16.6
0,County Dublin,2025-02-08T00:00,36,42.1,16.7,16.6
0,County Dublin,2025-02-08T01:00,34.7,39.4,13.7,17.2
0,County Dublin,2025-02-08T02:00,34.5,38.9,12.8,17.3
0,County Dublin,2025-02-08T03:00,38.6,41.6,7.8,15.5
0,County Dublin,2025-02-08T04:00,44.9,47.9,6.5,13.3
0,County Dublin,2025-02-08T05:00,49.5,52.5,6,12.1
0,County Dublin,2025-02-08T06:00,49.6,54.2,9.1,12
0,County Dublin,2025-02-08T07:00,48.5,55.4,14,12.3
0,County Dublin,2025-02-08T08:00,46.5,55.3,18.9,12.8
0,County Dublin,2025-02-08T09:00,42.6,54.7,28.4,14
0,County Dublin,2025-02-08T10:00,39.8,54.5,36.7,15
0,County Dublin,2025-02-08T11:00,37.1,54.6,47.1,16.1
0,County Dublin,2025-02-08T12:00,31.9,53.1,66.3,18.7
0,County Dublin,2025-02-08T13:00,29.6,52.9,78.4,20.2
0,County Dublin,2025-02-08T14:00,31.7,53.3,68,18.8
0,County Dublin,2025-02-08T15:00,35.1,53.1,51.1,17
0,County Dublin,2025-02-08T16:00,36.1,53,46.5,16.5
0,County Dublin,2025-02-08T17:00,36.2,52.1,44.1,16.5
0,County Dublin,2025-02-08T18:00,35.9,50.5,40.7,16.7
0,County Dublin,2025-02-08T19:00,34.9,48.1,37.8,17.1
0,County Dublin,2025-02-08T20:00,34.9,46.1,32.2,17.1
0,County Dublin,2025-02-08T21:00,36.1,45.1,24.9,16.6
0,County Dublin,2025-02-08T22:00,35.2,44,24.9,17
0,County Dublin,2025-02-08T23:00,34.4,42.7,23.9,17.4
0,County Dublin,2025-02-09T00:00,35.6,41.9,17.8,16.8
0,County Dublin,2025-02-09T01:00,36.1,40.7,12.7,16.6
0,County Dublin,2025-02-09T02:00,35.1,39.4,12.2,17
0,County Dublin,2025-02-09T03:00,37.3,40.5,8.5,16
0,County Dublin,2025-02-09T04:00,41.5,44.2,6.6,14.4
0,County Dublin,2025-02-09T05:00,46.5,49.3,5.8,12.8
0,County Dublin,2025-02-09T06:00,49.5,52.2,5.5,12.1
0,County Dublin,2025-02-09T07:00,48.4,52.8,9,12.3
0,County Dublin,2025-02-09T08:00,48.4,54.2,11.9,12.3
0,County Dublin,2025-02-09T09:00,46.8,55.2,17.7,12.7
0,County Dublin,2025-02-09T10:00,43.8,54.7,24.8,13.6
0,County Dublin,2025-02-09T11:00,41,54.7,33.1,14.6
0,County Dublin,2025-02-09T12:00,39,54.8,40.4,15.3
0,County Dublin,2025-02-09T13:00,37.9,55.1,45.1,15.8
0,County Dublin,2025-02-09T14:00,37.2,54.2,45.6,16.1
0,County Dublin,2025-02-09T15:00,41,54.1,31.9,14.6
0,County Dublin,2025-02-09T16:00,41.6,53.9,29.4,14.4
0,County Dublin,2025-02-09T17:00,39.2,53,35.2,15.2
0,County Dublin,2025-02-09T18:00,39.1,52.4,33.9,15.3
0,County Dublin,2025-02-09T19:00,40.1,51.6,28.5,14.9
0,County Dublin,2025-02-09T20:00,40.7,50.6,24.2,14.7
0,County Dublin,2025-02-09T21:00,42.1,49.9,18.3,14.2
0,County Dublin,2025-02-09T22:00,41.5,48,15.8,14.4
0,County Dublin,2025-02-09T23:00,41.9,46.6,11.2,14.3
0,County Dublin,2025-02-10T00:00,41.9,45,7.1,14.2
0,County Dublin,2025-02-10T01:00,40.3,41.9,4,14.8
0,County Dublin,2025-02-10T02:00,41.1,42.6,3.8,14.5
0,County Dublin,2025-02-10T03:00,46.1,47.1,2,12.9
0,County Dublin,2025-02-10T04:00,52.4,53.7,2.4,11.4
0,County Dublin,2025-02-10T05:00,53.9,57,5.6,11.1
0,County Dublin,2025-02-10T06:00,47.9,60,25.1,12.5
0,County Dublin,2025-02-10T07:00,34.5,56.1,62.4,17.3
0,County Dublin,2025-02-10T08:00,26.5,52.4,97.9,22.6
0,County Dublin,2025-02-10T09:00,33,53.9,63.2,18.1
0,County Dublin,2025-02-10T10:00,37.8,53.4,41.1,15.8
0,County Dublin,2025-02-10T11:00,38,53,39.5,15.7
0,County Dublin,2025-02-10T12:00,36.8,52.8,43.6,16.2
0,County Dublin,2025-02-10T13:00,36.1,53,46.7,16.5
0,County Dublin,2025-02-10T14:00,35.2,52.8,50,17
0,County Dublin,2025-02-10T15:00,33.2,53.3,60.6,18
0,County Dublin,2025-02-10T16:00,27.8,52.4,88.1,21.5
0,County Dublin,2025-02-10T17:00,27.6,52.3,89,21.6
0,County Dublin,2025-02-10T18:00,32.2,52.1,61.6,18.5
0,County Dublin,2025-02-10T19:00,36.3,50,37.8,16.5
0,County Dublin,2025-02-10T20:00,37.4,48.5,29.7,16
0,County Dublin,2025-02-10T21:00,39.9,48.6,21.7,15
0,County Dublin,2025-02-10T22:00,40.1,47,17.4,14.9
0,County Dublin,2025-02-10T23:00,41,45.9,12,14.6
0,County Dublin,2025-02-11T00:00,41.3,44.6,7.7,14.4
0,County Dublin,2025-02-11T01:00,41.4,43.7,5.5,14.4
0,County Dublin,2025-02-11T02:00,42.1,44.3,5.1,14.2
0,County Dublin,2025-02-11T03:00,45.3,47.3,4.4,13.2
0,County Dublin,2025-02-11T04:00,53.6,55.6,3.6,11.1
0,County Dublin,2025-02-11T05:00,55.1,58.2,5.5,10.8
0,County Dublin,2025-02-11T06:00,45.1,59.3,31.3,13.2
0,County Dublin,2025-02-11T07:00,30.2,54.9,81.2,19.8
0,County Dublin,2025-02-11T08:00,22.2,51.3,130.8,26.9
0,County Dublin,2025-02-11T09:00,27.3,53.1,94.1,21.9
0,County Dublin,2025-02-11T10:00,34,53.7,57.7,17.6
0,County Dublin,2025-02-11T11:00,36.5,52.7,44.4,16.4
0,County Dublin,2025-02-11T12:00,35.9,52.7,46.7,16.6
0,County Dublin,2025-02-11T13:00,35.1,53,51.1,17
0,County Dublin,2025-02-11T14:00,34.7,52.9,52.6,17.2
0,County Dublin,2025-02-11T15:00,33.8,54.1,59.8,17.7
0,County Dublin,2025-02-11T16:00,29.1,53.2,82.7,20.6
0,County Dublin,2025-02-11T17:00,27,52.5,93.9,22.1
0,County Dublin,2025-02-11T18:00,31.2,51.8,66.1,19.2
0,County Dublin,2025-02-11T19:00,35.5,49.9,40.2,16.8
0,County Dublin,2025-02-11T20:00,37,48.2,30.3,16.1
0,County Dublin,2025-02-11T21:00,40.6,49.3,21.4,14.7
0,County Dublin,2025-02-11T22:00,42.1,49.1,16.4,14.2
0,County Dublin,2025-02-11T23:00,39.4,44.4,12.5,15.2
0,County Dublin,2025-02-12T00:00,39.2,42.4,8.1,15.3
0,County Dublin,2025-02-12T01:00,38.5,40.8,5.9,15.5
0,County Dublin,2025-02-12T02:00,41.3,42.7,3.4,14.4
0,County Dublin,2025-02-12T03:00,45.9,46.8,1.9,13
0,County Dublin,2025-02-12T04:00,53.3,54.6,2.3,11.2
0,County Dublin,2025-02-12T05:00,54.5,57.2,4.9,10.9
0,County Dublin,2025-02-12T06:00,47.5,59.9,25.9,12.6
0,County Dublin,2025-02-12T07:00,32.9,55.6,69,18.2
0,County Dublin,2025-02-12T08:00,25.8,52.5,103.1,23.2
0,County Dublin,2025-02-12T09:00,32.8,54.3,65.5,18.2
0,County Dublin,2025-02-12T10:00,37.5,53.6,42.9,15.9
0,County Dublin,2025-02-12T11:00,37.5,53.1,41.5,15.9
0,County Dublin,2025-02-12T12:00,34.5,52.1,51.1,17.3
0,County Dublin,2025-02-12T13:00,34.8,53.2,52.6,17.2
0,County Dublin,2025-02-12T14:00,34.8,53.2,52.7,17.2
0,County Dublin,2025-02-12T15:00,33.2,53.7,61.5,18
0,County Dublin,2025-02-12T16:00,28.5,52.9,85.8,21
0,County Dublin,2025-02-12T17:00,27.1,52.2,92.8,22.1
0,County Dublin,2025-02-12T18:00,31,51.8,66.9,19.3
0,County Dublin,2025-02-12T19:00,34.9,49.8,42.5,17.1
0,County Dublin,2025-02-12T20:00,36.6,48,31.1,16.3
0,County Dublin,2025-02-12T21:00,38.7,47.8,23.3,15.4
0,County Dublin,2025-02-12T22:00,39.6,47,18.5,15.1
0,County Dublin,2025-02-12T23:00,39.3,44.5,13.1,15.2
0,County Dublin,2025-02-13T00:00,38.6,41.8,8.2,15.5
0,County Dublin,2025-02-13T01:00,38.8,40.5,4.3,15.4
0,County Dublin,2025-02-13T02:00,41.1,42.5,3.4,14.5
0,County Dublin,2025-02-13T03:00,45.2,46.7,3.4,13.2
0,County Dublin,2025-02-13T04:00,52.7,54,2.4,11.3
0,County Dublin,2025-02-13T05:00,54.1,56.5,4.4,11
0,County Dublin,2025-02-13T06:00,48.3,59.5,23.3,12.4
0,County Dublin,2025-02-13T07:00,35,56.1,60.1,17.1
0,County Dublin,2025-02-13T08:00,27.5,52.7,91.5,21.8
0,County Dublin,2025-02-13T09:00,33.3,54.2,62.5,17.9
0,County Dublin,2025-02-13T10:00,36.3,53.7,47.9,16.5
0,County Dublin,2025-02-13T11:00,36.3,52.9,45.4,16.4
0,County Dublin,2025-02-13T12:00,35.3,52.7,49.2,16.9
0,County Dublin,2025-02-13T13:00,34.4,52.6,53,17.4
0,County Dublin,2025-02-13T14:00,34.1,52.9,54.9,17.5
0,County Dublin,2025-02-13T15:00,32.2,53.4,65.8,18.6
0,County Dublin,2025-02-13T16:00,27,52.1,92.3,22.1
0,County Dublin,2025-02-13T17:00,25.8,51.8,100.8,23.2
0,County Dublin,2025-02-13T18:00,30,51.5,71.6,19.9
0,County Dublin,2025-02-13T19:00,34,49.4,45.2,17.6
0,County Dublin,2025-02-13T20:00,35.5,47.6,34.3,16.8
0,County Dublin,2025-02-13T21:00,38.2,47.8,24.9,15.6
0,County Dublin,2025-02-13T22:00,38.2,45.9,20.3,15.6
0,County Dublin,2025-02-13T23:00,37.4,43.4,15.9,16
0,County Dublin,2025-02-14T00:00,37.6,41.6,10.5,15.9
0,County Dublin,2025-02-14T01:00,36,38.9,7.8,16.6
0,County Dublin,2025-02-14T02:00,38.2,40.7,6.6,15.7
0,County Dublin,2025-02-14T03:00,43.7,45.8,4.6,13.7
0,County Dublin,2025-02-14T04:00,49.3,52.7,6.7,12.1
0,County Dublin,2025-02-14T05:00,53,56.6,6.8,11.3
0,County Dublin,2025-02-14T06:00,48,59.2,23.3,12.4
0,County Dublin,2025-02-14T07:00,38.7,56.4,45.9,15.4
0,County Dublin,2025-02-14T08:00,31.4,52.6,67.4,19
0,County Dublin,2025-02-14T09:00,35.8,53.5,49.1,16.7
0,County Dublin,2025-02-14T10:00,36.6,53,44.8,16.3
0,County Dublin,2025-02-14T11:00,34.8,52.9,51.7,17.1
0,County Dublin,2025-02-14T12:00,32,52.9,65.4,18.7
0,County Dublin,2025-02-14T13:00,29.3,52.7,79.9,20.4
0,County Dublin,2025-02-14T14:00,27.9,52.9,89.7,21.5
0,County Dublin,2025-02-14T15:00,25.9,52,100.3,23
0,County Dublin,2025-02-14T16:00,26.7,51.9,93.9,22.4
0,County Dublin,2025-02-14T17:00,29.3,51.8,76.2,20.4
0,County Dublin,2025-02-14T18:00,31.8,50.6,59,18.8
0,County Dublin,2025-02-14T19:00,33.2,48.8,46.8,18
0,County Dublin,2025-02-14T20:00,34.2,46.7,36.2,17.4
0,County Dublin,2025-02-14T21:00,35,45.5,29.8,17.1
0,County Dublin,2025-02-14T22:00,35.7,45.5,27.3,16.7
0,County Dublin,2025-02-14T23:00,34.9,43.3,24,17.1
0,County Dublin,2025-02-15T00:00,32.6,39.7,21.5,18.3
0,County Dublin,2025-02-15T01:00,32.8,38.5,17.3,18.2
0,County Dublin,2025-02-15T02:00,33.9,38.9,14.6,17.6
0,County Dublin,2025-02-15T03:00,38.9,42.2,8.3,15.3
0,County Dublin,2025-02-15T04:00,45.5,48.4,6.3,13.1
0,County Dublin,2025-02-15T05:00,49.5,52.2,5.5,12.1
0,County Dublin,2025-02-15T06:00,50.3,54,7.3,11.9
0,County Dublin,2025-02-15T07:00,49.6,55.6,12.2,12
0,County Dublin,2025-02-15T08:00,47.7,55.6,16.4,12.5
0,County Dublin,2025-02-15T09:00,44.2,55.1,24.6,13.5
0,County Dublin,2025-02-15T10:00,41.3,54.9,33.1,14.5
0,County Dublin,2025-02-15T11:00,38.7,54.8,41.6,15.4
0,County Dublin,2025-02-15T12:00,36.3,55,51.4,16.5
0,County Dublin,2025-02-15T13:00,35.3,54.8,55.2,16.9
0,County Dublin,2025-02-15T14:00,34.4,53.9,56.3,17.3
0,County Dublin,2025-02-15T15:00,35.4,53.5,50.9,16.9
0,County Dublin,2025-02-15T16:00,36.5,52.7,44.4,16.4
0,County Dublin,2025-02-15T17:00,35.4,51.5,45.5,16.9
0,County Dublin,2025-02-15T18:00,34.9,50.5,44.5,17.1
0,County Dublin,2025-02-15T19:00,34.4,48,39.7,17.4
0,County Dublin,2025-02-15T20:00,34.5,45.9,32.9,17.3
0,County Dublin,2025-02-15T21:00,35.6,45.1,26.5,16.8
0,County Dublin,2025-02-15T22:00,35.2,44.3,25.7,17
0,County Dublin,2025-02-15T23:00,34.3,42.6,24.1,17.4
0,County Dublin,2025-02-16T00:00,35.5,41.8,17.6,16.8
0,County Dublin,2025-02-16T01:00,36,40.8,13.4,16.6
0,County Dublin,2025-02-16T02:00,34.2,38.8,13.4,17.5
0,County Dublin,2025-02-16T03:00,37.4,40.9,9.4,16
0,County Dublin,2025-02-16T04:00,42.3,45.3,6.9,14.1
0,County Dublin,2025-02-16T05:00,46.5,49.4,6.2,12.8
0,County Dublin,2025-02-16T06:00,48.2,50.8,5.5,12.4
0,County Dublin,2025-02-16T07:00,48.5,52.7,8.7,12.3
0,County Dublin,2025-02-16T08:00,48.6,54.3,11.6,12.3
0,County Dublin,2025-02-16T09:00,47.1,54.8,16.2,12.7
0,County Dublin,2025-02-16T10:00,44.1,54.4,23.5,13.6
0,County Dublin,2025-02-16T11:00,41.8,54.8,31.1,14.3
0,County Dublin,2025-02-16T12:00,39,54.9,40.8,15.3
0,County Dublin,2025-02-16T13:00,38.1,54.7,43.4,15.7
0,County Dublin,2025-02-16T14:00,39.3,54.6,38.6,15.2
0,County Dublin,2025-02-16T15:00,40.1,54.3,35.2,14.9
0,County Dublin,2025-02-16T16:00,38.2,53.6,40.3,15.7
0,County Dublin,2025-02-16T17:00,38.5,53.4,38.6,15.5
0,County Dublin,2025-02-16T18:00,38.6,52.1,34.9,15.5
0,County Dublin,2025-02-16T19:00,38.6,50.7,31.3,15.5
0,County Dublin,2025-02-16T20:00,40,50.2,25.5,14.9
0,County Dublin,2025-02-16T21:00,40.7,49.1,20.6,14.7
0,County Dublin,2025-02-16T22:00,40.4,47.2,16.8,14.8
0,County Dublin,2025-02-16T23:00,41.1,46.3,12.7,14.5
0,County Dublin,2025-02-17T00:00,40.8,44.2,8.3,14.6
0,County Dublin,2025-02-17T01:00,40.5,42.6,5.1,14.7
0,County Dublin,2025-02-17T02:00,40.8,42.5,4.2,14.7
0,County Dublin,2025-02-17T03:00,48.3,49.9,3.2,12.4
0,County Dublin,2025-02-17T04:00,55.5,57.7,3.8,10.7
0,County Dublin,2025-02-17T05:00,55.3,58.5,5.7,10.8
0,County Dublin,2025-02-17T06:00,48.5,60.4,24.5,12.3
0,County Dublin,2025-02-17T07:00,38.4,57.4,49.3,15.5
0,County Dublin,2025-02-17T08:00,37.1,55.2,48.7,16.1
0,County Dublin,2025-02-17T09:00,39.4,54.7,38.7,15.2
0,County Dublin,2025-02-17T10:00,40.5,54.7,35.1,14.8
0,County Dublin,2025-02-17T11:00,39.7,54.8,37.9,15
0,County Dublin,2025-02-17T12:00,37.9,54,42.2,15.7
0,County Dublin,2025-02-17T13:00,37.6,53.9,43.1,15.9
0,County Dublin,2025-02-17T14:00,37.7,54.1,43.2,15.8
0,County Dublin,2025-02-17T15:00,37.7,55.1,46.2,15.9
0,County Dublin,2025-02-17T16:00,33.8,54.2,60.4,17.7
0,County Dublin,2025-02-17T17:00,32.3,53.4,64.9,18.5
0,County Dublin,2025-02-17T18:00,34.7,51.7,48.9,17.2
0,County Dublin,2025-02-17T19:00,37.6,50.7,34.8,15.9
0,County Dublin,2025-02-17T20:00,38.7,49.2,26.8,15.4
0,County Dublin,2025-02-17T21:00,39.8,48.3,21.2,15
0,County Dublin,2025-02-17T22:00,40.2,47.1,16.9,14.8
0,County Dublin,2025-02-17T23:00,40.6,45.7,12.7,14.7
0,County Dublin,2025-02-18T00:00,39.7,43,8.4,15
0,County Dublin,2025-02-18T01:00,40.2,42.1,4.7,14.9
0,County Dublin,2025-02-18T02:00,41.2,42.6,3.3,14.5
0,County Dublin,2025-02-18T03:00,45.5,46.7,2.5,13.1
0,County Dublin,2025-02-18T04:00,53.3,55.3,3.7,11.2
0,County Dublin,2025-02-18T05:00,54.8,57.7,5.1,10.9
0,County Dublin,2025-02-18T06:00,47.1,59.7,26.7,12.7
0,County Dublin,2025-02-18T07:00,36.1,57,57.9,16.5
0,County Dublin,2025-02-18T08:00,32.5,55,69.1,18.4
0,County Dublin,2025-02-18T09:00,36.5,54.6,49.6,16.4
0,County Dublin,2025-02-18T10:00,39,54.3,39.2,15.3
0,County Dublin,2025-02-18T11:00,38.6,54,39.9,15.5
0,County Dublin,2025-02-18T12:00,37.1,53.6,44.4,16.1
0,County Dublin,2025-02-18T13:00,36.8,53.9,46.1,16.2
0,County Dublin,2025-02-18T14:00,37.2,54.3,45.6,16
0,County Dublin,2025-02-18T15:00,36.4,54.8,50.7,16.4
0,County Dublin,2025-02-18T16:00,31.9,54,69.2,18.7
0,County Dublin,2025-02-18T17:00,28.6,52.4,82.6,20.9
0,County Dublin,2025-02-18T18:00,32.1,52.3,62.6,18.6
0,County Dublin,2025-02-18T19:00,36.3,50.5,38.9,16.4
0,County Dublin,2025-02-18T20:00,37.4,48.3,29,16
0,County Dublin,2025-02-18T21:00,39.9,48.5,21.5,15
0,County Dublin,2025-02-18T22:00,40.5,47.6,17.3,14.7
0,County Dublin,2025-02-18T23:00,40.7,45.7,12.3,14.7
0,County Dublin,2025-02-19T00:00,39.3,42.8,8.8,15.2
0,County Dublin,2025-02-19T01:00,38.3,40.5,5.7,15.6
0,County Dublin,2025-02-19T02:00,40.2,41.9,4.3,14.9
0,County Dublin,2025-02-19T03:00,47,48.2,2.5,12.7
0,County Dublin,2025-02-19T04:00,54.2,55.2,1.7,11
0,County Dublin,2025-02-19T05:00,54.4,57.6,5.8,11
0,County Dublin,2025-02-19T06:00,46.4,59.3,27.9,12.9
0,County Dublin,2025-02-19T07:00,36.4,56.5,55.2,16.4
0,County Dublin,2025-02-19T08:00,33.8,55.2,63.3,17.7
0,County Dublin,2025-02-19T09:00,36.8,54.7,48.5,16.2
0,County Dublin,2025-02-19T10:00,38.2,54.1,41.4,15.6
0,County Dublin,2025-02-19T11:00,38.1,54,41.6,15.7
0,County Dublin,2025-02-19T12:00,37.1,54,45.4,16.1
0,County Dublin,2025-02-19T13:00,36.8,54.2,47.5,16.3
0,County Dublin,2025-02-19T14:00,36,54.2,50.3,16.6
0,County Dublin,2025-02-19T15:00,33.8,54.3,60.3,17.7
0,County Dublin,2025-02-19T16:00,27.1,52.3,92.3,22
0,County Dublin,2025-02-19T17:00,25.8,52.4,102.5,23.1
0,County Dublin,2025-02-19T18:00,29.2,52.1,78.6,20.5
0,County Dublin,2025-02-19T19:00,33.6,50.2,49.4,17.8
0,County Dublin,2025-02-19T20:00,36.2,48.3,33.2,16.5
0,County Dublin,2025-02-19T21:00,38.4,48,25,15.6
0,County Dublin,2025-02-19T22:00,38.3,46.5,21.5,15.6
0,County Dublin,2025-02-19T23:00,37,44.4,20,16.1
0,County Dublin,2025-02-20T00:00,38.2,42,10,15.7
0,County Dublin,2025-02-20T01:00,38,40.3,5.9,15.7
0,County Dublin,2025-02-20T02:00,38.4,40.5,5.3,15.5
0,County Dublin,2025-02-20T03:00,44.5,46.2,3.6,13.4
0,County Dublin,2025-02-20T04:00,52,53.9,3.5,11.5
0,County Dublin,2025-02-20T05:00,53.2,57,7.2,11.2
0,County Dublin,2025-02-20T06:00,47.5,60,26.3,12.6
0,County Dublin,2025-02-20T07:00,37.2,56.7,52.5,16.1
0,County Dublin,2025-02-20T08:00,34.7,55.2,58.9,17.2
0,County Dublin,2025-02-20T09:00,36.9,54.4,47.4,16.2
0,County Dublin,2025-02-20T10:00,38.7,54.9,41.7,15.4
0,County Dublin,2025-02-20T11:00,37.1,53.8,44.7,16.1
0,County Dublin,2025-02-20T12:00,35.1,53.4,52.2,17
0,County Dublin,2025-02-20T13:00,35.8,53.8,50.2,16.7
0,County Dublin,2025-02-20T14:00,36.8,54.4,47.6,16.2
0,County Dublin,2025-02-20T15:00,34.1,54.6,59.7,17.5
0,County Dublin,2025-02-20T16:00,28.2,52.7,86.6,21.2
0,County Dublin,2025-02-20T17:00,26.2,51.8,97.5,22.8
0,County Dublin,2025-02-20T18:00,29.8,52,74.7,20.1
0,County Dublin,2025-02-20T19:00,34.4,50.1,45.4,17.4
0,County Dublin,2025-02-20T20:00,36,48.1,33.7,16.6
0,County Dublin,2025-02-20T21:00,37.7,47.5,25.9,15.8
0,County Dublin,2025-02-20T22:00,37.4,46,22.8,16
0,County Dublin,2025-02-20T23:00,38.1,45.4,18.9,15.7
0,County Dublin,2025-02-21T00:00,38.3,42.7,11.6,15.6
0,County Dublin,2025-02-21T01:00,36.1,39.3,9,16.6
0,County Dublin,2025-02-21T02:00,37.4,40.2,7.4,16
0,County Dublin,2025-02-21T03:00,42.7,44.9,5.3,14
0,County Dublin,2025-02-21T04:00,49.6,52.6,6,12
0,County Dublin,2025-02-21T05:00,52.6,57,8.3,11.4
0,County Dublin,2025-02-21T06:00,47.5,58.7,23.6,12.6
0,County Dublin,2025-02-21T07:00,41.4,57,37.6,14.4
0,County Dublin,2025-02-21T08:00,36,54,49.6,16.6
0,County Dublin,2025-02-21T09:00,33.5,52.3,55.8,17.8
0,County Dublin,2025-02-21T10:00,34.5,53.2,54.1,17.3
0,County Dublin,2025-02-21T11:00,35.5,53.8,51.6,16.8
0,County Dublin,2025-02-21T12:00,33.6,54,60.5,17.8
0,County Dublin,2025-02-21T13:00,30.4,53.4,75.7,19.7
0,County Dublin,2025-02-21T14:00,29.9,53.2,77.9,20
0,County Dublin,2025-02-21T15:00,29,52.8,81.7,20.6
0,County Dublin,2025-02-21T16:00,28.3,52.2,84.5,21.1
0,County Dublin,2025-02-21T17:00,31.5,52.6,66.9,19
0,County Dublin,2025-02-21T18:00,33.5,51.3,53,17.8
0,County Dublin,2025-02-21T19:00,34.8,49.9,43.2,17.2
0,County Dublin,2025-02-21T20:00,37.6,49.7,32.3,15.9
0,County Dublin,2025-02-21T21:00,37.3,47.6,27.5,16
0,County Dublin,2025-02-21T22:00,37.1,46.6,25.4,16.1
0,County Dublin,2025-02-21T23:00,35.6,44.4,24.4,16.8
0,County Dublin,2025-02-22T00:00,35,41.6,18.8,17.1
0,County Dublin,2025-02-22T01:00,35.6,40.6,14,16.8
0,County Dublin,2025-02-22T02:00,34.9,39.8,14,17.1
0,County Dublin,2025-02-22T03:00,38.7,42,8.2,15.4
0,County Dublin,2025-02-22T04:00,44.9,47.7,6.1,13.3
0,County Dublin,2025-02-22T05:00,49,52.2,6.5,12.2
0,County Dublin,2025-02-22T06:00,49.9,54,8.2,12
0,County Dublin,2025-02-22T07:00,50.3,55.8,10.9,11.9
0,County Dublin,2025-02-22T08:00,47.3,55.4,17,12.6
0,County Dublin,2025-02-22T09:00,43.7,55.2,26.3,13.7
0,County Dublin,2025-02-22T10:00,40.9,55.2,34.6,14.6
0,County Dublin,2025-02-22T11:00,38.2,55.3,44.5,15.6
0,County Dublin,2025-02-22T12:00,35.8,55,53.3,16.7
0,County Dublin,2025-02-22T13:00,32.6,53.8,65,18.3
0,County Dublin,2025-02-22T14:00,34.7,53.7,54.7,17.2
0,County Dublin,2025-02-22T15:00,39.2,53.9,37.4,15.2
0,County Dublin,2025-02-22T16:00,38.1,53.1,39.4,15.7
0,County Dublin,2025-02-22T17:00,35.7,51.9,45.3,16.7
0,County Dublin,2025-02-22T18:00,35.3,51,44.6,16.9
0,County Dublin,2025-02-22T19:00,35,48.7,39.1,17.1
0,County Dublin,2025-02-22T20:00,35.3,46.6,32,16.9
0,County Dublin,2025-02-22T21:00,35.1,45.5,29.6,17
0,County Dublin,2025-02-22T22:00,35.3,44.5,25.9,16.9
0,County Dublin,2025-02-22T23:00,34.5,43.1,24.7,17.3
0,County Dublin,2025-02-23T00:00,36.2,42.5,17.2,16.5
0,County Dublin,2025-02-23T01:00,37.1,41.6,11.9,16.1
0,County Dublin,2025-02-23T02:00,35.7,39.7,11.2,16.7
0,County Dublin,2025-02-23T03:00,37.4,40.6,8.2,16
0,County Dublin,2025-02-23T04:00,41.4,44.6,7.5,14.4
0,County Dublin,2025-02-23T05:00,45.2,47.9,5.9,13.2
0,County Dublin,2025-02-23T06:00,47.2,50.1,6,12.6
0,County Dublin,2025-02-23T07:00,46.7,51.1,9.4,12.8
0,County Dublin,2025-02-23T08:00,47.4,53.3,12.3,12.6
0,County Dublin,2025-02-23T09:00,45.6,53.5,17.2,13.1
0,County Dublin,2025-02-23T10:00,43.2,53.1,22.9,13.8
0,County Dublin,2025-02-23T11:00,41.8,53.7,28.4,14.3
0,County Dublin,2025-02-23T12:00,40.4,54.5,34.7,14.8
0,County Dublin,2025-02-23T13:00,39.8,55,38.3,15
0,County Dublin,2025-02-23T14:00,39.3,54.6,38.7,15.2
0,County Dublin,2025-02-23T15:00,39.3,54.2,37.7,15.2
0,County Dublin,2025-02-23T16:00,39.5,54.1,36.8,15.1
0,County Dublin,2025-02-23T17:00,40.1,53.6,33.5,14.9
0,County Dublin,2025-02-23T18:00,38.7,52.6,36,15.4
0,County Dublin,2025-02-23T19:00,39.5,51.6,30.8,15.1
0,County Dublin,2025-02-23T20:00,40.8,50.9,24.7,14.6
0,County Dublin,2025-02-23T21:00,42.1,49.9,18.4,14.2
0,County Dublin,2025-02-23T22:00,41.8,48.3,15.5,14.3
0,County Dublin,2025-02-23T23:00,41.7,46.7,11.9,14.3
0,County Dublin,2025-02-24T00:00,42.6,45.6,6.9,14
0,County Dublin,2025-02-24T01:00,42.1,44.1,4.7,14.2
0,County Dublin,2025-02-24T02:00,40.7,42.1,3.5,14.7
0,County Dublin,2025-02-24T03:00,44.8,46.2,3.2,13.3
0,County Dublin,2025-02-24T04:00,52.7,54.8,3.8,11.3
0,County Dublin,2025-02-24T05:00,54.9,58.1,5.8,10.9
0,County Dublin,2025-02-24T06:00,48.4,60.6,25,12.3
0,County Dublin,2025-02-24T07:00,35.4,56.1,58.6,16.9
0,County Dublin,2025-02-24T08:00,28.1,53,88.6,21.3
0,County Dublin,2025-02-24T09:00,34.7,54,55.8,17.2
0,County Dublin,2025-02-24T10:00,39,54.1,38.8,15.3
0,County Dublin,2025-02-24T11:00,37.7,53.3,41.5,15.9
0,County Dublin,2025-02-24T12:00,37.3,53.2,42.6,16
0,County Dublin,2025-02-24T13:00,37.2,53.5,43.8,16.1
0,County Dublin,2025-02-24T14:00,36.2,53.6,48,16.5
0,County Dublin,2025-02-24T15:00,31.7,53.1,67.6,18.9
0,County Dublin,2025-02-24T16:00,27.1,52,92,22.1
0,County Dublin,2025-02-24T17:00,26.3,51.6,95.7,22.7
0,County Dublin,2025-02-24T18:00,30.6,51.5,68.3,19.5
0,County Dublin,2025-02-24T19:00,35.9,50.3,39.9,16.6
0,County Dublin,2025-02-24T20:00,37.7,48.8,29.3,15.8
0,County Dublin,2025-02-24T21:00,39.8,48.5,22,15
0,County Dublin,2025-02-24T22:00,40.6,47.1,15.9,14.7
0,County Dublin,2025-02-24T23:00,40.9,45.6,11.4,14.6
0,County Dublin,2025-02-25T00:00,40.7,43.8,7.7,14.7
0,County Dublin,2025-02-25T01:00,41.4,43.6,5.2,14.4
0,County Dublin,2025-02-25T02:00,41.6,43.2,3.8,14.3
0,County Dublin,2025-02-25T03:00,45.8,47.8,4.4,13
0,County Dublin,2025-02-25T04:00,54.2,55.8,2.7,11
0,County Dublin,2025-02-25T05:00,55.2,57.8,4.6,10.8
0,County Dublin,2025-02-25T06:00,47.3,59.6,25.8,12.6
0,County Dublin,2025-02-25T07:00,33.1,55.9,68.7,18
0,County Dublin,2025-02-25T08:00,25.2,52.6,108.6,23.7
0,County Dublin,2025-02-25T09:00,31.8,54.3,70.4,18.8
0,County Dublin,2025-02-25T10:00,37,53.3,44,16.1
0,County Dublin,2025-02-25T11:00,37.4,52.9,41.2,16
0,County Dublin,2025-02-25T12:00,36.8,52.9,43.5,16.2
0,County Dublin,2025-02-25T13:00,36.4,53.2,46.3,16.4
0,County Dublin,2025-02-25T14:00,34.7,52.8,52,17.2
0,County Dublin,2025-02-25T15:00,32.8,53.8,63.9,18.2
0,County Dublin,2025-02-25T16:00,28.4,53.2,87.1,21.1
0,County Dublin,2025-02-25T17:00,27.2,52.7,93.5,22
0,County Dublin,2025-02-25T18:00,30.6,51.8,69.2,19.5
0,County Dublin,2025-02-25T19:00,34.1,49.7,45.5,17.5
0,County Dublin,2025-02-25T20:00,36.1,48.1,33,16.5
0,County Dublin,2025-02-25T21:00,39.2,48.5,23.7,15.2
0,County Dublin,2025-02-25T22:00,39.4,47.1,19.3,15.1
0,County Dublin,2025-02-25T23:00,38.8,45.9,18.1,15.4
0,County Dublin,2025-02-26T00:00,40.6,43.7,7.6,14.7
0,County Dublin,2025-02-26T01:00,39.7,42.1,6.1,15.1
0,County Dublin,2025-02-26T02:00,41.3,43.6,5.4,14.5
0,County Dublin,2025-02-26T03:00,45.3,46.8,3.3,13.2
0,County Dublin,2025-02-26T04:00,53.7,55.7,3.7,11.1
0,County Dublin,2025-02-26T05:00,53.9,57.2,5.9,11.1
0,County Dublin,2025-02-26T06:00,46.8,59.8,27.7,12.8
0,County Dublin,2025-02-26T07:00,33,55.6,68.1,18.1
0,County Dublin,2025-02-26T08:00,25.8,52.7,104.2,23.2
0,County Dublin,2025-02-26T09:00,32.2,54,67.5,18.6
0,County Dublin,2025-02-26T10:00,37.3,53.5,43.4,16
0,County Dublin,2025-02-26T11:00,37.5,53.1,41.5,15.9
0,County Dublin,2025-02-26T12:00,36,52.9,46.9,16.6
0,County Dublin,2025-02-26T13:00,34.6,53,53,17.3
0,County Dublin,2025-02-26T14:00,34.9,53.3,52.9,17.1
0,County Dublin,2025-02-26T15:00,32.7,53.7,64.3,18.3
0,County Dublin,2025-02-26T16:00,25.8,52,101,23.1
0,County Dublin,2025-02-26T17:00,24.9,51.8,107.7,24
0,County Dublin,2025-02-26T18:00,28.5,51.3,79.7,21
0,County Dublin,2025-02-26T19:00,33.6,49.6,47.4,17.8
0,County Dublin,2025-02-26T20:00,36.4,48.3,32.4,16.4
0,County Dublin,2025-02-26T21:00,38.1,47.9,25.5,15.7
0,County Dublin,2025-02-26T22:00,38.7,46.9,20.9,15.4
0,County Dublin,2025-02-26T23:00,38.3,44.1,15,15.6
0,County Dublin,2025-02-27T00:00,38.6,42.2,9.2,15.5
0,County Dublin,2025-02-27T01:00,38.6,41,6,15.5
0,County Dublin,2025-02-27T02:00,39.6,41.9,5.9,15.1
0,County Dublin,2025-02-27T03:00,45.7,47.2,3.4,13.1
0,County Dublin,2025-02-27T04:00,53,54.6,3,11.3
0,County Dublin,2025-02-27T05:00,54.1,57.1,5.6,11
0,County Dublin,2025-02-27T06:00,47.4,59.6,25.6,12.6
0,County Dublin,2025-02-27T07:00,33.2,55.2,66,18
0,County Dublin,2025-02-27T08:00,25.5,52.4,105.6,23.5
0,County Dublin,2025-02-27T09:00,30.9,54,74.5,19.3
0,County Dublin,2025-02-27T10:00,33.7,52.3,55.2,17.7
0,County Dublin,2025-02-27T11:00,32.3,51.3,58.8,18.5
0,County Dublin,2025-02-27T12:00,32.5,51.9,59.4,18.4
0,County Dublin,2025-02-27T13:00,34.4,53.3,54.9,17.4
0,County Dublin,2025-02-27T14:00,34.9,53.6,53.5,17.1
0,County Dublin,2025-02-27T15:00,29.6,52.4,76.9,20.2
0,County Dublin,2025-02-27T16:00,24.3,51.4,111.2,24.6
0,County Dublin,2025-02-27T17:00,23,51.1,121.5,26
0,County Dublin,2025-02-27T18:00,26.8,51.5,92,22.3
0,County Dublin,2025-02-27T19:00,32.6,50.1,53.6,18.3
0,County Dublin,2025-02-27T20:00,35.2,48,36.4,17
0,County Dublin,2025-02-27T21:00,37.6,47.8,27.3,15.9
0,County Dublin,2025-02-27T22:00,37.4,46.2,23.2,16
0,County Dublin,2025-02-27T23:00,37.3,43.7,17,16
0,County Dublin,2025-02-28T00:00,37,41.5,11.9,16.1
0,County Dublin,2025-02-28T01:00,37,40,7.9,16.1
0,County Dublin,2025-02-28T02:00,38.2,40.6,6.2,15.7
0,County Dublin,2025-02-28T03:00,43.8,45.5,3.7,13.6
0,County Dublin,2025-02-28T04:00,50.4,53.3,5.8,11.8
0,County Dublin,2025-02-28T05:00,53.1,56.6,6.7,11.2
0,County Dublin,2025-02-28T06:00,48.9,59.2,20.9,12.2
0,County Dublin,2025-02-28T07:00,39.7,56.4,42.2,15.1
0,County Dublin,2025-02-28T08:00,30.5,52.6,72.2,19.6
0,County Dublin,2025-02-28T09:00,35.1,53.6,52.6,17
0,County Dublin,2025-02-28T10:00,37.5,53.6,42.9,15.9
0,County Dublin,2025-02-28T11:00,37.4,54.1,44.4,16
0,County Dublin,2025-02-28T12:00,34.9,53.8,53.9,17.1
0,County Dublin,2025-02-28T13:00,30.2,52.4,73.3,19.8
0,County Dublin,2025-02-28T14:00,26.4,51.5,94.7,22.6
0,County Dublin,2025-02-28T15:00,25.9,51.8,100.1,23.1
0,County Dublin,2025-02-28T16:00,27.1,52,91.8,22.1
0,County Dublin,2025-02-28T17:00,29.5,51.5,74.6,20.3
0,County Dublin,2025-02-28T18:00,31.7,50.9,60.6,18.8
0,County Dublin,2025-02-28T19:00,31.8,48.7,53,18.8
0,County Dublin,2025-02-28T20:00,33,47.2,43,18.1
0,County Dublin,2025-02-28T21:00,34.7,46.4,33.4,17.2
0,County Dublin,2025-02-28T22:00,35.5,45.8,29,16.8
0,County Dublin,2025-02-28T23:00,35.6,43.7,22.8,16.8
0,County Dublin,2025-03-01T00:00,34.8,41.2,18.1,17.1
0,County Dublin,2025-03-01T01:00,35.5,40.3,13.2,16.8
0,County Dublin,2025-03-01T02:00,33.2,38.7,16.5,18
0,County Dublin,2025-03-01T03:00,38.8,42,8.4,15.4
0,County Dublin,2025-03-01T04:00,48.4,50.4,4.1,12.3
0,County Dublin,2025-03-01T05:00,50.7,53.4,5.3,11.8
0,County Dublin,2025-03-01T06:00,49.9,53.8,7.8,12
0,County Dublin,2025-03-01T07:00,49.7,55.2,11.1,12
0,County Dublin,2025-03-01T08:00,47.1,55.4,17.7,12.7
0,County Dublin,2025-03-01T09:00,43.2,55.4,28.2,13.8
0,County Dublin,2025-03-01T10:00,39.5,54.8,38.5,15.1
0,County Dublin,2025-03-01T11:00,36.8,54.7,48.4,16.2
0,County Dublin,2025-03-01T12:00,35,55.1,57.3,17.1
0,County Dublin,2025-03-01T13:00,33.2,54.2,63,18
0,County Dublin,2025-03-01T14:00,32.6,53.6,64.5,18.4
0,County Dublin,2025-03-01T15:00,35.3,53.7,51.8,16.9
0,County Dublin,2025-03-01T16:00,36.4,53.3,46.3,16.4
0,County Dublin,2025-03-01T17:00,35.9,52.5,46.3,16.7
0,County Dublin,2025-03-01T18:00,36.8,51.7,40.1,16.2
0,County Dublin,2025-03-01T19:00,36.5,49.8,36.2,16.4
0,County Dublin,2025-03-01T20:00,36.1,47.3,31.1,16.6
0,County Dublin,2025-03-01T21:00,36.1,45.6,26.3,16.6
0,County Dublin,2025-03-01T22:00,35.9,44.9,24.8,16.6
0,County Dublin,2025-03-01T23:00,35.1,43.4,23.4,17
0,County Dublin,2025-03-02T00:00,36.1,42.3,16.9,16.5
0,County Dublin,2025-03-02T01:00,36.3,40.9,12.6,16.5
0,County Dublin,2025-03-02T02:00,33.8,38.7,14.4,17.7
0,County Dublin,2025-03-02T03:00,37.4,40.9,9.1,16
0,County Dublin,2025-03-02T04:00,44.4,46.7,5,13.4
0,County Dublin,2025-03-02T05:00,48.7,50.4,3.5,12.3
0,County Dublin,2025-03-02T06:00,48.8,51.1,4.7,12.2
0,County Dublin,2025-03-02T07:00,48.7,52.5,7.8,12.3
0,County Dublin,2025-03-02T08:00,49.1,55,11.9,12.2
0,County Dublin,2025-03-02T09:00,47.2,55.8,18.2,12.7
0,County Dublin,2025-03-02T10:00,43.9,55.6,26.6,13.6
0,County Dublin,2025-03-02T11:00,41.2,55.4,34.2,14.5
0,County Dublin,2025-03-02T12:00,38.8,55.6,43.3,15.4
0,County Dublin,2025-03-02T13:00,36.6,55.1,50.4,16.3
0,County Dublin,2025-03-02T14:00,36.3,54.6,50.3,16.5
0,County Dublin,2025-03-02T15:00,37.6,54,43.5,15.9
0,County Dublin,2025-03-02T16:00,38.8,53.9,38.7,15.4
0,County Dublin,2025-03-02T17:00,40,54.2,35.4,14.9
0,County Dublin,2025-03-02T18:00,40.4,54.2,34,14.8
0,County Dublin,2025-03-02T19:00,40.6,52.6,29.4,14.7
0,County Dublin,2025-03-02T20:00,41.4,51.5,24.2,14.4
0,County Dublin,2025-03-02T21:00,41.8,49.9,19.3,14.3
0,County Dublin,2025-03-02T22:00,40.8,47.4,16.2,14.7
0,County Dublin,2025-03-02T23:00,40.1,45.2,12.8,14.9
0,County Dublin,2025-03-03T00:00,40.1,43.4,8.2,14.9
0,County Dublin,2025-03-03T01:00,38.8,41.3,6.5,15.4
0,County Dublin,2025-03-03T02:00,38.7,41,6,15.4
0,County Dublin,2025-03-03T03:00,46.8,48.6,3.8,12.7
0,County Dublin,2025-03-03T04:00,54,55.5,2.6,11
0,County Dublin,2025-03-03T05:00,55.8,58.7,5.3,10.7
0,County Dublin,2025-03-03T06:00,47.8,59.6,24.5,12.5
0,County Dublin,2025-03-03T07:00,35.6,56,57.4,16.8
0,County Dublin,2025-03-03T08:00,28.2,52.8,87.1,21.2
0,County Dublin,2025-03-03T09:00,35,54.3,54.7,17
0,County Dublin,2025-03-03T10:00,38.3,53.1,38.5,15.6
0,County Dublin,2025-03-03T11:00,37.9,53,39.7,15.8
0,County Dublin,2025-03-03T12:00,37.1,53,42.6,16.1
0,County Dublin,2025-03-03T13:00,36.2,52.8,45.7,16.5
0,County Dublin,2025-03-03T14:00,36,53.1,47.3,16.6
0,County Dublin,2025-03-03T15:00,34.1,53.9,58,17.5
0,County Dublin,2025-03-03T16:00,30.2,53.4,76.6,19.8
0,County Dublin,2025-03-03T17:00,30.6,53.4,74.7,19.5
0,County Dublin,2025-03-03T18:00,33.8,52.5,55.2,17.7
0,County Dublin,2025-03-03T19:00,35.7,50.1,40.1,16.7
0,County Dublin,2025-03-03T20:00,37.8,48.9,29.3,15.8
0,County Dublin,2025-03-03T21:00,39.2,48.3,23,15.2
0,County Dublin,2025-03-03T22:00,36.9,46.9,27,16.2
0,County Dublin,2025-03-03T23:00,39.8,46.2,15.9,15
0,County Dublin,2025-03-04T00:00,40.3,43.7,8.4,14.8
0,County Dublin,2025-03-04T01:00,40.1,42.2,5,14.9
0,County Dublin,2025-03-04T02:00,40.8,43,5.3,14.6
0,County Dublin,2025-03-04T03:00,45.1,46.8,3.8,13.3
0,County Dublin,2025-03-04T04:00,55,55.9,1.7,10.9
0,County Dublin,2025-03-04T05:00,55.7,58.3,4.5,10.7
0,County Dublin,2025-03-04T06:00,46.9,59.7,27.2,12.7
0,County Dublin,2025-03-04T07:00,32.6,55.5,70,18.3
0,County Dublin,2025-03-04T08:00,23.9,51.9,116.7,25
0,County Dublin,2025-03-04T09:00,30,53.5,77.9,19.9
0,County Dublin,2025-03-04T10:00,35.5,53.4,50.1,16.8
0,County Dublin,2025-03-04T11:00,36.6,52.7,44,16.3
0,County Dublin,2025-03-04T12:00,36,52.5,45.6,16.6
0,County Dublin,2025-03-04T13:00,35.6,52.8,48.5,16.8
0,County Dublin,2025-03-04T14:00,35.1,53,50.8,17
0,County Dublin,2025-03-04T15:00,32.7,53.7,63.9,18.3
0,County Dublin,2025-03-04T16:00,27.7,53.1,92,21.6
0,County Dublin,2025-03-04T17:00,26.3,52.8,100.5,22.7
0,County Dublin,2025-03-04T18:00,30.5,52.5,71.8,19.6
0,County Dublin,2025-03-04T19:00,34.5,50,44.8,17.3
0,County Dublin,2025-03-04T20:00,36.9,48.5,31.2,16.2
0,County Dublin,2025-03-04T21:00,39.1,48.7,24.7,15.3
0,County Dublin,2025-03-04T22:00,36.2,47,30,16.5
0,County Dublin,2025-03-04T23:00,39.1,45.9,17.4,15.3
0,County Dublin,2025-03-05T00:00,37.9,41.4,9.2,15.7
0,County Dublin,2025-03-05T01:00,37.7,40.6,7.5,15.8
0,County Dublin,2025-03-05T02:00,38,40.8,7.2,15.7
0,County Dublin,2025-03-05T03:00,43.5,45.2,3.9,13.7
0,County Dublin,2025-03-05T04:00,53.5,55,2.7,11.2
0,County Dublin,2025-03-05T05:00,54.7,57.7,5.5,10.9
0,County Dublin,2025-03-05T06:00,46.9,59.5,26.6,12.7
0,County Dublin,2025-03-05T07:00,33.4,55.7,66.7,17.9
0,County Dublin,2025-03-05T08:00,26.1,53,102.6,22.9
0,County Dublin,2025-03-05T09:00,32.3,54.2,67.4,18.5
0,County Dublin,2025-03-05T10:00,36.7,53.2,45.1,16.3
0,County Dublin,2025-03-05T11:00,36.7,52.8,43.8,16.3
0,County Dublin,2025-03-05T12:00,35.6,52.6,47.7,16.8
0,County Dublin,2025-03-05T13:00,34.4,52.9,53.9,17.4
0,County Dublin,2025-03-05T14:00,34.5,53.2,54.4,17.3
0,County Dublin,2025-03-05T15:00,32.3,53.5,65.5,18.5
0,County Dublin,2025-03-05T16:00,27.3,52.5,92.2,21.9
0,County Dublin,2025-03-05T17:00,24.5,51.6,109.9,24.4
0,County Dublin,2025-03-05T18:00,29.3,52.4,78.5,20.4
0,County Dublin,2025-03-05T19:00,33.8,50.1,48,17.7
0,County Dublin,2025-03-05T20:00,36.2,48.4,33.5,16.5
0,County Dublin,2025-03-05T21:00,38.7,48.4,25,15.4
0,County Dublin,2025-03-05T22:00,38.7,46.8,20.9,15.4
0,County Dublin,2025-03-05T23:00,38.1,43.7,14.6,15.7
0,County Dublin,2025-03-06T00:00,38.1,41.8,9.8,15.7
0,County Dublin,2025-03-06T01:00,38.2,40.5,6,15.6
0,County Dublin,2025-03-06T02:00,39,41.3,5.7,15.3
0,County Dublin,2025-03-06T03:00,44.5,46.5,4.4,13.4
0,County Dublin,2025-03-06T04:00,53.1,54.5,2.7,11.2
0,County Dublin,2025-03-06T05:00,53.8,56.6,5.1,11.1
0,County Dublin,2025-03-06T06:00,46.7,59.3,26.9,12.8
0,County Dublin,2025-03-06T07:00,33.4,55.4,65.5,17.9
0,County Dublin,2025-03-06T08:00,25.8,52.6,103.7,23.2
0,County Dublin,2025-03-06T09:00,31.8,53.8,69.2,18.8
0,County Dublin,2025-03-06T10:00,36.7,53.5,45.8,16.3
0,County Dublin,2025-03-06T11:00,36.7,52.8,43.9,16.3
0,County Dublin,2025-03-06T12:00,35.9,52.7,47,16.7
0,County Dublin,2025-03-06T13:00,35.3,53.2,50.6,16.9
0,County Dublin,2025-03-06T14:00,34.9,53.4,53.1,17.1
0,County Dublin,2025-03-06T15:00,32.4,53.6,65.3,18.5
0,County Dublin,2025-03-06T16:00,28.6,53.2,85.5,20.9
0,County Dublin,2025-03-06T17:00,27.6,52.6,90.5,21.7
0,County Dublin,2025-03-06T18:00,30.9,51.4,65.9,19.3
0,County Dublin,2025-03-06T19:00,34.6,50,44.4,17.3
0,County Dublin,2025-03-06T20:00,35.9,48.2,34.1,16.6
0,County Dublin,2025-03-06T21:00,38,48,26.5,15.7
0,County Dublin,2025-03-06T22:00,36.7,45.5,24.1,16.3
0,County Dublin,2025-03-06T23:00,35.2,43,22.2,17
0,County Dublin,2025-03-07T00:00,35.7,40.4,13.1,16.7
0,County Dublin,2025-03-07T01:00,34.8,38.7,11.1,17.2
0,County Dublin,2025-03-07T02:00,37.4,40.4,8,16
0,County Dublin,2025-03-07T03:00,43,44.9,4.6,13.9
0,County Dublin,2025-03-07T04:00,50.1,52.8,5.2,11.9
0,County Dublin,2025-03-07T05:00,52,56.6,8.7,11.5
0,County Dublin,2025-03-07T06:00,46.4,58.7,26.4,12.9
0,County Dublin,2025-03-07T07:00,38.1,56.1,47.1,15.7
0,County Dublin,2025-03-07T08:00,30.2,52.5,73.9,19.8
0,County Dublin,2025-03-07T09:00,34.9,53.8,53.9,17.1
0,County Dublin,2025-03-07T10:00,36.9,53.3,44.3,16.2
0,County Dublin,2025-03-07T11:00,36.4,53.5,46.8,16.4
0,County Dublin,2025-03-07T12:00,34.1,53.2,55.9,17.5
0,County Dublin,2025-03-07T13:00,30.9,53.3,72.1,19.3
0,County Dublin,2025-03-07T14:00,27.8,52.5,88.7,21.5
0,County Dublin,2025-03-07T15:00,26.2,52.1,98.6,22.8
0,County Dublin,2025-03-07T16:00,26.7,51.8,93.7,22.4
0,County Dublin,2025-03-07T17:00,29.2,51.5,76.2,20.4
0,County Dublin,2025-03-07T18:00,33.2,51.4,54.9,18
0,County Dublin,2025-03-07T19:00,34,49.6,45.7,17.6
0,County Dublin,2025-03-07T20:00,35.3,47.8,35.3,16.9
0,County Dublin,2025-03-07T21:00,36.2,46.9,29.5,16.5
0,County Dublin,2025-03-07T22:00,35.9,45.7,27.2,16.6
0,County Dublin,2025-03-07T23:00,35.1,43.5,24,17
0,County Dublin,2025-03-08T00:00,34.8,41.9,20.2,17.1
0,County Dublin,2025-03-08T01:00,33.7,39.3,16.6,17.7
0,County Dublin,2025-03-08T02:00,33.5,38.7,15.2,17.8
0,County Dublin,2025-03-08T03:00,39.1,42.3,8.2,15.3
0,County Dublin,2025-03-08T04:00,48.3,50.5,4.5,12.4
0,County Dublin,2025-03-08T05:00,50.4,53,5.3,11.9
0,County Dublin,2025-03-08T06:00,49.7,53.8,8.2,12
0,County Dublin,2025-03-08T07:00,49.3,55,11.4,12.1
0,County Dublin,2025-03-08T08:00,45.5,54.6,19.9,13.1
0,County Dublin,2025-03-08T09:00,41.5,54.5,31.1,14.4
0,County Dublin,2025-03-08T10:00,38.1,54.5,43.1,15.7
0,County Dublin,2025-03-08T11:00,34.3,54.5,58.9,17.4
0,County Dublin,2025-03-08T12:00,31.4,54.1,71.8,19
0,County Dublin,2025-03-08T13:00,31.5,53.5,69.4,18.9
0,County Dublin,2025-03-08T14:00,35.7,53,48.5,16.7
0,County Dublin,2025-03-08T15:00,39.6,52.7,33.2,15.1
0,County Dublin,2025-03-08T16:00,37.4,52.3,39.7,16
0,County Dublin,2025-03-08T17:00,36,51.8,44,16.6
0,County Dublin,2025-03-08T18:00,36.5,51.4,40.7,16.4
0,County Dublin,2025-03-08T19:00,35.8,49.6,38.5,16.7
0,County Dublin,2025-03-08T20:00,35.7,47.3,32.2,16.7
0,County Dublin,2025-03-08T21:00,35.7,45.6,27.5,16.7
0,County Dublin,2025-03-08T22:00,35,44.6,27.2,17.1
0,County Dublin,2025-03-08T23:00,35.1,43.5,23.9,17
0,County Dublin,2025-03-09T00:00,36.1,42.7,18,16.5
0,County Dublin,2025-03-09T01:00,36.1,41.2,14.1,16.6
0,County Dublin,2025-03-09T02:00,34.3,39.5,15,17.4
0,County Dublin,2025-03-09T03:00,37.7,41.6,10.2,15.8
0,County Dublin,2025-03-09T04:00,45,47.5,5.6,13.3
0,County Dublin,2025-03-09T05:00,47.8,50.4,5.4,12.5
0,County Dublin,2025-03-09T06:00,48,50.7,5.5,12.4
0,County Dublin,2025-03-09T07:00,48.2,52.1,8.1,12.4
0,County Dublin,2025-03-09T08:00,48.1,54.5,13.1,12.4
0,County Dublin,2025-03-09T09:00,46,55.3,20.1,13
0,County Dublin,2025-03-09T10:00,43,55.4,28.8,13.9
0,County Dublin,2025-03-09T11:00,39.7,55.4,39.4,15.1
0,County Dublin,2025-03-09T12:00,35.8,54.7,52.7,16.7
0,County Dublin,2025-03-09T13:00,29.7,52.4,76.5,20.1
0,County Dublin,2025-03-09T14:00,28.1,51.7,83.8,21.2
0,County Dublin,2025-03-09T15:00,29.1,51.3,76,20.5
0,County Dublin,2025-03-09T16:00,30.8,51.4,66.9,19.4
0,County Dublin,2025-03-09T17:00,32.1,51.9,61.5,18.6
0,County Dublin,2025-03-09T18:00,33.6,51.8,54.3,17.8
0,County Dublin,2025-03-09T19:00,38.2,52.9,38.6,15.7
0,County Dublin,2025-03-09T20:00,41.3,51.8,25.3,14.5
0,County Dublin,2025-03-09T21:00,41.8,49.9,19.5,14.3
0,County Dublin,2025-03-09T22:00,40.8,47.7,16.6,14.6
0,County Dublin,2025-03-09T23:00,41.1,46.2,12.3,14.5
0,County Dublin,2025-03-10T00:00,40.2,43.6,8.4,14.9
0,County Dublin,2025-03-10T01:00,39.5,41.5,4.8,15.1
0,County Dublin,2025-03-10T02:00,39,40.9,4.9,15.3
0,County Dublin,2025-03-10T03:00,44.9,46.3,3.1,13.3
0,County Dublin,2025-03-10T04:00,53.7,55.2,2.7,11.1
0,County Dublin,2025-03-10T05:00,54.5,57.7,5.9,11
0,County Dublin,2025-03-10T06:00,48.2,59.6,23.5,12.4
0,County Dublin,2025-03-10T07:00,36.4,56.3,54.3,16.4
0,County Dublin,2025-03-10T08:00,29.1,53.3,82.9,20.5
0,County Dublin,2025-03-10T09:00,36.2,54.4,50.2,16.5
0,County Dublin,2025-03-10T10:00,38.8,54.2,39.7,15.4
0,County Dublin,2025-03-10T11:00,38.3,53.6,39.7,15.6
0,County Dublin,2025-03-10T12:00,37.4,53.5,43,16
0,County Dublin,2025-03-10T13:00,36.4,53.2,46.2,16.4
0,County Dublin,2025-03-10T14:00,36.2,53.5,47.5,16.5
0,County Dublin,2025-03-10T15:00,33.6,53.7,59.7,17.8
0,County Dublin,2025-03-10T16:00,30.2,53.6,77.5,19.8
0,County Dublin,2025-03-10T17:00,30.8,53.6,74,19.4
0,County Dublin,2025-03-10T18:00,35.1,52.6,50,17
0,County Dublin,2025-03-10T19:00,36.2,50.3,39,16.5
0,County Dublin,2025-03-10T20:00,38.1,49.2,29,15.7
0,County Dublin,2025-03-10T21:00,39.2,48,22.5,15.2
0,County Dublin,2025-03-10T22:00,38.8,46.7,20.5,15.4
0,County Dublin,2025-03-10T23:00,36.8,45.4,23.2,16.2
0,County Dublin,2025-03-11T00:00,43,46.2,7.4,13.9
0,County Dublin,2025-03-11T01:00,39.8,41.6,4.5,15
0,County Dublin,2025-03-11T02:00,40.7,42.4,4.2,14.7
0,County Dublin,2025-03-11T03:00,46.9,48.6,3.6,12.7
0,County Dublin,2025-03-11T04:00,55,56.1,1.9,10.8
0,County Dublin,2025-03-11T05:00,54.9,57.9,5.5,10.9
0,County Dublin,2025-03-11T06:00,47,59.6,26.7,12.7
0,County Dublin,2025-03-11T07:00,33.5,55.8,66.5,17.8
0,County Dublin,2025-03-11T08:00,26.4,52.8,99.3,22.6
0,County Dublin,2025-03-11T09:00,33.7,54.3,60.8,17.7
0,County Dublin,2025-03-11T10:00,37.8,53.8,42.1,15.8
0,County Dublin,2025-03-11T11:00,37.7,53.1,40.9,15.9
0,County Dublin,2025-03-11T12:00,36.5,52.9,44.6,16.3
0,County Dublin,2025-03-11T13:00,36,52.8,46.3,16.6
0,County Dublin,2025-03-11T14:00,36,53,46.9,16.6
0,County Dublin,2025-03-11T15:00,33.7,53.8,59.4,17.7
0,County Dublin,2025-03-11T16:00,28.3,52.9,86.5,21.1
0,County Dublin,2025-03-11T17:00,26.7,52.3,95.8,22.4
0,County Dublin,2025-03-11T18:00,30.7,51.9,68.8,19.4
0,County Dublin,2025-03-11T19:00,35.1,50.1,42.8,17
0,County Dublin,2025-03-11T20:00,37.1,48.4,30.3,16.1
0,County Dublin,2025-03-11T21:00,39.3,48.5,23.2,15.2
0,County Dublin,2025-03-11T22:00,39.2,46.5,18.7,15.2
0,County Dublin,2025-03-11T23:00,38.4,45.1,17.3,15.5
0,County Dublin,2025-03-12T00:00,39.5,43,9,15.1
0,County Dublin,2025-03-12T01:00,38.3,40.3,5.4,15.6
0,County Dublin,2025-03-12T02:00,40.3,42,4.3,14.8
0,County Dublin,2025-03-12T03:00,46.4,47.3,1.8,12.9
0,County Dublin,2025-03-12T04:00,54.1,55.1,1.7,11
0,County Dublin,2025-03-12T05:00,54.8,57.7,5.2,10.9
0,County Dublin,2025-03-12T06:00,47.5,59.3,25,12.6
0,County Dublin,2025-03-12T07:00,34.5,55.7,61.2,17.3
0,County Dublin,2025-03-12T08:00,27.5,53,92.9,21.8
0,County Dublin,2025-03-12T09:00,33.9,54.3,59.9,17.6
0,County Dublin,2025-03-12T10:00,37.1,53.4,43.8,16.1
0,County Dublin,2025-03-12T11:00,37.2,53.1,42.5,16
0,County Dublin,2025-03-12T12:00,35.9,53,47.6,16.6
0,County Dublin,2025-03-12T13:00,34.1,52.8,54.6,17.5
0,County Dublin,2025-03-12T14:00,34.7,53.3,53.4,17.2
0,County Dublin,2025-03-12T15:00,31.9,53.2,66.6,18.7
0,County Dublin,2025-03-12T16:00,28.4,52.8,85.6,21
0,County Dublin,2025-03-12T17:00,27.1,52.4,93.3,22.1
0,County Dublin,2025-03-12T18:00,31,52.4,69.1,19.3
0,County Dublin,2025-03-12T19:00,33.9,50.2,47.8,17.6
0,County Dublin,2025-03-12T20:00,36.7,49,33.3,16.3
0,County Dublin,2025-03-12T21:00,38.7,48.4,25,15.4
0,County Dublin,2025-03-12T22:00,38.3,46.6,21.6,15.6
0,County Dublin,2025-03-12T23:00,37,45,21.4,16.1
0,County Dublin,2025-03-13T00:00,39.4,43.1,9.4,15.2
0,County Dublin,2025-03-13T01:00,37.7,40.1,6.3,15.8
0,County Dublin,2025-03-13T02:00,39.2,41,4.7,15.2
0,County Dublin,2025-03-13T03:00,46.9,48.5,3.5,12.7
0,County Dublin,2025-03-13T04:00,53.7,55.2,2.7,11.1
0,County Dublin,2025-03-13T05:00,53.7,56.6,5.2,11.1
0,County Dublin,2025-03-13T06:00,48,59.5,23.8,12.4
0,County Dublin,2025-03-13T07:00,35.4,56,57.9,16.9
0,County Dublin,2025-03-13T08:00,28.6,53,84.8,20.9
0,County Dublin,2025-03-13T09:00,34.9,54.2,55.4,17.1
0,County Dublin,2025-03-13T10:00,37.5,53.8,43.4,15.9
0,County Dublin,2025-03-13T11:00,36.6,53.1,44.9,16.3
0,County Dublin,2025-03-13T12:00,35.6,52.6,47.5,16.8
0,County Dublin,2025-03-13T13:00,35.7,53.2,49.1,16.7
0,County Dublin,2025-03-13T14:00,35.5,53.5,50.3,16.8
0,County Dublin,2025-03-13T15:00,33,53.6,62.2,18.1
0,County Dublin,2025-03-13T16:00,29.2,52.9,80.7,20.4
0,County Dublin,2025-03-13T17:00,28.5,52.4,83.9,21
0,County Dublin,2025-03-13T18:00,31.6,51.8,63.4,18.9
0,County Dublin,2025-03-13T19:00,34.2,50.1,46.2,17.5
0,County Dublin,2025-03-13T20:00,35.8,48,33.9,16.7
0,County Dublin,2025-03-13T21:00,37.7,47.6,26.1,15.8
0,County Dublin,2025-03-13T22:00,36.5,46,25.9,16.3
0,County Dublin,2025-03-13T23:00,35.6,44.2,24.2,16.8
0,County Dublin,2025-03-14T00:00,36.7,41.6,13.3,16.3
0,County Dublin,2025-03-14T01:00,35.3,39,10.2,16.9
0,County Dublin,2025-03-14T02:00,36.9,39.6,7.4,16.2
0,County Dublin,2025-03-14T03:00,44.7,46.3,3.6,13.4
0,County Dublin,2025-03-14T04:00,52.6,55.2,5,11.3
0,County Dublin,2025-03-14T05:00,51.8,56.8,9.6,11.5
0,County Dublin,2025-03-14T06:00,48,59.1,22.9,12.4
0,County Dublin,2025-03-14T07:00,40.1,56,39.6,14.9
0,County Dublin,2025-03-14T08:00,31.3,52.3,66.7,19.1
0,County Dublin,2025-03-14T09:00,35.9,53.7,49.5,16.7
0,County Dublin,2025-03-14T10:00,37.1,53.8,44.7,16.1
0,County Dublin,2025-03-14T11:00,36.9,54,46.1,16.2
0,County Dublin,2025-03-14T12:00,34.6,53.7,54.8,17.2
0,County Dublin,2025-03-14T13:00,33.1,53.6,61.9,18.1
0,County Dublin,2025-03-14T14:00,31.5,53.2,68.4,18.9
0,County Dublin,2025-03-14T15:00,29.4,52.4,77.9,20.3
0,County Dublin,2025-03-14T16:00,29.2,51.2,75.5,20.5
0,County Dublin,2025-03-14T17:00,30.8,51,65.4,19.4
0,County Dublin,2025-03-14T18:00,34.4,51.3,48.8,17.3
0,County Dublin,2025-03-14T19:00,34.4,49.2,43,17.4
0,County Dublin,2025-03-14T20:00,35,47.2,34.7,17.1
0,County Dublin,2025-03-14T21:00,35.9,46.5,29.6,16.7
0,County Dublin,2025-03-14T22:00,35.7,45.8,28.4,16.7
0,County Dublin,2025-03-14T23:00,34.5,43.2,25.4,17.3
0,County Dublin,2025-03-15T00:00,33.9,41,20.9,17.6
0,County Dublin,2025-03-15T01:00,32.9,38.6,17.5,18.2
0,County Dublin,2025-03-15T02:00,32.3,38.1,17.8,18.5
0,County Dublin,2025-03-15T03:00,37.8,41.7,10.2,15.8
0,County Dublin,2025-03-15T04:00,48,50.2,4.5,12.4
0,County Dublin,2025-03-15T05:00,50.6,53.7,6.1,11.8
0,County Dublin,2025-03-15T06:00,49.5,52.9,6.9,12.1
0,County Dublin,2025-03-15T07:00,49.5,55,10.9,12.1
0,County Dublin,2025-03-15T08:00,47,55.1,17.2,12.7
0,County Dublin,2025-03-15T09:00,44.1,55.6,25.9,13.5
0,County Dublin,2025-03-15T10:00,40.5,54.7,34.9,14.7
0,County Dublin,2025-03-15T11:00,38.2,55,44,15.6
0,County Dublin,2025-03-15T12:00,36.5,55,50.4,16.3
0,County Dublin,2025-03-15T13:00,35.2,54.1,53.4,17
0,County Dublin,2025-03-15T14:00,36,53.1,47.5,16.6
0,County Dublin,2025-03-15T15:00,37.8,52.4,38.4,15.8
0,County Dublin,2025-03-15T16:00,37.3,51.8,38.8,16
0,County Dublin,2025-03-15T17:00,36.5,51.3,40.5,16.4
0,County Dublin,2025-03-15T18:00,36.5,50.7,38.8,16.4
0,County Dublin,2025-03-15T19:00,35.8,49,36.6,16.7
0,County Dublin,2025-03-15T20:00,35.5,46.9,31.9,16.8
0,County Dublin,2025-03-15T21:00,34.5,45.4,31.5,17.3
0,County Dublin,2025-03-15T22:00,34.7,44.6,28.2,17.2
0,County Dublin,2025-03-15T23:00,33.7,42.6,26.5,17.8
0,County Dublin,2025-03-16T00:00,33.8,41,21.4,17.7
0,County Dublin,2025-03-16T01:00,34.4,40,16.2,17.3
0,County Dublin,2025-03-16T02:00,33.7,38.9,15.4,17.8
0,County Dublin,2025-03-16T03:00,38.1,41.6,9.2,15.7
0,County Dublin,2025-03-16T04:00,45.4,47.3,4.2,13.1
0,County Dublin,2025-03-16T05:00,48.9,51.3,5,12.2
0,County Dublin,2025-03-16T06:00,48.2,49.9,3.6,12.4
0,County Dublin,2025-03-16T07:00,49,52.6,7.3,12.2
0,County Dublin,2025-03-16T08:00,47.8,54.1,13.2,12.5
0,County Dublin,2025-03-16T09:00,46.3,55.3,19.3,12.9
0,County Dublin,2025-03-16T10:00,43.4,54.9,26.5,13.8
0,County Dublin,2025-03-16T11:00,41.3,55,33,14.5
0,County Dublin,2025-03-16T12:00,39.6,55.2,39.3,15.1
0,County Dublin,2025-03-16T13:00,38.5,55.2,43.1,15.5
0,County Dublin,2025-03-16T14:00,35.4,53,49.8,16.9
0,County Dublin,2025-03-16T15:00,37.4,53.5,42.9,16
0,County Dublin,2025-03-16T16:00,38.4,52.8,37.1,15.5
0,County Dublin,2025-03-16T17:00,38.8,52.1,34.2,15.4
0,County Dublin,2025-03-16T18:00,40,52.4,30.9,14.9
0,County Dublin,2025-03-16T19:00,37.5,49.9,32.8,15.9
0,County Dublin,2025-03-16T20:00,37,47.8,29.2,16.1
0,County Dublin,2025-03-16T21:00,37.2,46.6,25.2,16.1
0,County Dublin,2025-03-16T22:00,35.4,44.6,25.7,16.9
0,County Dublin,2025-03-16T23:00,36,43.8,21.6,16.6
0,County Dublin,2025-03-17T00:00,37.4,43.1,15.1,16
0,County Dublin,2025-03-17T01:00,36.8,40.7,10.5,16.2
0,County Dublin,2025-03-17T02:00,35.9,39.4,9.7,16.6
0,County Dublin,2025-03-17T03:00,39.5,42,6.2,15.1
0,County Dublin,2025-03-17T04:00,45,47.6,5.6,13.3
0,County Dublin,2025-03-17T05:00,48.9,51.6,5.5,12.2
0,County Dublin,2025-03-17T06:00,48.9,51.9,5.9,12.2
0,County Dublin,2025-03-17T07:00,48.3,52.5,8.6,12.4
0,County Dublin,2025-03-17T08:00,47.7,53.4,12,12.5
0,County Dublin,2025-03-17T09:00,45.1,53.2,18,13.2
0,County Dublin,2025-03-17T10:00,42.8,53.6,25,13.9
0,County Dublin,2025-03-17T11:00,41.7,54,29.4,14.3
0,County Dublin,2025-03-17T12:00,41.7,54.7,31.1,14.3
0,County Dublin,2025-03-17T13:00,41.7,54.4,30.2,14.3
0,County Dublin,2025-03-17T14:00,40.6,54,32.9,14.7
0,County Dublin,2025-03-17T15:00,38.8,53.3,37.4,15.4
0,County Dublin,2025-03-17T16:00,38.8,52.8,36.1,15.4
0,County Dublin,2025-03-17T17:00,39.1,52.2,33.3,15.3
0,County Dublin,2025-03-17T18:00,39.7,51.5,29.7,15
0,County Dublin,2025-03-17T19:00,38.5,49.9,29.6,15.5
0,County Dublin,2025-03-17T20:00,38.1,48.4,27.1,15.7
0,County Dublin,2025-03-17T21:00,38.1,46.9,23.1,15.7
0,County Dublin,2025-03-17T22:00,36.3,44.3,21.9,16.4
0,County Dublin,2025-03-17T23:00,35.4,42.4,19.7,16.9
0,County Dublin,2025-03-18T00:00,36.1,41,13.7,16.6
0,County Dublin,2025-03-18T01:00,34.8,38.5,10.8,17.2
0,County Dublin,2025-03-18T02:00,36.6,39.5,8,16.3
0,County Dublin,2025-03-18T03:00,41.6,43,3.5,14.4
0,County Dublin,2025-03-18T04:00,51.3,52.7,2.8,11.6
0,County Dublin,2025-03-18T05:00,52.6,55.5,5.4,11.3
0,County Dublin,2025-03-18T06:00,49.7,59.6,19.8,12
0,County Dublin,2025-03-18T07:00,39,56.8,45.5,15.3
0,County Dublin,2025-03-18T08:00,34,54.3,59.6,17.6
0,County Dublin,2025-03-18T09:00,38.7,54.8,41.2,15.4
0,County Dublin,2025-03-18T10:00,39.6,54.2,36.7,15.1
0,County Dublin,2025-03-18T11:00,38.1,53.4,39.7,15.7
0,County Dublin,2025-03-18T12:00,37.4,53.4,42.7,16
0,County Dublin,2025-03-18T13:00,36.7,53.3,45.2,16.3
0,County Dublin,2025-03-18T14:00,36.5,53.6,46.7,16.3
0,County Dublin,2025-03-18T15:00,35.5,54.3,52.7,16.8
0,County Dublin,2025-03-18T16:00,32.6,53.9,65.3,18.3
0,County Dublin,2025-03-18T17:00,32.2,53.3,65.8,18.6
0,County Dublin,2025-03-18T18:00,36.2,52.3,44.4,16.5
0,County Dublin,2025-03-18T19:00,37.5,51.1,36.1,15.9
0,County Dublin,2025-03-18T20:00,38.6,49.8,28.8,15.5
0,County Dublin,2025-03-18T21:00,41,49.7,21.2,14.6
0,County Dublin,2025-03-18T22:00,42.7,49.3,15.2,14
0,County Dublin,2025-03-18T23:00,41.9,46.1,10,14.2
0,County Dublin,2025-03-19T00:00,40.4,43.3,7.3,14.8
0,County Dublin,2025-03-19T01:00,39.9,42,5.1,15
0,County Dublin,2025-03-19T02:00,43.6,44.8,2.8,13.7
0,County Dublin,2025-03-19T03:00,49.8,51,2.3,12
0,County Dublin,2025-03-19T04:00,55.4,56.2,1.5,10.8
0,County Dublin,2025-03-19T05:00,54.1,57.1,5.5,11
0,County Dublin,2025-03-19T06:00,48.2,59.8,24.1,12.4
0,County Dublin,2025-03-19T07:00,34.1,55.7,63,17.5
0,County Dublin,2025-03-19T08:00,26.6,53.1,99,22.4
0,County Dublin,2025-03-19T09:00,31.3,54.1,72.5,19.1
0,County Dublin,2025-03-19T10:00,35.4,53.4,50.6,16.9
0,County Dublin,2025-03-19T11:00,37,52.9,43.1,16.2
0,County Dublin,2025-03-19T12:00,36.4,53.1,45.7,16.4
0,County Dublin,2025-03-19T13:00,34.6,53,53,17.3
0,County Dublin,2025-03-19T14:00,35,53.3,52.2,17.1
0,County Dublin,2025-03-19T15:00,33.5,54,61,17.8
0,County Dublin,2025-03-19T16:00,28.9,52.9,82.9,20.7
0,County Dublin,2025-03-19T17:00,27.4,52.7,92.2,21.8
0,County Dublin,2025-03-19T18:00,31.8,52.5,64.7,18.8
0,County Dublin,2025-03-19T19:00,35.1,50.4,43.5,17
0,County Dublin,2025-03-19T20:00,36.8,48.8,32.5,16.2
0,County Dublin,2025-03-19T21:00,39,48.5,24.2,15.3
0,County Dublin,2025-03-19T22:00,38.9,47.5,22.1,15.4
0,County Dublin,2025-03-19T23:00,40.5,46.1,13.8,14.7
0,County Dublin,2025-03-20T00:00,39.6,43,8.5,15.1
0,County Dublin,2025-03-20T01:00,38.4,41.2,7.2,15.6
0,County Dublin,2025-03-20T02:00,41.1,43.5,5.7,14.5
0,County Dublin,2025-03-20T03:00,47.5,49,3.2,12.6
0,County Dublin,2025-03-20T04:00,54.7,55.9,2.3,10.9
0,County Dublin,2025-03-20T05:00,53.7,56.5,5.1,11.1
0,County Dublin,2025-03-20T06:00,48,59.4,23.7,12.4
0,County Dublin,2025-03-20T07:00,35.2,55.8,58.2,17
0,County Dublin,2025-03-20T08:00,28.1,52.9,88.5,21.3
0,County Dublin,2025-03-20T09:00,34.4,54.4,57.7,17.3
0,County Dublin,2025-03-20T10:00,37.5,53.8,43.3,15.9
0,County Dublin,2025-03-20T11:00,37.1,53.3,43.6,16.1
0,County Dublin,2025-03-20T12:00,36.1,52.9,46.5,16.5
0,County Dublin,2025-03-20T13:00,35.8,53.4,49,16.7
0,County Dublin,2025-03-20T14:00,35.5,53.4,50.6,16.8
0,County Dublin,2025-03-20T15:00,32.5,53.4,64.1,18.4
0,County Dublin,2025-03-20T16:00,28,52.8,88.4,21.3
0,County Dublin,2025-03-20T17:00,26.5,52.1,96.1,22.5
0,County Dublin,2025-03-20T18:00,30.4,51.8,70.3,19.7
0,County Dublin,2025-03-20T19:00,34.4,50.2,46.1,17.4
0,County Dublin,2025-03-20T20:00,36.2,48.4,33.5,16.5
0,County Dublin,2025-03-20T21:00,37.8,47.5,25.6,15.8
0,County Dublin,2025-03-20T22:00,38.4,46.6,21.3,15.6
0,County Dublin,2025-03-20T23:00,37.7,45,19.4,15.9
0,County Dublin,2025-03-21T00:00,39,43,10.2,15.3
0,County Dublin,2025-03-21T01:00,38,40.6,6.8,15.7
0,County Dublin,2025-03-21T02:00,39.2,41.2,5.2,15.2
0,County Dublin,2025-03-21T03:00,45.2,47.1,4,13.2
0,County Dublin,2025-03-21T04:00,53,54.9,3.6,11.3
0,County Dublin,2025-03-21T05:00,52.7,56,6.2,11.3
0,County Dublin,2025-03-21T06:00,49.2,59,19.8,12.1
0,County Dublin,2025-03-21T07:00,39.9,56.1,40.5,15
0,County Dublin,2025-03-21T08:00,32,52.7,64.3,18.7
0,County Dublin,2025-03-21T09:00,36.3,53.3,46.6,16.4
0,County Dublin,2025-03-21T10:00,37.7,53.5,41.6,15.8
0,County Dublin,2025-03-21T11:00,37.1,53.6,44.5,16.1
0,County Dublin,2025-03-21T12:00,35,53.5,52.8,17.1
0,County Dublin,2025-03-21T13:00,32.9,53.6,63,18.2
0,County Dublin,2025-03-21T14:00,30.5,53.1,73.8,19.6
0,County Dublin,2025-03-21T15:00,28.3,52.4,84.8,21.1
0,County Dublin,2025-03-21T16:00,27.6,51.7,87,21.6
0,County Dublin,2025-03-21T17:00,29.4,51.1,73.8,20.3
0,County Dublin,2025-03-21T18:00,33.2,51.2,53.8,18
0,County Dublin,2025-03-21T19:00,34.1,49.6,45.2,17.5
0,County Dublin,2025-03-21T20:00,35.3,47.4,34.2,16.9
0,County Dublin,2025-03-21T21:00,36.7,46.9,27.5,16.3
0,County Dublin,2025-03-21T22:00,36.1,45.9,27.1,16.5
0,County Dublin,2025-03-21T23:00,34.8,43.1,23.9,17.2
0,County Dublin,2025-03-22T00:00,34.3,40.7,18.8,17.4
0,County Dublin,2025-03-22T01:00,33.9,39.1,15.3,17.6
0,County Dublin,2025-03-22T02:00,34.1,39.2,14.8,17.5
0,County Dublin,2025-03-22T03:00,39.5,42.4,7.4,15.1
0,County Dublin,2025-03-22T04:00,48.7,50.9,4.4,12.3
0,County Dublin,2025-03-22T05:00,49.2,52.7,7,12.1
0,County Dublin,2025-03-22T06:00,50.1,54.1,7.9,11.9
0,County Dublin,2025-03-22T07:00,49.5,55.2,11.5,12.1
0,County Dublin,2025-03-22T08:00,46.7,55.4,18.6,12.8
0,County Dublin,2025-03-22T09:00,42.5,55.2,29.9,14.1
0,County Dublin,2025-03-22T10:00,39.8,54.8,37.6,15
0,County Dublin,2025-03-22T11:00,37.5,54.8,46.2,15.9
0,County Dublin,2025-03-22T12:00,35,54.6,55.9,17.1
0,County Dublin,2025-03-22T13:00,32.5,53.7,65,18.4
0,County Dublin,2025-03-22T14:00,31.9,53.2,66.7,18.7
0,County Dublin,2025-03-22T15:00,31.7,52.1,64.2,18.8
0,County Dublin,2025-03-22T16:00,33.5,52.5,56.7,17.8
0,County Dublin,2025-03-22T17:00,35.4,51.7,46,16.9
0,County Dublin,2025-03-22T18:00,36.8,51.1,38.9,16.2
0,County Dublin,2025-03-22T19:00,36.3,49.6,36.3,16.4
0,County Dublin,2025-03-22T20:00,35.5,47,32.1,16.8
0,County Dublin,2025-03-22T21:00,35.5,45.4,27.9,16.8
0,County Dublin,2025-03-22T22:00,34.5,43.9,27,17.3
0,County Dublin,2025-03-22T23:00,34.3,42.6,24.2,17.4
0,County Dublin,2025-03-23T00:00,34.6,41.4,19.6,17.3
0,County Dublin,2025-03-23T01:00,34.8,40,14.9,17.2
0,County Dublin,2025-03-23T02:00,33.8,38.7,14.4,17.7
0,County Dublin,2025-03-23T03:00,39.3,42.1,7.2,15.2
0,County Dublin,2025-03-23T04:00,45.3,47.4,4.4,13.2
0,County Dublin,2025-03-23T05:00,47.9,50.4,5.2,12.5
0,County Dublin,2025-03-23T06:00,48.3,50.6,4.6,12.4
0,County Dublin,2025-03-23T07:00,48.2,52.3,8.4,12.4
0,County Dublin,2025-03-23T08:00,48.2,54.7,13.3,12.4
0,County Dublin,2025-03-23T09:00,46.5,55.8,19.9,12.8
0,County Dublin,2025-03-23T10:00,43.5,55.2,26.8,13.7
0,County Dublin,2025-03-23T11:00,41.1,55.1,34,14.5
0,County Dublin,2025-03-23T12:00,39.4,55.3,40.3,15.2
0,County Dublin,2025-03-23T13:00,37.7,55.1,46,15.8
0,County Dublin,2025-03-23T14:00,37.3,54.4,45.8,16
0,County Dublin,2025-03-23T15:00,38.4,54.1,40.7,15.6
0,County Dublin,2025-03-23T16:00,39.4,54.1,37.4,15.2
0,County Dublin,2025-03-23T17:00,39.7,53.9,35.9,15.1
0,County Dublin,2025-03-23T18:00,38.9,53.4,37.2,15.4
0,County Dublin,2025-03-23T19:00,40,52.2,30.5,14.9
0,County Dublin,2025-03-23T20:00,41.4,51.3,23.7,14.4
0,County Dublin,2025-03-23T21:00,41.8,50.1,19.8,14.3
0,County Dublin,2025-03-23T22:00,37.7,48.8,29.1,15.8
0,County Dublin,2025-03-23T23:00,41.3,46.9,13.5,14.5
0,County Dublin,2025-03-24T00:00,40.4,43.5,7.6,14.8
0,County Dublin,2025-03-24T01:00,38.7,41.2,6.4,15.4
0,County Dublin,2025-03-24T02:00,41,43.2,5.5,14.6
0,County Dublin,2025-03-24T03:00,46.9,49.1,4.6,12.7
0,County Dublin,2025-03-24T04:00,54,55.7,3.1,11.1
0,County Dublin,2025-03-24T05:00,54,57.1,5.8,11.1
0,County Dublin,2025-03-24T06:00,48.6,59.8,22.9,12.3
0,County Dublin,2025-03-24T07:00,34.2,55.6,62.5,17.5
0,County Dublin,2025-03-24T08:00,26.5,52.5,97.7,22.5
0,County Dublin,2025-03-24T09:00,33.2,54,62.6,18
0,County Dublin,2025-03-24T10:00,38.1,54,41.7,15.7
0,County Dublin,2025-03-24T11:00,37.4,53.3,42.1,16
0,County Dublin,2025-03-24T12:00,36.6,53.2,45.1,16.3
0,County Dublin,2025-03-24T13:00,36.4,53.3,46.4,16.4
0,County Dublin,2025-03-24T14:00,36.2,53.3,47.2,16.5
0,County Dublin,2025-03-24T15:00,34.3,53.8,56.9,17.4
0,County Dublin,2025-03-24T16:00,30.8,53.4,73.2,19.4
0,County Dublin,2025-03-24T17:00,30.5,52.9,73.4,19.6
0,County Dublin,2025-03-24T18:00,35.7,52.8,47.7,16.7
0,County Dublin,2025-03-24T19:00,36.4,50.3,38.1,16.4
0,County Dublin,2025-03-24T20:00,38.1,49.3,29.4,15.7
0,County Dublin,2025-03-24T21:00,40.2,49.2,22.3,14.9
0,County Dublin,2025-03-24T22:00,41.5,48.3,16.3,14.4
0,County Dublin,2025-03-24T23:00,40.5,45.3,11.7,14.7
0,County Dublin,2025-03-25T00:00,40,43.6,8.7,14.9
0,County Dublin,2025-03-25T01:00,40.7,42.9,5.5,14.7
0,County Dublin,2025-03-25T02:00,42,44.1,5,14.2
0,County Dublin,2025-03-25T03:00,47,48.7,3.6,12.7
0,County Dublin,2025-03-25T04:00,55.2,56.3,1.9,10.8
0,County Dublin,2025-03-25T05:00,54.9,57.7,5.2,10.9
0,County Dublin,2025-03-25T06:00,47.1,59.5,26.2,12.7
0,County Dublin,2025-03-25T07:00,33.2,55.5,67.1,18
0,County Dublin,2025-03-25T08:00,25.9,52.8,103.6,23.1
0,County Dublin,2025-03-25T09:00,32.9,54.6,65.5,18.1
0,County Dublin,2025-03-25T10:00,37.9,53.6,41.5,15.8
0,County Dublin,2025-03-25T11:00,37.4,52.7,41,16
0,County Dublin,2025-03-25T12:00,36.4,52.5,43.9,16.4
0,County Dublin,2025-03-25T13:00,36.2,52.9,46.1,16.5
0,County Dublin,2025-03-25T14:00,36.3,53.4,47,16.5
0,County Dublin,2025-03-25T15:00,33.9,54.2,59.8,17.6
0,County Dublin,2025-03-25T16:00,27.9,52.5,88.1,21.4
0,County Dublin,2025-03-25T17:00,27.1,52.9,95.1,22.1
0,County Dublin,2025-03-25T18:00,30.8,52,68.7,19.4
0,County Dublin,2025-03-25T19:00,34.4,50.2,45.9,17.4
0,County Dublin,2025-03-25T20:00,37.5,49.2,31.2,15.9
0,County Dublin,2025-03-25T21:00,38.9,48.4,24.2,15.3
0,County Dublin,2025-03-25T22:00,39.3,47,19.7,15.2
0,County Dublin,2025-03-25T23:00,39.9,45.1,12.9,15
0,County Dublin,2025-03-26T00:00,39,42.4,8.8,15.3
0,County Dublin,2025-03-26T01:00,37.9,40.5,6.9,15.8
0,County Dublin,2025-03-26T02:00,39.5,41.7,5.5,15.1
0,County Dublin,2025-03-26T03:00,45.9,46.8,1.9,13
0,County Dublin,2025-03-26T04:00,53.5,54.5,1.9,11.2
0,County Dublin,2025-03-26T05:00,53.6,56.3,5,11.1
0,County Dublin,2025-03-26T06:00,47.3,59.6,25.8,12.6
0,County Dublin,2025-03-26T07:00,33.2,55.4,66.9,18
0,County Dublin,2025-03-26T08:00,25.6,52.5,104.5,23.3
0,County Dublin,2025-03-26T09:00,30.6,53.3,73.8,19.5
0,County Dublin,2025-03-26T10:00,36.3,53.9,48.2,16.4
0,County Dublin,2025-03-26T11:00,36.5,52.7,44.2,16.4
0,County Dublin,2025-03-26T12:00,35.9,52.8,47.2,16.7
0,County Dublin,2025-03-26T13:00,34.6,52.8,52.6,17.3
0,County Dublin,2025-03-26T14:00,35,53.4,52.6,17.1
0,County Dublin,2025-03-26T15:00,32.7,53.7,64.3,18.3
0,County Dublin,2025-03-26T16:00,27.5,52.7,91.4,21.7
0,County Dublin,2025-03-26T17:00,25.8,52,101.1,23.1
0,County Dublin,2025-03-26T18:00,30.4,52.3,71.6,19.6
0,County Dublin,2025-03-26T19:00,34.4,50,45.1,17.4
0,County Dublin,2025-03-26T20:00,36.4,48.6,33.6,16.4
0,County Dublin,2025-03-26T21:00,38.7,48.8,25.9,15.4
0,County Dublin,2025-03-26T22:00,39,47.9,22.6,15.3
0,County Dublin,2025-03-26T23:00,39.7,45.3,13.9,15
0,County Dublin,2025-03-27T00:00,39.1,42.7,9.2,15.3
0,County Dublin,2025-03-27T01:00,39.1,41.3,5.7,15.3
0,County Dublin,2025-03-27T02:00,43.1,45.1,4.6,13.9
0,County Dublin,2025-03-27T03:00,47.9,48.9,2,12.5
0,County Dublin,2025-03-27T04:00,53,54.3,2.3,11.3
0,County Dublin,2025-03-27T05:00,54.3,57,4.9,11
0,County Dublin,2025-03-27T06:00,48.2,59.5,23.4,12.4
0,County Dublin,2025-03-27T07:00,34.6,55.8,60.9,17.3
0,County Dublin,2025-03-27T08:00,27,52.8,95,22.1
0,County Dublin,2025-03-27T09:00,32.4,53.8,65.7,18.4
0,County Dublin,2025-03-27T10:00,36.5,53.7,47.2,16.4
0,County Dublin,2025-03-27T11:00,36.6,53.4,45.5,16.3
0,County Dublin,2025-03-27T12:00,35.2,52.8,49.7,16.9
0,County Dublin,2025-03-27T13:00,32.2,51.8,60.6,18.6
0,County Dublin,2025-03-27T14:00,30.9,52.1,68.6,19.3
0,County Dublin,2025-03-27T15:00,30.3,53.1,75.2,19.7
0,County Dublin,2025-03-27T16:00,26.8,52.7,96.7,22.3
0,County Dublin,2025-03-27T17:00,26.1,52.4,100.8,22.9
0,County Dublin,2025-03-27T18:00,28.6,51.3,79,20.9
0,County Dublin,2025-03-27T19:00,32.7,50.3,53.4,18.2
0,County Dublin,2025-03-27T20:00,35.8,48.7,35.8,16.7
0,County Dublin,2025-03-27T21:00,37.1,47.8,28.8,16.1
0,County Dublin,2025-03-27T22:00,36.6,46.5,27.1,16.3
0,County Dublin,2025-03-27T23:00,37.9,44.2,16.4,15.7
0,County Dublin,2025-03-28T00:00,37.7,42,11.4,15.8
0,County Dublin,2025-03-28T01:00,36,39.1,8.5,16.6
0,County Dublin,2025-03-28T02:00,38.1,40.1,5.2,15.7
0,County Dublin,2025-03-28T03:00,45.5,46.9,2.9,13.1
0,County Dublin,2025-03-28T04:00,51.9,54.5,4.9,11.5
0,County Dublin,2025-03-28T05:00,52.5,55.6,6,11.4
0,County Dublin,2025-03-28T06:00,48.5,58.8,21.1,12.3
0,County Dublin,2025-03-28T07:00,39.3,56.1,42.8,15.2
0,County Dublin,2025-03-28T08:00,31.5,52.7,67,18.9
0,County Dublin,2025-03-28T09:00,35.6,53.4,50,16.8
0,County Dublin,2025-03-28T10:00,37.2,53.6,44,16.1
0,County Dublin,2025-03-28T11:00,36.2,53.5,47.6,16.5
0,County Dublin,2025-03-28T12:00,34.3,53.7,56.4,17.4
0,County Dublin,2025-03-28T13:00,30.9,53.2,72,19.3
0,County Dublin,2025-03-28T14:00,28.1,52.6,87,21.3
0,County Dublin,2025-03-28T15:00,26.9,52,93.2,22.2
0,County Dublin,2025-03-28T16:00,26.5,51.5,93.9,22.5
0,County Dublin,2025-03-28T17:00,29.6,51.6,74.2,20.2
0,County Dublin,2025-03-28T18:00,33.5,51.6,53.9,17.8
0,County Dublin,2025-03-28T19:00,34.5,50.2,45.5,17.3
0,County Dublin,2025-03-28T20:00,35.9,48.6,35.5,16.7
0,County Dublin,2025-03-28T21:00,38.3,48.9,27.5,15.6
0,County Dublin,2025-03-28T22:00,36.7,46.6,26.7,16.3
0,County Dublin,2025-03-28T23:00,36.3,44.5,22.4,16.5
0,County Dublin,2025-03-29T00:00,36.1,42,16.5,16.6
0,County Dublin,2025-03-29T01:00,35,39.7,13.3,17
0,County Dublin,2025-03-29T02:00,34.9,39.3,12.7,17.1
0,County Dublin,2025-03-29T03:00,41.3,43.7,5.6,14.4
0,County Dublin,2025-03-29T04:00,48.2,50,3.8,12.4
0,County Dublin,2025-03-29T05:00,50.6,52.9,4.6,11.8
0,County Dublin,2025-03-29T06:00,51.1,53.7,5.1,11.7
0,County Dublin,2025-03-29T07:00,49.5,55,11,12.1
0,County Dublin,2025-03-29T08:00,46.7,55.2,18.2,12.8
0,County Dublin,2025-03-29T09:00,42.3,54.9,29.6,14.1
0,County Dublin,2025-03-29T10:00,38.8,54.8,41.2,15.4
0,County Dublin,2025-03-29T11:00,36.3,54.9,51.2,16.5
0,County Dublin,2025-03-29T12:00,31.8,54.2,70.1,18.8
0,County Dublin,2025-03-29T13:00,29.4,53.5,81.9,20.4
0,County Dublin,2025-03-29T14:00,28.3,52.2,84.3,21.1
0,County Dublin,2025-03-29T15:00,31.5,52.8,67.7,19
0,County Dublin,2025-03-29T16:00,33.9,52.9,56,17.6
0,County Dublin,2025-03-29T17:00,34.7,52.4,50.7,17.2
0,County Dublin,2025-03-29T18:00,35.8,51.1,42.3,16.7
0,County Dublin,2025-03-29T19:00,35.7,49.8,39.2,16.7
0,County Dublin,2025-03-29T20:00,36.1,47.9,32.7,16.5
0,County Dublin,2025-03-29T21:00,36.3,46.5,28,16.5
0,County Dublin,2025-03-29T22:00,36.7,45.8,24.6,16.3
0,County Dublin,2025-03-29T23:00,36.6,44.3,21,16.3
0,County Dublin,2025-03-30T00:00,37.7,43.1,14.3,15.8
0,County Dublin,2025-03-30T02:00,38.4,42.4,10.3,15.5
0,County Dublin,2025-03-30T03:00,39.1,42.4,8.2,15.3
0,County Dublin,2025-03-30T04:00,41.8,44.1,5.5,14.3
0,County Dublin,2025-03-30T05:00,45.2,47.8,5.7,13.2
0,County Dublin,2025-03-30T06:00,50.2,52.7,4.9,11.9
0,County Dublin,2025-03-30T07:00,47,52.2,11,12.7
0,County Dublin,2025-03-30T08:00,47.8,54.9,14.7,12.5
0,County Dublin,2025-03-30T09:00,46.3,55.7,20.3,12.9
0,County Dublin,2025-03-30T10:00,43.3,55.5,28.2,13.8
0,County Dublin,2025-03-30T11:00,41.7,56.2,34.8,14.3
0,County Dublin,2025-03-30T12:00,38.2,56.4,47.7,15.7
0,County Dublin,2025-03-30T13:00,33.6,55.3,64.4,17.8
0,County Dublin,2025-03-30T14:00,32,54.1,68.9,18.7
0,County Dublin,2025-03-30T15:00,34.7,54.4,56.8,17.2
0,County Dublin,2025-03-30T16:00,38.1,54.7,43.4,15.7
0,County Dublin,2025-03-30T17:00,38.7,54.5,40.8,15.4
0,County Dublin,2025-03-30T18:00,37.6,54.6,45.2,15.9
0,County Dublin,2025-03-30T19:00,40.2,53.5,33,14.9
0,County Dublin,2025-03-30T20:00,40.9,52.7,28.6,14.6
0,County Dublin,2025-03-30T21:00,42.1,51.5,22.2,14.2
0,County Dublin,2025-03-30T22:00,42,49.3,17.2,14.2
0,County Dublin,2025-03-30T23:00,42,47.4,12.9,14.2
0,County Dublin,2025-03-31T00:00,42.2,45.7,8.2,14.1
0,County Dublin,2025-03-31T01:00,41.9,43.8,4.6,14.3
0,County Dublin,2025-03-31T02:00,42.8,44.4,3.8,14
0,County Dublin,2025-03-31T03:00,47.4,48.5,2.3,12.6
0,County Dublin,2025-03-31T04:00,55.3,56.6,2.4,10.8
0,County Dublin,2025-03-31T05:00,56.3,59.3,5.2,10.6
0,County Dublin,2025-03-31T06:00,49.6,60.8,22.5,12
0,County Dublin,2025-03-31T07:00,38.6,57,47.6,15.5
0,County Dublin,2025-03-31T08:00,31.6,53.7,69.7,18.9
0,County Dublin,2025-03-31T09:00,38.4,55,42.9,15.5
0,County Dublin,2025-03-31T10:00,39.9,54.3,36,15
0,County Dublin,2025-03-31T11:00,38.9,53.8,38.1,15.3
0,County Dublin,2025-03-31T12:00,37.9,53.5,41,15.8
0,County Dublin,2025-03-31T13:00,37,53.4,44.2,16.2
0,County Dublin,2025-03-31T14:00,36.7,53.4,45.6,16.3
0,County Dublin,2025-03-31T15:00,35.4,54.3,53.4,16.9
0,County Dublin,2025-03-31T16:00,32,53.9,68.4,18.7
0,County Dublin,2025-03-31T17:00,32.4,53.7,65.3,18.4
0,County Dublin,2025-03-31T18:00,36.1,52.3,44.6,16.5
0,County Dublin,2025-03-31T19:00,37.5,50.7,35,15.9
0,County Dublin,2025-03-31T20:00,37.8,49.6,31.3,15.8
0,County Dublin,2025-03-31T21:00,39.9,49.4,23.8,15
0,County Dublin,2025-03-31T22:00,41.6,48.4,16.3,14.3
0,County Dublin,2025-03-31T23:00,41.7,46.6,11.8,14.3
0,County Dublin,2025-04-01T00:00,42,45.1,7.3,14.2
0,County Dublin,2025-04-01T01:00,43.9,45.5,3.7,13.6
0,County Dublin,2025-04-01T02:00,42.4,43.4,2.5,14.1
0,County Dublin,2025-04-01T03:00,47.7,49,2.6,12.5
0,County Dublin,2025-04-01T04:00,54.4,55.4,1.7,11
0,County Dublin,2025-04-01T05:00,55.8,58.2,4.3,10.7
0,County Dublin,2025-04-01T06:00,48.4,60.5,24.9,12.3
0,County Dublin,2025-04-01T07:00,33.7,55.8,65.6,17.7
0,County Dublin,2025-04-01T08:00,25.7,52.6,104.7,23.3
0,County Dublin,2025-04-01T09:00,31.8,54.3,70.5,18.8
0,County Dublin,2025-04-01T10:00,37.9,54.1,42.7,15.8
0,County Dublin,2025-04-01T11:00,37.4,53.3,42.2,16
0,County Dublin,2025-04-01T12:00,36.5,53.1,45.5,16.4
0,County Dublin,2025-04-01T13:00,36.2,53.4,47.4,16.5
0,County Dublin,2025-04-01T14:00,35.9,53.6,48.9,16.6
0,County Dublin,2025-04-01T15:00,33.5,54.1,61.4,17.8
0,County Dublin,2025-04-01T16:00,26.3,52.4,98.9,22.7
0,County Dublin,2025-04-01T17:00,24.3,52,113.8,24.6
0,County Dublin,2025-04-01T18:00,28.6,52.1,81.8,20.9
0,County Dublin,2025-04-01T19:00,35,50.5,44.4,17.1
0,County Dublin,2025-04-01T20:00,36.9,49.2,33.2,16.2
0,County Dublin,2025-04-01T21:00,38.7,48.8,26,15.4
0,County Dublin,2025-04-01T22:00,39.9,47.6,19,15
0,County Dublin,2025-04-01T23:00,39.6,44.9,13.3,15.1
0,County Dublin,2025-04-02T00:00,40.3,43.5,7.8,14.8
0,County Dublin,2025-04-02T01:00,42.4,44.3,4.6,14.1
0,County Dublin,2025-04-02T02:00,41.4,43.2,4.2,14.4
0,County Dublin,2025-04-02T03:00,46.6,48,3,12.8
0,County Dublin,2025-04-02T04:00,54.7,56.1,2.5,10.9
0,County Dublin,2025-04-02T05:00,55.2,57.8,4.6,10.8
0,County Dublin,2025-04-02T06:00,47.9,59.9,25,12.5
0,County Dublin,2025-04-02T07:00,33.8,55.7,64.4,17.7
0,County Dublin,2025-04-02T08:00,26.3,53,101.2,22.7
0,County Dublin,2025-04-02T09:00,32.7,54.4,66.5,18.3
0,County Dublin,2025-04-02T10:00,37.4,54,44.4,16
0,County Dublin,2025-04-02T11:00,36.7,52.9,43.9,16.3
0,County Dublin,2025-04-02T12:00,36,53,47,16.6
0,County Dublin,2025-04-02T13:00,34.8,53.2,52.8,17.2
0,County Dublin,2025-04-02T14:00,35,53.6,53,17.1
0,County Dublin,2025-04-02T15:00,33.2,54,62.5,18
0,County Dublin,2025-04-02T16:00,28.5,53.4,86.9,20.9
0,County Dublin,2025-04-02T17:00,26.7,52.6,96.8,22.4
0,County Dublin,2025-04-02T18:00,31,52,67.7,19.3
0,County Dublin,2025-04-02T19:00,34.9,50,43,17.1
0,County Dublin,2025-04-02T20:00,36.6,49,33.9,16.3
0,County Dublin,2025-04-02T21:00,38.1,48.2,26.4,15.7
0,County Dublin,2025-04-02T22:00,39,47.1,20.5,15.3
0,County Dublin,2025-04-02T23:00,38.8,44.4,14.3,15.4
0,County Dublin,2025-04-03T00:00,39.1,42.7,9.2,15.3
0,County Dublin,2025-04-03T01:00,41,43,5,14.6
0,County Dublin,2025-04-03T02:00,42.9,44.8,4.3,13.9
0,County Dublin,2025-04-03T03:00,47.4,48.8,2.8,12.6
0,County Dublin,2025-04-03T04:00,52.8,54.6,3.4,11.3
0,County Dublin,2025-04-03T05:00,54.9,57.4,4.5,10.9
0,County Dublin,2025-04-03T06:00,48,59.6,24.2,12.4
0,County Dublin,2025-04-03T07:00,33.8,55.2,63,17.7
0,County Dublin,2025-04-03T08:00,26.4,52.7,99.4,22.7
0,County Dublin,2025-04-03T09:00,32.3,54.4,68.2,18.5
0,County Dublin,2025-04-03T10:00,37.1,54,45.5,16.1
0,County Dublin,2025-04-03T11:00,37.1,53.3,43.8,16.1
0,County Dublin,2025-04-03T12:00,35.7,52.9,48.1,16.7
0,County Dublin,2025-04-03T13:00,35.3,53.1,50.6,16.9
0,County Dublin,2025-04-03T14:00,34.7,53.6,54.2,17.2
0,County Dublin,2025-04-03T15:00,31.5,53.6,70.1,19
0,County Dublin,2025-04-03T16:00,26.8,53,97.3,22.3
0,County Dublin,2025-04-03T17:00,25.5,52.1,104.1,23.5
0,County Dublin,2025-04-03T18:00,29.2,51.4,75.8,20.4
0,County Dublin,2025-04-03T19:00,33.8,49.8,47.4,17.7
0,County Dublin,2025-04-03T20:00,35.9,48.5,35.2,16.7
0,County Dublin,2025-04-03T21:00,37.5,47.8,27.5,15.9
0,County Dublin,2025-04-03T22:00,37.6,46.5,23.3,15.9
0,County Dublin,2025-04-03T23:00,37.7,44.2,17.1,15.9
0,County Dublin,2025-04-04T00:00,37.4,41.8,11.6,16
0,County Dublin,2025-04-04T01:00,38.3,41.3,7.7,15.6
0,County Dublin,2025-04-04T02:00,39.9,42.2,5.6,15
0,County Dublin,2025-04-04T03:00,43.9,45.7,4.2,13.6
0,County Dublin,2025-04-04T04:00,51.5,53.6,4,11.6
0,County Dublin,2025-04-04T05:00,53.7,57,6,11.1
0,County Dublin,2025-04-04T06:00,49.5,59.4,20,12.1
0,County Dublin,2025-04-04T07:00,41.5,56.9,37,14.4
0,County Dublin,2025-04-04T08:00,32.3,52.8,63.1,18.5
0,County Dublin,2025-04-04T09:00,36.5,53.8,47.3,16.4
0,County Dublin,2025-04-04T10:00,37.5,53.4,42.4,15.9
0,County Dublin,2025-04-04T11:00,37.1,53.8,44.8,16.1
0,County Dublin,2025-04-04T12:00,35.3,53.8,52.6,16.9
0,County Dublin,2025-04-04T13:00,32.3,53.5,65.8,18.5
0,County Dublin,2025-04-04T14:00,30.5,53.4,74.7,19.6
0,County Dublin,2025-04-04T15:00,29.3,53,80.6,20.4
0,County Dublin,2025-04-04T16:00,30.2,52.5,73.6,19.8
0,County Dublin,2025-04-04T17:00,32.8,52.3,59.4,18.2
0,County Dublin,2025-04-04T18:00,34.2,50.8,48.6,17.5
0,County Dublin,2025-04-04T19:00,34.5,49.4,42.8,17.3
0,County Dublin,2025-04-04T20:00,35,47.8,36.2,17
0,County Dublin,2025-04-04T21:00,36.1,46.9,29.7,16.5
0,County Dublin,2025-04-04T22:00,35.8,46,28.3,16.7
0,County Dublin,2025-04-04T23:00,35.5,43.8,23,16.8
0,County Dublin,2025-04-05T00:00,35.5,41.7,17.3,16.8
0,County Dublin,2025-04-05T01:00,35.4,40.4,13.9,16.9
0,County Dublin,2025-04-05T02:00,33.5,38.7,15.4,17.8
0,County Dublin,2025-04-05T03:00,38.3,42.1,9.7,15.6
0,County Dublin,2025-04-05T04:00,45,47.7,6,13.3
0,County Dublin,2025-04-05T05:00,50,52.5,5,11.9
0,County Dublin,2025-04-05T06:00,51.2,54.7,6.7,11.7
0,County Dublin,2025-04-05T07:00,50.4,56,10.9,11.8
0,County Dublin,2025-04-05T08:00,47.4,56,18.1,12.6
0,County Dublin,2025-04-05T09:00,43.1,55.7,28.9,13.8
0,County Dublin,2025-04-05T10:00,39.7,55.1,38.7,15.1
0,County Dublin,2025-04-05T11:00,36.9,54.9,48.6,16.2
0,County Dublin,2025-04-05T12:00,34.7,55,58.5,17.2
0,County Dublin,2025-04-05T13:00,32.1,54.1,68.5,18.6
0,County Dublin,2025-04-05T14:00,32.6,53.7,64.3,18.3
0,County Dublin,2025-04-05T15:00,35.8,53.2,48.4,16.7
0,County Dublin,2025-04-05T16:00,37.6,53,40.8,15.9
0,County Dublin,2025-04-05T17:00,35.9,52.8,47,16.7
0,County Dublin,2025-04-05T18:00,36.3,51.5,41.7,16.5
0,County Dublin,2025-04-05T19:00,35.5,49,38,16.8
0,County Dublin,2025-04-05T20:00,35.9,48,33.6,16.6
0,County Dublin,2025-04-05T21:00,36.2,46.5,28.2,16.5
0,County Dublin,2025-04-05T22:00,36.2,45.3,25.3,16.5
0,County Dublin,2025-04-05T23:00,36.8,44.8,21.8,16.2
0,County Dublin,2025-04-06T00:00,36.7,42.7,16.2,16.3
0,County Dublin,2025-04-06T01:00,37,41.5,12,16.1
0,County Dublin,2025-04-06T02:00,34.1,39.2,14.7,17.5
0,County Dublin,2025-04-06T03:00,37.3,41,9.9,16
0,County Dublin,2025-04-06T04:00,42.8,45.6,6.5,13.9
0,County Dublin,2025-04-06T05:00,48.5,50.9,4.9,12.3
0,County Dublin,2025-04-06T06:00,49.2,51.7,5,12.1
0,County Dublin,2025-04-06T07:00,49,53.1,8.3,12.2
0,County Dublin,2025-04-06T08:00,48.7,54.9,12.6,12.2
0,County Dublin,2025-04-06T09:00,46.3,55.5,19.8,12.9
0,County Dublin,2025-04-06T10:00,43.1,55.5,28.7,13.8
0,County Dublin,2025-04-06T11:00,40.2,55.4,37.7,14.9
0,County Dublin,2025-04-06T12:00,37.2,55.4,48.5,16
0,County Dublin,2025-04-06T13:00,33.7,54.9,62.5,17.7
0,County Dublin,2025-04-06T14:00,33.5,54.2,61.7,17.9
0,County Dublin,2025-04-06T15:00,37,54.3,46.9,16.2
0,County Dublin,2025-04-06T16:00,38.9,54.3,39.7,15.4
0,County Dublin,2025-04-06T17:00,39.2,54.1,37.9,15.2
0,County Dublin,2025-04-06T18:00,39,53.2,36.3,15.3
0,County Dublin,2025-04-06T19:00,40.3,52.6,30.4,14.8
0,County Dublin,2025-04-06T20:00,41,51.9,26.4,14.6
0,County Dublin,2025-04-06T21:00,41,50.1,22.2,14.6
0,County Dublin,2025-04-06T22:00,41,48.2,17.5,14.6
0,County Dublin,2025-04-06T23:00,41.8,46.9,12.1,14.3
0,County Dublin,2025-04-07T00:00,41.3,44.7,8.2,14.5
0,County Dublin,2025-04-07T01:00,41.5,43.6,5.1,14.4
0,County Dublin,2025-04-07T02:00,42.6,44.5,4.5,14
0,County Dublin,2025-04-07T03:00,49.2,50.5,2.6,12.1
0,County Dublin,2025-04-07T04:00,55,56.9,3.4,10.9
0,County Dublin,2025-04-07T05:00,56.1,59.2,5.5,10.6
0,County Dublin,2025-04-07T06:00,48.8,59.9,22.8,12.2
0,County Dublin,2025-04-07T07:00,35.9,56.4,56.9,16.6
0,County Dublin,2025-04-07T08:00,28.7,53,84.6,20.8
0,County Dublin,2025-04-07T09:00,36,54.6,51.3,16.6
0,County Dublin,2025-04-07T10:00,38.9,54,38.7,15.4
0,County Dublin,2025-04-07T11:00,38.2,53.4,39.8,15.6
0,County Dublin,2025-04-07T12:00,37.1,53.1,43.1,16.1
0,County Dublin,2025-04-07T13:00,36.6,53.3,45.7,16.3
0,County Dublin,2025-04-07T14:00,36.4,53.6,47.1,16.4
0,County Dublin,2025-04-07T15:00,34.4,53.8,56.4,17.4
0,County Dublin,2025-04-07T16:00,30.8,53.6,73.7,19.4
0,County Dublin,2025-04-07T17:00,31.1,53.4,71.3,19.2
0,County Dublin,2025-04-07T18:00,35,51.8,47.9,17.1
0,County Dublin,2025-04-07T19:00,36.5,49.9,36.5,16.3
0,County Dublin,2025-04-07T20:00,37.9,49.5,30.3,15.7
0,County Dublin,2025-04-07T21:00,39.5,48.9,23.6,15.1
0,County Dublin,2025-04-07T22:00,40.3,47.6,18,14.8
0,County Dublin,2025-04-07T23:00,41.2,46.2,12.1,14.5
0,County Dublin,2025-04-08T00:00,42,45.2,7.6,14.2
0,County Dublin,2025-04-08T01:00,43,44.6,3.7,13.9
0,County Dublin,2025-04-08T02:00,42.2,43.8,3.8,14.2
0,County Dublin,2025-04-08T03:00,47.6,49,2.7,12.5
0,County Dublin,2025-04-08T04:00,55.3,56.3,1.7,10.8
0,County Dublin,2025-04-08T05:00,55.8,58.4,4.7,10.7
0,County Dublin,2025-04-08T06:00,48.1,60,24.8,12.4
0,County Dublin,2025-04-08T07:00,33.9,56,65.1,17.6
0,County Dublin,2025-04-08T08:00,26,52.7,102.5,23
0,County Dublin,2025-04-08T09:00,31.8,54.3,70.4,18.8
0,County Dublin,2025-04-08T10:00,36.5,53.7,46.9,16.4
0,County Dublin,2025-04-08T11:00,37.4,53.1,42,16
0,County Dublin,2025-04-08T12:00,36.3,53,45.8,16.4
0,County Dublin,2025-04-08T13:00,36,53.3,48,16.6
0,County Dublin,2025-04-08T14:00,35.9,53.6,49.2,16.6
0,County Dublin,2025-04-08T15:00,33.5,54,61.2,17.8
0,County Dublin,2025-04-08T16:00,28.1,53,88.7,21.3
0,County Dublin,2025-04-08T17:00,26.8,52.8,96.5,22.3
0,County Dublin,2025-04-08T18:00,30.9,52.1,68.7,19.4
0,County Dublin,2025-04-08T19:00,35.6,50.2,41,16.8
0,County Dublin,2025-04-08T20:00,37,48.8,32,16.2
0,County Dublin,2025-04-08T21:00,39.2,49.3,25.5,15.2
0,County Dublin,2025-04-08T22:00,40.3,48.5,20.2,14.8
0,County Dublin,2025-04-08T23:00,40.1,46.2,15.3,14.9
0,County Dublin,2025-04-09T00:00,40.6,44.2,8.8,14.7
0,County Dublin,2025-04-09T01:00,41.4,43.4,4.6,14.4
0,County Dublin,2025-04-09T02:00,43.7,45.5,4.1,13.7
0,County Dublin,2025-04-09T03:00,46.5,48.5,4.2,12.8
0,County Dublin,2025-04-09T04:00,54.4,55.7,2.3,11
0,County Dublin,2025-04-09T05:00,54.9,57.7,5,10.9
0,County Dublin,2025-04-09T06:00,48.2,59.7,23.8,12.4
0,County Dublin,2025-04-09T07:00,33.7,55.5,64.6,17.7
0,County Dublin,2025-04-09T08:00,26.6,52.8,98.2,22.5
0,County Dublin,2025-04-09T09:00,32.3,54.6,68.8,18.5
0,County Dublin,2025-04-09T10:00,36.3,53.9,48.4,16.5
0,County Dublin,2025-04-09T11:00,37,53.5,44.4,16.1
0,County Dublin,2025-04-09T12:00,36.4,53.8,47.8,16.4
0,County Dublin,2025-04-09T13:00,34.4,53.4,55.4,17.4
0,County Dublin,2025-04-09T14:00,34.7,53.8,54.7,17.2
0,County Dublin,2025-04-09T15:00,32.6,53.9,65.3,18.3
0,County Dublin,2025-04-09T16:00,27.9,53.1,90.3,21.4
0,County Dublin,2025-04-09T17:00,26.4,52.6,99.4,22.7
0,County Dublin,2025-04-09T18:00,30,51.9,72.5,19.9
0,County Dublin,2025-04-09T19:00,34.1,50.1,46.8,17.5
0,County Dublin,2025-04-09T20:00,36,48.9,35.7,16.6
0,County Dublin,2025-04-09T21:00,37.8,48.6,28.5,15.8
0,County Dublin,2025-04-09T22:00,38.9,47.2,21.2,15.3
0,County Dublin,2025-04-09T23:00,38.5,44.5,15.7,15.5
0,County Dublin,2025-04-10T00:00,38.5,42.4,10.1,15.5
0,County Dublin,2025-04-10T01:00,38.5,41.3,7.3,15.5
0,County Dublin,2025-04-10T02:00,42.2,44.4,5.1,14.2
0,County Dublin,2025-04-10T03:00,44.8,46.3,3.3,13.3
0,County Dublin,2025-04-10T04:00,51,52.9,3.8,11.7
0,County Dublin,2025-04-10T05:00,53.9,57,5.8,11.1
0,County Dublin,2025-04-10T06:00,48.1,59.7,24,12.4
0,County Dublin,2025-04-10T07:00,34.6,55.8,61.3,17.3
0,County Dublin,2025-04-10T08:00,27.4,53,93.1,21.8
0,County Dublin,2025-04-10T09:00,33.1,54.3,63.8,18
0,County Dublin,2025-04-10T10:00,36.5,53.6,46.7,16.3
0,County Dublin,2025-04-10T11:00,36.7,53.5,45.8,16.3
0,County Dublin,2025-04-10T12:00,35,52.8,50.8,17.1
0,County Dublin,2025-04-10T13:00,34.8,53.3,53.1,17.2
0,County Dublin,2025-04-10T14:00,34.6,53.6,54.7,17.2
0,County Dublin,2025-04-10T15:00,31,53.1,71.1,19.3
0,County Dublin,2025-04-10T16:00,25.1,51.2,104,23.8
0,County Dublin,2025-04-10T17:00,23.9,51.1,113.6,25
0,County Dublin,2025-04-10T18:00,26.8,50.8,89.2,22.3
0,County Dublin,2025-04-10T19:00,32.6,50.1,53.5,18.3
0,County Dublin,2025-04-10T20:00,35.8,48.9,36.3,16.7
0,County Dublin,2025-04-10T21:00,37,48.1,29.9,16.2
0,County Dublin,2025-04-10T22:00,37.5,46.9,25,15.9
0,County Dublin,2025-04-10T23:00,37.4,44.4,18.6,16
0,County Dublin,2025-04-11T00:00,38.2,42.6,11.5,15.6
0,County Dublin,2025-04-11T01:00,38.9,41.7,7.2,15.4
0,County Dublin,2025-04-11T02:00,39.8,42.3,6.2,15
0,County Dublin,2025-04-11T03:00,44.8,46.6,4,13.3
0,County Dublin,2025-04-11T04:00,51.4,53.7,4.3,11.6
0,County Dublin,2025-04-11T05:00,53.6,56.8,5.9,11.1
0,County Dublin,2025-04-11T06:00,50.1,59.7,19.1,11.9
0,County Dublin,2025-04-11T07:00,40.6,56.6,39.4,14.7
0,County Dublin,2025-04-11T08:00,32.2,52.9,64,18.5
0,County Dublin,2025-04-11T09:00,36.2,53.5,47.6,16.5
0,County Dublin,2025-04-11T10:00,37.9,53.8,41.9,15.8
0,County Dublin,2025-04-11T11:00,35.6,53.8,50.8,16.8
0,County Dublin,2025-04-11T12:00,31.5,53.3,69.1,19
0,County Dublin,2025-04-11T13:00,30.6,53.6,75.3,19.6
0,County Dublin,2025-04-11T14:00,29.7,53.3,79.4,20.1
0,County Dublin,2025-04-11T15:00,28.5,52.3,83.3,21
0,County Dublin,2025-04-11T16:00,29.2,52.3,78.6,20.4
0,County Dublin,2025-04-11T17:00,30.9,52.2,69,19.4
0,County Dublin,2025-04-11T18:00,32.5,51.3,57.9,18.4
0,County Dublin,2025-04-11T19:00,33.9,49.4,45.8,17.6
0,County Dublin,2025-04-11T20:00,36,48.6,35,16.6
0,County Dublin,2025-04-11T21:00,35.4,46.8,32.1,16.9
0,County Dublin,2025-04-11T22:00,34.2,46.3,35.4,17.5
0,County Dublin,2025-04-11T23:00,35.6,44.3,24.3,16.8
0,County Dublin,2025-04-12T00:00,35.7,41.8,17,16.7
0,County Dublin,2025-04-12T01:00,35.1,40.2,14.4,17
0,County Dublin,2025-04-12T02:00,34.5,39.5,14.6,17.3
0,County Dublin,2025-04-12T03:00,38.4,41.9,9,15.6
0,County Dublin,2025-04-12T04:00,44.6,47.5,6.4,13.4
0,County Dublin,2025-04-12T05:00,50.7,53.6,5.6,11.8
0,County Dublin,2025-04-12T06:00,52.2,55.5,6.3,11.4
0,County Dublin,2025-04-12T07:00,49.9,55.4,11,12
0,County Dublin,2025-04-12T08:00,47.1,55.6,18,12.7
0,County Dublin,2025-04-12T09:00,42.4,55.3,30.1,14.1
0,County Dublin,2025-04-12T10:00,39.9,55.4,38.7,15
0,County Dublin,2025-04-12T11:00,36,54.6,51.9,16.6
0,County Dublin,2025-04-12T12:00,33.5,55,64.3,17.9
0,County Dublin,2025-04-12T13:00,31.2,54.2,73.6,19.2
0,County Dublin,2025-04-12T14:00,31.1,53.3,71.4,19.2
0,County Dublin,2025-04-12T15:00,34.7,53.4,53.7,17.2
0,County Dublin,2025-04-12T16:00,37,53.2,43.7,16.1
0,County Dublin,2025-04-12T17:00,37.2,52.5,41.3,16.1
0,County Dublin,2025-04-12T18:00,36.5,50.7,39,16.4
0,County Dublin,2025-04-12T19:00,36.1,48.8,35.2,16.6
0,County Dublin,2025-04-12T20:00,36.4,47.9,31.4,16.4
0,County Dublin,2025-04-12T21:00,36,46.3,28.5,16.6
0,County Dublin,2025-04-12T22:00,35.6,45.6,27.8,16.8
0,County Dublin,2025-04-12T23:00,34.6,43.1,24.6,17.3
0,County Dublin,2025-04-13T00:00,35.5,41.9,17.8,16.8
0,County Dublin,2025-04-13T01:00,36.5,41.1,12.7,16.4
0,County Dublin,2025-04-13T02:00,34.8,39.6,13.6,17.1
0,County Dublin,2025-04-13T03:00,38.1,41.5,9,15.7
0,County Dublin,2025-04-13T04:00,44.6,47.2,5.7,13.4
0,County Dublin,2025-04-13T05:00,48.9,51.5,5.3,12.2
0,County Dublin,2025-04-13T06:00,49.4,51.2,3.6,12.1
0,County Dublin,2025-04-13T07:00,48.8,52.9,8.3,12.2
0,County Dublin,2025-04-13T08:00,47.8,54,12.9,12.5
0,County Dublin,2025-04-13T09:00,46,55.2,19.9,13
0,County Dublin,2025-04-13T10:00,42.9,55.3,28.8,13.9
0,County Dublin,2025-04-13T11:00,40.1,55.1,37.2,14.9
0,County Dublin,2025-04-13T12:00,37.3,55.1,47.6,16
0,County Dublin,2025-04-13T13:00,34.1,54.5,59.5,17.5
0,County Dublin,2025-04-13T14:00,35.2,54.4,54.5,17
0,County Dublin,2025-04-13T15:00,38.5,54.3,40.8,15.5
0,County Dublin,2025-04-13T16:00,39.8,54.3,36.3,15
0,County Dublin,2025-04-13T17:00,39,53.9,38,15.3
0,County Dublin,2025-04-13T18:00,40,53.1,32.5,14.9
0,County Dublin,2025-04-13T19:00,40.4,51.9,28.2,14.8
0,County Dublin,2025-04-13T20:00,40.3,50.4,24.9,14.8
0,County Dublin,2025-04-13T21:00,39.9,48.9,22.3,15
0,County Dublin,2025-04-13T22:00,40.5,47.5,17.4,14.8
0,County Dublin,2025-04-13T23:00,40.7,46,12.9,14.7
0,County Dublin,2025-04-14T00:00,41,44.3,7.9,14.6
0,County Dublin,2025-04-14T01:00,41,43,4.9,14.6
0,County Dublin,2025-04-14T02:00,42.9,44.6,3.8,13.9
0,County Dublin,2025-04-14T03:00,49.7,51.2,3.1,12
0,County Dublin,2025-04-14T04:00,55.6,57.5,3.5,10.7
0,County Dublin,2025-04-14T05:00,55.9,59,5.5,10.7
0,County Dublin,2025-04-14T06:00,50,60.3,20.5,11.9
0,County Dublin,2025-04-14T07:00,40.5,57.6,42.1,14.7
0,County Dublin,2025-04-14T08:00,38.1,55.9,46.7,15.7
0,County Dublin,2025-04-14T09:00,39.7,54.7,37.8,15.1
0,County Dublin,2025-04-14T10:00,39.4,54.3,37.9,15.2
0,County Dublin,2025-04-14T11:00,38.8,54.3,39.9,15.4
0,County Dublin,2025-04-14T12:00,37.2,53.8,44.4,16
0,County Dublin,2025-04-14T13:00,35,53,51.3,17.1
0,County Dublin,2025-04-14T14:00,36.1,53.9,49,16.5
0,County Dublin,2025-04-14T15:00,36.2,54.6,50.7,16.5
0,County Dublin,2025-04-14T16:00,32.1,53.7,67.2,18.6
0,County Dublin,2025-04-14T17:00,32,53.6,67.2,18.7
0,County Dublin,2025-04-14T18:00,36.1,52.5,45.1,16.5
0,County Dublin,2025-04-14T19:00,38.3,50.6,31.9,15.6
0,County Dublin,2025-04-14T20:00,38.6,49.7,28.4,15.5
0,County Dublin,2025-04-14T21:00,39.8,48.8,22.7,15
0,County Dublin,2025-04-14T22:00,40.6,47.6,17.3,14.7
0,County Dublin,2025-04-14T23:00,41.5,46.4,11.9,14.4
0,County Dublin,2025-04-15T00:00,41.7,44.7,7.3,14.3
0,County Dublin,2025-04-15T01:00,42.6,44.7,5,14
0,County Dublin,2025-04-15T02:00,42.8,44.9,4.8,13.9
0,County Dublin,2025-04-15T03:00,48.8,49.7,1.7,12.2
0,County Dublin,2025-04-15T04:00,56.2,57.7,2.6,10.6
0,County Dublin,2025-04-15T05:00,55,58,5.3,10.8
0,County Dublin,2025-04-15T06:00,49.1,60.1,22.3,12.2
0,County Dublin,2025-04-15T07:00,38.9,57.3,46.9,15.3
0,County Dublin,2025-04-15T08:00,35.4,55.9,57.5,16.9
0,County Dublin,2025-04-15T09:00,36.3,54.3,49.5,16.5
0,County Dublin,2025-04-15T10:00,38.2,54.6,42.6,15.6
0,County Dublin,2025-04-15T11:00,37.4,53.8,44,16
0,County Dublin,2025-04-15T12:00,36.2,53.4,47.5,16.5
0,County Dublin,2025-04-15T13:00,35.4,53.4,50.9,16.9
0,County Dublin,2025-04-15T14:00,36.7,54,46.8,16.3
0,County Dublin,2025-04-15T15:00,35,54.5,55.6,17.1
0,County Dublin,2025-04-15T16:00,29.8,53.6,79.9,20.1
0,County Dublin,2025-04-15T17:00,26.7,52.4,96.5,22.4
0,County Dublin,2025-04-15T18:00,31.1,52.2,67.8,19.2
0,County Dublin,2025-04-15T19:00,37,50.6,36.7,16.1
0,County Dublin,2025-04-15T20:00,38,49.4,29.8,15.7
0,County Dublin,2025-04-15T21:00,39.5,48.9,23.6,15.1
0,County Dublin,2025-04-15T22:00,39.3,47.5,20.7,15.2
0,County Dublin,2025-04-15T23:00,39,44.9,15.1,15.3
0,County Dublin,2025-04-16T00:00,39.6,43.6,9.9,15.1
0,County Dublin,2025-04-16T01:00,41.2,43.9,6.4,14.5
0,County Dublin,2025-04-16T02:00,42.5,45.2,6.1,14
0,County Dublin,2025-04-16T03:00,46.9,49.5,5.5,12.7
0,County Dublin,2025-04-16T04:00,51.9,56.3,8.5,11.5
0,County Dublin,2025-04-16T05:00,51.9,57.6,11,11.5
0,County Dublin,2025-04-16T06:00,46.2,59.2,28,12.9
0,County Dublin,2025-04-16T07:00,35.3,56,58.6,16.9
0,County Dublin,2025-04-16T08:00,30.3,54.3,79.3,19.7
0,County Dublin,2025-04-16T09:00,31.7,53.6,69.1,18.9
0,County Dublin,2025-04-16T10:00,34,53.1,56.2,17.6
0,County Dublin,2025-04-16T11:00,34.8,53.1,52.7,17.2
0,County Dublin,2025-04-16T12:00,33.7,53,56.8,17.7
0,County Dublin,2025-04-16T13:00,32.8,52.8,60.8,18.2
0,County Dublin,2025-04-16T14:00,33.2,53.2,60,18
0,County Dublin,2025-04-16T15:00,32.2,53.4,65.5,18.6
0,County Dublin,2025-04-16T16:00,27.6,52.4,89.3,21.6
0,County Dublin,2025-04-16T17:00,26.3,51.9,97.4,22.8
0,County Dublin,2025-04-16T18:00,31.6,52.2,65,18.9
0,County Dublin,2025-04-16T19:00,36.4,50.5,38.6,16.4
0,County Dublin,2025-04-16T20:00,37.7,48.9,29.6,15.8
0,County Dublin,2025-04-16T21:00,38.7,48.5,25.3,15.4
0,County Dublin,2025-04-16T22:00,38.6,47.3,22.3,15.5
0,County Dublin,2025-04-16T23:00,38.7,44.8,15.7,15.4
0,County Dublin,2025-04-17T00:00,39.4,43.2,9.6,15.2
0,County Dublin,2025-04-17T01:00,40.1,43,7.3,14.9
0,County Dublin,2025-04-17T02:00,41.5,43.7,5.1,14.4
0,County Dublin,2025-04-17T03:00,47.6,49.5,4,12.5
0,County Dublin,2025-04-17T04:00,52.6,54.9,4.2,11.3
0,County Dublin,2025-04-17T05:00,53.8,57.1,6.1,11.1
0,County Dublin,2025-04-17T06:00,49.2,59.5,20.8,12.1
0,County Dublin,2025-04-17T07:00,40.1,57.3,42.8,14.9
0,County Dublin,2025-04-17T08:00,37,55.6,50.4,16.2
0,County Dublin,2025-04-17T09:00,37.8,54.3,43.3,15.8
0,County Dublin,2025-04-17T10:00,38.1,54.8,43.8,15.7
0,County Dublin,2025-04-17T11:00,36.8,54.3,47.5,16.2
0,County Dublin,2025-04-17T12:00,34.8,53.9,54.8,17.2
0,County Dublin,2025-04-17T13:00,32.2,53.2,64.8,18.5
0,County Dublin,2025-04-17T14:00,32.1,53.4,65.9,18.6
0,County Dublin,2025-04-17T15:00,30.5,53.6,75.7,19.6
0,County Dublin,2025-04-17T16:00,27.5,52.9,91.9,21.7
0,County Dublin,2025-04-17T17:00,27.3,52.2,90.7,21.9
0,County Dublin,2025-04-17T18:00,32.4,52.2,61,18.5
0,County Dublin,2025-04-17T19:00,36.4,50.7,39.1,16.4
0,County Dublin,2025-04-17T20:00,36.9,48.8,32.3,16.2
0,County Dublin,2025-04-17T21:00,37.1,47.8,28.7,16.1
0,County Dublin,2025-04-17T22:00,36.6,45.8,25,16.3
0,County Dublin,2025-04-17T23:00,36.5,44.2,21,16.4
0,County Dublin,2025-04-18T00:00,37.5,43.2,15,15.9
0,County Dublin,2025-04-18T01:00,36.7,40.6,10.5,16.3
0,County Dublin,2025-04-18T02:00,38.1,41.2,8.1,15.7
0,County Dublin,2025-04-18T03:00,44.2,45.9,4,13.5
0,County Dublin,2025-04-18T04:00,50,52.6,5.1,11.9
0,County Dublin,2025-04-18T05:00,51.6,55.6,7.7,11.6
0,County Dublin,2025-04-18T06:00,50.6,57.8,14.1,11.8
0,County Dublin,2025-04-18T07:00,46.7,56.7,21.2,12.8
0,County Dublin,2025-04-18T08:00,43.4,55,26.8,13.8
0,County Dublin,2025-04-18T09:00,40.6,53.8,32.4,14.7
0,County Dublin,2025-04-18T10:00,39.3,54.7,39,15.2
0,County Dublin,2025-04-18T11:00,36.2,54.7,51,16.5
0,County Dublin,2025-04-18T12:00,32,54,68.6,18.7
0,County Dublin,2025-04-18T13:00,29.4,53,80.2,20.3
0,County Dublin,2025-04-18T14:00,28.1,52.5,86.3,21.2
0,County Dublin,2025-04-18T15:00,29.2,52,78,20.5
0,County Dublin,2025-04-18T16:00,31.5,52.2,65.3,18.9
0,County Dublin,2025-04-18T17:00,35.3,51.8,46.8,16.9
0,County Dublin,2025-04-18T18:00,36.4,50.6,38.7,16.4
0,County Dublin,2025-04-18T19:00,35.7,48.3,35.2,16.7
0,County Dublin,2025-04-18T20:00,36.1,47.2,30.7,16.5
0,County Dublin,2025-04-18T21:00,36.3,46.3,27.3,16.4
0,County Dublin,2025-04-18T22:00,35.5,45.2,27.1,16.8
0,County Dublin,2025-04-18T23:00,34.8,43,23.7,17.2
0,County Dublin,2025-04-19T00:00,34.3,41,19.5,17.4
0,County Dublin,2025-04-19T01:00,35.3,40.3,14.2,16.9
0,County Dublin,2025-04-19T02:00,34.7,39.7,14.1,17.2
0,County Dublin,2025-04-19T03:00,38.7,42.3,9.1,15.4
0,County Dublin,2025-04-19T04:00,45.7,49,7.4,13.1
0,County Dublin,2025-04-19T05:00,49.8,53.7,7.7,12
0,County Dublin,2025-04-19T06:00,47.7,52.2,9.4,12.5
0,County Dublin,2025-04-19T07:00,47.4,53.1,12,12.6
0,County Dublin,2025-04-19T08:00,46.1,53.6,16.1,12.9
0,County Dublin,2025-04-19T09:00,44.6,53.9,20.9,13.4
0,County Dublin,2025-04-19T10:00,42.2,54.4,29,14.2
0,County Dublin,2025-04-19T11:00,40.2,54.9,36.4,14.9
0,County Dublin,2025-04-19T12:00,38.5,54.9,42.5,15.5
0,County Dublin,2025-04-19T13:00,38.1,55.1,44.5,15.7
0,County Dublin,2025-04-19T14:00,37.5,53.9,43.6,15.9
0,County Dublin,2025-04-19T15:00,38.2,53.3,39.6,15.7
0,County Dublin,2025-04-19T16:00,38.3,52.5,37,15.6
0,County Dublin,2025-04-19T17:00,38,51.8,36.1,15.7
0,County Dublin,2025-04-19T18:00,37,50,34.9,16.1
0,County Dublin,2025-04-19T19:00,36.7,48.4,31.7,16.3
0,County Dublin,2025-04-19T20:00,36.6,47.3,29.2,16.3
0,County Dublin,2025-04-19T21:00,35,45.2,29.1,17.1
0,County Dublin,2025-04-19T22:00,35,44.9,28.1,17.1
0,County Dublin,2025-04-19T23:00,34,43,26.6,17.6
0,County Dublin,2025-04-20T00:00,34.4,41.4,20.2,17.4
0,County Dublin,2025-04-20T01:00,35.1,40.5,15.2,17
0,County Dublin,2025-04-20T02:00,34.8,39.7,14.1,17.2
0,County Dublin,2025-04-20T03:00,38.4,42,9.4,15.6
0,County Dublin,2025-04-20T04:00,43.7,46.9,7.1,13.7
0,County Dublin,2025-04-20T05:00,47.4,50.5,6.4,12.6
0,County Dublin,2025-04-20T06:00,48.6,50.6,4.2,12.3
0,County Dublin,2025-04-20T07:00,48,51.6,7.4,12.4
0,County Dublin,2025-04-20T08:00,46.8,52.1,11.4,12.8
0,County Dublin,2025-04-20T09:00,46.3,53.2,15,12.9
0,County Dublin,2025-04-20T10:00,45.1,54.2,19.9,13.2
0,County Dublin,2025-04-20T11:00,44.8,55.3,23.1,13.3
0,County Dublin,2025-04-20T12:00,43.8,55.8,27.3,13.6
0,County Dublin,2025-04-20T13:00,42.8,55.8,30.2,13.9
0,County Dublin,2025-04-20T14:00,42.4,54.6,28.9,14.1
0,County Dublin,2025-04-20T15:00,42.3,53.2,25.9,14.1
0,County Dublin,2025-04-20T16:00,41.8,52.5,25.5,14.3
0,County Dublin,2025-04-20T17:00,41.8,52.5,25.5,14.3
0,County Dublin,2025-04-20T18:00,40.8,51.8,27.1,14.7
0,County Dublin,2025-04-20T19:00,40.6,50.9,25.3,14.7
0,County Dublin,2025-04-20T20:00,40.5,50,23.6,14.8
0,County Dublin,2025-04-20T21:00,39.3,47.9,21.9,15.2
0,County Dublin,2025-04-20T22:00,38,45.9,20.9,15.7
0,County Dublin,2025-04-20T23:00,37.6,44.3,17.9,15.9
0,County Dublin,2025-04-21T00:00,36.3,41.3,13.7,16.5
0,County Dublin,2025-04-21T01:00,36.8,40.7,10.5,16.2
0,County Dublin,2025-04-21T02:00,37.8,41.2,8.8,15.8
0,County Dublin,2025-04-21T03:00,41.7,44.3,6.1,14.3
0,County Dublin,2025-04-21T04:00,45.9,48.2,5.1,13
0,County Dublin,2025-04-21T05:00,49.7,52.5,5.6,12
0,County Dublin,2025-04-21T06:00,49.6,51.9,4.6,12
0,County Dublin,2025-04-21T07:00,48.2,52.5,8.8,12.4
0,County Dublin,2025-04-21T08:00,47.1,52.9,12.3,12.7
0,County Dublin,2025-04-21T09:00,47.6,54.6,14.6,12.5
0,County Dublin,2025-04-21T10:00,46.1,55.3,19.9,13
0,County Dublin,2025-04-21T11:00,44.8,55.9,24.7,13.3
0,County Dublin,2025-04-21T12:00,43,56.5,31.4,13.9
0,County Dublin,2025-04-21T13:00,41.5,56.6,36.5,14.4
0,County Dublin,2025-04-21T14:00,41.6,56.4,35.7,14.4
0,County Dublin,2025-04-21T15:00,42.2,55.9,32.5,14.2
0,County Dublin,2025-04-21T16:00,42.1,55.6,31.9,14.2
0,County Dublin,2025-04-21T17:00,42.5,55,29.4,14.1
0,County Dublin,2025-04-21T18:00,42.2,53.9,27.8,14.2
0,County Dublin,2025-04-21T19:00,42.3,53,25.5,14.1
0,County Dublin,2025-04-21T20:00,41.7,51.4,23.2,14.3
0,County Dublin,2025-04-21T21:00,42.2,51,20.7,14.1
0,County Dublin,2025-04-21T22:00,41.4,48.4,16.9,14.4
0,County Dublin,2025-04-21T23:00,42,47.1,12,14.2
0,County Dublin,2025-04-22T00:00,41.9,45.1,7.6,14.2
0,County Dublin,2025-04-22T01:00,43.3,45.1,4.1,13.8
0,County Dublin,2025-04-22T02:00,42.3,44.3,4.5,14.1
0,County Dublin,2025-04-22T03:00,49.3,50.3,2,12.1
0,County Dublin,2025-04-22T04:00,55.5,57.5,3.6,10.8
0,County Dublin,2025-04-22T05:00,54.8,58.2,6.3,10.9
0,County Dublin,2025-04-22T06:00,51.5,60.5,17.5,11.6
0,County Dublin,2025-04-22T07:00,43,58.1,35,13.9
0,County Dublin,2025-04-22T08:00,37.8,55.1,45.8,15.8
0,County Dublin,2025-04-22T09:00,36.6,54.1,47.7,16.3
0,County Dublin,2025-04-22T10:00,38.3,54.9,43.5,15.6
0,County Dublin,2025-04-22T11:00,38.4,54.5,41.9,15.6
0,County Dublin,2025-04-22T12:00,37.1,54,45.5,16.1
0,County Dublin,2025-04-22T13:00,36.5,54.1,47.9,16.4
0,County Dublin,2025-04-22T14:00,37.4,54.4,45.5,16
0,County Dublin,2025-04-22T15:00,36.1,54.9,51.7,16.5
0,County Dublin,2025-04-22T16:00,31.1,53.6,72.1,19.2
0,County Dublin,2025-04-22T17:00,27.9,52.6,88.3,21.4
0,County Dublin,2025-04-22T18:00,32.7,52.1,59.4,18.3
0,County Dublin,2025-04-22T19:00,37.3,50.4,35.1,16
0,County Dublin,2025-04-22T20:00,38.4,49.3,28.5,15.6
0,County Dublin,2025-04-22T21:00,39.5,48.9,23.6,15.1
0,County Dublin,2025-04-22T22:00,39,47.1,20.8,15.3
0,County Dublin,2025-04-22T23:00,40,45.6,13.9,14.9
0,County Dublin,2025-04-23T00:00,41.5,45.1,8.6,14.4
0,County Dublin,2025-04-23T01:00,44.1,45.9,4.2,13.6
0,County Dublin,2025-04-23T02:00,44.6,46,3.2,13.4
0,County Dublin,2025-04-23T03:00,49.3,50.7,2.8,12.1
0,County Dublin,2025-04-23T04:00,53.4,55.6,4.1,11.2
0,County Dublin,2025-04-23T05:00,54.4,58.1,6.7,11
0,County Dublin,2025-04-23T06:00,49.9,59.9,19.9,12
0,County Dublin,2025-04-23T07:00,41.3,57.6,39.3,14.4
0,County Dublin,2025-04-23T08:00,37.9,55.6,46.6,15.7
0,County Dublin,2025-04-23T09:00,39.4,54.7,38.6,15.2
0,County Dublin,2025-04-23T10:00,39.7,54.8,38,15
0,County Dublin,2025-04-23T11:00,38.5,54.1,40.5,15.5
0,County Dublin,2025-04-23T12:00,37.4,53.9,44,16
0,County Dublin,2025-04-23T13:00,37,54,45.8,16.1
0,County Dublin,2025-04-23T14:00,37.8,54.3,43.6,15.8
0,County Dublin,2025-04-23T15:00,37,55.1,48.8,16.2
0,County Dublin,2025-04-23T16:00,32.2,54.1,67.7,18.5
0,County Dublin,2025-04-23T17:00,30.4,53,74,19.6
0,County Dublin,2025-04-23T18:00,35.5,52.6,47.9,16.8
0,County Dublin,2025-04-23T19:00,37.2,50.4,35.5,16.1
0,County Dublin,2025-04-23T20:00,38.1,49.4,29.4,15.7
0,County Dublin,2025-04-23T21:00,39.1,48.8,24.7,15.3
0,County Dublin,2025-04-23T22:00,38.5,46.7,21.2,15.5
0,County Dublin,2025-04-23T23:00,40,45.8,14.4,14.9
0,County Dublin,2025-04-24T00:00,40.7,44.4,9.1,14.7
0,County Dublin,2025-04-24T01:00,41.9,44.3,5.6,14.2
0,County Dublin,2025-04-24T02:00,41.5,43.9,5.6,14.4
0,County Dublin,2025-04-24T03:00,46.2,47.8,3.4,12.9
0,County Dublin,2025-04-24T04:00,53,55,3.6,11.3
0,County Dublin,2025-04-24T05:00,54.6,57.4,5.1,10.9
0,County Dublin,2025-04-24T06:00,50.7,59.9,18.2,11.8
0,County Dublin,2025-04-24T07:00,42.3,57.7,36.4,14.1
0,County Dublin,2025-04-24T08:00,38.5,55.9,45.1,15.5
0,County Dublin,2025-04-24T09:00,38.8,54.8,41.1,15.4
0,County Dublin,2025-04-24T10:00,38.8,54.7,40.9,15.4
0,County Dublin,2025-04-24T11:00,37.8,54.5,44,15.8
0,County Dublin,2025-04-24T12:00,36.2,54,48.9,16.5
0,County Dublin,2025-04-24T13:00,35.4,53.7,51.9,16.9
0,County Dublin,2025-04-24T14:00,35.7,54.1,51.2,16.7
0,County Dublin,2025-04-24T15:00,34,54,58.8,17.6
0,County Dublin,2025-04-24T16:00,30,53.3,77.8,19.9
0,County Dublin,2025-04-24T17:00,28.7,52.6,83,20.8
0,County Dublin,2025-04-24T18:00,32.9,51.9,57.4,18.1
0,County Dublin,2025-04-24T19:00,36.2,50.2,38.4,16.5
0,County Dublin,2025-04-24T20:00,36.6,48.5,32.3,16.3
0,County Dublin,2025-04-24T21:00,37.3,47.8,27.9,16
0,County Dublin,2025-04-24T22:00,36.3,45.7,25.8,16.5
0,County Dublin,2025-04-24T23:00,37.4,44.4,18.6,16
0,County Dublin,2025-04-25T00:00,37.3,42.2,13.1,16
0,County Dublin,2025-04-25T01:00,38.1,41.5,8.7,15.7
0,County Dublin,2025-04-25T02:00,38.4,41.2,7.4,15.6
0,County Dublin,2025-04-25T03:00,43,45.2,5.2,13.9
0,County Dublin,2025-04-25T04:00,49.5,53,6.9,12
0,County Dublin,2025-04-25T05:00,51.4,55.8,8.6,11.6
0,County Dublin,2025-04-25T06:00,48.9,58.4,19.2,12.2
0,County Dublin,2025-04-25T07:00,44.4,57.5,29.4,13.5
0,County Dublin,2025-04-25T08:00,40.5,55.5,36.8,14.7
0,County Dublin,2025-04-25T09:00,39,54,38.4,15.3
0,County Dublin,2025-04-25T10:00,37.9,53.9,42.2,15.8
0,County Dublin,2025-04-25T11:00,36.2,54.1,49.4,16.5
0,County Dublin,2025-04-25T12:00,32.4,53.2,64.2,18.5
0,County Dublin,2025-04-25T13:00,29.9,52.7,76,20
0,County Dublin,2025-04-25T14:00,29.3,52.5,78.9,20.4
0,County Dublin,2025-04-25T15:00,29.4,52.3,77.6,20.3
0,County Dublin,2025-04-25T16:00,30.2,52.4,73.5,19.8
0,County Dublin,2025-04-25T17:00,32.8,52.1,58.9,18.2
0,County Dublin,2025-04-25T18:00,34.6,50.9,47.2,17.3
0,County Dublin,2025-04-25T19:00,35.5,49.4,38.8,16.8
0,County Dublin,2025-04-25T20:00,36.2,48,32.5,16.5
0,County Dublin,2025-04-25T21:00,35.9,46.8,30.3,16.6
0,County Dublin,2025-04-25T22:00,35.8,46.1,28.8,16.7
0,County Dublin,2025-04-25T23:00,34.7,43.4,25.1,17.2
0,County Dublin,2025-04-26T00:00,35.3,42.1,19,16.9
0,County Dublin,2025-04-26T01:00,35.6,41,15.1,16.8
0,County Dublin,2025-04-26T02:00,33.8,39.2,15.7,17.7
0,County Dublin,2025-04-26T03:00,36.2,40.6,12,16.5
0,County Dublin,2025-04-26T04:00,45,48.7,8.2,13.3
0,County Dublin,2025-04-26T05:00,48.9,51.8,5.9,12.2
0,County Dublin,2025-04-26T06:00,51,54.4,6.5,11.7
0,County Dublin,2025-04-26T07:00,49.3,55.1,11.6,12.1
0,County Dublin,2025-04-26T08:00,47.5,55.9,17.4,12.6
0,County Dublin,2025-04-26T09:00,44.3,55.7,25.7,13.5
0,County Dublin,2025-04-26T10:00,41.9,55.4,32,14.2
0,County Dublin,2025-04-26T11:00,39.3,55.3,40.8,15.2
0,County Dublin,2025-04-26T12:00,37.2,55,47.8,16.1
0,County Dublin,2025-04-26T13:00,35.2,54.5,54.7,17
0,County Dublin,2025-04-26T14:00,34.8,54.3,55.9,17.2
0,County Dublin,2025-04-26T15:00,36.5,54.4,49.1,16.4
0,County Dublin,2025-04-26T16:00,37.1,53.6,44.3,16.1
0,County Dublin,2025-04-26T17:00,37.7,52.8,39.8,15.8
0,County Dublin,2025-04-26T18:00,37.3,51.6,38,16
0,County Dublin,2025-04-26T19:00,37.2,50,34.6,16.1
0,County Dublin,2025-04-26T20:00,37.1,48.2,29.8,16.1
0,County Dublin,2025-04-26T21:00,36.6,46.7,27.4,16.3
0,County Dublin,2025-04-26T22:00,36.1,45.4,25.6,16.5
0,County Dublin,2025-04-26T23:00,35.2,43.8,24.4,17
0,County Dublin,2025-04-27T00:00,35.7,42.4,18.7,16.7
0,County Dublin,2025-04-27T01:00,37.2,41.7,12.2,16.1
0,County Dublin,2025-04-27T02:00,34.8,39.6,13.6,17.2
0,County Dublin,2025-04-27T03:00,36.9,40.7,10.1,16.2
0,County Dublin,2025-04-27T04:00,42.1,45,6.7,14.2
0,County Dublin,2025-04-27T05:00,47.6,50.3,5.7,12.5
0,County Dublin,2025-04-27T06:00,49.3,51.2,4,12.1
0,County Dublin,2025-04-27T07:00,49.5,53.1,7.2,12
0,County Dublin,2025-04-27T08:00,48.2,54.2,12.6,12.4
0,County Dublin,2025-04-27T09:00,46.7,55.6,19,12.8
0,County Dublin,2025-04-27T10:00,43.8,55.4,26.2,13.6
0,County Dublin,2025-04-27T11:00,41.5,55.2,33,14.4
0,County Dublin,2025-04-27T12:00,38.9,55.3,42.2,15.4
0,County Dublin,2025-04-27T13:00,37.6,55.3,47.2,15.9
0,County Dublin,2025-04-27T14:00,37.3,54.9,47.1,16
0,County Dublin,2025-04-27T15:00,38.1,54.3,42.5,15.7
0,County Dublin,2025-04-27T16:00,38.7,53.7,38.5,15.4
0,County Dublin,2025-04-27T17:00,39.8,53.4,34.2,15
0,County Dublin,2025-04-27T18:00,39.7,52.7,32.7,15.1
0,County Dublin,2025-04-27T19:00,39.7,51.6,29.9,15
0,County Dublin,2025-04-27T20:00,40.1,50.5,25.6,14.9
0,County Dublin,2025-04-27T21:00,40.6,49.5,21.8,14.7
0,County Dublin,2025-04-27T22:00,39.7,47.8,20.4,15.1
0,County Dublin,2025-04-27T23:00,40.2,46.1,14.6,14.9
0,County Dublin,2025-04-28T00:00,40.6,44.4,9.3,14.7
0,County Dublin,2025-04-28T01:00,41.5,44.3,6.5,14.4
0,County Dublin,2025-04-28T02:00,43.2,44.9,3.9,13.8
0,County Dublin,2025-04-28T03:00,46.8,48.6,3.8,12.8
0,County Dublin,2025-04-28T04:00,53.3,55.2,3.5,11.2
0,County Dublin,2025-04-28T05:00,55.2,58.1,5.2,10.8
0,County Dublin,2025-04-28T06:00,50.5,60.4,19.5,11.8
0,County Dublin,2025-04-28T07:00,37.9,56.8,49.7,15.7
0,County Dublin,2025-04-28T08:00,29.8,53.1,78.1,20.1
0,County Dublin,2025-04-28T09:00,36.2,54.2,49.7,16.5
0,County Dublin,2025-04-28T10:00,37.5,53.5,42.2,15.9
0,County Dublin,2025-04-28T11:00,38,53.1,39.7,15.7
0,County Dublin,2025-04-28T12:00,37.4,53.2,42.2,16
0,County Dublin,2025-04-28T13:00,36.9,53.1,44,16.2
0,County Dublin,2025-04-28T14:00,36.3,53.1,46.3,16.5
0,County Dublin,2025-04-28T15:00,35,53.8,53.8,17.1
0,County Dublin,2025-04-28T16:00,31.6,53.6,69.6,18.9
0,County Dublin,2025-04-28T17:00,31.6,53.2,68.1,18.9
0,County Dublin,2025-04-28T18:00,35.6,52.1,46.4,16.8
0,County Dublin,2025-04-28T19:00,36.8,49.8,35,16.2
0,County Dublin,2025-04-28T20:00,38.1,49.1,28.6,15.7
0,County Dublin,2025-04-28T21:00,39.4,48.9,23.8,15.1
0,County Dublin,2025-04-28T22:00,39.5,47.8,21.1,15.1
0,County Dublin,2025-04-28T23:00,39.7,45.2,14,15.1
0,County Dublin,2025-04-29T00:00,40.6,43.9,8.3,14.7
0,County Dublin,2025-04-29T01:00,42.7,44.8,5,14
0,County Dublin,2025-04-29T02:00,44.2,46.1,4.3,13.5
0,County Dublin,2025-04-29T03:00,48.2,49.4,2.3,12.4
0,County Dublin,2025-04-29T04:00,55.2,56.3,2.1,10.8
0,County Dublin,2025-04-29T05:00,55,57.4,4.2,10.8
0,County Dublin,2025-04-29T06:00,48.9,59.7,22.1,12.2
0,County Dublin,2025-04-29T07:00,34.5,56,61.9,17.3
0,County Dublin,2025-04-29T08:00,26.6,52.9,98.7,22.5
0,County Dublin,2025-04-29T09:00,32.1,54.4,69.2,18.6
0,County Dublin,2025-04-29T10:00,36.5,53.8,47.3,16.4
0,County Dublin,2025-04-29T11:00,37.4,53.2,42.4,16
0,County Dublin,2025-04-29T12:00,36.3,53,46.1,16.5
0,County Dublin,2025-04-29T13:00,35.8,53.4,49.1,16.7
0,County Dublin,2025-04-29T14:00,35.6,53.2,49.5,16.8
0,County Dublin,2025-04-29T15:00,33.7,54,60,17.7
0,County Dublin,2025-04-29T16:00,28,52.6,87.6,21.3
0,County Dublin,2025-04-29T17:00,27,52.5,94.2,22.1
0,County Dublin,2025-04-29T18:00,31.8,52.4,64.8,18.8
0,County Dublin,2025-04-29T19:00,35.8,50.2,40.3,16.7
0,County Dublin,2025-04-29T20:00,37.3,48.9,31,16
0,County Dublin,2025-04-29T21:00,38.9,49,25.9,15.4
0,County Dublin,2025-04-29T22:00,39.4,48.2,22.3,15.1
0,County Dublin,2025-04-29T23:00,40.2,46.3,15.1,14.9
0,County Dublin,2025-04-30T00:00,39.9,43.7,9.6,15
0,County Dublin,2025-04-30T01:00,41.6,43.6,4.8,14.4
0,County Dublin,2025-04-30T02:00,43,44.6,3.8,13.9
0,County Dublin,2025-04-30T03:00,47.5,49.2,3.6,12.6
0,County Dublin,2025-04-30T04:00,53.8,54.9,2,11.1
0,County Dublin,2025-04-30T05:00,54.8,56.9,3.8,10.9
0,County Dublin,2025-04-30T06:00,47.7,59.1,23.7,12.5
0,County Dublin,2025-04-30T07:00,35.2,55.8,58.4,17
0,County Dublin,2025-04-30T08:00,26.6,53,98.8,22.4
0,County Dublin,2025-04-30T09:00,31.1,54.1,74,19.2
0,County Dublin,2025-04-30T10:00,35.5,53.7,51.4,16.8
0,County Dublin,2025-04-30T11:00,36.6,53.3,45.5,16.3
0,County Dublin,2025-04-30T12:00,35.9,53.4,48.4,16.6
0,County Dublin,2025-04-30T13:00,34.6,53.2,53.7,17.3
0,County Dublin,2025-04-30T14:00,33.4,53,58.7,17.9
0,County Dublin,2025-04-30T15:00,31.2,53.3,70.9,19.2
0,County Dublin,2025-04-30T16:00,26.7,52.6,97.1,22.4
0,County Dublin,2025-04-30T17:00,25.7,52.4,103.6,23.3
0,County Dublin,2025-04-30T18:00,29.9,52.6,75.6,20
0,County Dublin,2025-04-30T19:00,34.7,50.7,46,17.2
0,County Dublin,2025-04-30T20:00,36.5,49.3,35.1,16.4
0,County Dublin,2025-04-30T21:00,39,50.1,28.3,15.3
0,County Dublin,2025-04-30T22:00,40,48.6,21.5,14.9
0,County Dublin,2025-04-30T23:00,39,45.2,15.7,15.3
0,County Dublin,2025-05-01T00:00,40,44,10,14.9
0,County Dublin,2025-05-01T01:00,40.6,43,5.8,14.7
0,County Dublin,2025-05-01T02:00,41.1,43.4,5.7,14.5
0,County Dublin,2025-05-01T03:00,46.4,48.3,3.9,12.9
0,County Dublin,2025-05-01T04:00,52.7,54.2,2.9,11.3
0,County Dublin,2025-05-01T05:00,54.4,56.8,4.4,11
0,County Dublin,2025-05-01T06:00,47.5,59.2,24.6,12.6
0,County Dublin,2025-05-01T07:00,35.1,56,59.4,17
0,County Dublin,2025-05-01T08:00,27.2,53,94.7,22
0,County Dublin,2025-05-01T09:00,32.6,54.8,68,18.3
0,County Dublin,2025-05-01T10:00,36.2,54.1,49.3,16.5
0,County Dublin,2025-05-01T11:00,36.6,53.8,46.9,16.3
0,County Dublin,2025-05-01T12:00,35.6,53.5,50.2,16.8
0,County Dublin,2025-05-01T13:00,32.4,52.6,62.3,18.4
0,County Dublin,2025-05-01T14:00,33.3,53.7,60.8,17.9
0,County Dublin,2025-05-01T15:00,31.1,53.5,71.7,19.2
0,County Dublin,2025-05-01T16:00,27,52.5,94.4,22.1
0,County Dublin,2025-05-01T17:00,26.3,51.9,97.1,22.7
0,County Dublin,2025-05-01T18:00,30.7,51.7,68.5,19.5
0,County Dublin,2025-05-01T19:00,35.1,50.5,44,17
0,County Dublin,2025-05-01T20:00,36.6,49,33.9,16.3
0,County Dublin,2025-05-01T21:00,37.8,48.4,27.9,15.8
0,County Dublin,2025-05-01T22:00,38,47.1,23.9,15.7
0,County Dublin,2025-05-01T23:00,37.3,44.2,18.5,16
0,County Dublin,2025-05-02T00:00,37.7,42.3,12.2,15.8
0,County Dublin,2025-05-02T01:00,37.6,41.1,9.3,15.9
0,County Dublin,2025-05-02T02:00,40.3,42.6,5.6,14.8
0,County Dublin,2025-05-02T03:00,46.1,47.8,3.4,12.9
0,County Dublin,2025-05-02T04:00,50.7,53.3,5.1,11.8
0,County Dublin,2025-05-02T05:00,53.7,56.6,5.3,11.1
0,County Dublin,2025-05-02T06:00,50.3,58.9,17.1,11.9
0,County Dublin,2025-05-02T07:00,41.8,56.3,34.4,14.3
0,County Dublin,2025-05-02T08:00,32.9,52.6,59.9,18.2
0,County Dublin,2025-05-02T09:00,36.9,53.9,46.2,16.2
0,County Dublin,2025-05-02T10:00,38,54.2,42.5,15.7
0,County Dublin,2025-05-02T11:00,36.6,54.3,48,16.3
0,County Dublin,2025-05-02T12:00,34.6,54,55.9,17.3
0,County Dublin,2025-05-02T13:00,31.8,53.8,68.8,18.8
0,County Dublin,2025-05-02T14:00,28.8,53,83.9,20.8
0,County Dublin,2025-05-02T15:00,27.4,52.4,90.7,21.8
0,County Dublin,2025-05-02T16:00,28.2,52.2,85.1,21.2
0,County Dublin,2025-05-02T17:00,31.1,52,67.2,19.2
0,County Dublin,2025-05-02T18:00,33.2,51,53.7,18
0,County Dublin,2025-05-02T19:00,34.7,49.7,43,17.2
0,County Dublin,2025-05-02T20:00,36.3,48.6,33.8,16.5
0,County Dublin,2025-05-02T21:00,37.4,48.6,29.9,16
0,County Dublin,2025-05-02T22:00,36.5,46.7,27.7,16.4
0,County Dublin,2025-05-02T23:00,36.3,44.6,22.8,16.5
0,County Dublin,2025-05-03T00:00,36.1,42.4,17.5,16.5
0,County Dublin,2025-05-03T01:00,35.7,41.1,14.9,16.7
0,County Dublin,2025-05-03T02:00,34,39.7,16.4,17.5
0,County Dublin,2025-05-03T03:00,39,42.9,9.9,15.3
0,County Dublin,2025-05-03T04:00,46.6,49.6,6.3,12.8
0,County Dublin,2025-05-03T05:00,50.8,53.2,4.7,11.8
0,County Dublin,2025-05-03T06:00,50.4,53.7,6.5,11.8
0,County Dublin,2025-05-03T07:00,49.4,54.7,10.9,12.1
0,County Dublin,2025-05-03T08:00,46.8,55,17.4,12.7
0,County Dublin,2025-05-03T09:00,43.9,55.3,25.8,13.6
0,County Dublin,2025-05-03T10:00,41,55.2,34.5,14.6
0,County Dublin,2025-05-03T11:00,38.3,55.5,44.6,15.6
0,County Dublin,2025-05-03T12:00,36.4,55.4,52.1,16.4
0,County Dublin,2025-05-03T13:00,35.5,54.7,53.8,16.8
0,County Dublin,2025-05-03T14:00,35.6,53.9,51.2,16.8
0,County Dublin,2025-05-03T15:00,35.3,53.2,50.7,16.9
0,County Dublin,2025-05-03T16:00,35.7,52.6,47.2,16.7
0,County Dublin,2025-05-03T17:00,37.2,52,39.5,16
0,County Dublin,2025-05-03T18:00,38,51.3,34.9,15.7
0,County Dublin,2025-05-03T19:00,36.9,49.7,34.6,16.2
0,County Dublin,2025-05-03T20:00,35.9,48.8,36.1,16.7
0,County Dublin,2025-05-03T21:00,37,47.2,27.7,16.2
0,County Dublin,2025-05-03T22:00,36.5,45.8,25.5,16.4
0,County Dublin,2025-05-03T23:00,35.8,43.7,22,16.7
0,County Dublin,2025-05-04T00:00,36.5,42.5,16.4,16.4
0,County Dublin,2025-05-04T01:00,36.3,41,12.9,16.4
0,County Dublin,2025-05-04T02:00,35.1,39.7,13.2,17
0,County Dublin,2025-05-04T03:00,38.6,42,8.8,15.5
0,County Dublin,2025-05-04T04:00,44.2,46.9,6.1,13.5
0,County Dublin,2025-05-04T05:00,48.4,50.3,3.9,12.3
0,County Dublin,2025-05-04T06:00,50.3,52.2,3.8,11.9
0,County Dublin,2025-05-04T07:00,49.6,54.1,8.8,12
0,County Dublin,2025-05-04T08:00,49.2,55,11.7,12.1
0,County Dublin,2025-05-04T09:00,47.4,55.9,17.9,12.6
0,County Dublin,2025-05-04T10:00,44.4,55.4,24.7,13.5
0,County Dublin,2025-05-04T11:00,42.6,55.6,30.5,14
0,County Dublin,2025-05-04T12:00,40.3,55.5,37.8,14.8
0,County Dublin,2025-05-04T13:00,39.2,55.4,41.1,15.2
0,County Dublin,2025-05-04T14:00,38.1,54.4,42.6,15.7
0,County Dublin,2025-05-04T15:00,38,53.4,40.4,15.7
0,County Dublin,2025-05-04T16:00,39.6,53.1,34.2,15.1
0,County Dublin,2025-05-04T17:00,40.4,53.3,31.6,14.8
0,County Dublin,2025-05-04T18:00,40.3,52.6,30.5,14.8
0,County Dublin,2025-05-04T19:00,38.7,50.4,30.2,15.4
0,County Dublin,2025-05-04T20:00,38.3,48.8,27.2,15.6
0,County Dublin,2025-05-04T21:00,38.7,47.8,23.5,15.4
0,County Dublin,2025-05-04T22:00,38.1,46.3,21.3,15.7
0,County Dublin,2025-05-04T23:00,37.9,44.7,18.1,15.8
0,County Dublin,2025-05-05T00:00,37.6,42.6,13.2,15.9
0,County Dublin,2025-05-05T01:00,38.6,42.1,9,15.5
0,County Dublin,2025-05-05T02:00,38.2,41.3,8.3,15.7
0,County Dublin,2025-05-05T03:00,41.7,44,5.4,14.3
0,County Dublin,2025-05-05T04:00,46.4,48.6,4.6,12.9
0,County Dublin,2025-05-05T05:00,49.9,51.7,3.4,12
0,County Dublin,2025-05-05T06:00,50.1,52,3.8,11.9
0,County Dublin,2025-05-05T07:00,48.8,53.3,9.2,12.2
0,County Dublin,2025-05-05T08:00,46.5,53.1,14.2,12.8
0,County Dublin,2025-05-05T09:00,45.9,54.2,18,13
0,County Dublin,2025-05-05T10:00,44.5,54.9,23.4,13.4
0,County Dublin,2025-05-05T11:00,42.5,55.1,29.7,14.1
0,County Dublin,2025-05-05T12:00,41,55.4,35.1,14.6
0,County Dublin,2025-05-05T13:00,39.9,55.7,39.6,15
0,County Dublin,2025-05-05T14:00,38.6,55,42.3,15.5
0,County Dublin,2025-05-05T15:00,38.8,54.8,41.3,15.4
0,County Dublin,2025-05-05T16:00,38.6,54.5,41.1,15.5
0,County Dublin,2025-05-05T17:00,39.7,54.4,37.2,15.1
0,County Dublin,2025-05-05T18:00,40.4,53.8,33.1,14.8
0,County Dublin,2025-05-05T19:00,41.1,53,28.7,14.5
0,County Dublin,2025-05-05T20:00,41.4,51.7,24.8,14.4
0,County Dublin,2025-05-05T21:00,42.2,51.3,21.7,14.2
0,County Dublin,2025-05-05T22:00,42.2,49.4,17,14.1
0,County Dublin,2025-05-05T23:00,42.6,47.6,11.7,14
0,County Dublin,2025-05-06T00:00,42.8,45.9,7.3,14
0,County Dublin,2025-05-06T01:00,44.4,46.2,3.9,13.4
0,County Dublin,2025-05-06T02:00,45.2,46.7,3.1,13.2
0,County Dublin,2025-05-06T03:00,49.4,51.2,3.6,12.1
0,County Dublin,2025-05-06T04:00,55.7,56.9,2.1,10.7
0,County Dublin,2025-05-06T05:00,56.2,58.6,4.1,10.6
0,County Dublin,2025-05-06T06:00,49,60.1,22.5,12.2
0,County Dublin,2025-05-06T07:00,34.4,55.9,62.6,17.4
0,County Dublin,2025-05-06T08:00,26.7,52.7,97.4,22.4
0,County Dublin,2025-05-06T09:00,32.5,54.5,67.6,18.4
0,County Dublin,2025-05-06T10:00,38.2,54.5,42.5,15.6
0,County Dublin,2025-05-06T11:00,37.5,53.4,42.3,15.9
0,County Dublin,2025-05-06T12:00,36.3,53.3,46.4,16.4
0,County Dublin,2025-05-06T13:00,36,53.4,48.1,16.6
0,County Dublin,2025-05-06T14:00,35.9,53.2,48.3,16.7
0,County Dublin,2025-05-06T15:00,33.8,54,59.7,17.7
0,County Dublin,2025-05-06T16:00,29.6,53.3,79.8,20.2
0,County Dublin,2025-05-06T17:00,28.4,53.2,86.8,21
0,County Dublin,2025-05-06T18:00,32.9,52.3,59.2,18.2
0,County Dublin,2025-05-06T19:00,36,50.2,39.2,16.6
0,County Dublin,2025-05-06T20:00,38.4,49.4,28.6,15.6
0,County Dublin,2025-05-06T21:00,40.1,49.8,24.3,14.9
0,County Dublin,2025-05-06T22:00,40.5,48.2,18.8,14.7
0,County Dublin,2025-05-06T23:00,40.4,46.8,15.7,14.8
0,County Dublin,2025-05-07T00:00,41.6,44.9,8.1,14.4
0,County Dublin,2025-05-07T01:00,43.9,46,4.8,13.6
0,County Dublin,2025-05-07T02:00,44.8,46.6,3.9,13.3
0,County Dublin,2025-05-07T03:00,47,49,4.2,12.7
0,County Dublin,2025-05-07T04:00,54.8,56,2.1,10.9
0,County Dublin,2025-05-07T05:00,55,57,3.5,10.8
0,County Dublin,2025-05-07T06:00,49.5,60.3,21.7,12.1
0,County Dublin,2025-05-07T07:00,34.9,56,60.3,17.1
0,County Dublin,2025-05-07T08:00,26.9,53,96.7,22.2
0,County Dublin,2025-05-07T09:00,31,53.7,72.9,19.3
0,County Dublin,2025-05-07T10:00,34,53.1,56,17.6
0,County Dublin,2025-05-07T11:00,36.2,53.3,47.1,16.5
0,County Dublin,2025-05-07T12:00,35.4,52.8,49.1,16.9
0,County Dublin,2025-05-07T13:00,34.3,52.9,54.2,17.4
0,County Dublin,2025-05-07T14:00,34.8,53.3,53.1,17.2
0,County Dublin,2025-05-07T15:00,33.1,53.9,62.9,18.1
0,County Dublin,2025-05-07T16:00,27.9,52.9,89.6,21.4
0,County Dublin,2025-05-07T17:00,26,52,100.1,23
0,County Dublin,2025-05-07T18:00,30.3,52.1,71.5,19.7
0,County Dublin,2025-05-07T19:00,34.8,50,43.6,17.2
0,County Dublin,2025-05-07T20:00,37.4,48.9,30.8,16
0,County Dublin,2025-05-07T21:00,39.5,49.5,25.3,15.1
0,County Dublin,2025-05-07T22:00,39.5,48,21.5,15.1
0,County Dublin,2025-05-07T23:00,39.4,45.4,15.3,15.2
0,County Dublin,2025-05-08T00:00,38.8,42.8,10.3,15.4
0,County Dublin,2025-05-08T01:00,41,43.6,6.2,14.6
0,County Dublin,2025-05-08T02:00,42,44.3,5.3,14.2
0,County Dublin,2025-05-08T03:00,47.6,49.3,3.6,12.5
0,County Dublin,2025-05-08T04:00,52.5,54.4,3.5,11.4
0,County Dublin,2025-05-08T05:00,54.8,57.3,4.5,10.9
0,County Dublin,2025-05-08T06:00,48.9,59.7,21.9,12.2
0,County Dublin,2025-05-08T07:00,36.2,56.2,55.3,16.5
0,County Dublin,2025-05-08T08:00,28.1,53.3,89.3,21.2
0,County Dublin,2025-05-08T09:00,33.8,54.8,62.2,17.7
0,County Dublin,2025-05-08T10:00,36.2,53.8,48.4,16.5
0,County Dublin,2025-05-08T11:00,36.1,53.3,47.7,16.6
0,County Dublin,2025-05-08T12:00,35.5,53.1,49.5,16.8
0,County Dublin,2025-05-08T13:00,35.2,53.4,51.7,17
0,County Dublin,2025-05-08T14:00,34.9,53.8,53.9,17.1
0,County Dublin,2025-05-08T15:00,31.9,53.8,68.5,18.7
0,County Dublin,2025-05-08T16:00,26.6,52.5,97.1,22.4
0,County Dublin,2025-05-08T17:00,25.6,51.8,102,23.3
0,County Dublin,2025-05-08T18:00,29.9,51.8,72.9,20
0,County Dublin,2025-05-08T19:00,34.3,50.2,46.2,17.4
0,County Dublin,2025-05-08T20:00,36.3,48.6,33.6,16.4
0,County Dublin,2025-05-08T21:00,37.5,48.2,28.4,15.9
0,County Dublin,2025-05-08T22:00,37.5,46.7,24.4,15.9
0,County Dublin,2025-05-08T23:00,36.8,44,19.5,16.2
0,County Dublin,2025-05-09T00:00,38,42.7,12.3,15.7
0,County Dublin,2025-05-09T01:00,38.1,41.5,9,15.7
0,County Dublin,2025-05-09T02:00,39.1,41.7,6.6,15.3
0,County Dublin,2025-05-09T03:00,45.8,47.5,3.5,13
0,County Dublin,2025-05-09T04:00,52.1,54.3,4.2,11.5
0,County Dublin,2025-05-09T05:00,54.7,56.9,3.9,10.9
0,County Dublin,2025-05-09T06:00,49.4,58.8,19,12.1
0,County Dublin,2025-05-09T07:00,39.8,56.3,41.2,15
0,County Dublin,2025-05-09T08:00,31.6,52.8,66.9,18.9
0,County Dublin,2025-05-09T09:00,36.1,54.1,50,16.6
0,County Dublin,2025-05-09T10:00,37.6,53.9,43.2,15.9
0,County Dublin,2025-05-09T11:00,37,53.9,45.4,16.1
0,County Dublin,2025-05-09T12:00,34.7,53.5,54,17.2
0,County Dublin,2025-05-09T13:00,32.1,53.4,66.1,18.6
0,County Dublin,2025-05-09T14:00,29.5,52.8,78.5,20.2
0,County Dublin,2025-05-09T15:00,27.7,52,87.4,21.6
0,County Dublin,2025-05-09T16:00,28.1,52.3,86.1,21.3
0,County Dublin,2025-05-09T17:00,30.4,52,71.1,19.7
0,County Dublin,2025-05-09T18:00,32.9,51.4,56.1,18.1
0,County Dublin,2025-05-09T19:00,34.5,49.5,43.4,17.3
0,County Dublin,2025-05-09T20:00,35.9,48,33.8,16.7
0,County Dublin,2025-05-09T21:00,37,47.8,29.1,16.1
0,County Dublin,2025-05-09T22:00,35.7,46.4,29.9,16.7
0,County Dublin,2025-05-09T23:00,35.5,45.3,27.4,16.8
0,County Dublin,2025-05-10T00:00,35.5,42.5,19.6,16.8
0,County Dublin,2025-05-10T01:00,34.5,40.4,16.8,17.3
0,County Dublin,2025-05-10T02:00,33.5,39.6,18.2,17.8
0,County Dublin,2025-05-10T03:00,38.9,43.4,11.5,15.3
0,County Dublin,2025-05-10T04:00,45.4,49,7.7,13.1
0,County Dublin,2025-05-10T05:00,49,51.5,5.1,12.2
0,County Dublin,2025-05-10T06:00,49.7,53.5,7.5,12
0,County Dublin,2025-05-10T07:00,49.4,55.5,12.4,12.1
0,County Dublin,2025-05-10T08:00,46.1,55.3,20,13
0,County Dublin,2025-05-10T09:00,42.2,55.2,30.6,14.1
0,County Dublin,2025-05-10T10:00,39.1,54.9,40,15.3
0,County Dublin,2025-05-10T11:00,36.9,54.8,48.4,16.2
0,County Dublin,2025-05-10T12:00,34.4,54.8,59.2,17.4
0,County Dublin,2025-05-10T13:00,32.4,53.9,65.9,18.4
0,County Dublin,2025-05-10T14:00,33,54,63.8,18.1
0,County Dublin,2025-05-10T15:00,35.7,53.5,49.7,16.7
0,County Dublin,2025-05-10T16:00,37.2,53,42.4,16.1
0,County Dublin,2025-05-10T17:00,37.6,52.8,40.3,15.9
0,County Dublin,2025-05-10T18:00,36.9,51.3,38.8,16.2
0,County Dublin,2025-05-10T19:00,36.5,49.9,36.7,16.4
0,County Dublin,2025-05-10T20:00,37.4,48.9,30.7,16
0,County Dublin,2025-05-10T21:00,37.5,47.6,26.9,15.9
0,County Dublin,2025-05-10T22:00,36.4,46,26.4,16.4
0,County Dublin,2025-05-10T23:00,35.4,43.9,23.8,16.9
0,County Dublin,2025-05-11T00:00,35.8,42.4,18.4,16.7
0,County Dublin,2025-05-11T01:00,36.5,41.4,13.5,16.4
0,County Dublin,2025-05-11T02:00,35.2,40.1,13.8,17
0,County Dublin,2025-05-11T03:00,36.8,40.8,10.8,16.2
0,County Dublin,2025-05-11T04:00,42.9,46,7.2,13.9
0,County Dublin,2025-05-11T05:00,48.4,50.3,4,12.3
0,County Dublin,2025-05-11T06:00,49.7,51.9,4.4,12
0,County Dublin,2025-05-11T07:00,49.4,53.7,8.6,12.1
0,County Dublin,2025-05-11T08:00,48.6,55.1,13.2,12.3
0,County Dublin,2025-05-11T09:00,46.2,55.4,19.8,12.9
0,County Dublin,2025-05-11T10:00,42.7,55.2,29.3,14
0,County Dublin,2025-05-11T11:00,40.7,55.4,35.9,14.7
0,County Dublin,2025-05-11T12:00,38.2,56,46.8,15.7
0,County Dublin,2025-05-11T13:00,34.2,55.1,61.1,17.5
0,County Dublin,2025-05-11T14:00,34.9,54.6,56.6,17.1
0,County Dublin,2025-05-11T15:00,37.7,54.2,43.7,15.9
0,County Dublin,2025-05-11T16:00,39.6,53.8,35.8,15.1
0,County Dublin,2025-05-11T17:00,40,53.8,34.6,14.9
0,County Dublin,2025-05-11T18:00,38.3,53.7,40.3,15.6
0,County Dublin,2025-05-11T19:00,36.1,53,46.7,16.6
0,County Dublin,2025-05-11T20:00,39.2,52.1,32.9,15.2
0,County Dublin,2025-05-11T21:00,41.7,50.6,21.3,14.3
0,County Dublin,2025-05-11T22:00,40.7,48.3,18.8,14.7
0,County Dublin,2025-05-11T23:00,40.2,46.3,15,14.9
0,County Dublin,2025-05-12T00:00,40.3,44.3,9.6,14.8
0,County Dublin,2025-05-12T01:00,41.6,44.2,6.4,14.4
0,County Dublin,2025-05-12T02:00,43.1,45.2,4.8,13.8
0,County Dublin,2025-05-12T03:00,47.6,49.7,4.4,12.5
0,County Dublin,2025-05-12T04:00,54.2,56,3.3,11
0,County Dublin,2025-05-12T05:00,55.2,58.1,5.2,10.8
0,County Dublin,2025-05-12T06:00,49.7,60.2,21,12
0,County Dublin,2025-05-12T07:00,37.2,56.5,51.8,16
0,County Dublin,2025-05-12T08:00,28.1,52.9,87.9,21.3
0,County Dublin,2025-05-12T09:00,33.9,54,59.1,17.6
0,County Dublin,2025-05-12T10:00,37.9,53.8,41.7,15.7
0,County Dublin,2025-05-12T11:00,38,53.4,40.3,15.7
0,County Dublin,2025-05-12T12:00,36.8,52.7,43.1,16.2
0,County Dublin,2025-05-12T13:00,36.4,53.1,45.8,16.4
0,County Dublin,2025-05-12T14:00,36.5,53.4,46.1,16.3
0,County Dublin,2025-05-12T15:00,34.6,53.7,55.2,17.3
0,County Dublin,2025-05-12T16:00,30.9,53.3,72.5,19.3
0,County Dublin,2025-05-12T17:00,29.9,52.5,75.7,20
0,County Dublin,2025-05-12T18:00,33.4,51.7,54.7,17.9
0,County Dublin,2025-05-12T19:00,37,50.3,36.1,16.2
0,County Dublin,2025-05-12T20:00,37.2,48.8,31,16
0,County Dublin,2025-05-12T21:00,39.5,49.1,24.2,15.1
0,County Dublin,2025-05-12T22:00,39.6,47.4,19.4,15.1
0,County Dublin,2025-05-12T23:00,40.6,46.4,14.1,14.7
0,County Dublin,2025-05-13T00:00,41.7,45.5,8.9,14.3
0,County Dublin,2025-05-13T01:00,43.1,45.3,4.8,13.8
0,County Dublin,2025-05-13T02:00,42.9,45.2,5.3,13.9
0,County Dublin,2025-05-13T03:00,47.2,49.8,5.5,12.6
0,County Dublin,2025-05-13T04:00,54,55.6,2.9,11.1
0,County Dublin,2025-05-13T05:00,54.9,57.5,4.6,10.9
0,County Dublin,2025-05-13T06:00,47.6,59.2,24.3,12.5
0,County Dublin,2025-05-13T07:00,34.1,55.9,63.8,17.5
0,County Dublin,2025-05-13T08:00,25.7,52.7,104.9,23.3
0,County Dublin,2025-05-13T09:00,31.7,54.4,71.4,18.8
0,County Dublin,2025-05-13T10:00,36.4,53.8,47.9,16.4
0,County Dublin,2025-05-13T11:00,35.7,52.7,47.7,16.8
0,County Dublin,2025-05-13T12:00,35.7,53,48.2,16.7
0,County Dublin,2025-05-13T13:00,35.8,53.4,49.2,16.7
0,County Dublin,2025-05-13T14:00,35.8,53.6,49.5,16.7
0,County Dublin,2025-05-13T15:00,33.2,53.7,61.5,18
0,County Dublin,2025-05-13T16:00,28.1,53.2,89.1,21.3
0,County Dublin,2025-05-13T17:00,26.2,52.5,100.4,22.8
0,County Dublin,2025-05-13T18:00,29.5,51.8,75.6,20.3
0,County Dublin,2025-05-13T19:00,34.3,50.2,46.1,17.4
0,County Dublin,2025-05-13T20:00,37,48.9,32.3,16.2
0,County Dublin,2025-05-13T21:00,39,49.1,25.8,15.3
0,County Dublin,2025-05-13T22:00,39.5,47.7,20.6,15.1
0,County Dublin,2025-05-13T23:00,40.2,45.9,14.1,14.9
0,County Dublin,2025-05-14T00:00,40.4,44.1,9.1,14.8
0,County Dublin,2025-05-14T01:00,41.8,44.2,5.7,14.3
0,County Dublin,2025-05-14T02:00,43.5,45.2,3.8,13.7
0,County Dublin,2025-05-14T03:00,47.6,49.3,3.6,12.6
0,County Dublin,2025-05-14T04:00,53.9,55.5,2.7,11.1
0,County Dublin,2025-05-14T05:00,55.4,57.8,4.4,10.8
0,County Dublin,2025-05-14T06:00,48.2,59.5,23.4,12.4
0,County Dublin,2025-05-14T07:00,34.4,55.8,62.3,17.4
0,County Dublin,2025-05-14T08:00,25.4,52.3,105.4,23.5
0,County Dublin,2025-05-14T09:00,30.5,54.1,77.1,19.6
0,County Dublin,2025-05-14T10:00,35.8,53.8,50.2,16.7
0,County Dublin,2025-05-14T11:00,36.4,53.1,45.7,16.4
0,County Dublin,2025-05-14T12:00,35,52.7,50.5,17.1
0,County Dublin,2025-05-14T13:00,34.1,53,55.3,17.5
0,County Dublin,2025-05-14T14:00,34.7,53.5,54,17.2
0,County Dublin,2025-05-14T15:00,32.8,53.9,64.1,18.2
0,County Dublin,2025-05-14T16:00,27.9,52.9,89.6,21.4
0,County Dublin,2025-05-14T17:00,26.2,52.2,98.9,22.8
0,County Dublin,2025-05-14T18:00,30.8,52.2,69.1,19.4
0,County Dublin,2025-05-14T19:00,35.4,50.2,41.6,16.9
0,County Dublin,2025-05-14T20:00,37.1,49.2,32.6,16.1
0,County Dublin,2025-05-14T21:00,39.2,49.4,26.1,15.3
0,County Dublin,2025-05-14T22:00,39.6,48.1,21.4,15.1
0,County Dublin,2025-05-14T23:00,39.6,45.7,15.4,15.1
0,County Dublin,2025-05-15T00:00,39.7,43.6,9.7,15
0,County Dublin,2025-05-15T01:00,40.6,43.4,6.7,14.7
0,County Dublin,2025-05-15T02:00,41.6,43.9,5.5,14.4
0,County Dublin,2025-05-15T03:00,46.1,48,4.2,13
0,County Dublin,2025-05-15T04:00,53.5,55.2,3,11.1
0,County Dublin,2025-05-15T05:00,55.1,57.1,3.5,10.8
0,County Dublin,2025-05-15T06:00,48.7,59.8,22.7,12.3
0,County Dublin,2025-05-15T07:00,35,56.1,60.2,17.1
0,County Dublin,2025-05-15T08:00,26.6,53.1,99.6,22.5
0,County Dublin,2025-05-15T09:00,31.9,54.8,71.4,18.7
0,County Dublin,2025-05-15T10:00,35.8,54.2,51.4,16.7
0,County Dublin,2025-05-15T11:00,36.9,54,46.3,16.2
0,County Dublin,2025-05-15T12:00,35.6,53.4,49.6,16.8
0,County Dublin,2025-05-15T13:00,35.2,53.7,52.5,17
0,County Dublin,2025-05-15T14:00,34.7,53.9,55,17.2
0,County Dublin,2025-05-15T15:00,32.3,54.1,67.4,18.5
0,County Dublin,2025-05-15T16:00,26.8,52.6,96.2,22.3
0,County Dublin,2025-05-15T17:00,25.1,51.7,105.3,23.8
0,County Dublin,2025-05-15T18:00,30,52.1,73.5,19.9
0,County Dublin,2025-05-15T19:00,35.3,50.8,43.7,16.9
0,County Dublin,2025-05-15T20:00,36.1,48.8,34.8,16.5
0,County Dublin,2025-05-15T21:00,38.2,48.8,27.8,15.6
0,County Dublin,2025-05-15T22:00,38.3,47.5,23.8,15.6
0,County Dublin,2025-05-15T23:00,38,45,18.4,15.7
0,County Dublin,2025-05-16T00:00,37.9,42.7,12.6,15.8
0,County Dublin,2025-05-16T01:00,37.3,41.2,10.3,16
0,County Dublin,2025-05-16T02:00,39.8,42.4,6.7,15
0,County Dublin,2025-05-16T03:00,44.4,46.3,4.1,13.4
0,County Dublin,2025-05-16T04:00,51.9,53.8,3.4,11.5
0,County Dublin,2025-05-16T05:00,54.5,57,4.5,10.9
0,County Dublin,2025-05-16T06:00,49.3,59.1,19.9,12.1
0,County Dublin,2025-05-16T07:00,41.3,57,38,14.5
0,County Dublin,2025-05-16T08:00,32,53,65.5,18.7
0,County Dublin,2025-05-16T09:00,36.5,54.5,49.3,16.4
0,County Dublin,2025-05-16T10:00,37.6,54,43.4,15.9
0,County Dublin,2025-05-16T11:00,36.8,54.2,47.1,16.2
0,County Dublin,2025-05-16T12:00,33.9,53.5,57.6,17.6
0,County Dublin,2025-05-16T13:00,30.8,53.4,73.2,19.4
0,County Dublin,2025-05-16T14:00,29,53.1,82.7,20.6
0,County Dublin,2025-05-16T15:00,27.3,52.4,91.2,21.9
0,County Dublin,2025-05-16T16:00,26.9,51.8,92.5,22.2
0,County Dublin,2025-05-16T17:00,29.1,51.6,77,20.5
0,County Dublin,2025-05-16T18:00,32.8,51.6,57,18.2
0,County Dublin,2025-05-16T19:00,34.7,49.8,43.7,17.2
0,County Dublin,2025-05-16T20:00,36.2,48.7,34.2,16.5
0,County Dublin,2025-05-16T21:00,37.3,48.1,28.8,16
0,County Dublin,2025-05-16T22:00,35.9,47.2,31.4,16.6
0,County Dublin,2025-05-16T23:00,35.9,45.8,27.5,16.7
0,County Dublin,2025-05-17T00:00,35.9,42.6,18.6,16.6
0,County Dublin,2025-05-17T01:00,35.6,41,14.9,16.8
0,County Dublin,2025-05-17T02:00,34.4,39.9,15.7,17.3
0,County Dublin,2025-05-17T03:00,38.6,42.2,9.2,15.5
0,County Dublin,2025-05-17T04:00,45.6,48.3,6,13.1
0,County Dublin,2025-05-17T05:00,49.6,52,4.8,12
0,County Dublin,2025-05-17T06:00,50.8,54.3,6.8,11.7
0,County Dublin,2025-05-17T07:00,50.4,56.4,11.8,11.8
0,County Dublin,2025-05-17T08:00,47.4,56.5,19.3,12.6
0,County Dublin,2025-05-17T09:00,43.3,56,29.4,13.8
0,County Dublin,2025-05-17T10:00,39.3,55.4,40.6,15.2
0,County Dublin,2025-05-17T11:00,35.7,54.7,53.2,16.7
0,County Dublin,2025-05-17T12:00,32.4,54.3,67.6,18.5
0,County Dublin,2025-05-17T13:00,31.6,54.2,71.5,18.9
0,County Dublin,2025-05-17T14:00,32.9,54.2,64.7,18.2
0,County Dublin,2025-05-17T15:00,36.3,54.2,49.2,16.4
0,County Dublin,2025-05-17T16:00,38,53.8,41.4,15.7
0,County Dublin,2025-05-17T17:00,37.7,53.5,41.8,15.9
0,County Dublin,2025-05-17T18:00,37.4,52.2,39.5,16
0,County Dublin,2025-05-17T19:00,36.7,50.5,37.6,16.3
0,County Dublin,2025-05-17T20:00,37.2,48.8,31.1,16.1
0,County Dublin,2025-05-17T21:00,37.9,48.1,26.7,15.7
0,County Dublin,2025-05-17T22:00,36.5,47.3,29.3,16.4
0,County Dublin,2025-05-17T23:00,37.3,46.6,25,16
0,County Dublin,2025-05-18T00:00,37.4,43.8,17.1,16
0,County Dublin,2025-05-18T01:00,37.2,42.2,13.2,16
0,County Dublin,2025-05-18T02:00,35.1,40,13.8,17
0,County Dublin,2025-05-18T03:00,37.4,41.4,10.8,16
0,County Dublin,2025-05-18T04:00,43.9,46.7,6.3,13.6
0,County Dublin,2025-05-18T05:00,48.4,50.2,3.6,12.3
0,County Dublin,2025-05-18T06:00,50.4,52.5,4.1,11.8
0,County Dublin,2025-05-18T07:00,49.7,54.1,8.8,12
0,County Dublin,2025-05-18T08:00,49.4,55.6,12.6,12.1
0,County Dublin,2025-05-18T09:00,46.3,56.1,21.1,12.9
0,County Dublin,2025-05-18T10:00,43.5,56.1,28.8,13.7
0,County Dublin,2025-05-18T11:00,40,55.5,38.6,14.9
0,County Dublin,2025-05-18T12:00,37.9,55.8,47.3,15.8
0,County Dublin,2025-05-18T13:00,35.4,55.3,56.2,16.9
0,County Dublin,2025-05-18T14:00,36.2,54.9,51.7,16.5
0,County Dublin,2025-05-18T15:00,38.6,54.6,41.6,15.5
0,County Dublin,2025-05-18T16:00,38.7,53.9,39.3,15.4
0,County Dublin,2025-05-18T17:00,38.4,54,40.6,15.6
0,County Dublin,2025-05-18T18:00,39.9,54.8,37.2,15
0,County Dublin,2025-05-18T19:00,40.8,53.8,31.9,14.6
0,County Dublin,2025-05-18T20:00,41.6,52.5,26.2,14.4
0,County Dublin,2025-05-18T21:00,42.5,51.5,21.2,14.1
0,County Dublin,2025-05-18T22:00,41.5,49.3,18.6,14.4
0,County Dublin,2025-05-18T23:00,41.7,47.4,13.6,14.3
0,County Dublin,2025-05-19T00:00,41.4,45.2,9.1,14.4
0,County Dublin,2025-05-19T01:00,42.3,44.3,4.7,14.1
0,County Dublin,2025-05-19T02:00,43.5,45.3,4.2,13.7
0,County Dublin,2025-05-19T03:00,47.8,49.9,4.3,12.5
0,County Dublin,2025-05-19T04:00,54.7,56.7,3.5,10.9
0,County Dublin,2025-05-19T05:00,56.1,58.4,4,10.6
0,County Dublin,2025-05-19T06:00,50.1,60.5,20.7,11.9
0,County Dublin,2025-05-19T07:00,38.3,57.3,49.3,15.6
0,County Dublin,2025-05-19T08:00,30.7,53.7,75.2,19.5
0,County Dublin,2025-05-19T09:00,36.6,55,50,16.3
0,County Dublin,2025-05-19T10:00,38,54.3,42.9,15.7
0,County Dublin,2025-05-19T11:00,38,53.9,41.6,15.7
0,County Dublin,2025-05-19T12:00,37,53.4,44.1,16.1
0,County Dublin,2025-05-19T13:00,36.6,53.5,46,16.3
0,County Dublin,2025-05-19T14:00,36.6,54.1,47.6,16.3
0,County Dublin,2025-05-19T15:00,34.5,54.2,57.2,17.3
0,County Dublin,2025-05-19T16:00,29.4,53.1,80.4,20.3
0,County Dublin,2025-05-19T17:00,29.7,53.5,79.6,20.1
0,County Dublin,2025-05-19T18:00,35,53,51.6,17.1
0,County Dublin,2025-05-19T19:00,37.3,50.5,35.2,16
0,County Dublin,2025-05-19T20:00,39.3,50.1,27.4,15.2
0,County Dublin,2025-05-19T21:00,41.5,50.6,21.8,14.4
0,County Dublin,2025-05-19T22:00,41.3,49.3,19.2,14.4
0,County Dublin,2025-05-19T23:00,41,46.5,13.5,14.6
0,County Dublin,2025-05-20T00:00,41.2,44.8,8.6,14.5
0,County Dublin,2025-05-20T01:00,42.6,44.8,5.2,14
0,County Dublin,2025-05-20T02:00,44,46.5,5.6,13.6
0,County Dublin,2025-05-20T03:00,47.3,49.3,4,12.6
0,County Dublin,2025-05-20T04:00,55.6,57,2.5,10.7
0,County Dublin,2025-05-20T05:00,55.8,58.3,4.3,10.7
0,County Dublin,2025-05-20T06:00,49.5,60.5,22.2,12.1
0,County Dublin,2025-05-20T07:00,35.4,56.5,59.3,16.9
0,County Dublin,2025-05-20T08:00,27.4,53.5,95.2,21.8
0,County Dublin,2025-05-20T09:00,32.2,54.3,68.5,18.5
0,County Dublin,2025-05-20T10:00,36.2,54.4,50.3,16.5
0,County Dublin,2025-05-20T11:00,35.4,53.1,49.7,16.9
0,County Dublin,2025-05-20T12:00,35.7,53.3,49.5,16.8
0,County Dublin,2025-05-20T13:00,35.2,53.3,51.3,17
0,County Dublin,2025-05-20T14:00,35.4,53.7,51.4,16.9
0,County Dublin,2025-05-20T15:00,31.8,53.9,69.2,18.8
0,County Dublin,2025-05-20T16:00,25.5,52.1,104.2,23.4
0,County Dublin,2025-05-20T17:00,22.8,51.5,125.5,26.2
0,County Dublin,2025-05-20T18:00,26.2,51.9,97.8,22.8
0,County Dublin,2025-05-20T19:00,33.9,50.9,50,17.6
0,County Dublin,2025-05-20T20:00,38.1,49.2,28.9,15.7
0,County Dublin,2025-05-20T21:00,40.8,49.9,22.3,14.6
0,County Dublin,2025-05-20T22:00,39.7,48,20.8,15
0,County Dublin,2025-05-20T23:00,40.5,47.2,16.4,14.7
0,County Dublin,2025-05-21T00:00,40.7,44.7,9.7,14.7
0,County Dublin,2025-05-21T01:00,41.9,44.4,5.7,14.2
0,County Dublin,2025-05-21T02:00,44.2,46,3.9,13.5
0,County Dublin,2025-05-21T03:00,48,49.9,3.9,12.4
0,County Dublin,2025-05-21T04:00,55.1,56.7,3,10.8
0,County Dublin,2025-05-21T05:00,55,57.8,4.9,10.8
0,County Dublin,2025-05-21T06:00,48.4,60.2,24.3,12.3
0,County Dublin,2025-05-21T07:00,34.8,56,60.7,17.1
0,County Dublin,2025-05-21T08:00,27,52.9,95.5,22.1
0,County Dublin,2025-05-21T09:00,31.5,54,71,18.9
0,County Dublin,2025-05-21T10:00,36.3,54,48.7,16.5
0,County Dublin,2025-05-21T11:00,37.2,53.6,44,16
0,County Dublin,2025-05-21T12:00,35.7,53.1,48.7,16.7
0,County Dublin,2025-05-21T13:00,34.7,53.2,53.2,17.2
0,County Dublin,2025-05-21T14:00,35,53.7,53.3,17.1
0,County Dublin,2025-05-21T15:00,33.6,54.3,61.5,17.8
0,County Dublin,2025-05-21T16:00,28.9,53.1,83.8,20.7
0,County Dublin,2025-05-21T17:00,27.6,52.6,90.6,21.7
0,County Dublin,2025-05-21T18:00,32.6,52.4,60.8,18.3
0,County Dublin,2025-05-21T19:00,36.1,50.5,39.7,16.5
0,County Dublin,2025-05-21T20:00,37.7,49.1,30.2,15.8
0,County Dublin,2025-05-21T21:00,39.8,49.4,24.1,15
0,County Dublin,2025-05-21T22:00,38.5,48.6,26.1,15.5
0,County Dublin,2025-05-21T23:00,38.8,45.7,17.7,15.4
0,County Dublin,2025-05-22T00:00,39.5,43.6,10.3,15.1
0,County Dublin,2025-05-22T01:00,39.6,42.4,6.9,15.1
0,County Dublin,2025-05-22T02:00,41,43.2,5.3,14.6
0,County Dublin,2025-05-22T03:00,45.6,47.3,3.8,13.1
0,County Dublin,2025-05-22T04:00,52.3,54.1,3.3,11.4
0,County Dublin,2025-05-22T05:00,54.8,57.3,4.7,10.9
0,County Dublin,2025-05-22T06:00,48.8,60,22.9,12.2
0,County Dublin,2025-05-22T07:00,35.6,56,57.2,16.8
0,County Dublin,2025-05-22T08:00,28.7,53.5,86,20.8
0,County Dublin,2025-05-22T09:00,34,54.8,61.3,17.6
0,County Dublin,2025-05-22T10:00,37.3,54.3,45.5,16
0,County Dublin,2025-05-22T11:00,36.9,53.9,45.9,16.2
0,County Dublin,2025-05-22T12:00,35.5,53.5,50.4,16.8
0,County Dublin,2025-05-22T13:00,35,53.6,53.1,17.1
0,County Dublin,2025-05-22T14:00,34.9,54,54.4,17.1
0,County Dublin,2025-05-22T15:00,32.8,54.3,65.5,18.2
0,County Dublin,2025-05-22T16:00,27.8,53,90.6,21.5
0,County Dublin,2025-05-22T17:00,27,52.4,94.1,22.1
0,County Dublin,2025-05-22T18:00,31.4,52.1,65.9,19
0,County Dublin,2025-05-22T19:00,35.3,50.2,42.2,16.9
0,County Dublin,2025-05-22T20:00,36.9,49.2,33.3,16.2
0,County Dublin,2025-05-22T21:00,38.3,49.1,28.1,15.6
0,County Dublin,2025-05-22T22:00,37.2,47.5,27.4,16
0,County Dublin,2025-05-22T23:00,37.8,45.4,20.1,15.8
0,County Dublin,2025-05-23T00:00,39.1,43.9,12.2,15.3
0,County Dublin,2025-05-23T01:00,37.9,41.7,10.2,15.8
0,County Dublin,2025-05-23T02:00,40.7,43.6,6.9,14.7
0,County Dublin,2025-05-23T03:00,45.5,47.4,4.1,13.1
0,County Dublin,2025-05-23T04:00,52,53.9,3.7,11.5
0,County Dublin,2025-05-23T05:00,54.4,56.7,4.1,11
0,County Dublin,2025-05-23T06:00,49.6,59.1,19,12
0,County Dublin,2025-05-23T07:00,41.4,56.8,37.1,14.4
0,County Dublin,2025-05-23T08:00,33.2,53.2,60.3,18
0,County Dublin,2025-05-23T09:00,36.6,54.2,47.7,16.3
0,County Dublin,2025-05-23T10:00,37.5,53.8,43.7,15.9
0,County Dublin,2025-05-23T11:00,36.8,54.1,47.1,16.2
0,County Dublin,2025-05-23T12:00,34.9,54,54.7,17.1
0,County Dublin,2025-05-23T13:00,32.2,53.8,66.8,18.6
0,County Dublin,2025-05-23T14:00,28.1,53,88.3,21.2
0,County Dublin,2025-05-23T15:00,25.4,51.9,104.3,23.6
0,County Dublin,2025-05-23T16:00,25.1,51.6,104.8,23.8
0,County Dublin,2025-05-23T17:00,26.7,51.3,91.8,22.4
0,County Dublin,2025-05-23T18:00,31.3,51.3,63.6,19.1
0,County Dublin,2025-05-23T19:00,34.7,50,43.8,17.2
0,County Dublin,2025-05-23T20:00,36.3,48.1,32.4,16.4
0,County Dublin,2025-05-23T21:00,37.1,47.7,28.3,16.1
0,County Dublin,2025-05-23T22:00,35,46.5,32.7,17.1
0,County Dublin,2025-05-23T23:00,34.8,45,29.1,17.2
0,County Dublin,2025-05-24T00:00,36.1,43.2,19.6,16.5
0,County Dublin,2025-05-24T01:00,35.6,41.1,15.3,16.8
0,County Dublin,2025-05-24T02:00,34.9,40.2,15,17.1
0,County Dublin,2025-05-24T03:00,39.6,43.2,9,15.1
0,County Dublin,2025-05-24T04:00,46.4,49.5,6.6,12.9
0,County Dublin,2025-05-24T05:00,50.5,52.9,4.7,11.8
0,County Dublin,2025-05-24T06:00,51.5,54.6,6,11.6
0,County Dublin,2025-05-24T07:00,49.4,55.4,12,12.1
0,County Dublin,2025-05-24T08:00,47.2,55.8,18,12.6
0,County Dublin,2025-05-24T09:00,43.2,55.4,28.2,13.8
0,County Dublin,2025-05-24T10:00,40.4,55.1,36.2,14.8
0,County Dublin,2025-05-24T11:00,36.4,54.5,49.8,16.4
0,County Dublin,2025-05-24T12:00,32.8,54.1,65,18.2
0,County Dublin,2025-05-24T13:00,30.6,53.7,74.9,19.5
0,County Dublin,2025-05-24T14:00,31.2,53.6,71.7,19.2
0,County Dublin,2025-05-24T15:00,33.5,53.5,59.4,17.8
0,County Dublin,2025-05-24T16:00,35.2,52.8,50.1,17
0,County Dublin,2025-05-24T17:00,36.4,52.6,44.5,16.4
0,County Dublin,2025-05-24T18:00,36.5,51.3,40.7,16.4
0,County Dublin,2025-05-24T19:00,37.1,50.8,36.9,16.1
0,County Dublin,2025-05-24T20:00,36.9,48.3,30.7,16.2
0,County Dublin,2025-05-24T21:00,36.9,46.6,26.3,16.2
0,County Dublin,2025-05-24T22:00,35.8,45.8,27.9,16.7
0,County Dublin,2025-05-24T23:00,35.8,45.6,27.2,16.7
0,County Dublin,2025-05-25T00:00,36.7,43.4,18.1,16.3
0,County Dublin,2025-05-25T01:00,37.1,42.1,13.3,16.1
0,County Dublin,2025-05-25T02:00,36,40.8,13.4,16.6
0,County Dublin,2025-05-25T03:00,39.1,42.7,9.2,15.3
0,County Dublin,2025-05-25T04:00,44.3,47.3,6.6,13.5
0,County Dublin,2025-05-25T05:00,49.3,51.4,4.3,12.1
0,County Dublin,2025-05-25T06:00,49.4,52,5.2,12.1
0,County Dublin,2025-05-25T07:00,48.8,53.3,9.1,12.2
0,County Dublin,2025-05-25T08:00,48.2,54.9,13.7,12.4
0,County Dublin,2025-05-25T09:00,46.1,55.3,19.9,12.9
0,County Dublin,2025-05-25T10:00,43.1,54.7,26.9,13.9
0,County Dublin,2025-05-25T11:00,40.7,54.9,34.6,14.7
0,County Dublin,2025-05-25T12:00,37.5,54.8,46,15.9
0,County Dublin,2025-05-25T13:00,35.5,54.7,54,16.8
0,County Dublin,2025-05-25T14:00,35.1,53.5,52.3,17
0,County Dublin,2025-05-25T15:00,36.1,53.6,48.5,16.6
0,County Dublin,2025-05-25T16:00,38.1,53.5,40.4,15.7
0,County Dublin,2025-05-25T17:00,40,53.4,33.4,14.9
0,County Dublin,2025-05-25T18:00,40.1,52.8,31.6,14.9
0,County Dublin,2025-05-25T19:00,39.7,51.2,28.7,15
0,County Dublin,2025-05-25T20:00,40.6,50.6,24.6,14.7
0,County Dublin,2025-05-25T21:00,42,50.3,19.6,14.2
0,County Dublin,2025-05-25T22:00,40.4,48.4,19.8,14.8
0,County Dublin,2025-05-25T23:00,40.6,48.3,19,14.7
0,County Dublin,2025-05-26T00:00,42.1,46.2,9.6,14.2
0,County Dublin,2025-05-26T01:00,41.5,43.8,5.4,14.4
0,County Dublin,2025-05-26T02:00,44.1,45.8,3.7,13.5
0,County Dublin,2025-05-26T03:00,49,50.7,3.4,12.2
0,County Dublin,2025-05-26T04:00,54,55.9,3.5,11.1
0,County Dublin,2025-05-26T05:00,56.1,58,3.4,10.6
0,County Dublin,2025-05-26T06:00,49.7,60.1,20.7,12
0,County Dublin,2025-05-26T07:00,38.8,57.4,47.9,15.4
0,County Dublin,2025-05-26T08:00,31.8,54,69.7,18.8
0,County Dublin,2025-05-26T09:00,37.2,54.8,46.9,16
0,County Dublin,2025-05-26T10:00,38.5,54,40.1,15.5
0,County Dublin,2025-05-26T11:00,37.3,53.5,43.2,16
0,County Dublin,2025-05-26T12:00,36.5,53.3,46,16.4
0,County Dublin,2025-05-26T13:00,35.6,53.4,49.9,16.8
0,County Dublin,2025-05-26T14:00,34.5,53.5,54.7,17.3
0,County Dublin,2025-05-26T15:00,32.4,53.6,65.5,18.5
0,County Dublin,2025-05-26T16:00,28.5,52.8,85.1,21
0,County Dublin,2025-05-26T17:00,27.4,52.5,91.3,21.8
0,County Dublin,2025-05-26T18:00,33.6,52.8,56.8,17.8
0,County Dublin,2025-05-26T19:00,38.6,50.9,31.7,15.5
0,County Dublin,2025-05-26T20:00,39.6,49.9,25.9,15.1
0,County Dublin,2025-05-26T21:00,41,49.8,21.5,14.6
0,County Dublin,2025-05-26T22:00,39.2,47.5,21.1,15.2
0,County Dublin,2025-05-26T23:00,40,46.6,16.3,14.9
0,County Dublin,2025-05-27T00:00,41.1,45.2,9.9,14.5
0,County Dublin,2025-05-27T01:00,44,46.6,5.8,13.6
0,County Dublin,2025-05-27T02:00,45.1,47.3,4.8,13.2
0,County Dublin,2025-05-27T03:00,50,51.9,3.6,11.9
0,County Dublin,2025-05-27T04:00,54.5,56.7,4,10.9
0,County Dublin,2025-05-27T05:00,55.2,57.8,4.5,10.8
0,County Dublin,2025-05-27T06:00,48.5,60,23.7,12.3
0,County Dublin,2025-05-27T07:00,34.8,56.4,62,17.2
0,County Dublin,2025-05-27T08:00,25.9,53,104.2,23.1
0,County Dublin,2025-05-27T09:00,29.8,53.9,80.8,20.1
0,County Dublin,2025-05-27T10:00,33.2,53.9,62.4,18
0,County Dublin,2025-05-27T11:00,34.2,53,55.1,17.5
0,County Dublin,2025-05-27T12:00,34.6,53,52.9,17.3
0,County Dublin,2025-05-27T13:00,34.5,53.2,53.9,17.3
0,County Dublin,2025-05-27T14:00,35.1,53.6,52.5,17
0,County Dublin,2025-05-27T15:00,34.6,54.5,57.4,17.3
0,County Dublin,2025-05-27T16:00,30.2,53.7,77.5,19.8
0,County Dublin,2025-05-27T17:00,28.6,53,85.1,20.9
0,County Dublin,2025-05-27T18:00,33.3,52.8,58.4,17.9
0,County Dublin,2025-05-27T19:00,36.7,50.5,37.4,16.3
0,County Dublin,2025-05-27T20:00,38.1,49.2,28.8,15.7
0,County Dublin,2025-05-27T21:00,40.2,49.8,23.7,14.8
0,County Dublin,2025-05-27T22:00,38.7,47.8,23.3,15.4
0,County Dublin,2025-05-27T23:00,40.1,46.7,16.2,14.9
0,County Dublin,2025-05-28T00:00,40.3,44.8,11.1,14.8
0,County Dublin,2025-05-28T01:00,41.6,44.7,7.4,14.4
0,County Dublin,2025-05-28T02:00,44.2,46.9,6,13.5
0,County Dublin,2025-05-28T03:00,47.9,49.9,4.3,12.5
0,County Dublin,2025-05-28T04:00,54.1,56.2,4,11
0,County Dublin,2025-05-28T05:00,56,58.1,3.8,10.7
0,County Dublin,2025-05-28T06:00,48.8,60.2,23.2,12.2
0,County Dublin,2025-05-28T07:00,34.9,56.3,61.4,17.1
0,County Dublin,2025-05-28T08:00,27,53.2,97,22.2
0,County Dublin,2025-05-28T09:00,32,54.8,71,18.7
0,County Dublin,2025-05-28T10:00,36.3,54.1,48.9,16.4
0,County Dublin,2025-05-28T11:00,36.6,53.6,46.4,16.3
0,County Dublin,2025-05-28T12:00,35.3,53.2,50.5,16.9
0,County Dublin,2025-05-28T13:00,34.4,53.7,55.9,17.4
0,County Dublin,2025-05-28T14:00,34.5,53.9,55.9,17.3
0,County Dublin,2025-05-28T15:00,32.9,54.4,64.9,18.1
0,County Dublin,2025-05-28T16:00,28.1,53.3,89.2,21.2
0,County Dublin,2025-05-28T17:00,26.8,52.6,95.8,22.3
0,County Dublin,2025-05-28T18:00,31.3,52.7,68.3,19.1
0,County Dublin,2025-05-28T19:00,35.6,50.4,41.6,16.8
0,County Dublin,2025-05-28T20:00,37.6,49.2,30.8,15.9
0,County Dublin,2025-05-28T21:00,39.3,49.7,26.4,15.2
0,County Dublin,2025-05-28T22:00,38,47.2,24,15.7
0,County Dublin,2025-05-28T23:00,38.9,46.5,19.5,15.4
0,County Dublin,2025-05-29T00:00,39.5,43.6,10.4,15.1
0,County Dublin,2025-05-29T01:00,40.6,43.4,6.8,14.7
0,County Dublin,2025-05-29T02:00,44.2,46.2,4.4,13.5
0,County Dublin,2025-05-29T03:00,47.3,49,3.4,12.6
0,County Dublin,2025-05-29T04:00,54.1,56,3.5,11
0,County Dublin,2025-05-29T05:00,55.2,58.3,5.5,10.8
0,County Dublin,2025-05-29T06:00,49.1,60.2,22.6,12.2
0,County Dublin,2025-05-29T07:00,35.8,56.3,57,16.7
0,County Dublin,2025-05-29T08:00,28.3,53.3,88.5,21.1
0,County Dublin,2025-05-29T09:00,32.3,54.7,69.1,18.5
0,County Dublin,2025-05-29T10:00,35,53.9,53.8,17
0,County Dublin,2025-05-29T11:00,35.8,53.9,50.3,16.7
0,County Dublin,2025-05-29T12:00,33.7,53.1,57.3,17.7
0,County Dublin,2025-05-29T13:00,31.8,52.9,65.9,18.8
0,County Dublin,2025-05-29T14:00,29.9,52.7,76.3,20
0,County Dublin,2025-05-29T15:00,27.5,52.8,91.7,21.7
0,County Dublin,2025-05-29T16:00,23.6,51.5,118,25.3
0,County Dublin,2025-05-29T17:00,22.1,51.2,130.8,27
0,County Dublin,2025-05-29T18:00,25.4,51.4,102.1,23.5
0,County Dublin,2025-05-29T19:00,32,50.7,58,18.6
0,County Dublin,2025-05-29T20:00,36,48.9,35.7,16.6
0,County Dublin,2025-05-29T21:00,38.4,49,27.4,15.5
0,County Dublin,2025-05-29T22:00,37.3,46.9,25.9,16
0,County Dublin,2025-05-29T23:00,37.6,45.3,20.3,15.9
0,County Dublin,2025-05-30T00:00,39.5,44.3,12.2,15.1
0,County Dublin,2025-05-30T01:00,38.4,41.9,8.8,15.5
0,County Dublin,2025-05-30T02:00,40.1,42.7,6.4,14.9
0,County Dublin,2025-05-30T03:00,45.9,47.8,4,13
0,County Dublin,2025-05-30T04:00,51.3,54.2,5.5,11.6
0,County Dublin,2025-05-30T05:00,53.4,56.3,5.3,11.2
0,County Dublin,2025-05-30T06:00,49.1,59,20.2,12.2
0,County Dublin,2025-05-30T07:00,42.3,56.9,34.3,14.1
0,County Dublin,2025-05-30T08:00,35.9,53.9,49.7,16.6
0,County Dublin,2025-05-30T09:00,37.1,54.3,46.3,16.1
0,County Dublin,2025-05-30T10:00,37.5,54.5,45.3,15.9
0,County Dublin,2025-05-30T11:00,36.1,54.4,50.4,16.5
0,County Dublin,2025-05-30T12:00,33.5,54,61.2,17.8
0,County Dublin,2025-05-30T13:00,31,53.8,73.5,19.3
0,County Dublin,2025-05-30T14:00,28.3,52.8,86.2,21.1
0,County Dublin,2025-05-30T15:00,26,51.6,98.3,23
0,County Dublin,2025-05-30T16:00,27,51.8,92,22.2
0,County Dublin,2025-05-30T17:00,30.1,52.1,73.1,19.9
0,County Dublin,2025-05-30T18:00,34.5,51.6,49.6,17.3
0,County Dublin,2025-05-30T19:00,35.9,50,39.2,16.6
0,County Dublin,2025-05-30T20:00,36.8,48.7,32.2,16.2
0,County Dublin,2025-05-30T21:00,37.4,47.9,28.1,16
0,County Dublin,2025-05-30T22:00,35.8,46.7,30.3,16.7
0,County Dublin,2025-05-30T23:00,36.4,46.4,27.6,16.4
0,County Dublin,2025-05-31T00:00,36.5,43.5,18.9,16.3
0,County Dublin,2025-05-31T01:00,36.8,42.3,14.8,16.2
0,County Dublin,2025-05-31T02:00,35.8,41.1,14.7,16.7
0,County Dublin,2025-05-31T03:00,40.9,44.1,7.8,14.6
0,County Dublin,2025-05-31T04:00,47.5,50.3,6,12.6
0,County Dublin,2025-05-31T05:00,51,53.4,4.6,11.7
0,County Dublin,2025-05-31T06:00,51.5,54.4,5.7,11.6
0,County Dublin,2025-05-31T07:00,49.4,55.1,11.5,12.1
0,County Dublin,2025-05-31T08:00,47.9,56.4,17.6,12.5
0,County Dublin,2025-05-31T09:00,44.3,55.9,26,13.5
0,County Dublin,2025-05-31T10:00,41.5,55.7,34,14.4
0,County Dublin,2025-05-31T11:00,39.4,56,42.1,15.2
0,County Dublin,2025-05-31T12:00,35.9,55.6,54.7,16.6
0,County Dublin,2025-05-31T13:00,32.8,54.6,66.3,18.2
0,County Dublin,2025-05-31T14:00,33.6,53.8,59.9,17.8
0,County Dublin,2025-05-31T15:00,36,53.7,49,16.6
0,County Dublin,2025-05-31T16:00,37,53.7,44.9,16.1
0,County Dublin,2025-05-31T17:00,36.6,52.8,44.1,16.3
0,County Dublin,2025-05-31T18:00,37.1,51.5,38.8,16.1
0,County Dublin,2025-05-31T19:00,36.4,49.2,35,16.4
0,County Dublin,2025-05-31T20:00,37.2,47.6,27.9,16.1
0,County Dublin,2025-05-31T21:00,38.1,47.2,23.8,15.7
0,County Dublin,2025-05-31T22:00,36.8,46.7,26.8,16.2
0,County Dublin,2025-05-31T23:00,37,47.2,27.5,16.2
0,County Dublin,2025-06-01T00:00,39.5,46.1,16.5,15.1
0,County Dublin,2025-06-01T01:00,38.9,43.3,11.4,15.4
0,County Dublin,2025-06-01T02:00,35.8,40.5,13.2,16.7
0,County Dublin,2025-06-01T03:00,38.8,42.6,9.6,15.4
0,County Dublin,2025-06-01T04:00,44.8,47.7,6.4,13.3
0,County Dublin,2025-06-01T05:00,50,51.8,3.6,11.9
0,County Dublin,2025-06-01T06:00,50.7,52.7,3.9,11.8
0,County Dublin,2025-06-01T07:00,49,53.4,8.9,12.2
0,County Dublin,2025-06-01T08:00,48.1,54.5,13.2,12.4
0,County Dublin,2025-06-01T09:00,47,55.8,18.7,12.7
0,County Dublin,2025-06-01T10:00,43.6,56.1,28.5,13.7
0,County Dublin,2025-06-01T11:00,40.4,55.4,36.8,14.8
0,County Dublin,2025-06-01T12:00,40.2,56.5,40.4,14.8
0,County Dublin,2025-06-01T13:00,38.9,56.2,44.5,15.4
0,County Dublin,2025-06-01T14:00,37.1,55,48,16.1
0,County Dublin,2025-06-01T15:00,37.1,54.3,46.2,16.1
0,County Dublin,2025-06-01T16:00,39.2,53.9,37.3,15.2
0,County Dublin,2025-06-01T17:00,39.2,53.2,35.5,15.2
0,County Dublin,2025-06-01T18:00,36.9,52.5,42.3,16.2
0,County Dublin,2025-06-01T19:00,38.1,50.9,33.4,15.7
0,County Dublin,2025-06-01T20:00,39,49.1,26,15.3
0,County Dublin,2025-06-01T21:00,39,47.6,22.1,15.3
0,County Dublin,2025-06-01T22:00,37.9,46.8,23.3,15.8
0,County Dublin,2025-06-01T23:00,38.3,46.6,21.7,15.6
0,County Dublin,2025-06-02T00:00,39.6,44.9,13.2,15.1
0,County Dublin,2025-06-02T01:00,39.1,43,9.8,15.3
0,County Dublin,2025-06-02T02:00,38.7,42,8.6,15.4
0,County Dublin,2025-06-02T03:00,42.8,45.1,5.3,13.9
0,County Dublin,2025-06-02T04:00,48.1,49.9,3.8,12.4
0,County Dublin,2025-06-02T05:00,50.8,53.1,4.5,11.8
0,County Dublin,2025-06-02T06:00,51.3,53.4,4.1,11.6
0,County Dublin,2025-06-02T07:00,49.4,54.1,9.5,12.1
0,County Dublin,2025-06-02T08:00,47.4,54.1,14,12.6
0,County Dublin,2025-06-02T09:00,46.8,55.3,18.2,12.8
0,County Dublin,2025-06-02T10:00,44.7,55.7,24.5,13.4
0,County Dublin,2025-06-02T11:00,42.6,55.8,30.9,14
0,County Dublin,2025-06-02T12:00,41,55.7,35.8,14.6
0,County Dublin,2025-06-02T13:00,40.2,55.6,38.4,14.9
0,County Dublin,2025-06-02T14:00,39.5,55.3,39.8,15.1
0,County Dublin,2025-06-02T15:00,39.5,55.1,39.3,15.1
0,County Dublin,2025-06-02T16:00,39.9,55.1,37.9,15
0,County Dublin,2025-06-02T17:00,40.2,54.6,35.7,14.8
0,County Dublin,2025-06-02T18:00,41,53.9,31.3,14.6
0,County Dublin,2025-06-02T19:00,41.9,52.7,25.6,14.2
0,County Dublin,2025-06-02T20:00,42.1,51.6,22.4,14.2
0,County Dublin,2025-06-02T21:00,43.1,51,18.2,13.8
0,County Dublin,2025-06-02T22:00,41.2,48.4,17.4,14.5
0,County Dublin,2025-06-02T23:00,41.9,47.6,13.5,14.2
0,County Dublin,2025-06-03T00:00,41.7,45.6,9.4,14.3
0,County Dublin,2025-06-03T01:00,42.3,45.1,6.4,14.1
0,County Dublin,2025-06-03T02:00,44.2,46.6,5.5,13.5
0,County Dublin,2025-06-03T03:00,49.8,52,4.3,12
0,County Dublin,2025-06-03T04:00,56.2,58.1,3.4,10.6
0,County Dublin,2025-06-03T05:00,56.1,59.4,5.7,10.6
0,County Dublin,2025-06-03T06:00,49.6,60.8,22.5,12
0,County Dublin,2025-06-03T07:00,38.4,57.5,49.6,15.6
0,County Dublin,2025-06-03T08:00,33.6,55.1,63.8,17.8
0,County Dublin,2025-06-03T09:00,36.8,55.1,49.5,16.2
0,County Dublin,2025-06-03T10:00,38.1,54.3,42.5,15.7
0,County Dublin,2025-06-03T11:00,36.4,53.5,46.6,16.4
0,County Dublin,2025-06-03T12:00,35.9,53.3,48.3,16.6
0,County Dublin,2025-06-03T13:00,36.2,53.6,48.2,16.5
0,County Dublin,2025-06-03T14:00,36.6,53.8,46.8,16.3
0,County Dublin,2025-06-03T15:00,34.6,54.1,56.1,17.3
0,County Dublin,2025-06-03T16:00,30.5,53.3,74.3,19.6
0,County Dublin,2025-06-03T17:00,30.2,53.3,76,19.8
0,County Dublin,2025-06-03T18:00,35.4,52.4,47.9,16.9
0,County Dublin,2025-06-03T19:00,38,50.3,32.4,15.7
0,County Dublin,2025-06-03T20:00,38.9,49.3,26.7,15.3
0,County Dublin,2025-06-03T21:00,40.8,49.3,21,14.7
0,County Dublin,2025-06-03T22:00,40.7,48,18,14.7
0,County Dublin,2025-06-03T23:00,42,47.2,12.3,14.2
0,County Dublin,2025-06-04T00:00,42.2,45.4,7.7,14.2
0,County Dublin,2025-06-04T01:00,44.7,46.6,4.1,13.4
0,County Dublin,2025-06-04T02:00,46.5,47.9,2.9,12.8
0,County Dublin,2025-06-04T03:00,50.4,51.9,3,11.8
0,County Dublin,2025-06-04T04:00,56.5,58,2.7,10.6
0,County Dublin,2025-06-04T05:00,56.4,58.7,4.1,10.6
0,County Dublin,2025-06-04T06:00,49.4,59.9,21.1,12.1
0,County Dublin,2025-06-04T07:00,37,56.7,53.1,16.2
0,County Dublin,2025-06-04T08:00,29.1,53,81.9,20.5
0,County Dublin,2025-06-04T09:00,33.5,54.2,61.7,17.8
0,County Dublin,2025-06-04T10:00,37.5,54,43.9,15.9
0,County Dublin,2025-06-04T11:00,37.3,53.4,43,16
0,County Dublin,2025-06-04T12:00,35.4,53,49.5,16.9
0,County Dublin,2025-06-04T13:00,35.7,53.6,49.9,16.7
0,County Dublin,2025-06-04T14:00,35.4,53.7,51.8,16.9
0,County Dublin,2025-06-04T15:00,33.5,54.1,61.4,17.9
0,County Dublin,2025-06-04T16:00,25.6,51.8,101.7,23.3
0,County Dublin,2025-06-04T17:00,24,51.2,113.6,24.9
0,County Dublin,2025-06-04T18:00,29,52,78.9,20.6
0,County Dublin,2025-06-04T19:00,36.1,50.5,39.8,16.6
0,County Dublin,2025-06-04T20:00,38.5,49.1,27.6,15.5
0,County Dublin,2025-06-04T21:00,40,48.9,22.2,14.9
0,County Dublin,2025-06-04T22:00,38.9,48,23.4,15.3
0,County Dublin,2025-06-04T23:00,41,47.9,16.8,14.6
0,County Dublin,2025-06-05T00:00,39.4,43.3,9.8,15.2
0,County Dublin,2025-06-05T01:00,42.4,44.3,4.5,14.1
0,County Dublin,2025-06-05T02:00,45.1,46.7,3.5,13.2
0,County Dublin,2025-06-05T03:00,49.5,51.6,4.2,12.1
0,County Dublin,2025-06-05T04:00,53.7,55.7,3.7,11.1
0,County Dublin,2025-06-05T05:00,54.2,57.4,5.8,11
0,County Dublin,2025-06-05T06:00,48.7,59.7,22.5,12.3
0,County Dublin,2025-06-05T07:00,37.9,56.9,49.9,15.7
0,County Dublin,2025-06-05T08:00,31.3,53.9,72.1,19.1
0,County Dublin,2025-06-05T09:00,35,54.2,54.9,17.1
0,County Dublin,2025-06-05T10:00,37,53.7,45.2,16.1
0,County Dublin,2025-06-05T11:00,36.1,53.2,47.3,16.6
0,County Dublin,2025-06-05T12:00,35.4,53.1,49.9,16.9
0,County Dublin,2025-06-05T13:00,33.4,52.6,57.3,17.9
0,County Dublin,2025-06-05T14:00,33.9,53.2,57,17.6
0,County Dublin,2025-06-05T15:00,32.8,53.5,63,18.2
0,County Dublin,2025-06-05T16:00,28.8,52.6,82.7,20.8
0,County Dublin,2025-06-05T17:00,27.8,52.3,88.2,21.5
0,County Dublin,2025-06-05T18:00,32.5,52.3,60.5,18.4
0,County Dublin,2025-06-05T19:00,36.5,50.3,37.6,16.4
0,County Dublin,2025-06-05T20:00,37.5,48.6,29.4,15.9
0,County Dublin,2025-06-05T21:00,38.7,48.4,24.8,15.4
0,County Dublin,2025-06-05T22:00,37.8,46.9,23.9,15.8
0,County Dublin,2025-06-05T23:00,37.3,46.1,23.6,16
0,County Dublin,2025-06-06T00:00,40.2,44.8,11.5,14.9
0,County Dublin,2025-06-06T01:00,40,42.7,6.8,14.9
0,County Dublin,2025-06-06T02:00,42.3,44.2,4.5,14.1
0,County Dublin,2025-06-06T03:00,47.8,49.2,2.9,12.5
0,County Dublin,2025-06-06T04:00,52.8,54.5,3.3,11.3
0,County Dublin,2025-06-06T05:00,54.8,56.8,3.4,10.9
0,County Dublin,2025-06-06T06:00,50.3,59.4,18,11.9
0,County Dublin,2025-06-06T07:00,42.9,57.2,33.3,13.9
0,County Dublin,2025-06-06T08:00,35.4,53.8,51.9,16.9
0,County Dublin,2025-06-06T09:00,36.6,54,47.6,16.3
0,County Dublin,2025-06-06T10:00,38,53.8,41.3,15.7
0,County Dublin,2025-06-06T11:00,37.1,53.9,44.9,16.1
0,County Dublin,2025-06-06T12:00,35.5,53.9,51.8,16.8
0,County Dublin,2025-06-06T13:00,33,53.4,61.6,18.1
0,County Dublin,2025-06-06T14:00,30.8,53.2,72.7,19.4
0,County Dublin,2025-06-06T15:00,28.7,52.5,82.6,20.8
0,County Dublin,2025-06-06T16:00,28.3,52.4,85,21.1
0,County Dublin,2025-06-06T17:00,31.4,52.9,68.4,19
0,County Dublin,2025-06-06T18:00,34.1,52.1,52.8,17.5
0,County Dublin,2025-06-06T19:00,36.3,50.2,38.4,16.5
0,County Dublin,2025-06-06T20:00,37.7,48.7,29.2,15.9
0,County Dublin,2025-06-06T21:00,38.8,48.2,24.3,15.4
0,County Dublin,2025-06-06T22:00,35,47.6,36,17.1
0,County Dublin,2025-06-06T23:00,37.2,48.1,29.3,16.1
0,County Dublin,2025-06-07T00:00,38.9,45.4,16.8,15.4
0,County Dublin,2025-06-07T01:00,39,43.1,10.4,15.3
0,County Dublin,2025-06-07T02:00,37.9,41.6,9.9,15.8
0,County Dublin,2025-06-07T03:00,41.7,44.5,6.6,14.3
0,County Dublin,2025-06-07T04:00,48.7,51.1,4.8,12.2
0,County Dublin,2025-06-07T05:00,51.7,54.1,4.6,11.5
0,County Dublin,2025-06-07T06:00,51.7,55,6.4,11.5
0,County Dublin,2025-06-07T07:00,50.2,55.8,11.1,11.9
0,County Dublin,2025-06-07T08:00,48.1,56.3,16.9,12.4
0,County Dublin,2025-06-07T09:00,43.7,54.9,25.6,13.7
0,County Dublin,2025-06-07T10:00,41.5,54.7,31.8,14.4
0,County Dublin,2025-06-07T11:00,38.3,54.6,42.3,15.6
0,County Dublin,2025-06-07T12:00,36.9,55.1,49.3,16.2
0,County Dublin,2025-06-07T13:00,34.6,54.3,56.9,17.3
0,County Dublin,2025-06-07T14:00,33.1,53.8,62.4,18.1
0,County Dublin,2025-06-07T15:00,35.6,53.9,51.2,16.8
0,County Dublin,2025-06-07T16:00,37.4,53.6,43.2,16
0,County Dublin,2025-06-07T17:00,36.4,52.6,44.3,16.4
0,County Dublin,2025-06-07T18:00,37.7,51.4,36,15.8
0,County Dublin,2025-06-07T19:00,37.3,49.2,31.7,16
0,County Dublin,2025-06-07T20:00,37.7,47.9,27,15.9
0,County Dublin,2025-06-07T21:00,38.3,47.2,23.3,15.6
0,County Dublin,2025-06-07T22:00,37.1,46.4,25,16.1
0,County Dublin,2025-06-07T23:00,38.1,46.9,23,15.7
0,County Dublin,2025-06-08T00:00,38.2,44.3,15.9,15.6
0,County Dublin,2025-06-08T01:00,38.9,43.2,11.1,15.4
0,County Dublin,2025-06-08T02:00,36.6,40.9,11.5,16.3
0,County Dublin,2025-06-08T03:00,39.9,42.8,7.3,15
0,County Dublin,2025-06-08T04:00,46,48,4.3,13
0,County Dublin,2025-06-08T05:00,50.8,51.8,1.9,11.8
0,County Dublin,2025-06-08T06:00,51.9,53.4,2.9,11.5
0,County Dublin,2025-06-08T07:00,49.4,53.3,7.7,12.1
0,County Dublin,2025-06-08T08:00,48.2,54.4,12.7,12.4
0,County Dublin,2025-06-08T09:00,46.2,54.6,18,12.9
0,County Dublin,2025-06-08T10:00,43.7,54.6,24.8,13.6
0,County Dublin,2025-06-08T11:00,41.7,55,31.9,14.3
0,County Dublin,2025-06-08T12:00,38.8,55.2,42.2,15.4
0,County Dublin,2025-06-08T13:00,36.4,55,50.9,16.4
0,County Dublin,2025-06-08T14:00,36.4,54.3,48.8,16.4
0,County Dublin,2025-06-08T15:00,37.8,53.9,42.4,15.8
0,County Dublin,2025-06-08T16:00,39.3,53.8,36.8,15.2
0,County Dublin,2025-06-08T17:00,39.9,53.8,34.7,15
0,County Dublin,2025-06-08T18:00,38.4,53.7,39.7,15.5
0,County Dublin,2025-06-08T19:00,41.1,52.5,27.6,14.5
0,County Dublin,2025-06-08T20:00,42.1,51.2,21.6,14.2
0,County Dublin,2025-06-08T21:00,42.9,50.3,17.3,13.9
0,County Dublin,2025-06-08T22:00,41.9,49.2,17.3,14.2
0,County Dublin,2025-06-08T23:00,42.5,49.2,15.6,14
0,County Dublin,2025-06-09T00:00,42.6,45.8,7.4,14
0,County Dublin,2025-06-09T01:00,42.8,44.9,4.9,14
0,County Dublin,2025-06-09T02:00,46.3,47.4,2.2,12.9
0,County Dublin,2025-06-09T03:00,49.9,51.3,2.6,12
0,County Dublin,2025-06-09T04:00,56.9,57.8,1.5,10.5
0,County Dublin,2025-06-09T05:00,56.8,58.6,3,10.5
0,County Dublin,2025-06-09T06:00,51.8,60.6,17,11.5
0,County Dublin,2025-06-09T07:00,42.4,57.7,36.1,14.1
0,County Dublin,2025-06-09T08:00,34.7,54.2,56,17.2
0,County Dublin,2025-06-09T09:00,37.2,54.7,46.7,16
0,County Dublin,2025-06-09T10:00,39.5,54.3,37.1,15.1
0,County Dublin,2025-06-09T11:00,37.9,53.2,40.4,15.8
0,County Dublin,2025-06-09T12:00,36.6,52.9,44.2,16.3
0,County Dublin,2025-06-09T13:00,36.7,53.3,45,16.3
0,County Dublin,2025-06-09T14:00,36,53.2,47.6,16.6
0,County Dublin,2025-06-09T15:00,35.2,54.1,53.2,16.9
0,County Dublin,2025-06-09T16:00,32.7,54,64.9,18.3
0,County Dublin,2025-06-09T17:00,32.8,53.3,62.3,18.2
0,County Dublin,2025-06-09T18:00,37.7,52.6,39.5,15.8
0,County Dublin,2025-06-09T19:00,38.8,50.5,29.9,15.4
0,County Dublin,2025-06-09T20:00,39.5,49.3,24.8,15.1
0,County Dublin,2025-06-09T21:00,40.7,49,20.4,14.7
0,County Dublin,2025-06-09T22:00,40.3,48,19,14.8
0,County Dublin,2025-06-09T23:00,40.8,46.4,13.7,14.6
0,County Dublin,2025-06-10T00:00,41.6,45.1,8.3,14.4
0,County Dublin,2025-06-10T01:00,44.9,46.4,3.3,13.3
0,County Dublin,2025-06-10T02:00,45.6,46.8,2.7,13.1
0,County Dublin,2025-06-10T03:00,49.9,52.1,4.5,12
0,County Dublin,2025-06-10T04:00,55.7,58,4.1,10.7
0,County Dublin,2025-06-10T05:00,55.7,58.9,5.7,10.7
0,County Dublin,2025-06-10T06:00,49.3,60.2,22,12.1
0,County Dublin,2025-06-10T07:00,37.9,57.3,51.1,15.8
0,County Dublin,2025-06-10T08:00,30.5,54.3,78.2,19.6
0,County Dublin,2025-06-10T09:00,33.9,54.5,60.6,17.6
0,County Dublin,2025-06-10T10:00,38.3,54.5,42.1,15.6
0,County Dublin,2025-06-10T11:00,37.9,53.5,41.2,15.8
0,County Dublin,2025-06-10T12:00,36.5,53,45.4,16.4
0,County Dublin,2025-06-10T13:00,36,53.3,47.9,16.6
0,County Dublin,2025-06-10T14:00,35.7,53.4,49.3,16.7
0,County Dublin,2025-06-10T15:00,34.6,54.3,56.5,17.2
0,County Dublin,2025-06-10T16:00,30.3,53.3,75.5,19.7
0,County Dublin,2025-06-10T17:00,29.2,53,81.7,20.5
0,County Dublin,2025-06-10T18:00,34,52.3,53.6,17.6
0,County Dublin,2025-06-10T19:00,37,50.4,36,16.1
0,County Dublin,2025-06-10T20:00,37.9,48.7,28.5,15.8
0,County Dublin,2025-06-10T21:00,40,49,22.4,14.9
0,County Dublin,2025-06-10T22:00,40.1,48.4,20.6,14.9
0,County Dublin,2025-06-10T23:00,40.7,46.9,15.1,14.7
0,County Dublin,2025-06-11T00:00,41.8,45.1,7.9,14.3
0,County Dublin,2025-06-11T01:00,44.1,45.7,3.5,13.5
0,County Dublin,2025-06-11T02:00,46.6,48,3.1,12.8
0,County Dublin,2025-06-11T03:00,50.2,51.8,3.1,11.9
0,County Dublin,2025-06-11T04:00,56.3,57.4,2,10.6
0,County Dublin,2025-06-11T05:00,55.9,58,3.8,10.7
0,County Dublin,2025-06-11T06:00,49.8,59.9,20.2,12
0,County Dublin,2025-06-11T07:00,38.6,57.1,47.7,15.5
0,County Dublin,2025-06-11T08:00,31,54.3,74.6,19.2
0,County Dublin,2025-06-11T09:00,33.1,54.1,63.4,18
0,County Dublin,2025-06-11T10:00,36.9,53.9,45.8,16.2
0,County Dublin,2025-06-11T11:00,36.6,53.3,45.5,16.3
0,County Dublin,2025-06-11T12:00,36.2,53.1,46.4,16.5
0,County Dublin,2025-06-11T13:00,35.5,53.2,49.6,16.8
0,County Dublin,2025-06-11T14:00,35.8,53.6,49.5,16.7
0,County Dublin,2025-06-11T15:00,34.5,54.3,57.3,17.3
0,County Dublin,2025-06-11T16:00,29.3,53.2,81.3,20.4
0,County Dublin,2025-06-11T17:00,27.8,52.7,89.3,21.5
0,County Dublin,2025-06-11T18:00,32.8,52.8,61.1,18.2
0,County Dublin,2025-06-11T19:00,36.5,50.8,39,16.3
0,County Dublin,2025-06-11T20:00,37.7,49.2,30.4,15.8
0,County Dublin,2025-06-11T21:00,39.8,49.3,23.9,15
0,County Dublin,2025-06-11T22:00,39.7,48.1,21,15
0,County Dublin,2025-06-11T23:00,40,46.3,15.7,14.9
0,County Dublin,2025-06-12T00:00,40.7,44.5,9.3,14.7
0,County Dublin,2025-06-12T01:00,41.6,43.9,5.6,14.4
0,County Dublin,2025-06-12T02:00,43.6,45.4,4.2,13.7
0,County Dublin,2025-06-12T03:00,48.8,50,2.3,12.2
0,County Dublin,2025-06-12T04:00,54.6,56,2.6,10.9
0,County Dublin,2025-06-12T05:00,54.8,57.3,4.5,10.9
0,County Dublin,2025-06-12T06:00,47.4,59.2,24.8,12.6
0,County Dublin,2025-06-12T07:00,36.8,56.1,52.5,16.2
0,County Dublin,2025-06-12T08:00,29.9,53.6,79.2,20
0,County Dublin,2025-06-12T09:00,32.8,54.3,65.4,18.2
0,County Dublin,2025-06-12T10:00,35,53.7,53.1,17.1
0,County Dublin,2025-06-12T11:00,34.4,52.8,53.4,17.4
0,County Dublin,2025-06-12T12:00,32.3,52.4,61.9,18.5
0,County Dublin,2025-06-12T13:00,31.3,52.5,67.6,19.1
0,County Dublin,2025-06-12T14:00,30.2,52.2,72.6,19.8
0,County Dublin,2025-06-12T15:00,28.9,52.4,81.1,20.7
0,County Dublin,2025-06-12T16:00,24.5,51.1,108.6,24.4
0,County Dublin,2025-06-12T17:00,23.8,51.1,114.6,25.2
0,County Dublin,2025-06-12T18:00,28.9,51.5,77.8,20.7
0,County Dublin,2025-06-12T19:00,34.5,50,45,17.3
0,County Dublin,2025-06-12T20:00,36.4,48.6,33.5,16.4
0,County Dublin,2025-06-12T21:00,38.1,47.5,24.8,15.7
0,County Dublin,2025-06-12T22:00,39,47.5,21.7,15.3
0,County Dublin,2025-06-12T23:00,39,45.4,16.4,15.3
0,County Dublin,2025-06-13T00:00,40,44.2,10.5,14.9
0,County Dublin,2025-06-13T01:00,40.3,43.1,6.9,14.8
0,County Dublin,2025-06-13T02:00,42.3,44.3,4.8,14.1
0,County Dublin,2025-06-13T03:00,48.1,49.4,2.8,12.4
0,County Dublin,2025-06-13T04:00,52.5,54.2,3.2,11.4
0,County Dublin,2025-06-13T05:00,54.6,56.8,4.1,10.9
0,County Dublin,2025-06-13T06:00,49.8,59,18.3,12
0,County Dublin,2025-06-13T07:00,42.2,57,34.9,14.1
0,County Dublin,2025-06-13T08:00,35.3,54,52.8,16.9
0,County Dublin,2025-06-13T09:00,37.1,54,45.5,16.1
0,County Dublin,2025-06-13T10:00,38.2,53.9,41,15.6
0,County Dublin,2025-06-13T11:00,37.3,54.1,45,16
0,County Dublin,2025-06-13T12:00,35.5,54,52,16.8
0,County Dublin,2025-06-13T13:00,33.2,53.7,61.8,18
0,County Dublin,2025-06-13T14:00,30.6,53.2,73.5,19.5
0,County Dublin,2025-06-13T15:00,29.1,52.4,79.9,20.5
0,County Dublin,2025-06-13T16:00,28.9,51.7,78.6,20.7
0,County Dublin,2025-06-13T17:00,31.5,51.7,64.2,19
0,County Dublin,2025-06-13T18:00,33.4,50.8,51.9,17.9
0,County Dublin,2025-06-13T19:00,35.4,49.7,40.3,16.9
0,County Dublin,2025-06-13T20:00,36.9,48.4,31,16.2
0,County Dublin,2025-06-13T21:00,37.7,47.8,26.5,15.8
0,County Dublin,2025-06-13T22:00,36.2,46.4,28.2,16.5
0,County Dublin,2025-06-13T23:00,35.8,44.4,24.2,16.7
0,County Dublin,2025-06-14T00:00,36,42.6,18.1,16.6
0,County Dublin,2025-06-14T01:00,36,41.4,14.9,16.6
0,County Dublin,2025-06-14T02:00,35.5,40.7,14.5,16.8
0,County Dublin,2025-06-14T03:00,40.1,43.7,9,14.9
0,County Dublin,2025-06-14T04:00,45.6,49.5,8.5,13.1
0,County Dublin,2025-06-14T05:00,50.1,52.8,5.3,11.9
0,County Dublin,2025-06-14T06:00,50.3,54.3,8,11.9
0,County Dublin,2025-06-14T07:00,48.5,55.4,14.3,12.3
0,County Dublin,2025-06-14T08:00,45.1,54.8,21.7,13.3
0,County Dublin,2025-06-14T09:00,42,54.3,29.1,14.2
0,County Dublin,2025-06-14T10:00,39.4,54,36.7,15.1
0,County Dublin,2025-06-14T11:00,37.3,54.4,45.7,16
0,County Dublin,2025-06-14T12:00,34.5,54,56.6,17.3
0,County Dublin,2025-06-14T13:00,33,53.7,62.7,18.1
0,County Dublin,2025-06-14T14:00,32.2,53.7,66.5,18.5
0,County Dublin,2025-06-14T15:00,32.8,53.1,61.6,18.2
0,County Dublin,2025-06-14T16:00,34.3,52.5,52.7,17.4
0,County Dublin,2025-06-14T17:00,36.9,52,40.8,16.2
0,County Dublin,2025-06-14T18:00,37.6,50.4,34.1,15.9
0,County Dublin,2025-06-14T19:00,36.2,49.2,35.7,16.5
0,County Dublin,2025-06-14T20:00,36.3,48,32,16.5
0,County Dublin,2025-06-14T21:00,39,48,23.1,15.3
0,County Dublin,2025-06-14T22:00,37.8,46.9,24.1,15.8
0,County Dublin,2025-06-14T23:00,36.7,44.9,22.2,16.3
0,County Dublin,2025-06-15T00:00,36.7,43.2,17.9,16.3
0,County Dublin,2025-06-15T01:00,38.6,43.2,11.7,15.5
0,County Dublin,2025-06-15T02:00,37.8,42.1,11.4,15.8
0,County Dublin,2025-06-15T03:00,40.1,43.3,7.9,14.9
0,County Dublin,2025-06-15T04:00,46.5,48.5,4.1,12.8
0,County Dublin,2025-06-15T05:00,49.9,51.4,3,12
0,County Dublin,2025-06-15T06:00,51.3,53,3.3,11.6
0,County Dublin,2025-06-15T07:00,50.4,54.2,7.6,11.8
0,County Dublin,2025-06-15T08:00,48.5,54.4,12.2,12.3
0,County Dublin,2025-06-15T09:00,46.5,54.9,18,12.8
0,County Dublin,2025-06-15T10:00,44.2,54.6,23.6,13.5
0,County Dublin,2025-06-15T11:00,42.3,55.5,31.1,14.1
0,County Dublin,2025-06-15T12:00,40.4,55.7,37.9,14.8
0,County Dublin,2025-06-15T13:00,38.7,55.6,43.4,15.4
0,County Dublin,2025-06-15T14:00,38,55,44.4,15.7
0,County Dublin,2025-06-15T15:00,38.7,54.4,40.7,15.4
0,County Dublin,2025-06-15T16:00,39.8,54.4,36.6,15
0,County Dublin,2025-06-15T17:00,40.2,54.1,34.7,14.9
0,County Dublin,2025-06-15T18:00,40.7,53.8,32,14.7
0,County Dublin,2025-06-15T19:00,41,52.4,27.8,14.6
0,County Dublin,2025-06-15T20:00,41.7,51.5,23.6,14.3
0,County Dublin,2025-06-15T21:00,42.8,51,19.2,14
0,County Dublin,2025-06-15T22:00,42,49.8,18.3,14.2
0,County Dublin,2025-06-15T23:00,41.7,47.6,14.1,14.3
0,County Dublin,2025-06-16T00:00,41.3,45.1,9,14.5
0,County Dublin,2025-06-16T01:00,42.2,44.5,5.4,14.1
0,County Dublin,2025-06-16T02:00,45.7,47,2.9,13.1
0,County Dublin,2025-06-16T03:00,48.8,50.4,3.3,12.2
0,County Dublin,2025-06-16T04:00,55.6,57,2.4,10.7
0,County Dublin,2025-06-16T05:00,56.7,58.9,3.8,10.5
0,County Dublin,2025-06-16T06:00,51.5,60.8,17.9,11.6
0,County Dublin,2025-06-16T07:00,40.4,57.7,42.9,14.8
0,County Dublin,2025-06-16T08:00,34.3,54.8,59.7,17.4
0,County Dublin,2025-06-16T09:00,37.8,54.8,44.8,15.8
0,County Dublin,2025-06-16T10:00,40,54.7,36.7,14.9
0,County Dublin,2025-06-16T11:00,39,54.1,38.7,15.3
0,County Dublin,2025-06-16T12:00,36.8,53.3,44.6,16.2
0,County Dublin,2025-06-16T13:00,35,53,51.1,17
0,County Dublin,2025-06-16T14:00,36.1,53.4,47.8,16.5
0,County Dublin,2025-06-16T15:00,36.7,54.8,49,16.3
0,County Dublin,2025-06-16T16:00,33.5,54.2,61.6,17.8
0,County Dublin,2025-06-16T17:00,32.1,53.1,65.5,18.6
0,County Dublin,2025-06-16T18:00,36.8,52.7,43,16.2
0,County Dublin,2025-06-16T19:00,37.9,50.6,33.3,15.8
0,County Dublin,2025-06-16T20:00,38.9,49.6,27.4,15.3
0,County Dublin,2025-06-16T21:00,40.5,49.4,21.7,14.7
0,County Dublin,2025-06-16T22:00,41.5,49.3,18.7,14.4
0,County Dublin,2025-06-16T23:00,41.4,47.2,13.8,14.4
0,County Dublin,2025-06-17T00:00,42,45.3,7.7,14.2
0,County Dublin,2025-06-17T01:00,44.3,45.9,3.6,13.5
0,County Dublin,2025-06-17T02:00,46.1,47.5,2.9,12.9
0,County Dublin,2025-06-17T03:00,50.5,52,2.8,11.8
0,County Dublin,2025-06-17T04:00,57,58,1.7,10.5
0,County Dublin,2025-06-17T05:00,56.2,58.2,3.6,10.6
0,County Dublin,2025-06-17T06:00,49.3,59.8,21.3,12.1
0,County Dublin,2025-06-17T07:00,38.2,57.2,49.6,15.6
0,County Dublin,2025-06-17T08:00,30.7,54.1,76.2,19.5
0,County Dublin,2025-06-17T09:00,34.4,54.6,58.7,17.4
0,County Dublin,2025-06-17T10:00,37.9,54.3,43.4,15.8
0,County Dublin,2025-06-17T11:00,37.9,53.8,41.9,15.8
0,County Dublin,2025-06-17T12:00,36.7,53.4,45.5,16.3
0,County Dublin,2025-06-17T13:00,35.7,53.4,49.3,16.7
0,County Dublin,2025-06-17T14:00,35.6,53.8,51.1,16.8
0,County Dublin,2025-06-17T15:00,35.8,55.2,54,16.7
0,County Dublin,2025-06-17T16:00,30.7,53.9,75.3,19.5
0,County Dublin,2025-06-17T17:00,28.8,53.1,84,20.7
0,County Dublin,2025-06-17T18:00,33.1,53,59.8,18
0,County Dublin,2025-06-17T19:00,37,51.4,38.9,16.1
0,County Dublin,2025-06-17T20:00,37.8,49.3,30.2,15.8
0,County Dublin,2025-06-17T21:00,40.3,49.7,23.3,14.8
0,County Dublin,2025-06-17T22:00,40.6,49.6,22.3,14.7
0,County Dublin,2025-06-17T23:00,41.4,50.3,21.2,14.4
0,County Dublin,2025-06-18T00:00,44.1,48.9,11,13.5
0,County Dublin,2025-06-18T01:00,42.6,44.2,3.8,14
0,County Dublin,2025-06-18T02:00,43.9,45.1,2.7,13.6
0,County Dublin,2025-06-18T03:00,47.9,48.9,1.9,12.5
0,County Dublin,2025-06-18T04:00,55.6,56.6,1.9,10.7
0,County Dublin,2025-06-18T05:00,56,57.9,3.3,10.6
0,County Dublin,2025-06-18T06:00,50.3,60.1,19.4,11.9
0,County Dublin,2025-06-18T07:00,39.1,57.3,46.5,15.3
0,County Dublin,2025-06-18T08:00,31.6,54.6,72.7,18.9
0,County Dublin,2025-06-18T09:00,34.8,54.8,57.5,17.2
0,County Dublin,2025-06-18T10:00,38,54.2,42.3,15.7
0,County Dublin,2025-06-18T11:00,38,54,41.9,15.7
0,County Dublin,2025-06-18T12:00,36.2,53.6,48,16.5
0,County Dublin,2025-06-18T13:00,35.9,53.7,49.6,16.7
0,County Dublin,2025-06-18T14:00,35.8,53.7,49.8,16.7
0,County Dublin,2025-06-18T15:00,34.6,54.5,57.4,17.3
0,County Dublin,2025-06-18T16:00,29.9,53.5,78.7,20
0,County Dublin,2025-06-18T17:00,28.3,52.6,85.4,21.1
0,County Dublin,2025-06-18T18:00,32.6,52.2,60.2,18.3
0,County Dublin,2025-06-18T19:00,36.3,50.8,39.7,16.5
0,County Dublin,2025-06-18T20:00,37.5,49.4,31.7,15.9
0,County Dublin,2025-06-18T21:00,39.9,49.6,24.4,15
0,County Dublin,2025-06-18T22:00,39.1,47.9,22.2,15.3
0,County Dublin,2025-06-18T23:00,39.9,46.3,16,15
0,County Dublin,2025-06-19T00:00,41.1,45.1,9.6,14.5
0,County Dublin,2025-06-19T01:00,42.2,44.4,5.1,14.2
0,County Dublin,2025-06-19T02:00,43.6,45.6,4.5,13.7
0,County Dublin,2025-06-19T03:00,48.4,49.8,2.8,12.3
0,County Dublin,2025-06-19T04:00,54.4,55.6,2,11
0,County Dublin,2025-06-19T05:00,55.3,57.2,3.5,10.8
0,County Dublin,2025-06-19T06:00,50,59.6,19,11.9
0,County Dublin,2025-06-19T07:00,39.6,57,43.6,15.1
0,County Dublin,2025-06-19T08:00,32.5,54.1,66.4,18.4
0,County Dublin,2025-06-19T09:00,35.2,54.5,54.7,17
0,County Dublin,2025-06-19T10:00,37.5,54.2,44.2,15.9
0,County Dublin,2025-06-19T11:00,36.5,53.5,46.7,16.4
0,County Dublin,2025-06-19T12:00,35.6,53.5,50.4,16.8
0,County Dublin,2025-06-19T13:00,34.6,53.2,53.6,17.3
0,County Dublin,2025-06-19T14:00,34.2,53.4,56.1,17.5
0,County Dublin,2025-06-19T15:00,33.3,54.1,62.2,17.9
0,County Dublin,2025-06-19T16:00,29.2,53,81.5,20.5
0,County Dublin,2025-06-19T17:00,28.4,52.5,84.7,21.1
0,County Dublin,2025-06-19T18:00,33,52.3,58.6,18.1
0,County Dublin,2025-06-19T19:00,36.1,50.5,39.8,16.5
0,County Dublin,2025-06-19T20:00,37,49.2,32.8,16.1
0,County Dublin,2025-06-19T21:00,38.3,48.7,26.9,15.6
0,County Dublin,2025-06-19T22:00,37.7,47.2,25.3,15.9
0,County Dublin,2025-06-19T23:00,38.5,46.1,19.7,15.5
0,County Dublin,2025-06-20T00:00,39.5,44.1,11.6,15.1
0,County Dublin,2025-06-20T01:00,38.4,42,9.5,15.6
0,County Dublin,2025-06-20T02:00,40.6,43,5.7,14.7
0,County Dublin,2025-06-20T03:00,46.6,48,2.8,12.8
0,County Dublin,2025-06-20T04:00,53.7,55.2,2.7,11.1
0,County Dublin,2025-06-20T05:00,55.1,56.9,3.4,10.8
0,County Dublin,2025-06-20T06:00,50.9,59.2,16.2,11.7
0,County Dublin,2025-06-20T07:00,44.3,57.4,29.4,13.5
0,County Dublin,2025-06-20T08:00,37.1,54.4,46.6,16.1
0,County Dublin,2025-06-20T09:00,37.4,54,44.1,16
0,County Dublin,2025-06-20T10:00,38.6,54.4,40.9,15.5
0,County Dublin,2025-06-20T11:00,37.2,54.3,45.8,16.1
0,County Dublin,2025-06-20T12:00,35,54.3,55.1,17.1
0,County Dublin,2025-06-20T13:00,32.1,53.8,67.6,18.6
0,County Dublin,2025-06-20T14:00,29.4,53.3,81.1,20.3
0,County Dublin,2025-06-20T15:00,29.1,53.7,84.4,20.5
0,County Dublin,2025-06-20T16:00,29.3,53.5,82.8,20.4
0,County Dublin,2025-06-20T17:00,29.8,53,77.4,20
0,County Dublin,2025-06-20T18:00,32.2,52.3,62.1,18.6
0,County Dublin,2025-06-20T19:00,34.6,50.4,45.6,17.3
0,County Dublin,2025-06-20T20:00,36.3,48.7,34.1,16.5
0,County Dublin,2025-06-20T21:00,38.2,48.6,27,15.6
0,County Dublin,2025-06-20T22:00,35.8,48.6,35.6,16.7
0,County Dublin,2025-06-20T23:00,35.8,49.6,38.2,16.7
0,County Dublin,2025-06-21T00:00,40.3,50.4,24.9,14.8
0,County Dublin,2025-06-21T01:00,41.9,47.1,12.4,14.3
0,County Dublin,2025-06-21T02:00,38.6,43,11.4,15.5
0,County Dublin,2025-06-21T03:00,39.3,43.1,9.8,15.2
0,County Dublin,2025-06-21T04:00,46.6,49.2,5.6,12.8
0,County Dublin,2025-06-21T05:00,51.3,53,3.1,11.6
0,County Dublin,2025-06-21T06:00,51.5,54.9,6.5,11.6
0,County Dublin,2025-06-21T07:00,50.5,56.4,11.8,11.8
0,County Dublin,2025-06-21T08:00,47.9,56.6,18.2,12.5
0,County Dublin,2025-06-21T09:00,44.5,56.3,26.3,13.4
0,County Dublin,2025-06-21T10:00,41.5,55.9,34.7,14.4
0,County Dublin,2025-06-21T11:00,38.6,56.3,45.8,15.5
0,County Dublin,2025-06-21T12:00,35.1,55.3,57.4,17
0,County Dublin,2025-06-21T13:00,34.3,55.4,61.3,17.4
0,County Dublin,2025-06-21T14:00,33.8,54.7,61.6,17.7
0,County Dublin,2025-06-21T15:00,35.5,54.8,54.1,16.8
0,County Dublin,2025-06-21T16:00,37.5,55,46.4,15.9
0,County Dublin,2025-06-21T17:00,37.1,53.6,44.3,16.1
0,County Dublin,2025-06-21T18:00,37.4,53.6,43.2,16
0,County Dublin,2025-06-21T19:00,37.6,51.3,36.2,15.9
0,County Dublin,2025-06-21T20:00,37,49.7,34,16.1
0,County Dublin,2025-06-21T21:00,38.5,48.9,27,15.5
0,County Dublin,2025-06-21T22:00,37.2,48.1,29.1,16.1
0,County Dublin,2025-06-21T23:00,35.7,48.1,34.7,16.7
0,County Dublin,2025-06-22T00:00,39.8,50,25.5,15
0,County Dublin,2025-06-22T01:00,40,45.4,13.5,14.9
0,County Dublin,2025-06-22T02:00,38.3,43,12,15.6
0,County Dublin,2025-06-22T03:00,39.1,43.3,10.5,15.3
0,County Dublin,2025-06-22T04:00,44.3,47.2,6.5,13.5
0,County Dublin,2025-06-22T05:00,48.6,50.5,3.8,12.3
0,County Dublin,2025-06-22T06:00,51.6,53.7,3.9,11.6
0,County Dublin,2025-06-22T07:00,50.1,54.2,8.1,11.9
0,County Dublin,2025-06-22T08:00,48.1,54.4,13,12.4
0,County Dublin,2025-06-22T09:00,46.4,55,18.5,12.9
0,County Dublin,2025-06-22T10:00,44.4,55.2,24.3,13.4
0,County Dublin,2025-06-22T11:00,42.6,55.7,30.7,14
0,County Dublin,2025-06-22T12:00,38.3,55.2,44.2,15.6
0,County Dublin,2025-06-22T13:00,35.8,55,53.3,16.7
0,County Dublin,2025-06-22T14:00,35.8,55.2,54.2,16.7
0,County Dublin,2025-06-22T15:00,37.1,55.1,48.4,16.1
0,County Dublin,2025-06-22T16:00,37.3,55.1,47.8,16
0,County Dublin,2025-06-22T17:00,36.8,54.2,47,16.2
0,County Dublin,2025-06-22T18:00,38,54.4,43.1,15.7
0,County Dublin,2025-06-22T19:00,37.6,52.1,38.5,15.9
0,County Dublin,2025-06-22T20:00,40.2,50.9,26.4,14.8
0,County Dublin,2025-06-22T21:00,41.2,49.7,20.7,14.5
0,County Dublin,2025-06-22T22:00,39.2,48.5,23.6,15.2
0,County Dublin,2025-06-22T23:00,36.8,48.3,31.1,16.2
0,County Dublin,2025-06-23T00:00,43.3,51,17.9,13.8
0,County Dublin,2025-06-23T01:00,39,42.7,9.5,15.3
0,County Dublin,2025-06-23T02:00,41.2,44,6.7,14.5
0,County Dublin,2025-06-23T03:00,46.9,48.9,4.3,12.7
0,County Dublin,2025-06-23T04:00,54.4,55.8,2.6,11
0,County Dublin,2025-06-23T05:00,56.4,58.7,4.1,10.6
0,County Dublin,2025-06-23T06:00,50.9,60.6,18.9,11.7
0,County Dublin,2025-06-23T07:00,40.7,57.9,42.4,14.7
0,County Dublin,2025-06-23T08:00,34.5,55.3,59.8,17.3
0,County Dublin,2025-06-23T09:00,37.9,55,45,15.7
0,County Dublin,2025-06-23T10:00,39.7,54.7,37.6,15
0,County Dublin,2025-06-23T11:00,38.6,54.1,39.9,15.5
0,County Dublin,2025-06-23T12:00,37.6,53.9,43.3,15.9
0,County Dublin,2025-06-23T13:00,37.1,54,45.3,16.1
0,County Dublin,2025-06-23T14:00,36.7,54.1,47.3,16.3
0,County Dublin,2025-06-23T15:00,36.9,54.9,48.8,16.2
0,County Dublin,2025-06-23T16:00,32.9,54.4,65.2,18.2
0,County Dublin,2025-06-23T17:00,32.3,53.9,66.7,18.5
0,County Dublin,2025-06-23T18:00,36.5,53,45.3,16.4
0,County Dublin,2025-06-23T19:00,39.3,51.5,31,15.2
0,County Dublin,2025-06-23T20:00,40.1,50.4,25.4,14.9
0,County Dublin,2025-06-23T21:00,41.4,50,20.7,14.4
0,County Dublin,2025-06-23T22:00,40.8,48.5,19,14.7
0,County Dublin,2025-06-23T23:00,41.3,47.3,14.5,14.5
0,County Dublin,2025-06-24T00:00,43.2,46.7,7.9,13.8
0,County Dublin,2025-06-24T01:00,43.3,45.3,4.6,13.8
0,County Dublin,2025-06-24T02:00,46.9,48.7,3.7,12.7
0,County Dublin,2025-06-24T03:00,50.4,52.1,3.2,11.8
0,County Dublin,2025-06-24T04:00,56.3,58.2,3.2,10.6
0,County Dublin,2025-06-24T05:00,56.3,59.2,5,10.6
0,County Dublin,2025-06-24T06:00,49.6,60.2,21.3,12
0,County Dublin,2025-06-24T07:00,38.6,57.5,48.8,15.5
0,County Dublin,2025-06-24T08:00,31.6,55.1,74.3,18.9
0,County Dublin,2025-06-24T09:00,33.9,54.9,61.9,17.6
0,County Dublin,2025-06-24T10:00,36.5,54.2,48.4,16.4
0,County Dublin,2025-06-24T11:00,37.3,53.6,43.5,16
0,County Dublin,2025-06-24T12:00,36.8,53.6,45.6,16.2
0,County Dublin,2025-06-24T13:00,36.5,53.9,47.4,16.4
0,County Dublin,2025-06-24T14:00,36.3,54.6,50.4,16.5
0,County Dublin,2025-06-24T15:00,34.4,55.4,60.7,17.4
0,County Dublin,2025-06-24T16:00,27.2,53.2,95.3,21.9
0,County Dublin,2025-06-24T17:00,23.8,52,118.5,25.1
0,County Dublin,2025-06-24T18:00,27,51.9,92,22.1
0,County Dublin,2025-06-24T19:00,34.4,51.2,48.4,17.3
0,County Dublin,2025-06-24T20:00,38.2,49.5,29.3,15.6
0,County Dublin,2025-06-24T21:00,40.5,49.8,23,14.7
0,County Dublin,2025-06-24T22:00,37.7,48.9,29.7,15.8
0,County Dublin,2025-06-24T23:00,36.9,50.5,37,16.2
0,County Dublin,2025-06-25T00:00,43,52.3,21.3,13.9
0,County Dublin,2025-06-25T01:00,42.8,45.5,6.2,14
0,County Dublin,2025-06-25T02:00,45.4,47,3.5,13.1
0,County Dublin,2025-06-25T03:00,49.5,50.4,1.9,12.1
0,County Dublin,2025-06-25T04:00,55.9,57,2,10.7
0,County Dublin,2025-06-25T05:00,55.9,58,3.7,10.7
0,County Dublin,2025-06-25T06:00,50.5,59.6,17.8,11.8
0,County Dublin,2025-06-25T07:00,40.8,57.8,41.8,14.7
0,County Dublin,2025-06-25T08:00,33.4,55,64.7,17.9
0,County Dublin,2025-06-25T09:00,35.6,54.8,53.7,16.8
0,County Dublin,2025-06-25T10:00,37.8,54.3,43.4,15.8
0,County Dublin,2025-06-25T11:00,37.1,53.7,44.8,16.1
0,County Dublin,2025-06-25T12:00,36.4,53.7,47.2,16.4
0,County Dublin,2025-06-25T13:00,35.5,53.7,51.2,16.8
0,County Dublin,2025-06-25T14:00,35.1,54.1,54.1,17
0,County Dublin,2025-06-25T15:00,32.8,54.2,65.2,18.2
0,County Dublin,2025-06-25T16:00,26.9,52.9,96.1,22.2
0,County Dublin,2025-06-25T17:00,25.9,52.4,102,23.1
0,County Dublin,2025-06-25T18:00,29.5,52.1,76.5,20.3
0,County Dublin,2025-06-25T19:00,35.4,50.8,43.6,16.9
0,County Dublin,2025-06-25T20:00,37.6,49,30.3,15.9
0,County Dublin,2025-06-25T21:00,39.6,49.4,24.6,15.1
0,County Dublin,2025-06-25T22:00,38.8,48.2,24.2,15.4
0,County Dublin,2025-06-25T23:00,39.4,48.5,22.9,15.2
0,County Dublin,2025-06-26T00:00,40.9,46.4,13.4,14.6
0,County Dublin,2025-06-26T01:00,40.6,43.3,6.5,14.7
0,County Dublin,2025-06-26T02:00,43.9,46,4.8,13.6
0,County Dublin,2025-06-26T03:00,48.2,49.9,3.5,12.4
0,County Dublin,2025-06-26T04:00,54.5,56.5,3.6,11
0,County Dublin,2025-06-26T05:00,53.8,57.3,6.6,11.1
0,County Dublin,2025-06-26T06:00,48.8,59.8,22.5,12.2
0,County Dublin,2025-06-26T07:00,38.9,57.3,47.3,15.4
0,County Dublin,2025-06-26T08:00,32.3,54.9,69.8,18.5
0,County Dublin,2025-06-26T09:00,34.6,54.6,57.7,17.3
0,County Dublin,2025-06-26T10:00,37.2,54.1,45,16
0,County Dublin,2025-06-26T11:00,37,54.1,46.2,16.2
0,County Dublin,2025-06-26T12:00,35.2,53.7,52.3,17
0,County Dublin,2025-06-26T13:00,34.1,53.4,56.5,17.5
0,County Dublin,2025-06-26T14:00,33.6,53.8,59.7,17.8
0,County Dublin,2025-06-26T15:00,31.4,53.7,70.6,19
0,County Dublin,2025-06-26T16:00,27,52.5,94.2,22.1
0,County Dublin,2025-06-26T17:00,26.3,52.3,98.9,22.8
0,County Dublin,2025-06-26T18:00,30,51.8,72.5,19.9
0,County Dublin,2025-06-26T19:00,33.6,50.2,49.2,17.8
0,County Dublin,2025-06-26T20:00,36.4,48.6,33.6,16.4
0,County Dublin,2025-06-26T21:00,37.9,48.4,27.4,15.7
0,County Dublin,2025-06-26T22:00,38.1,47.3,23.8,15.7
0,County Dublin,2025-06-26T23:00,38.8,47.3,21.7,15.4
0,County Dublin,2025-06-27T00:00,39.9,44.8,12.4,15
0,County Dublin,2025-06-27T01:00,39.5,42.9,8.6,15.1
0,County Dublin,2025-06-27T02:00,41.9,44,4.9,14.3
0,County Dublin,2025-06-27T03:00,48.6,49.3,1.4,12.3
0,County Dublin,2025-06-27T04:00,53.9,56.1,4.2,11.1
0,County Dublin,2025-06-27T05:00,55.2,57.3,3.9,10.8
0,County Dublin,2025-06-27T06:00,51,59.4,16.5,11.7
0,County Dublin,2025-06-27T07:00,44.9,57.6,28.4,13.3
0,County Dublin,2025-06-27T08:00,37.9,54.6,43.9,15.8
0,County Dublin,2025-06-27T09:00,37.6,53.8,43,15.9
0,County Dublin,2025-06-27T10:00,38.1,53.9,41.5,15.7
0,County Dublin,2025-06-27T11:00,36.5,54.3,48.6,16.4
0,County Dublin,2025-06-27T12:00,32.9,54,64,18.2
0,County Dublin,2025-06-27T13:00,31.8,54,69.7,18.8
0,County Dublin,2025-06-27T14:00,30.1,53.7,78,19.8
0,County Dublin,2025-06-27T15:00,29.3,53.2,81.2,20.4
0,County Dublin,2025-06-27T16:00,29.3,52.9,80.6,20.4
0,County Dublin,2025-06-27T17:00,31.1,52.6,69,19.2
0,County Dublin,2025-06-27T18:00,33.4,51.1,53.1,17.9
0,County Dublin,2025-06-27T19:00,34.1,49.2,44.3,17.5
0,County Dublin,2025-06-27T20:00,36,48.3,33.9,16.6
0,County Dublin,2025-06-27T21:00,37,47.4,28.1,16.2
0,County Dublin,2025-06-27T22:00,34.7,46,32.4,17.2
0,County Dublin,2025-06-27T23:00,32.6,46.5,42.4,18.3
0,County Dublin,2025-06-28T00:00,37.1,46.1,24.4,16.1
0,County Dublin,2025-06-28T01:00,36.8,41.8,13.5,16.2
0,County Dublin,2025-06-28T02:00,34.4,40.3,17,17.4
0,County Dublin,2025-06-28T03:00,40,43.9,9.8,14.9
0,County Dublin,2025-06-28T04:00,47.5,50.5,6.2,12.6
0,County Dublin,2025-06-28T05:00,51,53.8,5.4,11.7
0,County Dublin,2025-06-28T06:00,51,54.7,7.2,11.7
0,County Dublin,2025-06-28T07:00,50.1,55.9,11.7,11.9
0,County Dublin,2025-06-28T08:00,47.8,56.4,17.9,12.5
0,County Dublin,2025-06-28T09:00,44.5,55.7,25.2,13.4
0,County Dublin,2025-06-28T10:00,41.5,55.5,33.5,14.4
0,County Dublin,2025-06-28T11:00,39.8,56.1,40.9,15
0,County Dublin,2025-06-28T12:00,37.1,55.9,50.8,16.1
0,County Dublin,2025-06-28T13:00,33.8,55.4,63.8,17.7
0,County Dublin,2025-06-28T14:00,32.6,55.1,68.6,18.3
0,County Dublin,2025-06-28T15:00,33.9,54.7,61.4,17.6
0,County Dublin,2025-06-28T16:00,35.6,54.1,51.7,16.8
0,County Dublin,2025-06-28T17:00,35.3,53.3,50.7,16.9
0,County Dublin,2025-06-28T18:00,35.4,52,46.8,16.9
0,County Dublin,2025-06-28T19:00,37,50.3,35.8,16.1
0,County Dublin,2025-06-28T20:00,36.6,49.5,35.3,16.3
0,County Dublin,2025-06-28T21:00,37.1,48.4,30.4,16.1
0,County Dublin,2025-06-28T22:00,37.6,48,27.5,15.9
0,County Dublin,2025-06-28T23:00,37.1,49.4,33,16.1
0,County Dublin,2025-06-29T00:00,41.1,50.2,21.9,14.5
0,County Dublin,2025-06-29T01:00,40.3,45.6,13.1,14.8
0,County Dublin,2025-06-29T02:00,39.7,43.8,10.3,15.1
0,County Dublin,2025-06-29T03:00,39.9,43.6,9.3,15
0,County Dublin,2025-06-29T04:00,43.5,46.4,6.8,13.7
0,County Dublin,2025-06-29T05:00,49.4,51.6,4.6,12.1
0,County Dublin,2025-06-29T06:00,51.2,53.4,4.2,11.7
0,County Dublin,2025-06-29T07:00,49.5,53.5,8.2,12.1
0,County Dublin,2025-06-29T08:00,48.7,54.5,12,12.3
0,County Dublin,2025-06-29T09:00,46.6,55.3,18.6,12.8
0,County Dublin,2025-06-29T10:00,44.4,56,26.2,13.5
0,County Dublin,2025-06-29T11:00,41.2,56.5,36.9,14.5
0,County Dublin,2025-06-29T12:00,37,55.8,50.7,16.1
0,County Dublin,2025-06-29T13:00,35.9,55.2,53.4,16.6
0,County Dublin,2025-06-29T14:00,37.4,55.4,48.1,16
0,County Dublin,2025-06-29T15:00,38.1,54.8,43.8,15.7
0,County Dublin,2025-06-29T16:00,38.9,54.8,40.6,15.3
0,County Dublin,2025-06-29T17:00,39.1,54.3,38.6,15.3
0,County Dublin,2025-06-29T18:00,37.3,54.5,45.9,16
0,County Dublin,2025-06-29T19:00,38.4,53.6,39.3,15.5
0,County Dublin,2025-06-29T20:00,40.6,52,28,14.7
0,County Dublin,2025-06-29T21:00,41.5,50.3,21.2,14.4
0,County Dublin,2025-06-29T22:00,40.4,48.9,20.9,14.8
0,County Dublin,2025-06-29T23:00,39.3,49.8,26.5,15.2
0,County Dublin,2025-06-30T00:00,42.4,47.7,12.5,14.1
0,County Dublin,2025-06-30T01:00,40.6,43.3,6.6,14.7
0,County Dublin,2025-06-30T02:00,44.3,46,3.7,13.5
0,County Dublin,2025-06-30T03:00,49.1,50.6,3,12.1
0,County Dublin,2025-06-30T04:00,55.7,56.8,2,10.7
0,County Dublin,2025-06-30T05:00,56.6,59.2,4.6,10.5
0,County Dublin,2025-06-30T06:00,51.2,60.7,18.5,11.7
0,County Dublin,2025-06-30T07:00,41.7,58.6,40.4,14.3
0,County Dublin,2025-06-30T08:00,37.1,56.4,52.1,16.1
0,County Dublin,2025-06-30T09:00,38.5,54.7,41.9,15.5
0,County Dublin,2025-06-30T10:00,39.7,54.7,37.9,15.1
0,County Dublin,2025-06-30T11:00,39.2,54.5,39.1,15.2
0,County Dublin,2025-06-30T12:00,37.6,54.2,44.1,15.9
0,County Dublin,2025-06-30T13:00,35.7,53.9,51,16.7
0,County Dublin,2025-06-30T14:00,36.6,54.5,48.8,16.3
0,County Dublin,2025-06-30T15:00,35.4,55.1,55.3,16.9
0,County Dublin,2025-06-30T16:00,30.1,53.9,78.7,19.8
0,County Dublin,2025-06-30T17:00,28.3,53,87.3,21.1
0,County Dublin,2025-06-30T18:00,33.9,53,56.3,17.6
0,County Dublin,2025-06-30T19:00,37.8,50.5,33.6,15.8
0,County Dublin,2025-06-30T20:00,39.3,49.6,26.3,15.2
0,County Dublin,2025-06-30T21:00,39.9,49,22.8,15
0,County Dublin,2025-06-30T22:00,36.3,48.4,33.3,16.5
0,County Dublin,2025-06-30T23:00,37.8,50.2,32.9,15.8
