Region index,Region label,Time,Speed [kmh],Free flow speed [kmh],Congestion level [%],Travel time per 10 km [min]
0,Los Angeles County,2025-01-01T00:00,64.8,73.1,12.8,9.2
0,Los Angeles County,2025-01-01T01:00,67.8,75.8,11.7,8.8
0,Los Angeles County,2025-01-01T02:00,69.4,74.6,7.4,8.6
0,Los Angeles County,2025-01-01T03:00,71.3,75.3,5.5,8.4
0,Los Angeles County,2025-01-01T04:00,74,77.5,4.7,8.1
0,Los Angeles County,2025-01-01T05:00,77,81.6,5.9,7.7
0,Los Angeles County,2025-01-01T06:00,76.8,82,6.6,7.8
0,Los Angeles County,2025-01-01T07:00,77.2,81.4,5.5,7.7
0,Los Angeles County,2025-01-01T08:00,76.3,80.9,5.9,7.8
0,Los Angeles County,2025-01-01T09:00,75.1,80.8,7.6,7.9
0,Los Angeles County,2025-01-01T10:00,72.1,80.6,11.7,8.3
0,Los Angeles County,2025-01-01T11:00,67.6,79.5,17.6,8.8
0,Los Angeles County,2025-01-01T12:00,66.2,78.5,18.4,9
0,Los Angeles County,2025-01-01T13:00,66.3,77.9,17.4,9
0,Los Angeles County,2025-01-01T14:00,65.6,77.2,17.6,9.1
0,Los Angeles County,2025-01-01T15:00,65.2,76.6,17.3,9.1
0,Los Angeles County,2025-01-01T16:00,64.7,76.1,17.6,9.2
0,Los Angeles County,2025-01-01T17:00,62.4,76,21.7,9.6
0,Los Angeles County,2025-01-01T18:00,62,76.4,23.1,9.6
0,Los Angeles County,2025-01-01T19:00,64.1,76.4,19.2,9.3
0,Los Angeles County,2025-01-01T20:00,67.7,76.7,13.3,8.8
0,Los Angeles County,2025-01-01T21:00,70.1,77,9.7,8.5
0,Los Angeles County,2025-01-01T22:00,72.2,77.1,6.7,8.3
0,Los Angeles County,2025-01-01T23:00,74,77.4,4.4,8
0,Los Angeles County,2025-01-02T00:00,74.6,77.5,3.9,8
0,Los Angeles County,2025-01-02T01:00,75.6,78,3.1,7.9
0,Los Angeles County,2025-01-02T02:00,78.3,80.7,3,7.6
0,Los Angeles County,2025-01-02T03:00,85.1,85.8,0.8,7
0,Los Angeles County,2025-01-02T04:00,88.8,89.3,0.5,6.7
0,Los Angeles County,2025-01-02T05:00,84.2,88.5,5,7.1
0,Los Angeles County,2025-01-02T06:00,74.3,83.9,12.9,8
0,Los Angeles County,2025-01-02T07:00,66.9,79.3,18.5,8.9
0,Los Angeles County,2025-01-02T08:00,64,77.1,20.4,9.3
0,Los Angeles County,2025-01-02T09:00,63,76.9,22,9.5
0,Los Angeles County,2025-01-02T10:00,61.6,76.7,24.4,9.7
0,Los Angeles County,2025-01-02T11:00,57.4,75.2,30.9,10.4
0,Los Angeles County,2025-01-02T12:00,54.5,73.8,35.3,11
0,Los Angeles County,2025-01-02T13:00,53.4,73.4,37.2,11.2
0,Los Angeles County,2025-01-02T14:00,51.5,72.8,41.2,11.6
0,Los Angeles County,2025-01-02T15:00,48.5,71.7,47.7,12.3
0,Los Angeles County,2025-01-02T16:00,47.2,70.6,49.4,12.6
0,Los Angeles County,2025-01-02T17:00,45.6,70,53.4,13.1
0,Los Angeles County,2025-01-02T18:00,52.4,71.7,36.9,11.4
0,Los Angeles County,2025-01-02T19:00,59.6,72.9,22.1,10
0,Los Angeles County,2025-01-02T20:00,63.3,73.9,16.8,9.4
0,Los Angeles County,2025-01-02T21:00,66.4,75.2,13.2,9
0,Los Angeles County,2025-01-02T22:00,69,76.4,10.7,8.6
0,Los Angeles County,2025-01-02T23:00,71.7,77.1,7.4,8.3
0,Los Angeles County,2025-01-03T00:00,73,77.5,6.1,8.2
0,Los Angeles County,2025-01-03T01:00,74.4,78.4,5.3,8
0,Los Angeles County,2025-01-03T02:00,76.6,81.2,5.9,7.8
0,Los Angeles County,2025-01-03T03:00,82.3,85.1,3.3,7.2
0,Los Angeles County,2025-01-03T04:00,86,88.3,2.7,6.9
0,Los Angeles County,2025-01-03T05:00,82,87.3,6.5,7.3
0,Los Angeles County,2025-01-03T06:00,72.1,83,15.1,8.3
0,Los Angeles County,2025-01-03T07:00,65.2,78.6,20.6,9.1
0,Los Angeles County,2025-01-03T08:00,62.3,76.3,22.4,9.6
0,Los Angeles County,2025-01-03T09:00,62.1,76.1,22.6,9.6
0,Los Angeles County,2025-01-03T10:00,60,75.8,26.2,9.9
0,Los Angeles County,2025-01-03T11:00,56.4,74.5,32,10.6
0,Los Angeles County,2025-01-03T12:00,53.2,72.8,36.8,11.2
0,Los Angeles County,2025-01-03T13:00,51.4,72.4,40.6,11.6
0,Los Angeles County,2025-01-03T14:00,48.9,71.9,46.9,12.2
0,Los Angeles County,2025-01-03T15:00,46.4,70.8,52.4,12.9
0,Los Angeles County,2025-01-03T16:00,45.3,69.8,53.9,13.2
0,Los Angeles County,2025-01-03T17:00,43.4,69.2,59.4,13.8
0,Los Angeles County,2025-01-03T18:00,48.8,70.9,45,12.2
0,Los Angeles County,2025-01-03T19:00,56.9,73.2,28.7,10.5
0,Los Angeles County,2025-01-03T20:00,61.4,73.3,19.4,9.7
0,Los Angeles County,2025-01-03T21:00,63.6,74.2,16.7,9.4
0,Los Angeles County,2025-01-03T22:00,66.4,75.1,12.9,9
0,Los Angeles County,2025-01-03T23:00,69,75.2,9,8.6
0,Los Angeles County,2025-01-04T00:00,70.3,74.9,6.5,8.5
0,Los Angeles County,2025-01-04T01:00,71.8,75.2,4.7,8.3
0,Los Angeles County,2025-01-04T02:00,73.9,76.8,3.8,8.1
0,Los Angeles County,2025-01-04T03:00,78.9,80.8,2.5,7.6
0,Los Angeles County,2025-01-04T04:00,82.7,84.4,2.1,7.2
0,Los Angeles County,2025-01-04T05:00,82.5,85.2,3.2,7.2
0,Los Angeles County,2025-01-04T06:00,79.4,84.2,6.1,7.5
0,Los Angeles County,2025-01-04T07:00,76,81.7,7.5,7.8
0,Los Angeles County,2025-01-04T08:00,71.7,79.6,10.9,8.3
0,Los Angeles County,2025-01-04T09:00,67.1,78.1,16.3,8.9
0,Los Angeles County,2025-01-04T10:00,63.2,77,21.8,9.4
0,Los Angeles County,2025-01-04T11:00,59.4,75.8,27.6,10
0,Los Angeles County,2025-01-04T12:00,56.3,74.4,32.1,10.6
0,Los Angeles County,2025-01-04T13:00,54.3,73.8,35.8,11
0,Los Angeles County,2025-01-04T14:00,52.7,73.4,39.2,11.3
0,Los Angeles County,2025-01-04T15:00,54,74,37.1,11.1
0,Los Angeles County,2025-01-04T16:00,54.7,74,35.2,10.9
0,Los Angeles County,2025-01-04T17:00,53.4,73.5,37.6,11.2
0,Los Angeles County,2025-01-04T18:00,55.4,73.4,32.5,10.8
0,Los Angeles County,2025-01-04T19:00,59.7,73.8,23.4,10
0,Los Angeles County,2025-01-04T20:00,63.4,74.9,18,9.4
0,Los Angeles County,2025-01-04T21:00,65.6,75.9,15.7,9.1
0,Los Angeles County,2025-01-04T22:00,67.7,76.2,12.5,8.8
0,Los Angeles County,2025-01-04T23:00,69.8,75.9,8.7,8.5
0,Los Angeles County,2025-01-05T00:00,71.8,75.7,5.4,8.3
0,Los Angeles County,2025-01-05T01:00,71.9,74.9,4,8.3
0,Los Angeles County,2025-01-05T02:00,72.3,74.8,3.3,8.2
0,Los Angeles County,2025-01-05T03:00,77.3,78.7,1.8,7.7
0,Los Angeles County,2025-01-05T04:00,80.6,81.8,1.5,7.4
0,Los Angeles County,2025-01-05T05:00,81.9,83.7,2.1,7.3
0,Los Angeles County,2025-01-05T06:00,80.1,83.2,3.8,7.4
0,Los Angeles County,2025-01-05T07:00,77.3,81.2,4.9,7.7
0,Los Angeles County,2025-01-05T08:00,73.7,79.6,7.9,8.1
0,Los Angeles County,2025-01-05T09:00,69.8,78.5,12.4,8.5
0,Los Angeles County,2025-01-05T10:00,65.6,77.7,18.3,9.1
0,Los Angeles County,2025-01-05T11:00,60.6,76.4,26,9.8
0,Los Angeles County,2025-01-05T12:00,56.3,74.7,32.6,10.6
0,Los Angeles County,2025-01-05T13:00,56.1,74.3,32.4,10.6
0,Los Angeles County,2025-01-05T14:00,56.3,74.3,31.9,10.6
0,Los Angeles County,2025-01-05T15:00,56.9,74.2,30.5,10.5
0,Los Angeles County,2025-01-05T16:00,57.5,74.3,29.1,10.4
0,Los Angeles County,2025-01-05T17:00,56,74.3,32.5,10.7
0,Los Angeles County,2025-01-05T18:00,58.5,74.8,27.8,10.2
0,Los Angeles County,2025-01-05T19:00,62.7,75.5,20.3,9.5
0,Los Angeles County,2025-01-05T20:00,65.9,76.5,15.9,9
0,Los Angeles County,2025-01-05T21:00,68.5,77.2,12.6,8.7
0,Los Angeles County,2025-01-05T22:00,71,77.5,9.2,8.4
0,Los Angeles County,2025-01-05T23:00,73.2,77.3,5.5,8.1
0,Los Angeles County,2025-01-06T00:00,74.4,77,3.5,8
0,Los Angeles County,2025-01-06T01:00,75,77.5,3.2,7.9
0,Los Angeles County,2025-01-06T02:00,77.7,79.8,2.7,7.7
0,Los Angeles County,2025-01-06T03:00,84.6,85.6,1.1,7
0,Los Angeles County,2025-01-06T04:00,87.7,89.4,1.8,6.8
0,Los Angeles County,2025-01-06T05:00,79.4,88.1,11,7.5
0,Los Angeles County,2025-01-06T06:00,63.3,81.6,28.9,9.4
0,Los Angeles County,2025-01-06T07:00,48.5,71.9,48.1,12.3
0,Los Angeles County,2025-01-06T08:00,45.8,70.1,52.9,13
0,Los Angeles County,2025-01-06T09:00,53,72.9,37.5,11.3
0,Los Angeles County,2025-01-06T10:00,56.9,73.8,29.5,10.5
0,Los Angeles County,2025-01-06T11:00,56.5,72.7,28.5,10.6
0,Los Angeles County,2025-01-06T12:00,54.3,71.6,31.7,11
0,Los Angeles County,2025-01-06T13:00,53.4,71.6,34.1,11.2
0,Los Angeles County,2025-01-06T14:00,49.5,70.6,42.6,12.1
0,Los Angeles County,2025-01-06T15:00,43.5,68.4,56.9,13.7
0,Los Angeles County,2025-01-06T16:00,41.7,67.6,62.1,14.3
0,Los Angeles County,2025-01-06T17:00,39.5,66.7,68.8,15.1
0,Los Angeles County,2025-01-06T18:00,46.1,68.9,49.3,13
0,Los Angeles County,2025-01-06T19:00,56.8,71.3,25.5,10.5
0,Los Angeles County,2025-01-06T20:00,61.4,72.3,17.7,9.7
0,Los Angeles County,2025-01-06T21:00,65.4,74,13.2,9.1
0,Los Angeles County,2025-01-06T22:00,68.4,75,9.6,8.7
0,Los Angeles County,2025-01-06T23:00,71.9,76.6,6.4,8.3
0,Los Angeles County,2025-01-07T00:00,73.6,77.5,5.3,8.1
0,Los Angeles County,2025-01-07T01:00,74.8,78.8,5.2,8
0,Los Angeles County,2025-01-07T02:00,77.9,81.3,4.3,7.6
0,Los Angeles County,2025-01-07T03:00,83.2,85.4,2.7,7.2
0,Los Angeles County,2025-01-07T04:00,85.7,88.7,3.5,6.9
0,Los Angeles County,2025-01-07T05:00,77,87.5,13.5,7.7
0,Los Angeles County,2025-01-07T06:00,60.7,81,33.3,9.8
0,Los Angeles County,2025-01-07T07:00,45.9,70.9,54.5,13
0,Los Angeles County,2025-01-07T08:00,42,68.5,63,14.2
0,Los Angeles County,2025-01-07T09:00,48.6,71.6,47.4,12.3
0,Los Angeles County,2025-01-07T10:00,53.1,72.4,36.2,11.2
0,Los Angeles County,2025-01-07T11:00,53,71.6,35.1,11.3
0,Los Angeles County,2025-01-07T12:00,50.8,70.3,38.1,11.7
0,Los Angeles County,2025-01-07T13:00,48.7,69.9,43.4,12.2
0,Los Angeles County,2025-01-07T14:00,44,68.5,55.7,13.6
0,Los Angeles County,2025-01-07T15:00,39.7,67,68.7,15.1
0,Los Angeles County,2025-01-07T16:00,37.9,66.3,74.9,15.8
0,Los Angeles County,2025-01-07T17:00,35.7,65.5,83,16.7
0,Los Angeles County,2025-01-07T18:00,40.3,66.7,65.5,14.8
0,Los Angeles County,2025-01-07T19:00,48.1,69.1,43.5,12.4
0,Los Angeles County,2025-01-07T20:00,56.1,71.5,27.5,10.6
0,Los Angeles County,2025-01-07T21:00,60.8,72.8,19.7,9.8
0,Los Angeles County,2025-01-07T22:00,64.6,74.2,14.8,9.2
0,Los Angeles County,2025-01-07T23:00,67,75.2,12.1,8.9
0,Los Angeles County,2025-01-08T00:00,69.7,76.2,9.3,8.6
0,Los Angeles County,2025-01-08T01:00,71.4,77.3,8.2,8.4
0,Los Angeles County,2025-01-08T02:00,74.2,79.8,7.5,8
0,Los Angeles County,2025-01-08T03:00,80,83.9,4.8,7.4
0,Los Angeles County,2025-01-08T04:00,83.7,87.9,5,7.1
0,Los Angeles County,2025-01-08T05:00,74.8,86.5,15.6,8
0,Los Angeles County,2025-01-08T06:00,60.9,80.6,32.3,9.8
0,Los Angeles County,2025-01-08T07:00,48.9,72.5,48.1,12.2
0,Los Angeles County,2025-01-08T08:00,47.5,70.3,47.9,12.6
0,Los Angeles County,2025-01-08T09:00,52.7,72.3,37,11.3
0,Los Angeles County,2025-01-08T10:00,54,72,33.4,11.1
0,Los Angeles County,2025-01-08T11:00,54.1,71.5,32,11
0,Los Angeles County,2025-01-08T12:00,52.6,70.4,33.6,11.3
0,Los Angeles County,2025-01-08T13:00,51.6,70,35.5,11.6
0,Los Angeles County,2025-01-08T14:00,49.9,69.8,39.7,12
0,Los Angeles County,2025-01-08T15:00,47.6,69.2,45.1,12.5
0,Los Angeles County,2025-01-08T16:00,46.9,68.7,46.2,12.7
0,Los Angeles County,2025-01-08T17:00,46.2,68.3,47.8,12.9
0,Los Angeles County,2025-01-08T18:00,50.6,69.1,36.5,11.8
0,Los Angeles County,2025-01-08T19:00,53.3,69.9,30.9,11.2
0,Los Angeles County,2025-01-08T20:00,57.6,72.1,25.1,10.4
0,Los Angeles County,2025-01-08T21:00,63.9,74.1,15.9,9.3
0,Los Angeles County,2025-01-08T22:00,68.3,75.7,10.6,8.7
0,Los Angeles County,2025-01-08T23:00,70.7,76.1,7.5,8.4
0,Los Angeles County,2025-01-09T00:00,72.2,76.9,6.5,8.3
0,Los Angeles County,2025-01-09T01:00,73.3,77.8,6.2,8.1
0,Los Angeles County,2025-01-09T02:00,76,80.6,6,7.8
0,Los Angeles County,2025-01-09T03:00,81.8,84.8,3.6,7.3
0,Los Angeles County,2025-01-09T04:00,86,88.5,2.9,6.9
0,Los Angeles County,2025-01-09T05:00,80.5,87.8,8.9,7.4
0,Los Angeles County,2025-01-09T06:00,70.5,82.9,17.6,8.5
0,Los Angeles County,2025-01-09T07:00,61.1,76.2,24.7,9.8
0,Los Angeles County,2025-01-09T08:00,57.9,73.7,27.2,10.3
0,Los Angeles County,2025-01-09T09:00,60.3,74.4,23.4,9.9
0,Los Angeles County,2025-01-09T10:00,58.7,73.9,25.8,10.2
0,Los Angeles County,2025-01-09T11:00,56.3,72.7,29.1,10.6
0,Los Angeles County,2025-01-09T12:00,53.9,71.4,32.4,11.1
0,Los Angeles County,2025-01-09T13:00,52.7,71.3,35.3,11.3
0,Los Angeles County,2025-01-09T14:00,50.3,70.9,40.9,11.9
0,Los Angeles County,2025-01-09T15:00,46.6,69.9,50.1,12.8
0,Los Angeles County,2025-01-09T16:00,43.4,68.9,58.8,13.8
0,Los Angeles County,2025-01-09T17:00,43.5,68.8,58,13.7
0,Los Angeles County,2025-01-09T18:00,51.2,70.6,37.9,11.7
0,Los Angeles County,2025-01-09T19:00,58,71.5,23.1,10.3
0,Los Angeles County,2025-01-09T20:00,61.4,72.1,17.4,9.7
0,Los Angeles County,2025-01-09T21:00,64.8,73.7,13.7,9.2
0,Los Angeles County,2025-01-09T22:00,68.4,75,9.5,8.7
0,Los Angeles County,2025-01-09T23:00,71,76,7,8.4
0,Los Angeles County,2025-01-10T00:00,72.6,77,6,8.2
0,Los Angeles County,2025-01-10T01:00,73.7,78.2,6,8.1
0,Los Angeles County,2025-01-10T02:00,76.5,80.5,5.2,7.8
0,Los Angeles County,2025-01-10T03:00,82.3,85,3.2,7.2
0,Los Angeles County,2025-01-10T04:00,85.6,88.1,2.9,7
0,Los Angeles County,2025-01-10T05:00,81,87.4,7.9,7.4
0,Los Angeles County,2025-01-10T06:00,71.9,82.8,15.1,8.3
0,Los Angeles County,2025-01-10T07:00,62.2,76.6,23.1,9.6
0,Los Angeles County,2025-01-10T08:00,58.4,74,26.6,10.2
0,Los Angeles County,2025-01-10T09:00,60.1,74.7,24.3,9.9
0,Los Angeles County,2025-01-10T10:00,57.9,73.8,27.3,10.3
0,Los Angeles County,2025-01-10T11:00,55.2,72.6,31.6,10.8
0,Los Angeles County,2025-01-10T12:00,52.5,71.3,35.6,11.4
0,Los Angeles County,2025-01-10T13:00,50.6,71,40.1,11.8
0,Los Angeles County,2025-01-10T14:00,47.7,70.3,47.5,12.5
0,Los Angeles County,2025-01-10T15:00,45.1,69.6,54.2,13.2
0,Los Angeles County,2025-01-10T16:00,45.1,69.2,53.5,13.3
0,Los Angeles County,2025-01-10T17:00,44.3,68.9,55.3,13.5
0,Los Angeles County,2025-01-10T18:00,49.6,70.1,41.2,12
0,Los Angeles County,2025-01-10T19:00,56.5,71.3,26.1,10.6
0,Los Angeles County,2025-01-10T20:00,59.8,72.2,20.6,10
0,Los Angeles County,2025-01-10T21:00,63.1,73.3,16.1,9.5
0,Los Angeles County,2025-01-10T22:00,66.3,74.2,11.9,9
0,Los Angeles County,2025-01-10T23:00,68.6,74.8,9.1,8.7
0,Los Angeles County,2025-01-11T00:00,70.1,75,6.9,8.5
0,Los Angeles County,2025-01-11T01:00,71,75.2,5.9,8.4
0,Los Angeles County,2025-01-11T02:00,72.8,76.5,5.1,8.2
0,Los Angeles County,2025-01-11T03:00,77.8,80.6,3.6,7.7
0,Los Angeles County,2025-01-11T04:00,82.2,84.2,2.4,7.2
0,Los Angeles County,2025-01-11T05:00,82.5,85.3,3.3,7.2
0,Los Angeles County,2025-01-11T06:00,79.3,84.2,6.1,7.5
0,Los Angeles County,2025-01-11T07:00,74.5,81.2,8.9,8
0,Los Angeles County,2025-01-11T08:00,69.6,78.7,13.1,8.6
0,Los Angeles County,2025-01-11T09:00,65.8,76.9,16.9,9.1
0,Los Angeles County,2025-01-11T10:00,61.8,75.4,22,9.7
0,Los Angeles County,2025-01-11T11:00,58,74.1,27.8,10.3
0,Los Angeles County,2025-01-11T12:00,55.4,73.2,32.1,10.8
0,Los Angeles County,2025-01-11T13:00,55.2,72.9,31.8,10.8
0,Los Angeles County,2025-01-11T14:00,55.1,72.9,32.1,10.8
0,Los Angeles County,2025-01-11T15:00,56.3,73.2,29.9,10.6
0,Los Angeles County,2025-01-11T16:00,57.2,73.4,28.2,10.4
0,Los Angeles County,2025-01-11T17:00,56.2,73.1,30,10.6
0,Los Angeles County,2025-01-11T18:00,57.9,72.7,25.7,10.3
0,Los Angeles County,2025-01-11T19:00,60.6,72.5,19.6,9.8
0,Los Angeles County,2025-01-11T20:00,62.6,73.3,16.9,9.5
0,Los Angeles County,2025-01-11T21:00,65.5,74.7,13.9,9.1
0,Los Angeles County,2025-01-11T22:00,68.3,75.3,10.1,8.7
0,Los Angeles County,2025-01-11T23:00,70.2,75.8,7.8,8.5
0,Los Angeles County,2025-01-12T00:00,71,75.3,6,8.4
0,Los Angeles County,2025-01-12T01:00,71.5,74.9,4.7,8.3
0,Los Angeles County,2025-01-12T02:00,72.3,75.2,4,8.2
0,Los Angeles County,2025-01-12T03:00,76.3,78.3,2.6,7.8
0,Los Angeles County,2025-01-12T04:00,80.2,81.7,1.8,7.4
0,Los Angeles County,2025-01-12T05:00,81.6,83.1,1.8,7.3
0,Los Angeles County,2025-01-12T06:00,79.3,82.3,3.7,7.5
0,Los Angeles County,2025-01-12T07:00,76.1,80.3,5.6,7.8
0,Los Angeles County,2025-01-12T08:00,72.1,78.2,8.5,8.3
0,Los Angeles County,2025-01-12T09:00,68.4,76.8,12.3,8.7
0,Los Angeles County,2025-01-12T10:00,65.4,75.8,15.8,9.1
0,Los Angeles County,2025-01-12T11:00,62.8,74.7,18.9,9.5
0,Los Angeles County,2025-01-12T12:00,59.8,73.8,23.3,10
0,Los Angeles County,2025-01-12T13:00,58.4,73.6,25.9,10.2
0,Los Angeles County,2025-01-12T14:00,58.9,73.7,25.1,10.1
0,Los Angeles County,2025-01-12T15:00,59.2,73.8,24.8,10.1
0,Los Angeles County,2025-01-12T16:00,59.6,74,24.1,10
0,Los Angeles County,2025-01-12T17:00,58.7,73.8,25.7,10.2
0,Los Angeles County,2025-01-12T18:00,60,73.9,23.2,9.9
0,Los Angeles County,2025-01-12T19:00,63.1,74.7,18.4,9.5
0,Los Angeles County,2025-01-12T20:00,65.8,75.7,14.9,9.1
0,Los Angeles County,2025-01-12T21:00,69.2,76.6,10.6,8.6
0,Los Angeles County,2025-01-12T22:00,71.4,76.7,7.4,8.3
0,Los Angeles County,2025-01-12T23:00,73.3,76.9,4.8,8.1
0,Los Angeles County,2025-01-13T00:00,74.3,77.2,3.7,8
0,Los Angeles County,2025-01-13T01:00,74.8,77.8,4,8
0,Los Angeles County,2025-01-13T02:00,77.2,80.3,3.9,7.7
0,Los Angeles County,2025-01-13T03:00,83.9,85.4,1.8,7.1
0,Los Angeles County,2025-01-13T04:00,87.6,89.6,2.2,6.8
0,Los Angeles County,2025-01-13T05:00,79.1,88.2,11.4,7.5
0,Los Angeles County,2025-01-13T06:00,64.3,82.2,27.8,9.3
0,Los Angeles County,2025-01-13T07:00,48.1,71.9,49.6,12.4
0,Los Angeles County,2025-01-13T08:00,45.1,69.6,54.1,13.2
0,Los Angeles County,2025-01-13T09:00,53.6,73.2,36.5,11.1
0,Los Angeles County,2025-01-13T10:00,56.6,73.3,29.5,10.5
0,Los Angeles County,2025-01-13T11:00,55.4,72,29.9,10.8
0,Los Angeles County,2025-01-13T12:00,53.3,70.7,32.6,11.2
0,Los Angeles County,2025-01-13T13:00,53,70.9,33.9,11.3
0,Los Angeles County,2025-01-13T14:00,48.8,69.9,43.1,12.2
0,Los Angeles County,2025-01-13T15:00,42.5,67.7,58.9,14
0,Los Angeles County,2025-01-13T16:00,40.3,67.1,66.4,14.8
0,Los Angeles County,2025-01-13T17:00,39.2,66.9,70.4,15.2
0,Los Angeles County,2025-01-13T18:00,46,69.1,50.2,13
0,Los Angeles County,2025-01-13T19:00,56.6,71.1,25.6,10.5
0,Los Angeles County,2025-01-13T20:00,61.6,71.9,16.6,9.7
0,Los Angeles County,2025-01-13T21:00,64.7,73.2,13,9.2
0,Los Angeles County,2025-01-13T22:00,68.8,75.3,9.3,8.7
0,Los Angeles County,2025-01-13T23:00,71,75.8,6.6,8.4
0,Los Angeles County,2025-01-14T00:00,72.5,76.7,5.8,8.2
0,Los Angeles County,2025-01-14T01:00,74,78.4,5.9,8.1
0,Los Angeles County,2025-01-14T02:00,77.1,81.3,5.4,7.7
0,Los Angeles County,2025-01-14T03:00,83.3,85.6,2.6,7.1
0,Los Angeles County,2025-01-14T04:00,85.7,88.7,3.5,6.9
0,Los Angeles County,2025-01-14T05:00,76.6,87.3,14,7.8
0,Los Angeles County,2025-01-14T06:00,62.7,81.5,29.8,9.5
0,Los Angeles County,2025-01-14T07:00,46.7,71.1,52.1,12.8
0,Los Angeles County,2025-01-14T08:00,43.5,68.6,57.8,13.7
0,Los Angeles County,2025-01-14T09:00,51.4,72.1,40.1,11.6
0,Los Angeles County,2025-01-14T10:00,54.6,72.2,32.2,10.9
0,Los Angeles County,2025-01-14T11:00,54.2,71.2,31.3,11
0,Los Angeles County,2025-01-14T12:00,52.4,70.1,33.7,11.4
0,Los Angeles County,2025-01-14T13:00,51.4,70,36.2,11.6
0,Los Angeles County,2025-01-14T14:00,46.8,68.8,46.8,12.7
0,Los Angeles County,2025-01-14T15:00,41.8,67.3,60.9,14.3
0,Los Angeles County,2025-01-14T16:00,39.5,66.6,68.4,15.1
0,Los Angeles County,2025-01-14T17:00,37.6,65.9,75.2,15.9
0,Los Angeles County,2025-01-14T18:00,43.2,67.7,56.5,13.8
0,Los Angeles County,2025-01-14T19:00,54.3,70.4,29.6,11
0,Los Angeles County,2025-01-14T20:00,60.5,71.1,17.4,9.9
0,Los Angeles County,2025-01-14T21:00,64,72.4,13.2,9.3
0,Los Angeles County,2025-01-14T22:00,68,74.1,9.1,8.8
0,Los Angeles County,2025-01-14T23:00,70.5,75.3,6.7,8.4
0,Los Angeles County,2025-01-15T00:00,71.4,75.8,6.1,8.3
0,Los Angeles County,2025-01-15T01:00,72.8,77.3,6.1,8.2
0,Los Angeles County,2025-01-15T02:00,76.2,80.4,5.5,7.8
0,Los Angeles County,2025-01-15T03:00,82.9,85.2,2.8,7.2
0,Los Angeles County,2025-01-15T04:00,86.1,89,3.3,6.9
0,Los Angeles County,2025-01-15T05:00,76.9,87.4,13.6,7.7
0,Los Angeles County,2025-01-15T06:00,62.3,81.4,30.7,9.6
0,Los Angeles County,2025-01-15T07:00,46.3,71.1,53.4,12.9
0,Los Angeles County,2025-01-15T08:00,42.9,68.5,59.6,13.9
0,Los Angeles County,2025-01-15T09:00,50.6,71.8,42,11.8
0,Los Angeles County,2025-01-15T10:00,54,72.4,33.9,11
0,Los Angeles County,2025-01-15T11:00,54,71.4,32.2,11.1
0,Los Angeles County,2025-01-15T12:00,51.9,70.2,35.2,11.5
0,Los Angeles County,2025-01-15T13:00,50.4,70,38.9,11.8
0,Los Angeles County,2025-01-15T14:00,46.5,69.2,48.6,12.8
0,Los Angeles County,2025-01-15T15:00,41.2,67.3,63.4,14.5
0,Los Angeles County,2025-01-15T16:00,38.5,66.7,72.9,15.5
0,Los Angeles County,2025-01-15T17:00,36.3,65.8,81.3,16.5
0,Los Angeles County,2025-01-15T18:00,41.3,67.2,62.7,14.5
0,Los Angeles County,2025-01-15T19:00,52.3,70.1,34.1,11.4
0,Los Angeles County,2025-01-15T20:00,59.4,71.5,20.4,10
0,Los Angeles County,2025-01-15T21:00,63.7,72.9,14.4,9.4
0,Los Angeles County,2025-01-15T22:00,67.9,74.7,10,8.8
0,Los Angeles County,2025-01-15T23:00,70.2,75.3,7.2,8.5
0,Los Angeles County,2025-01-16T00:00,71.7,75.8,5.7,8.3
0,Los Angeles County,2025-01-16T01:00,73,77.3,5.7,8.2
0,Los Angeles County,2025-01-16T02:00,76.3,80.1,4.9,7.8
0,Los Angeles County,2025-01-16T03:00,83.1,85.3,2.5,7.2
0,Los Angeles County,2025-01-16T04:00,86.5,88.9,2.7,6.9
0,Los Angeles County,2025-01-16T05:00,77.5,87.4,12.7,7.7
0,Los Angeles County,2025-01-16T06:00,62.7,81.4,29.9,9.5
0,Los Angeles County,2025-01-16T07:00,46.1,71.1,54.2,13
0,Los Angeles County,2025-01-16T08:00,41.6,68.2,63.9,14.4
0,Los Angeles County,2025-01-16T09:00,49.2,72,46.4,12.1
0,Los Angeles County,2025-01-16T10:00,53.1,72.6,36.6,11.2
0,Los Angeles County,2025-01-16T11:00,53.3,71.8,34.6,11.2
0,Los Angeles County,2025-01-16T12:00,51.2,70.5,37.5,11.7
0,Los Angeles County,2025-01-16T13:00,50.1,70.5,40.6,11.9
0,Los Angeles County,2025-01-16T14:00,45.6,69.3,51.8,13.1
0,Los Angeles County,2025-01-16T15:00,39.7,67,68.8,15
0,Los Angeles County,2025-01-16T16:00,37.3,66.2,77.6,16
0,Los Angeles County,2025-01-16T17:00,35.2,65.3,85.4,17
0,Los Angeles County,2025-01-16T18:00,39.7,67,68.7,15.1
0,Los Angeles County,2025-01-16T19:00,50.3,70.4,39.8,11.9
0,Los Angeles County,2025-01-16T20:00,59.6,72.5,21.6,10
0,Los Angeles County,2025-01-16T21:00,63.5,73.1,15.2,9.4
0,Los Angeles County,2025-01-16T22:00,67.4,74.8,10.8,8.8
0,Los Angeles County,2025-01-16T23:00,70.2,75.6,7.6,8.5
0,Los Angeles County,2025-01-17T00:00,71.9,76.1,5.7,8.3
0,Los Angeles County,2025-01-17T01:00,73.1,76.9,5.2,8.2
0,Los Angeles County,2025-01-17T02:00,76.3,79.6,4.3,7.8
0,Los Angeles County,2025-01-17T03:00,82.4,84.7,2.7,7.2
0,Los Angeles County,2025-01-17T04:00,86.5,88.4,2.2,6.9
0,Los Angeles County,2025-01-17T05:00,79.5,87.2,9.6,7.5
0,Los Angeles County,2025-01-17T06:00,66.2,81.8,23.5,9
0,Los Angeles County,2025-01-17T07:00,50.5,72,42.5,11.8
0,Los Angeles County,2025-01-17T08:00,46.7,69.6,48.8,12.8
0,Los Angeles County,2025-01-17T09:00,54.1,73.3,35.5,11
0,Los Angeles County,2025-01-17T10:00,55.3,73.8,33.3,10.8
0,Los Angeles County,2025-01-17T11:00,53.6,72.8,35.6,11.1
0,Los Angeles County,2025-01-17T12:00,50.4,71.4,41.5,11.8
0,Los Angeles County,2025-01-17T13:00,47.7,70.8,48.3,12.5
0,Los Angeles County,2025-01-17T14:00,43.2,69.4,60.7,13.8
0,Los Angeles County,2025-01-17T15:00,38,67.1,76.4,15.7
0,Los Angeles County,2025-01-17T16:00,36.9,66.8,81,16.2
0,Los Angeles County,2025-01-17T17:00,36.2,66.6,83.7,16.5
0,Los Angeles County,2025-01-17T18:00,40.3,68.3,69.5,14.8
0,Los Angeles County,2025-01-17T19:00,48.9,71.2,45.4,12.2
0,Los Angeles County,2025-01-17T20:00,57.8,73.2,26.7,10.3
0,Los Angeles County,2025-01-17T21:00,62.6,73.9,17.8,9.5
0,Los Angeles County,2025-01-17T22:00,65.6,74.8,14,9.1
0,Los Angeles County,2025-01-17T23:00,68.5,75.1,9.6,8.7
0,Los Angeles County,2025-01-18T00:00,70.1,74.9,6.8,8.5
0,Los Angeles County,2025-01-18T01:00,71,74.7,5.1,8.4
0,Los Angeles County,2025-01-18T02:00,72.5,75.4,4,8.2
0,Los Angeles County,2025-01-18T03:00,77.9,80,2.6,7.6
0,Los Angeles County,2025-01-18T04:00,82.8,84.3,1.8,7.2
0,Los Angeles County,2025-01-18T05:00,82.8,85.5,3.2,7.2
0,Los Angeles County,2025-01-18T06:00,79.8,84.8,6.2,7.5
0,Los Angeles County,2025-01-18T07:00,74.7,81.8,9.4,8
0,Los Angeles County,2025-01-18T08:00,69.9,79.2,13.2,8.5
0,Los Angeles County,2025-01-18T09:00,64.9,77.6,19.5,9.2
0,Los Angeles County,2025-01-18T10:00,60.7,76.2,25.6,9.8
0,Los Angeles County,2025-01-18T11:00,55.8,74.6,33.7,10.7
0,Los Angeles County,2025-01-18T12:00,52.9,73.3,38.6,11.3
0,Los Angeles County,2025-01-18T13:00,51.4,72.7,41.4,11.6
0,Los Angeles County,2025-01-18T14:00,51.2,73,42.3,11.6
0,Los Angeles County,2025-01-18T15:00,51.3,73,42.2,11.6
0,Los Angeles County,2025-01-18T16:00,51.7,73.1,41.3,11.5
0,Los Angeles County,2025-01-18T17:00,50.3,72.7,44.4,11.9
0,Los Angeles County,2025-01-18T18:00,52.8,72.9,38.1,11.3
0,Los Angeles County,2025-01-18T19:00,58.8,73.1,24.4,10.2
0,Los Angeles County,2025-01-18T20:00,62.3,73.4,17.8,9.6
0,Los Angeles County,2025-01-18T21:00,65.2,74.9,14.8,9.1
0,Los Angeles County,2025-01-18T22:00,67.5,75.9,12.4,8.8
0,Los Angeles County,2025-01-18T23:00,69.7,76,8.9,8.6
0,Los Angeles County,2025-01-19T00:00,71.1,75.4,6,8.4
0,Los Angeles County,2025-01-19T01:00,70.8,74.1,4.6,8.4
0,Los Angeles County,2025-01-19T02:00,72,74.3,3.2,8.3
0,Los Angeles County,2025-01-19T03:00,75.1,77.1,2.7,7.9
0,Los Angeles County,2025-01-19T04:00,79.4,80.8,1.7,7.5
0,Los Angeles County,2025-01-19T05:00,81.3,83.3,2.4,7.3
0,Los Angeles County,2025-01-19T06:00,80.4,83.5,3.9,7.4
0,Los Angeles County,2025-01-19T07:00,76.4,80.8,5.7,7.8
0,Los Angeles County,2025-01-19T08:00,72.7,78.7,8.3,8.2
0,Los Angeles County,2025-01-19T09:00,69.3,77.8,12.1,8.6
0,Los Angeles County,2025-01-19T10:00,66.1,76.9,16.3,9
0,Los Angeles County,2025-01-19T11:00,62.6,75.7,20.9,9.5
0,Los Angeles County,2025-01-19T12:00,59.9,74.7,24.6,10
0,Los Angeles County,2025-01-19T13:00,58.5,74.3,26.9,10.2
0,Los Angeles County,2025-01-19T14:00,58.6,74.3,26.7,10.2
0,Los Angeles County,2025-01-19T15:00,57.6,74,28.2,10.3
0,Los Angeles County,2025-01-19T16:00,58.8,74.5,26.7,10.1
0,Los Angeles County,2025-01-19T17:00,57.5,74,28.6,10.4
0,Los Angeles County,2025-01-19T18:00,59.5,74.2,24.6,10
0,Los Angeles County,2025-01-19T19:00,62.1,74.7,20.2,9.6
0,Los Angeles County,2025-01-19T20:00,65.5,75.6,15.3,9.1
0,Los Angeles County,2025-01-19T21:00,68.1,76.3,12,8.8
0,Los Angeles County,2025-01-19T22:00,70.9,76.8,8.3,8.4
0,Los Angeles County,2025-01-19T23:00,72.9,76.6,5,8.2
0,Los Angeles County,2025-01-20T00:00,73.5,76.4,3.8,8.1
0,Los Angeles County,2025-01-20T01:00,73.8,76.3,3.4,8.1
0,Los Angeles County,2025-01-20T02:00,75.6,77.7,2.8,7.9
0,Los Angeles County,2025-01-20T03:00,82.4,83.5,1.2,7.2
0,Los Angeles County,2025-01-20T04:00,86.9,87.9,1.1,6.8
0,Los Angeles County,2025-01-20T05:00,82.1,87.4,6.4,7.3
0,Los Angeles County,2025-01-20T06:00,74.3,83.8,12.8,8
0,Los Angeles County,2025-01-20T07:00,69.1,79.6,15.1,8.6
0,Los Angeles County,2025-01-20T08:00,65.1,76.8,17.9,9.2
0,Los Angeles County,2025-01-20T09:00,62.9,76,20.7,9.5
0,Los Angeles County,2025-01-20T10:00,60.8,75.3,23.9,9.8
0,Los Angeles County,2025-01-20T11:00,57.1,74,29.6,10.5
0,Los Angeles County,2025-01-20T12:00,54.1,72.8,34.5,11
0,Los Angeles County,2025-01-20T13:00,52.8,72.6,37.4,11.3
0,Los Angeles County,2025-01-20T14:00,50.7,72.6,43,11.8
0,Los Angeles County,2025-01-20T15:00,48.2,72.1,49.5,12.4
0,Los Angeles County,2025-01-20T16:00,47.3,71.2,50.4,12.6
0,Los Angeles County,2025-01-20T17:00,47.5,71.1,49.4,12.6
0,Los Angeles County,2025-01-20T18:00,53.3,72.8,36.6,11.2
0,Los Angeles County,2025-01-20T19:00,60.7,73.8,21.5,9.8
0,Los Angeles County,2025-01-20T20:00,64.7,74.9,15.6,9.2
0,Los Angeles County,2025-01-20T21:00,67.9,75.9,11.7,8.8
0,Los Angeles County,2025-01-20T22:00,71.1,77,8.4,8.4
0,Los Angeles County,2025-01-20T23:00,72.7,76.8,5.6,8.2
0,Los Angeles County,2025-01-21T00:00,73.4,76.9,4.8,8.1
0,Los Angeles County,2025-01-21T01:00,75.4,78.9,4.7,7.9
0,Los Angeles County,2025-01-21T02:00,78.3,81.7,4.2,7.6
0,Los Angeles County,2025-01-21T03:00,83.8,86.1,2.7,7.1
0,Los Angeles County,2025-01-21T04:00,86.5,89.3,3.1,6.9
0,Los Angeles County,2025-01-21T05:00,76.2,87.5,14.8,7.8
0,Los Angeles County,2025-01-21T06:00,59.2,80.8,36.2,10.1
0,Los Angeles County,2025-01-21T07:00,42.8,70.3,63.9,13.9
0,Los Angeles County,2025-01-21T08:00,38.2,67.2,76,15.7
0,Los Angeles County,2025-01-21T09:00,44.6,70.6,58.1,13.4
0,Los Angeles County,2025-01-21T10:00,49.5,71.6,44.6,12.1
0,Los Angeles County,2025-01-21T11:00,51.7,71.4,38,11.5
0,Los Angeles County,2025-01-21T12:00,51,70.4,38,11.7
0,Los Angeles County,2025-01-21T13:00,50,70.3,40.3,11.9
0,Los Angeles County,2025-01-21T14:00,45,68.8,52.8,13.3
0,Los Angeles County,2025-01-21T15:00,39.4,66.9,69.6,15.1
0,Los Angeles County,2025-01-21T16:00,37.1,66.2,78.5,16.1
0,Los Angeles County,2025-01-21T17:00,34.4,65.1,89,17.4
0,Los Angeles County,2025-01-21T18:00,38.2,66.5,73.9,15.6
0,Los Angeles County,2025-01-21T19:00,49.3,70,42,12.1
0,Los Angeles County,2025-01-21T20:00,59.6,71.8,20.5,10
0,Los Angeles County,2025-01-21T21:00,63.9,72.8,14,9.3
0,Los Angeles County,2025-01-21T22:00,68.1,74.8,9.8,8.7
0,Los Angeles County,2025-01-21T23:00,70.4,75,6.5,8.5
0,Los Angeles County,2025-01-22T00:00,72.4,76.5,5.7,8.2
0,Los Angeles County,2025-01-22T01:00,74.9,78.8,5.1,8
0,Los Angeles County,2025-01-22T02:00,77.4,81.2,4.9,7.7
0,Los Angeles County,2025-01-22T03:00,83.2,85.5,2.7,7.2
0,Los Angeles County,2025-01-22T04:00,86.1,88.6,2.9,6.9
0,Los Angeles County,2025-01-22T05:00,76.4,87.3,14.2,7.8
0,Los Angeles County,2025-01-22T06:00,59.2,80.6,36.2,10.1
0,Los Angeles County,2025-01-22T07:00,43.9,70.5,60.5,13.6
0,Los Angeles County,2025-01-22T08:00,39.5,67.6,70.9,15.1
0,Los Angeles County,2025-01-22T09:00,45.8,70.8,54.7,13
0,Los Angeles County,2025-01-22T10:00,50.9,71.9,41.2,11.7
0,Los Angeles County,2025-01-22T11:00,52.4,71.6,36.4,11.4
0,Los Angeles County,2025-01-22T12:00,50,70.8,41.6,11.9
0,Los Angeles County,2025-01-22T13:00,48.2,70.3,45.7,12.4
0,Los Angeles County,2025-01-22T14:00,44.1,69,56.5,13.6
0,Los Angeles County,2025-01-22T15:00,38,66.4,74.3,15.7
0,Los Angeles County,2025-01-22T16:00,35.8,65.5,82.7,16.7
0,Los Angeles County,2025-01-22T17:00,33.6,64.6,91.8,17.8
0,Los Angeles County,2025-01-22T18:00,38,66,73.4,15.7
0,Los Angeles County,2025-01-22T19:00,49.7,69.6,40.1,12
0,Los Angeles County,2025-01-22T20:00,59.3,71.5,20.4,10.1
0,Los Angeles County,2025-01-22T21:00,63.8,72.9,14.2,9.3
0,Los Angeles County,2025-01-22T22:00,67.7,74.8,10.4,8.8
0,Los Angeles County,2025-01-22T23:00,70.2,75.6,7.6,8.5
0,Los Angeles County,2025-01-23T00:00,71.1,75.8,6.5,8.4
0,Los Angeles County,2025-01-23T01:00,72.7,77.1,6,8.2
0,Los Angeles County,2025-01-23T02:00,75.8,79.9,5.5,7.9
0,Los Angeles County,2025-01-23T03:00,82.4,85,3,7.2
0,Los Angeles County,2025-01-23T04:00,85.8,88.4,2.9,6.9
0,Los Angeles County,2025-01-23T05:00,76.9,87,13.1,7.7
0,Los Angeles County,2025-01-23T06:00,59.7,80.7,35.1,10
0,Los Angeles County,2025-01-23T07:00,42.8,70,63.3,13.9
0,Los Angeles County,2025-01-23T08:00,38.5,67.1,74.3,15.5
0,Los Angeles County,2025-01-23T09:00,45.7,71,55.1,13.1
0,Los Angeles County,2025-01-23T10:00,50.2,72.1,43.6,11.9
0,Los Angeles County,2025-01-23T11:00,51.1,71.3,39.4,11.7
0,Los Angeles County,2025-01-23T12:00,49.8,70.3,41.1,12
0,Los Angeles County,2025-01-23T13:00,48.7,70.1,44,12.3
0,Los Angeles County,2025-01-23T14:00,44.2,68.8,55.7,13.5
0,Los Angeles County,2025-01-23T15:00,38.4,66.4,72.6,15.5
0,Los Angeles County,2025-01-23T16:00,36.2,65.8,81.9,16.5
0,Los Angeles County,2025-01-23T17:00,33.9,64.9,91.1,17.6
0,Los Angeles County,2025-01-23T18:00,37.2,66.3,78.1,16.1
0,Los Angeles County,2025-01-23T19:00,47.2,69.4,46.9,12.6
0,Los Angeles County,2025-01-23T20:00,56.7,71.8,26.6,10.5
0,Los Angeles County,2025-01-23T21:00,62.7,73.3,16.9,9.5
0,Los Angeles County,2025-01-23T22:00,66.3,74.7,12.5,9
0,Los Angeles County,2025-01-23T23:00,69,74.9,8.4,8.6
0,Los Angeles County,2025-01-24T00:00,71.8,75.9,5.7,8.3
0,Los Angeles County,2025-01-24T01:00,73,77.2,5.7,8.2
0,Los Angeles County,2025-01-24T02:00,76.3,79.6,4.2,7.8
0,Los Angeles County,2025-01-24T03:00,81.9,84.3,2.9,7.3
0,Los Angeles County,2025-01-24T04:00,85.9,88.3,2.6,6.9
0,Los Angeles County,2025-01-24T05:00,78.3,87,11,7.6
0,Los Angeles County,2025-01-24T06:00,62.9,81.2,29,9.5
0,Los Angeles County,2025-01-24T07:00,47.1,71.1,50.8,12.7
0,Los Angeles County,2025-01-24T08:00,43.4,68.6,58,13.8
0,Los Angeles County,2025-01-24T09:00,50.6,72.7,43.7,11.8
0,Los Angeles County,2025-01-24T10:00,53.7,73.9,37.4,11.1
0,Los Angeles County,2025-01-24T11:00,51.4,72.1,40.2,11.6
0,Los Angeles County,2025-01-24T12:00,48.4,70.5,45.4,12.3
0,Los Angeles County,2025-01-24T13:00,46.3,70,51,12.9
0,Los Angeles County,2025-01-24T14:00,42.2,68.6,62.4,14.1
0,Los Angeles County,2025-01-24T15:00,37.8,66.7,76.2,15.8
0,Los Angeles County,2025-01-24T16:00,36.8,66.4,80.2,16.2
0,Los Angeles County,2025-01-24T17:00,36.2,66,82.4,16.5
0,Los Angeles County,2025-01-24T18:00,39.8,67.5,69.4,15
0,Los Angeles County,2025-01-24T19:00,48.1,70.2,46.1,12.4
0,Los Angeles County,2025-01-24T20:00,56.2,72.2,28.4,10.6
0,Los Angeles County,2025-01-24T21:00,61.6,73,18.4,9.7
0,Los Angeles County,2025-01-24T22:00,64.1,73.7,14.8,9.3
0,Los Angeles County,2025-01-24T23:00,67.3,74.2,10.2,8.9
0,Los Angeles County,2025-01-25T00:00,68.7,73.9,7.5,8.7
0,Los Angeles County,2025-01-25T01:00,69.6,73.5,5.7,8.6
0,Los Angeles County,2025-01-25T02:00,71.4,74.6,4.3,8.3
0,Los Angeles County,2025-01-25T03:00,76.6,79,3.1,7.8
0,Los Angeles County,2025-01-25T04:00,82.1,83.7,1.9,7.3
0,Los Angeles County,2025-01-25T05:00,82.5,84.9,2.9,7.2
0,Los Angeles County,2025-01-25T06:00,79.1,83.9,6.1,7.5
0,Los Angeles County,2025-01-25T07:00,73.8,81.1,9.9,8.1
0,Los Angeles County,2025-01-25T08:00,68.3,78.5,14.8,8.7
0,Los Angeles County,2025-01-25T09:00,63.2,76.8,21.4,9.4
0,Los Angeles County,2025-01-25T10:00,58.9,75.1,27.3,10.1
0,Los Angeles County,2025-01-25T11:00,54.4,73.6,35.2,11
0,Los Angeles County,2025-01-25T12:00,51.3,72.7,41.6,11.6
0,Los Angeles County,2025-01-25T13:00,50,72.1,44.1,11.9
0,Los Angeles County,2025-01-25T14:00,50.8,72.5,42.6,11.7
0,Los Angeles County,2025-01-25T15:00,51.6,72.9,41.2,11.6
0,Los Angeles County,2025-01-25T16:00,52.1,73.1,40.1,11.4
0,Los Angeles County,2025-01-25T17:00,51,72.7,42.4,11.7
0,Los Angeles County,2025-01-25T18:00,53.6,72.6,35.4,11.1
0,Los Angeles County,2025-01-25T19:00,58.3,72.8,24.8,10.2
0,Los Angeles County,2025-01-25T20:00,60,73,21.5,9.9
0,Los Angeles County,2025-01-25T21:00,61.6,74.6,21.1,9.7
0,Los Angeles County,2025-01-25T22:00,63,75.4,19.7,9.5
0,Los Angeles County,2025-01-25T23:00,64.4,74.9,16.3,9.3
0,Los Angeles County,2025-01-26T00:00,67,74,10.4,8.9
0,Los Angeles County,2025-01-26T01:00,67.2,72.9,8.4,8.9
0,Los Angeles County,2025-01-26T02:00,68.8,73.5,6.8,8.7
0,Los Angeles County,2025-01-26T03:00,72.7,76.9,5.7,8.2
0,Los Angeles County,2025-01-26T04:00,76.9,80.2,4.2,7.7
0,Los Angeles County,2025-01-26T05:00,78.9,82.1,4,7.6
0,Los Angeles County,2025-01-26T06:00,77.3,81.6,5.4,7.7
0,Los Angeles County,2025-01-26T07:00,74.8,79.7,6.5,8
0,Los Angeles County,2025-01-26T08:00,70,77.5,10.7,8.5
0,Los Angeles County,2025-01-26T09:00,66,76.1,15.2,9
0,Los Angeles County,2025-01-26T10:00,61.9,74.9,20.9,9.6
0,Los Angeles County,2025-01-26T11:00,58.3,74.1,27,10.2
0,Los Angeles County,2025-01-26T12:00,56.9,73.3,28.7,10.5
0,Los Angeles County,2025-01-26T13:00,56,73,30.4,10.7
0,Los Angeles County,2025-01-26T14:00,57.2,73.5,28.3,10.4
0,Los Angeles County,2025-01-26T15:00,57.8,73.7,27.3,10.3
0,Los Angeles County,2025-01-26T16:00,60.9,74.2,21.8,9.8
0,Los Angeles County,2025-01-26T17:00,57.5,73.2,27.2,10.4
0,Los Angeles County,2025-01-26T18:00,56.8,73.3,29.1,10.5
0,Los Angeles County,2025-01-26T19:00,59.1,73.9,25.1,10.1
0,Los Angeles County,2025-01-26T20:00,63.3,75.2,18.7,9.4
0,Los Angeles County,2025-01-26T21:00,65.9,75.9,15.1,9
0,Los Angeles County,2025-01-26T22:00,67.8,76.4,12.6,8.8
0,Los Angeles County,2025-01-26T23:00,67.6,75.8,12.2,8.8
0,Los Angeles County,2025-01-27T00:00,67.6,76,12.4,8.8
0,Los Angeles County,2025-01-27T01:00,69.7,77.8,11.6,8.6
0,Los Angeles County,2025-01-27T02:00,73.4,80.6,9.8,8.1
0,Los Angeles County,2025-01-27T03:00,79.7,85.2,6.9,7.5
0,Los Angeles County,2025-01-27T04:00,83.2,88.7,6.5,7.2
0,Los Angeles County,2025-01-27T05:00,75.2,87.5,16.2,7.9
0,Los Angeles County,2025-01-27T06:00,60.9,81.4,33.5,9.8
0,Los Angeles County,2025-01-27T07:00,46.3,71.1,53.6,12.9
0,Los Angeles County,2025-01-27T08:00,42.6,68.3,60.5,14
0,Los Angeles County,2025-01-27T09:00,50.8,72.2,41.9,11.7
0,Los Angeles County,2025-01-27T10:00,55.7,73,31.1,10.7
0,Los Angeles County,2025-01-27T11:00,56.1,72.2,28.7,10.6
0,Los Angeles County,2025-01-27T12:00,53.9,70.9,31.5,11.1
0,Los Angeles County,2025-01-27T13:00,52.9,71.1,34.4,11.3
0,Los Angeles County,2025-01-27T14:00,48.2,69.9,44.9,12.4
0,Los Angeles County,2025-01-27T15:00,42.5,67.6,59.1,14.1
0,Los Angeles County,2025-01-27T16:00,40.4,67,65.7,14.8
0,Los Angeles County,2025-01-27T17:00,39,66.4,69.9,15.3
0,Los Angeles County,2025-01-27T18:00,44.3,68.1,53.4,13.5
0,Los Angeles County,2025-01-27T19:00,54.9,70.5,28.4,10.9
0,Los Angeles County,2025-01-27T20:00,60.9,71.4,17.2,9.8
0,Los Angeles County,2025-01-27T21:00,64.6,72.9,12.9,9.2
0,Los Angeles County,2025-01-27T22:00,68.4,74.6,9,8.7
0,Los Angeles County,2025-01-27T23:00,70.6,75.4,6.8,8.4
0,Los Angeles County,2025-01-28T00:00,71.9,76,5.7,8.3
0,Los Angeles County,2025-01-28T01:00,73.7,78,5.8,8.1
0,Los Angeles County,2025-01-28T02:00,76.9,81.1,5.5,7.8
0,Los Angeles County,2025-01-28T03:00,83.5,86,3,7.1
0,Los Angeles County,2025-01-28T04:00,86.3,89.2,3.3,6.9
0,Los Angeles County,2025-01-28T05:00,76.2,87.6,14.9,7.8
0,Los Angeles County,2025-01-28T06:00,58.8,80.7,37.3,10.2
0,Los Angeles County,2025-01-28T07:00,43.1,70.2,62.8,13.9
0,Los Angeles County,2025-01-28T08:00,38.8,67.2,73.2,15.4
0,Los Angeles County,2025-01-28T09:00,45.4,71,56.2,13.1
0,Los Angeles County,2025-01-28T10:00,50,72,43.9,11.9
0,Los Angeles County,2025-01-28T11:00,51.8,71.3,37.6,11.5
0,Los Angeles County,2025-01-28T12:00,50.9,70.4,38.2,11.7
0,Los Angeles County,2025-01-28T13:00,49.8,70.3,41.3,12
0,Los Angeles County,2025-01-28T14:00,44.9,68.9,53.4,13.3
0,Los Angeles County,2025-01-28T15:00,39.4,66.9,69.5,15.1
0,Los Angeles County,2025-01-28T16:00,36.4,65.9,80.8,16.4
0,Los Angeles County,2025-01-28T17:00,34,64.9,91,17.6
0,Los Angeles County,2025-01-28T18:00,37.9,66.3,74.9,15.8
0,Los Angeles County,2025-01-28T19:00,48.8,69.8,42.8,12.2
0,Los Angeles County,2025-01-28T20:00,59.6,71.8,20.6,10
0,Los Angeles County,2025-01-28T21:00,63.9,72.6,13.6,9.3
0,Los Angeles County,2025-01-28T22:00,68.1,74.4,9.3,8.8
0,Los Angeles County,2025-01-28T23:00,70.2,75.1,7,8.5
0,Los Angeles County,2025-01-29T00:00,72.1,76.4,5.9,8.3
0,Los Angeles County,2025-01-29T01:00,74.7,78.8,5.5,8
0,Los Angeles County,2025-01-29T02:00,77.1,81.2,5.2,7.7
0,Los Angeles County,2025-01-29T03:00,83.4,85.6,2.6,7.1
0,Los Angeles County,2025-01-29T04:00,85.9,88.7,3.2,6.9
0,Los Angeles County,2025-01-29T05:00,76.7,87.3,13.7,7.8
0,Los Angeles County,2025-01-29T06:00,59.7,80.7,35.2,10
0,Los Angeles County,2025-01-29T07:00,44,70.4,60.1,13.6
0,Los Angeles County,2025-01-29T08:00,39.7,67.4,69.7,15.1
0,Los Angeles County,2025-01-29T09:00,45.8,70.7,54.1,13
0,Los Angeles County,2025-01-29T10:00,50.6,71.8,42,11.8
0,Los Angeles County,2025-01-29T11:00,52,71.4,37.2,11.5
0,Los Angeles County,2025-01-29T12:00,50.6,70.4,39.1,11.8
0,Los Angeles County,2025-01-29T13:00,49.4,70.2,41.9,12.1
0,Los Angeles County,2025-01-29T14:00,44.4,69,55.2,13.4
0,Los Angeles County,2025-01-29T15:00,38.7,66.7,72.3,15.4
0,Los Angeles County,2025-01-29T16:00,36,65.7,82.6,16.6
0,Los Angeles County,2025-01-29T17:00,33.7,64.6,91.3,17.7
0,Los Angeles County,2025-01-29T18:00,37.1,65.9,77.2,16.1
0,Los Angeles County,2025-01-29T19:00,47.9,69.4,44.8,12.5
0,Los Angeles County,2025-01-29T20:00,58,71.5,23.3,10.3
0,Los Angeles County,2025-01-29T21:00,63.8,73,14.4,9.4
0,Los Angeles County,2025-01-29T22:00,67.5,74.5,10.3,8.8
0,Los Angeles County,2025-01-29T23:00,70.3,75.5,7.3,8.5
0,Los Angeles County,2025-01-30T00:00,71.3,76.1,6.6,8.4
0,Los Angeles County,2025-01-30T01:00,72.9,77.6,6.5,8.2
0,Los Angeles County,2025-01-30T02:00,76.3,80.3,5.2,7.8
0,Los Angeles County,2025-01-30T03:00,82.5,84.8,2.8,7.2
0,Los Angeles County,2025-01-30T04:00,85.5,88.5,3.4,7
0,Los Angeles County,2025-01-30T05:00,76.2,87.2,14.2,7.8
0,Los Angeles County,2025-01-30T06:00,59.6,80.7,35.5,10
0,Los Angeles County,2025-01-30T07:00,44.1,70.3,59.2,13.5
0,Los Angeles County,2025-01-30T08:00,40.4,67.7,67.4,14.8
0,Los Angeles County,2025-01-30T09:00,47.9,71.6,49.5,12.5
0,Los Angeles County,2025-01-30T10:00,52.3,72.7,38.8,11.4
0,Los Angeles County,2025-01-30T11:00,53.4,72.1,35,11.2
0,Los Angeles County,2025-01-30T12:00,51.7,71,37.3,11.5
0,Los Angeles County,2025-01-30T13:00,50.8,71,39.7,11.8
0,Los Angeles County,2025-01-30T14:00,45.7,69.6,52.4,13.1
0,Los Angeles County,2025-01-30T15:00,39.2,66.9,70.6,15.3
0,Los Angeles County,2025-01-30T16:00,36.5,66,80.8,16.4
0,Los Angeles County,2025-01-30T17:00,34,64.8,90.3,17.6
0,Los Angeles County,2025-01-30T18:00,37.5,66.2,76.5,15.9
0,Los Angeles County,2025-01-30T19:00,47.4,69.5,46.4,12.6
0,Los Angeles County,2025-01-30T20:00,57.9,72.1,24.6,10.3
0,Los Angeles County,2025-01-30T21:00,63.4,73.3,15.6,9.4
0,Los Angeles County,2025-01-30T22:00,66.8,74.3,11.2,8.9
0,Los Angeles County,2025-01-30T23:00,69,74.7,8.1,8.6
0,Los Angeles County,2025-01-31T00:00,70.6,75.1,6.2,8.4
0,Los Angeles County,2025-01-31T01:00,72.9,76.9,5.4,8.2
0,Los Angeles County,2025-01-31T02:00,74.6,78.6,5.3,8
0,Los Angeles County,2025-01-31T03:00,81.7,84.2,3,7.3
0,Los Angeles County,2025-01-31T04:00,84.3,87.6,3.9,7.1
0,Los Angeles County,2025-01-31T05:00,76.5,86.3,12.9,7.8
0,Los Angeles County,2025-01-31T06:00,62.8,80.8,28.4,9.5
0,Los Angeles County,2025-01-31T07:00,48.2,71.1,47.4,12.4
0,Los Angeles County,2025-01-31T08:00,44.7,68.6,53.3,13.4
0,Los Angeles County,2025-01-31T09:00,51.6,72.6,40.6,11.6
0,Los Angeles County,2025-01-31T10:00,53.3,73.1,37,11.2
0,Los Angeles County,2025-01-31T11:00,53.5,73.2,36.7,11.2
0,Los Angeles County,2025-01-31T12:00,49.7,71.6,44,12
0,Los Angeles County,2025-01-31T13:00,46.9,70.5,50,12.7
0,Los Angeles County,2025-01-31T14:00,42.4,68.8,62.3,14.1
0,Los Angeles County,2025-01-31T15:00,37.6,66.6,76.8,15.9
0,Los Angeles County,2025-01-31T16:00,37,66.5,79.7,16.2
0,Los Angeles County,2025-01-31T17:00,36.5,66.2,81,16.3
0,Los Angeles County,2025-01-31T18:00,40.2,67.6,68,14.9
0,Los Angeles County,2025-01-31T19:00,48.1,70,45.6,12.4
0,Los Angeles County,2025-01-31T20:00,56,71.9,28.3,10.7
0,Los Angeles County,2025-01-31T21:00,60.9,73,19.8,9.8
0,Los Angeles County,2025-01-31T22:00,63.1,73.3,16.1,9.5
0,Los Angeles County,2025-01-31T23:00,66.3,73.7,11.1,9
0,Los Angeles County,2025-02-01T00:00,67.6,73.2,8.2,8.8
0,Los Angeles County,2025-02-01T01:00,68.9,73,6,8.7
0,Los Angeles County,2025-02-01T02:00,70.4,73.9,4.9,8.5
0,Los Angeles County,2025-02-01T03:00,75.5,78,3.3,7.9
0,Los Angeles County,2025-02-01T04:00,81.2,83,2.2,7.3
0,Los Angeles County,2025-02-01T05:00,81.6,84.4,3.4,7.3
0,Los Angeles County,2025-02-01T06:00,78.5,83.7,6.6,7.6
0,Los Angeles County,2025-02-01T07:00,73.2,81,10.7,8.1
0,Los Angeles County,2025-02-01T08:00,67.8,78.5,15.8,8.8
0,Los Angeles County,2025-02-01T09:00,62.3,76.8,23.1,9.6
0,Los Angeles County,2025-02-01T10:00,56.7,75.1,32.4,10.5
0,Los Angeles County,2025-02-01T11:00,52.3,73.5,40.4,11.4
0,Los Angeles County,2025-02-01T12:00,48.8,71.9,47.5,12.2
0,Los Angeles County,2025-02-01T13:00,47.8,71.7,50,12.5
0,Los Angeles County,2025-02-01T14:00,47.8,71.8,50,12.5
0,Los Angeles County,2025-02-01T15:00,48,72,50,12.4
0,Los Angeles County,2025-02-01T16:00,48,71.8,49.5,12.4
0,Los Angeles County,2025-02-01T17:00,47.1,71.5,51.6,12.7
0,Los Angeles County,2025-02-01T18:00,47.6,71.5,50,12.5
0,Los Angeles County,2025-02-01T19:00,54.6,72.5,32.7,10.9
0,Los Angeles County,2025-02-01T20:00,60.7,73,20.2,9.8
0,Los Angeles County,2025-02-01T21:00,63.9,74.1,15.9,9.3
0,Los Angeles County,2025-02-01T22:00,65.8,74.9,13.8,9.1
0,Los Angeles County,2025-02-01T23:00,69.2,76,9.8,8.6
0,Los Angeles County,2025-02-02T00:00,69.7,74.3,6.6,8.6
0,Los Angeles County,2025-02-02T01:00,69.8,73.2,4.7,8.5
0,Los Angeles County,2025-02-02T02:00,70.1,72.8,3.8,8.5
0,Los Angeles County,2025-02-02T03:00,74.3,76.2,2.6,8
0,Los Angeles County,2025-02-02T04:00,78.1,79.6,1.9,7.6
0,Los Angeles County,2025-02-02T05:00,80.1,81.8,2.2,7.4
0,Los Angeles County,2025-02-02T06:00,78.7,81.8,4,7.6
0,Los Angeles County,2025-02-02T07:00,75.7,80.3,6,7.9
0,Los Angeles County,2025-02-02T08:00,72.1,78.5,8.9,8.3
0,Los Angeles County,2025-02-02T09:00,67.6,77,13.8,8.8
0,Los Angeles County,2025-02-02T10:00,63.6,75.9,19.3,9.4
0,Los Angeles County,2025-02-02T11:00,59.6,74.7,25.4,10
0,Los Angeles County,2025-02-02T12:00,55.3,73.2,32.3,10.8
0,Los Angeles County,2025-02-02T13:00,52.6,72.4,37.7,11.4
0,Los Angeles County,2025-02-02T14:00,52.3,72.6,38.9,11.4
0,Los Angeles County,2025-02-02T15:00,52.9,72.9,37.7,11.3
0,Los Angeles County,2025-02-02T16:00,54,73.2,35.5,11.1
0,Los Angeles County,2025-02-02T17:00,54.1,73.1,35,11
0,Los Angeles County,2025-02-02T18:00,56,73.9,31.9,10.7
0,Los Angeles County,2025-02-02T19:00,61.6,75.4,22.4,9.7
0,Los Angeles County,2025-02-02T20:00,65,76.2,17.1,9.2
0,Los Angeles County,2025-02-02T21:00,68,76.7,12.8,8.8
0,Los Angeles County,2025-02-02T22:00,70.2,76.8,9.4,8.5
0,Los Angeles County,2025-02-02T23:00,71.6,76.3,6.5,8.3
0,Los Angeles County,2025-02-03T00:00,72.2,76.3,5.6,8.3
0,Los Angeles County,2025-02-03T01:00,71.8,76,5.8,8.3
0,Los Angeles County,2025-02-03T02:00,74.3,78.2,5.3,8
0,Los Angeles County,2025-02-03T03:00,82.8,85,2.7,7.2
0,Los Angeles County,2025-02-03T04:00,86.8,89.5,3,6.9
0,Los Angeles County,2025-02-03T05:00,75.7,87.5,15.6,7.9
0,Los Angeles County,2025-02-03T06:00,59.5,80.8,35.7,10
0,Los Angeles County,2025-02-03T07:00,44.7,70.7,58.2,13.4
0,Los Angeles County,2025-02-03T08:00,41,68.1,65.8,14.6
0,Los Angeles County,2025-02-03T09:00,48.8,72.1,47.7,12.2
0,Los Angeles County,2025-02-03T10:00,52.7,72.7,37.8,11.3
0,Los Angeles County,2025-02-03T11:00,54.2,72.2,33.1,11
0,Los Angeles County,2025-02-03T12:00,53.3,71.1,33.4,11.2
0,Los Angeles County,2025-02-03T13:00,51.4,70.8,37.7,11.6
0,Los Angeles County,2025-02-03T14:00,47.2,69.6,47.5,12.7
0,Los Angeles County,2025-02-03T15:00,42.1,67.5,60.4,14.2
0,Los Angeles County,2025-02-03T16:00,40.8,67.1,64.3,14.6
0,Los Angeles County,2025-02-03T17:00,39.9,66.5,66.8,15
0,Los Angeles County,2025-02-03T18:00,44.9,68.2,51.7,13.3
0,Los Angeles County,2025-02-03T19:00,55.5,70.7,27.4,10.7
0,Los Angeles County,2025-02-03T20:00,60.9,71.4,17.1,9.8
0,Los Angeles County,2025-02-03T21:00,64.4,72.9,13,9.3
0,Los Angeles County,2025-02-03T22:00,67.7,74.3,9.7,8.8
0,Los Angeles County,2025-02-03T23:00,69.6,75.1,7.9,8.6
0,Los Angeles County,2025-02-04T00:00,72.5,76.5,5.6,8.2
0,Los Angeles County,2025-02-04T01:00,73.9,78,5.5,8.1
0,Los Angeles County,2025-02-04T02:00,76.7,80.9,5.4,7.8
0,Los Angeles County,2025-02-04T03:00,82.7,85.3,3.1,7.2
0,Los Angeles County,2025-02-04T04:00,85.8,88.7,3.2,6.9
0,Los Angeles County,2025-02-04T05:00,74.4,86.7,16.5,8
0,Los Angeles County,2025-02-04T06:00,57.2,79.6,39,10.4
0,Los Angeles County,2025-02-04T07:00,42.2,69.5,64.5,14.1
0,Los Angeles County,2025-02-04T08:00,38.2,66.7,74.5,15.6
0,Los Angeles County,2025-02-04T09:00,45.3,70.5,55.5,13.2
0,Los Angeles County,2025-02-04T10:00,50,71.5,42.8,11.9
0,Los Angeles County,2025-02-04T11:00,51.4,71,38,11.6
0,Los Angeles County,2025-02-04T12:00,49.8,69.8,40.2,12
0,Los Angeles County,2025-02-04T13:00,48.6,69.8,43.5,12.3
0,Los Angeles County,2025-02-04T14:00,44,68.3,55.1,13.6
0,Los Angeles County,2025-02-04T15:00,39.3,66.6,69.5,15.2
0,Los Angeles County,2025-02-04T16:00,37,65.8,77.5,16.1
0,Los Angeles County,2025-02-04T17:00,34.4,64.7,87.7,17.4
0,Los Angeles County,2025-02-04T18:00,38.2,66.1,73.2,15.7
0,Los Angeles County,2025-02-04T19:00,49.7,69.9,40.5,12
0,Los Angeles County,2025-02-04T20:00,59.3,71.5,20.5,10.1
0,Los Angeles County,2025-02-04T21:00,62.7,72.5,15.6,9.5
0,Los Angeles County,2025-02-04T22:00,66.3,74.4,12.2,9
0,Los Angeles County,2025-02-04T23:00,67.5,74.7,10.6,8.8
0,Los Angeles County,2025-02-05T00:00,68.2,76.1,11.6,8.7
0,Los Angeles County,2025-02-05T01:00,71.6,78.9,10,8.3
0,Los Angeles County,2025-02-05T02:00,73.9,81,9.5,8.1
0,Los Angeles County,2025-02-05T03:00,79.1,84.8,7.2,7.5
0,Los Angeles County,2025-02-05T04:00,82,88.4,7.7,7.3
0,Los Angeles County,2025-02-05T05:00,72.2,86.6,19.9,8.2
0,Los Angeles County,2025-02-05T06:00,56.8,79.9,40.6,10.5
0,Los Angeles County,2025-02-05T07:00,41.1,69.3,68.4,14.5
0,Los Angeles County,2025-02-05T08:00,36.3,66,81.4,16.4
0,Los Angeles County,2025-02-05T09:00,42.1,69.5,65,14.2
0,Los Angeles County,2025-02-05T10:00,47.7,71.1,49,12.5
0,Los Angeles County,2025-02-05T11:00,49.8,70.8,41.9,12
0,Los Angeles County,2025-02-05T12:00,48.9,69.7,42.5,12.2
0,Los Angeles County,2025-02-05T13:00,48.5,69.7,43.7,12.3
0,Los Angeles County,2025-02-05T14:00,46.3,69.1,49.3,12.9
0,Los Angeles County,2025-02-05T15:00,42.2,67.3,59.2,14.1
0,Los Angeles County,2025-02-05T16:00,40.7,66.9,64.2,14.7
0,Los Angeles County,2025-02-05T17:00,38.9,66,69.5,15.3
0,Los Angeles County,2025-02-05T18:00,43.2,67.5,56,13.8
0,Los Angeles County,2025-02-05T19:00,53.5,70,30.9,11.2
0,Los Angeles County,2025-02-05T20:00,59.2,71.2,20.3,10.1
0,Los Angeles County,2025-02-05T21:00,62.2,72.5,16.4,9.6
0,Los Angeles County,2025-02-05T22:00,66.7,74.3,11.4,8.9
0,Los Angeles County,2025-02-05T23:00,69.9,75,7.3,8.5
0,Los Angeles County,2025-02-06T00:00,70.8,75.7,6.8,8.4
0,Los Angeles County,2025-02-06T01:00,72.2,77.1,6.7,8.3
0,Los Angeles County,2025-02-06T02:00,76,80.7,6.2,7.8
0,Los Angeles County,2025-02-06T03:00,81.1,84.9,4.6,7.3
0,Los Angeles County,2025-02-06T04:00,83.8,88.3,5.3,7.1
0,Los Angeles County,2025-02-06T05:00,73.8,86.6,17.3,8.1
0,Los Angeles County,2025-02-06T06:00,56.9,79.8,40.2,10.5
0,Los Angeles County,2025-02-06T07:00,40.4,69,70.5,14.8
0,Los Angeles County,2025-02-06T08:00,36.2,66,82.4,16.5
0,Los Angeles County,2025-02-06T09:00,43.1,70.2,62.7,13.9
0,Los Angeles County,2025-02-06T10:00,49.5,72.1,45.7,12.1
0,Los Angeles County,2025-02-06T11:00,52.4,71.8,36.9,11.4
0,Los Angeles County,2025-02-06T12:00,52.3,70.9,35.4,11.4
0,Los Angeles County,2025-02-06T13:00,52.1,71,36.1,11.4
0,Los Angeles County,2025-02-06T14:00,47.7,69.8,46.4,12.5
0,Los Angeles County,2025-02-06T15:00,40.7,67.1,64.7,14.7
0,Los Angeles County,2025-02-06T16:00,36.5,65.5,79.3,16.4
0,Los Angeles County,2025-02-06T17:00,33.6,64.3,90.8,17.8
0,Los Angeles County,2025-02-06T18:00,37.5,66.1,76.2,15.9
0,Los Angeles County,2025-02-06T19:00,45.1,68.8,52.6,13.2
0,Los Angeles County,2025-02-06T20:00,51.9,71,36.6,11.5
0,Los Angeles County,2025-02-06T21:00,55.9,72.5,29.6,10.7
0,Los Angeles County,2025-02-06T22:00,57.5,73.7,28.1,10.4
0,Los Angeles County,2025-02-06T23:00,63,74.9,18.8,9.5
0,Los Angeles County,2025-02-07T00:00,66.6,75.8,13.7,8.9
0,Los Angeles County,2025-02-07T01:00,68.6,77.1,12.2,8.7
0,Los Angeles County,2025-02-07T02:00,70.4,78.9,12.1,8.5
0,Los Angeles County,2025-02-07T03:00,75.1,83.8,11.5,7.9
0,Los Angeles County,2025-02-07T04:00,75.1,87,15.8,7.9
0,Los Angeles County,2025-02-07T05:00,69,85.6,23.9,8.6
0,Los Angeles County,2025-02-07T06:00,58.5,79.9,36.7,10.2
0,Los Angeles County,2025-02-07T07:00,44.3,70,58.1,13.5
0,Los Angeles County,2025-02-07T08:00,41.6,67.8,62.8,14.4
0,Los Angeles County,2025-02-07T09:00,50,72.2,44.4,11.9
0,Los Angeles County,2025-02-07T10:00,53.2,73,37.1,11.2
0,Los Angeles County,2025-02-07T11:00,53.1,72.4,36.3,11.2
0,Los Angeles County,2025-02-07T12:00,50.8,71.1,39.7,11.7
0,Los Angeles County,2025-02-07T13:00,49.4,70.8,43.4,12.1
0,Los Angeles County,2025-02-07T14:00,45.6,69.6,52.5,13.1
0,Los Angeles County,2025-02-07T15:00,41.7,67.8,62.4,14.3
0,Los Angeles County,2025-02-07T16:00,41.5,67.7,62.8,14.4
0,Los Angeles County,2025-02-07T17:00,41.6,67.6,62.1,14.3
0,Los Angeles County,2025-02-07T18:00,44.9,68.8,53.1,13.3
0,Los Angeles County,2025-02-07T19:00,51.5,70.3,36.3,11.6
0,Los Angeles County,2025-02-07T20:00,57.1,71.5,25.1,10.4
0,Los Angeles County,2025-02-07T21:00,61.5,72.7,18,9.7
0,Los Angeles County,2025-02-07T22:00,63.7,73.4,15.2,9.4
0,Los Angeles County,2025-02-07T23:00,66.6,73.9,10.9,9
0,Los Angeles County,2025-02-08T00:00,68.4,73.7,7.7,8.7
0,Los Angeles County,2025-02-08T01:00,69.2,73.2,5.8,8.6
0,Los Angeles County,2025-02-08T02:00,70.6,74.2,5.2,8.4
0,Los Angeles County,2025-02-08T03:00,75.1,78.7,4.7,7.9
0,Los Angeles County,2025-02-08T04:00,81.1,83.4,2.7,7.3
0,Los Angeles County,2025-02-08T05:00,81.8,84.8,3.6,7.3
0,Los Angeles County,2025-02-08T06:00,78.9,84.2,6.6,7.5
0,Los Angeles County,2025-02-08T07:00,73.8,81.4,10.2,8.1
0,Los Angeles County,2025-02-08T08:00,68.2,78.6,15.2,8.7
0,Los Angeles County,2025-02-08T09:00,62.9,76.7,21.9,9.5
0,Los Angeles County,2025-02-08T10:00,57.5,75.1,30.5,10.4
0,Los Angeles County,2025-02-08T11:00,53.6,73.8,37.6,11.1
0,Los Angeles County,2025-02-08T12:00,49.7,72.1,45,12
0,Los Angeles County,2025-02-08T13:00,49.3,71.8,45.7,12.1
0,Los Angeles County,2025-02-08T14:00,49.1,71.9,46.5,12.2
0,Los Angeles County,2025-02-08T15:00,48.6,71.9,48.1,12.3
0,Los Angeles County,2025-02-08T16:00,48.2,72.1,49.6,12.4
0,Los Angeles County,2025-02-08T17:00,48.4,72.1,48.8,12.3
0,Los Angeles County,2025-02-08T18:00,48.1,71.8,49.2,12.4
0,Los Angeles County,2025-02-08T19:00,53.8,72.5,34.8,11.1
0,Los Angeles County,2025-02-08T20:00,60.4,73.4,21.6,9.9
0,Los Angeles County,2025-02-08T21:00,63.8,74.3,16.5,9.4
0,Los Angeles County,2025-02-08T22:00,66,75.4,14.3,9
0,Los Angeles County,2025-02-08T23:00,67.6,75.5,11.5,8.8
0,Los Angeles County,2025-02-09T00:00,69.7,74.9,7.3,8.5
0,Los Angeles County,2025-02-09T01:00,69.9,73.4,5,8.5
0,Los Angeles County,2025-02-09T02:00,70.8,73.6,3.9,8.4
0,Los Angeles County,2025-02-09T03:00,74.8,76.7,2.4,8
0,Los Angeles County,2025-02-09T04:00,78.5,80.1,2.1,7.6
0,Los Angeles County,2025-02-09T05:00,79.9,81.9,2.4,7.5
0,Los Angeles County,2025-02-09T06:00,78.4,81.3,3.6,7.6
0,Los Angeles County,2025-02-09T07:00,75.2,79.7,5.9,7.9
0,Los Angeles County,2025-02-09T08:00,69.8,77.2,10.5,8.5
0,Los Angeles County,2025-02-09T09:00,66,75.9,15,9
0,Los Angeles County,2025-02-09T10:00,63.4,74.9,18.1,9.4
0,Los Angeles County,2025-02-09T11:00,60.6,73.8,21.7,9.8
0,Los Angeles County,2025-02-09T12:00,58.1,73.4,26.4,10.3
0,Los Angeles County,2025-02-09T13:00,56.1,73.7,31.3,10.6
0,Los Angeles County,2025-02-09T14:00,51.7,73.1,41.4,11.6
0,Los Angeles County,2025-02-09T15:00,51.9,72.3,39.2,11.5
0,Los Angeles County,2025-02-09T16:00,60.7,73.6,21.1,9.8
0,Los Angeles County,2025-02-09T17:00,62.4,73,16.9,9.6
0,Los Angeles County,2025-02-09T18:00,62.5,74.1,18.5,9.5
0,Los Angeles County,2025-02-09T19:00,61.9,75,21,9.6
0,Los Angeles County,2025-02-09T20:00,61.7,77.7,25.8,9.7
0,Los Angeles County,2025-02-09T21:00,69.1,79,14.2,8.6
0,Los Angeles County,2025-02-09T22:00,72.7,78.1,7.3,8.2
0,Los Angeles County,2025-02-09T23:00,73.5,77.2,5,8.1
0,Los Angeles County,2025-02-10T00:00,74.4,77.2,3.8,8
0,Los Angeles County,2025-02-10T01:00,75.6,78.3,3.5,7.9
0,Los Angeles County,2025-02-10T02:00,77,79.7,3.5,7.7
0,Los Angeles County,2025-02-10T03:00,83.7,85,1.6,7.1
0,Los Angeles County,2025-02-10T04:00,86.9,89,2.4,6.9
0,Los Angeles County,2025-02-10T05:00,77.5,87.8,13.2,7.7
0,Los Angeles County,2025-02-10T06:00,59.8,80.9,35.1,10
0,Los Angeles County,2025-02-10T07:00,46.2,71.6,54.9,12.9
0,Los Angeles County,2025-02-10T08:00,43.7,69.4,58.7,13.7
0,Los Angeles County,2025-02-10T09:00,50.7,72.6,43.1,11.8
0,Los Angeles County,2025-02-10T10:00,54.5,73.4,34.6,10.9
0,Los Angeles County,2025-02-10T11:00,54.2,72.7,34,11
0,Los Angeles County,2025-02-10T12:00,52.1,71.4,37,11.5
0,Los Angeles County,2025-02-10T13:00,50.8,71.2,40.1,11.7
0,Los Angeles County,2025-02-10T14:00,47.1,70.4,49.4,12.7
0,Los Angeles County,2025-02-10T15:00,41.7,68.2,63.3,14.3
0,Los Angeles County,2025-02-10T16:00,39.1,67,71.1,15.3
0,Los Angeles County,2025-02-10T17:00,37.8,66.2,74.9,15.8
0,Los Angeles County,2025-02-10T18:00,42,67.9,61.5,14.2
0,Los Angeles County,2025-02-10T19:00,52.7,70.8,34.3,11.3
0,Los Angeles County,2025-02-10T20:00,60.8,72.3,18.8,9.8
0,Los Angeles County,2025-02-10T21:00,64.7,73.6,13.6,9.2
0,Los Angeles County,2025-02-10T22:00,68.3,75.1,9.9,8.7
0,Los Angeles County,2025-02-10T23:00,70.8,75.8,6.9,8.4
0,Los Angeles County,2025-02-11T00:00,72.7,76.7,5.5,8.2
0,Los Angeles County,2025-02-11T01:00,73.9,78.1,5.7,8.1
0,Los Angeles County,2025-02-11T02:00,77.5,81.6,5.3,7.7
0,Los Angeles County,2025-02-11T03:00,83.1,85.6,2.9,7.2
0,Los Angeles County,2025-02-11T04:00,85.4,88.6,3.8,7
0,Los Angeles County,2025-02-11T05:00,74.4,86.6,16.5,8
0,Los Angeles County,2025-02-11T06:00,55.9,79.3,41.7,10.7
0,Los Angeles County,2025-02-11T07:00,41.1,69.1,67.9,14.5
0,Los Angeles County,2025-02-11T08:00,37.4,66.5,77.8,16
0,Los Angeles County,2025-02-11T09:00,43.2,69.9,61.6,13.8
0,Los Angeles County,2025-02-11T10:00,47.1,71,50.6,12.7
0,Los Angeles County,2025-02-11T11:00,49.8,71,42.4,12
0,Los Angeles County,2025-02-11T12:00,49.2,70,42.2,12.1
0,Los Angeles County,2025-02-11T13:00,48.4,70.4,45.5,12.3
0,Los Angeles County,2025-02-11T14:00,43.6,68.9,58.1,13.7
0,Los Angeles County,2025-02-11T15:00,38.3,66.3,72.8,15.6
0,Los Angeles County,2025-02-11T16:00,35.5,65.4,83.8,16.8
0,Los Angeles County,2025-02-11T17:00,33.3,64.3,92.9,17.9
0,Los Angeles County,2025-02-11T18:00,36.6,65.7,79,16.3
0,Los Angeles County,2025-02-11T19:00,46.3,68.8,48.7,12.9
0,Los Angeles County,2025-02-11T20:00,58.3,72,23.5,10.2
0,Los Angeles County,2025-02-11T21:00,63.4,72.7,14.6,9.4
0,Los Angeles County,2025-02-11T22:00,66.9,74.6,11.4,8.9
0,Los Angeles County,2025-02-11T23:00,70.4,75.9,7.8,8.5
0,Los Angeles County,2025-02-12T00:00,72.1,76.5,6,8.3
0,Los Angeles County,2025-02-12T01:00,74.9,78.8,5.2,8
0,Los Angeles County,2025-02-12T02:00,77.3,81.1,4.8,7.7
0,Los Angeles County,2025-02-12T03:00,82.2,84.7,2.9,7.2
0,Los Angeles County,2025-02-12T04:00,85.2,88.2,3.5,7
0,Los Angeles County,2025-02-12T05:00,73.7,86.4,17.2,8.1
0,Los Angeles County,2025-02-12T06:00,57.1,79.4,39,10.4
0,Los Angeles County,2025-02-12T07:00,41.4,69,66.5,14.4
0,Los Angeles County,2025-02-12T08:00,37.4,66.2,76.9,16
0,Los Angeles County,2025-02-12T09:00,43.6,69.7,59.6,13.7
0,Los Angeles County,2025-02-12T10:00,48.1,71.2,47.9,12.4
0,Los Angeles County,2025-02-12T11:00,48.8,70.7,44.6,12.2
0,Los Angeles County,2025-02-12T12:00,47.8,69.6,45.4,12.5
0,Los Angeles County,2025-02-12T13:00,46.3,69.3,49.5,12.9
0,Los Angeles County,2025-02-12T14:00,42.7,68.3,59.8,14
0,Los Angeles County,2025-02-12T15:00,38.3,66.1,72.5,15.6
0,Los Angeles County,2025-02-12T16:00,36.9,65.7,77.9,16.2
0,Los Angeles County,2025-02-12T17:00,36.5,65.5,79.3,16.4
0,Los Angeles County,2025-02-12T18:00,41.8,67.4,60.9,14.3
0,Los Angeles County,2025-02-12T19:00,53.6,70.6,31.7,11.1
0,Los Angeles County,2025-02-12T20:00,60.4,71.8,18.6,9.9
0,Los Angeles County,2025-02-12T21:00,64.1,73.3,14.4,9.3
0,Los Angeles County,2025-02-12T22:00,67,74.6,11.2,8.9
0,Los Angeles County,2025-02-12T23:00,68.7,75,9.1,8.7
0,Los Angeles County,2025-02-13T00:00,69.7,76,9,8.5
0,Los Angeles County,2025-02-13T01:00,69.9,77.6,10.9,8.5
0,Los Angeles County,2025-02-13T02:00,72.4,80.4,11.1,8.2
0,Los Angeles County,2025-02-13T03:00,75.7,84.8,11.9,7.9
0,Los Angeles County,2025-02-13T04:00,74.2,86.9,17.1,8
0,Los Angeles County,2025-02-13T05:00,63.8,84.5,32.3,9.3
0,Los Angeles County,2025-02-13T06:00,54.1,78.7,45.5,11
0,Los Angeles County,2025-02-13T07:00,42.7,69,61.3,14
0,Los Angeles County,2025-02-13T08:00,40.4,66.6,64.7,14.8
0,Los Angeles County,2025-02-13T09:00,48,70.6,47,12.4
0,Los Angeles County,2025-02-13T10:00,50.5,71.3,41.1,11.8
0,Los Angeles County,2025-02-13T11:00,48.3,70.2,45.3,12.4
0,Los Angeles County,2025-02-13T12:00,44.9,68.7,52.8,13.3
0,Los Angeles County,2025-02-13T13:00,45.3,69.3,52.8,13.2
0,Los Angeles County,2025-02-13T14:00,42.4,68.1,60.3,14.1
0,Los Angeles County,2025-02-13T15:00,37.9,65.8,73.5,15.8
0,Los Angeles County,2025-02-13T16:00,34.1,64.9,89.9,17.5
0,Los Angeles County,2025-02-13T17:00,33,64.8,96.2,18.1
0,Los Angeles County,2025-02-13T18:00,40.1,67.3,67.7,14.9
0,Los Angeles County,2025-02-13T19:00,52,70.6,35.7,11.5
0,Los Angeles County,2025-02-13T20:00,58.5,72,22.9,10.2
0,Los Angeles County,2025-02-13T21:00,61.6,73,18.6,9.7
0,Los Angeles County,2025-02-13T22:00,65.3,74.2,13.5,9.1
0,Los Angeles County,2025-02-13T23:00,67.6,75.4,11.5,8.8
0,Los Angeles County,2025-02-14T00:00,70.7,76.7,8.5,8.4
0,Los Angeles County,2025-02-14T01:00,73,78.1,6.9,8.2
0,Los Angeles County,2025-02-14T02:00,73.6,79.7,8.2,8.1
0,Los Angeles County,2025-02-14T03:00,78.3,84,7.1,7.6
0,Los Angeles County,2025-02-14T04:00,81.5,87.2,7,7.3
0,Los Angeles County,2025-02-14T05:00,74.4,86.1,15.6,8
0,Los Angeles County,2025-02-14T06:00,62.6,80.6,28.6,9.5
0,Los Angeles County,2025-02-14T07:00,49.9,71.6,43.3,12
0,Los Angeles County,2025-02-14T08:00,47.5,69.3,45.8,12.6
0,Los Angeles County,2025-02-14T09:00,53.5,72.9,36.1,11.2
0,Los Angeles County,2025-02-14T10:00,53.5,73.2,36.6,11.2
0,Los Angeles County,2025-02-14T11:00,50.9,72.3,42.1,11.7
0,Los Angeles County,2025-02-14T12:00,46.8,70.7,50.9,12.8
0,Los Angeles County,2025-02-14T13:00,44.1,70,58.7,13.5
0,Los Angeles County,2025-02-14T14:00,40.4,68.6,69.6,14.8
0,Los Angeles County,2025-02-14T15:00,36.5,66.9,83.2,16.4
0,Los Angeles County,2025-02-14T16:00,35.6,66.5,86.8,16.8
0,Los Angeles County,2025-02-14T17:00,35.4,66.4,87.3,16.9
0,Los Angeles County,2025-02-14T18:00,38.6,67.9,76,15.5
0,Los Angeles County,2025-02-14T19:00,46.2,70.7,52.9,12.9
0,Los Angeles County,2025-02-14T20:00,55.4,73,31.7,10.8
0,Los Angeles County,2025-02-14T21:00,60.5,73.6,21.5,9.9
0,Los Angeles County,2025-02-14T22:00,63.8,74.2,16.2,9.3
0,Los Angeles County,2025-02-14T23:00,66.9,75.3,12.5,8.9
0,Los Angeles County,2025-02-15T00:00,70.2,76.1,8.3,8.5
0,Los Angeles County,2025-02-15T01:00,71,75,5.6,8.4
0,Los Angeles County,2025-02-15T02:00,71.8,75.2,4.7,8.3
0,Los Angeles County,2025-02-15T03:00,77,79.4,3.1,7.7
0,Los Angeles County,2025-02-15T04:00,81.8,83.7,2.4,7.3
0,Los Angeles County,2025-02-15T05:00,82.5,85.2,3.3,7.2
0,Los Angeles County,2025-02-15T06:00,80.5,84.7,5.2,7.4
0,Los Angeles County,2025-02-15T07:00,75,82.1,9.3,7.9
0,Los Angeles County,2025-02-15T08:00,70.2,79.9,13.6,8.5
0,Los Angeles County,2025-02-15T09:00,64.5,78.2,21.1,9.2
0,Los Angeles County,2025-02-15T10:00,58.7,76.3,30,10.2
0,Los Angeles County,2025-02-15T11:00,53.9,74.8,38.5,11.1
0,Los Angeles County,2025-02-15T12:00,50.3,73.1,45.3,11.9
0,Los Angeles County,2025-02-15T13:00,48.7,72.6,48.9,12.2
0,Los Angeles County,2025-02-15T14:00,48.2,72.3,50,12.4
0,Los Angeles County,2025-02-15T15:00,48.4,72.3,49.3,12.3
0,Los Angeles County,2025-02-15T16:00,49.6,72.8,46.8,12
0,Los Angeles County,2025-02-15T17:00,50,72.9,45.5,11.9
0,Los Angeles County,2025-02-15T18:00,49.8,72.6,45.7,12
0,Los Angeles County,2025-02-15T19:00,54.5,73.1,33.9,10.9
0,Los Angeles County,2025-02-15T20:00,60.2,74,22.8,9.9
0,Los Angeles County,2025-02-15T21:00,63.9,75,17.3,9.3
0,Los Angeles County,2025-02-15T22:00,66,75.6,14.5,9
0,Los Angeles County,2025-02-15T23:00,67.8,75.9,11.8,8.8
0,Los Angeles County,2025-02-16T00:00,70.5,75.8,7.5,8.5
0,Los Angeles County,2025-02-16T01:00,70.2,74.1,5.5,8.5
0,Los Angeles County,2025-02-16T02:00,70.7,73.9,4.6,8.4
0,Los Angeles County,2025-02-16T03:00,74.8,76.8,2.6,8
0,Los Angeles County,2025-02-16T04:00,78.2,79.8,2,7.6
0,Los Angeles County,2025-02-16T05:00,80.3,82.2,2.3,7.4
0,Los Angeles County,2025-02-16T06:00,80.5,82.6,2.6,7.4
0,Los Angeles County,2025-02-16T07:00,77.2,80.9,4.7,7.7
0,Los Angeles County,2025-02-16T08:00,73.3,79.4,8.2,8.1
0,Los Angeles County,2025-02-16T09:00,68.9,78.2,13.4,8.7
0,Los Angeles County,2025-02-16T10:00,64.9,77.1,18.6,9.2
0,Los Angeles County,2025-02-16T11:00,61.4,76.1,23.8,9.7
0,Los Angeles County,2025-02-16T12:00,57.3,74.6,30,10.4
0,Los Angeles County,2025-02-16T13:00,55.2,74.2,34.4,10.8
0,Los Angeles County,2025-02-16T14:00,55.2,74.3,34.5,10.8
0,Los Angeles County,2025-02-16T15:00,55.3,74.2,34.1,10.8
0,Los Angeles County,2025-02-16T16:00,56.3,74.6,32.4,10.6
0,Los Angeles County,2025-02-16T17:00,56.8,74.4,30.9,10.5
0,Los Angeles County,2025-02-16T18:00,56.9,74.6,31.1,10.5
0,Los Angeles County,2025-02-16T19:00,60.8,75.3,23.8,9.8
0,Los Angeles County,2025-02-16T20:00,64.4,76.1,18.2,9.3
0,Los Angeles County,2025-02-16T21:00,67.9,77.2,13.6,8.8
0,Los Angeles County,2025-02-16T22:00,70.9,77.6,9.4,8.4
0,Los Angeles County,2025-02-16T23:00,72.5,77,6.1,8.2
0,Los Angeles County,2025-02-17T00:00,73.6,76.7,4.1,8.1
0,Los Angeles County,2025-02-17T01:00,74.2,76.9,3.6,8
0,Los Angeles County,2025-02-17T02:00,75.5,77.9,3.2,7.9
0,Los Angeles County,2025-02-17T03:00,81.4,82.8,1.7,7.3
0,Los Angeles County,2025-02-17T04:00,86.3,87.6,1.4,6.9
0,Los Angeles County,2025-02-17T05:00,82.9,87.4,5.4,7.2
0,Los Angeles County,2025-02-17T06:00,74.6,83.5,11.8,8
0,Los Angeles County,2025-02-17T07:00,67.6,79.3,17.2,8.8
0,Los Angeles County,2025-02-17T08:00,64.6,77,19.1,9.2
0,Los Angeles County,2025-02-17T09:00,62.4,76.4,22.4,9.6
0,Los Angeles County,2025-02-17T10:00,58.6,75.6,28.8,10.2
0,Los Angeles County,2025-02-17T11:00,54.9,74.3,35.4,10.9
0,Los Angeles County,2025-02-17T12:00,51.9,72.8,40.2,11.5
0,Los Angeles County,2025-02-17T13:00,51.5,73,41.6,11.6
0,Los Angeles County,2025-02-17T14:00,49.8,72.8,46.1,12
0,Los Angeles County,2025-02-17T15:00,47.9,72.2,50.6,12.5
0,Los Angeles County,2025-02-17T16:00,47.8,71.7,50.1,12.5
0,Los Angeles County,2025-02-17T17:00,48.1,71.5,48.5,12.4
0,Los Angeles County,2025-02-17T18:00,51.9,72.6,40,11.5
0,Los Angeles County,2025-02-17T19:00,59.8,74.5,24.5,10
0,Los Angeles County,2025-02-17T20:00,65.1,76,16.6,9.2
0,Los Angeles County,2025-02-17T21:00,68,76.6,12.6,8.8
0,Los Angeles County,2025-02-17T22:00,70.8,76.9,8.6,8.4
0,Los Angeles County,2025-02-17T23:00,71.7,77.3,7.7,8.3
0,Los Angeles County,2025-02-18T00:00,74.8,78.7,5.2,8
0,Los Angeles County,2025-02-18T01:00,75.6,79.2,4.7,7.9
0,Los Angeles County,2025-02-18T02:00,78.6,82.2,4.6,7.6
0,Los Angeles County,2025-02-18T03:00,84.2,86.5,2.7,7.1
0,Los Angeles County,2025-02-18T04:00,86,89.2,3.7,6.9
0,Los Angeles County,2025-02-18T05:00,75.6,87.5,15.7,7.9
0,Los Angeles County,2025-02-18T06:00,57.5,79.9,38.7,10.4
0,Los Angeles County,2025-02-18T07:00,42,69.7,65.9,14.2
0,Los Angeles County,2025-02-18T08:00,37.7,66.7,76.6,15.8
0,Los Angeles County,2025-02-18T09:00,43.9,70.4,60.2,13.6
0,Los Angeles County,2025-02-18T10:00,48.9,71.9,47,12.2
0,Los Angeles County,2025-02-18T11:00,50.7,71.6,41.1,11.8
0,Los Angeles County,2025-02-18T12:00,49.5,70.5,42.2,12
0,Los Angeles County,2025-02-18T13:00,48.3,70.4,45.5,12.3
0,Los Angeles County,2025-02-18T14:00,43.9,68.8,56.5,13.6
0,Los Angeles County,2025-02-18T15:00,38.6,66.6,72.2,15.5
0,Los Angeles County,2025-02-18T16:00,36.2,65.7,81.5,16.5
0,Los Angeles County,2025-02-18T17:00,34.6,64.9,87.4,17.3
0,Los Angeles County,2025-02-18T18:00,38,66.3,74.3,15.7
0,Los Angeles County,2025-02-18T19:00,47.7,69.6,45.8,12.5
0,Los Angeles County,2025-02-18T20:00,57.8,72,24.5,10.3
0,Los Angeles County,2025-02-18T21:00,63.6,73.4,15.3,9.4
0,Los Angeles County,2025-02-18T22:00,66.9,74.4,11.2,8.9
0,Los Angeles County,2025-02-18T23:00,69.6,75.6,8.6,8.6
0,Los Angeles County,2025-02-19T00:00,72.7,77.1,6,8.2
0,Los Angeles County,2025-02-19T01:00,74.1,78.2,5.5,8
0,Los Angeles County,2025-02-19T02:00,76.6,80.9,5.5,7.8
0,Los Angeles County,2025-02-19T03:00,82.5,85.2,3.3,7.2
0,Los Angeles County,2025-02-19T04:00,85.4,88.5,3.6,7
0,Los Angeles County,2025-02-19T05:00,75.1,87.1,15.9,7.9
0,Los Angeles County,2025-02-19T06:00,56.7,79.5,40.1,10.5
0,Los Angeles County,2025-02-19T07:00,40.7,69.1,69.6,14.7
0,Los Angeles County,2025-02-19T08:00,37,66.4,79.2,16.1
0,Los Angeles County,2025-02-19T09:00,42.6,69.6,63,14
0,Los Angeles County,2025-02-19T10:00,47.6,71.2,49.4,12.5
0,Los Angeles County,2025-02-19T11:00,49.8,71.1,42.6,12
0,Los Angeles County,2025-02-19T12:00,49.1,70.1,42.6,12.1
0,Los Angeles County,2025-02-19T13:00,48,70.1,45.9,12.4
0,Los Angeles County,2025-02-19T14:00,43.6,68.8,57.8,13.7
0,Los Angeles County,2025-02-19T15:00,38,66.4,74.6,15.7
0,Los Angeles County,2025-02-19T16:00,35.4,65.4,84.5,16.9
0,Los Angeles County,2025-02-19T17:00,33.5,64.4,92.1,17.8
0,Los Angeles County,2025-02-19T18:00,36.1,65.7,81.7,16.5
0,Los Angeles County,2025-02-19T19:00,45.4,69,52.1,13.2
0,Los Angeles County,2025-02-19T20:00,55.9,71.7,28.2,10.7
0,Los Angeles County,2025-02-19T21:00,61.9,73.1,18.1,9.6
0,Los Angeles County,2025-02-19T22:00,66.6,74.7,12.2,9
0,Los Angeles County,2025-02-19T23:00,69.8,75.1,7.5,8.5
0,Los Angeles County,2025-02-20T00:00,71.9,76.2,5.9,8.3
0,Los Angeles County,2025-02-20T01:00,73.5,77.7,5.7,8.1
0,Los Angeles County,2025-02-20T02:00,75.7,79.9,5.5,7.9
0,Los Angeles County,2025-02-20T03:00,82.3,85,3.2,7.2
0,Los Angeles County,2025-02-20T04:00,84.8,88.4,4.2,7
0,Los Angeles County,2025-02-20T05:00,72.9,86.6,18.6,8.2
0,Los Angeles County,2025-02-20T06:00,55.8,79.2,41.8,10.7
0,Los Angeles County,2025-02-20T07:00,40.3,68.8,70.9,14.8
0,Los Angeles County,2025-02-20T08:00,36.5,66.1,80.9,16.4
0,Los Angeles County,2025-02-20T09:00,43,69.9,62.3,13.9
0,Los Angeles County,2025-02-20T10:00,47.5,71.5,50.3,12.6
0,Los Angeles County,2025-02-20T11:00,48.3,71.1,47.2,12.4
0,Los Angeles County,2025-02-20T12:00,47.1,70,48.6,12.7
0,Los Angeles County,2025-02-20T13:00,45.3,69.7,53.6,13.2
0,Los Angeles County,2025-02-20T14:00,40.8,68.1,66.8,14.6
0,Los Angeles County,2025-02-20T15:00,35.4,65.4,84.5,16.9
0,Los Angeles County,2025-02-20T16:00,33.1,64.5,94.9,18.1
0,Los Angeles County,2025-02-20T17:00,31.2,63.6,103.6,19.2
0,Los Angeles County,2025-02-20T18:00,33.8,65,92.1,17.7
0,Los Angeles County,2025-02-20T19:00,41.4,67.9,63.9,14.4
0,Los Angeles County,2025-02-20T20:00,50.9,71.3,39.9,11.7
0,Los Angeles County,2025-02-20T21:00,59.3,73.5,23.9,10.1
0,Los Angeles County,2025-02-20T22:00,66.5,75.1,12.8,9
0,Los Angeles County,2025-02-20T23:00,69.4,75.9,9.3,8.6
0,Los Angeles County,2025-02-21T00:00,71.6,76.8,7.3,8.3
0,Los Angeles County,2025-02-21T01:00,73.3,77,5,8.1
0,Los Angeles County,2025-02-21T02:00,75.2,78.9,4.9,7.9
0,Los Angeles County,2025-02-21T03:00,81.7,84.3,3.1,7.3
0,Los Angeles County,2025-02-21T04:00,85.1,87.8,3.1,7
0,Los Angeles County,2025-02-21T05:00,76.8,86.7,12.9,7.8
0,Los Angeles County,2025-02-21T06:00,60.8,80.4,32.2,9.8
0,Los Angeles County,2025-02-21T07:00,45.4,70.4,55,13.2
0,Los Angeles County,2025-02-21T08:00,42.1,68,61.4,14.2
0,Los Angeles County,2025-02-21T09:00,48.5,72,48.4,12.3
0,Los Angeles County,2025-02-21T10:00,50.6,72.8,43.8,11.8
0,Los Angeles County,2025-02-21T11:00,49.9,72.7,45.5,12
0,Los Angeles County,2025-02-21T12:00,47.4,71.5,50.7,12.6
0,Los Angeles County,2025-02-21T13:00,43.9,69.5,58.2,13.6
0,Los Angeles County,2025-02-21T14:00,39.8,67.9,70.6,15
0,Los Angeles County,2025-02-21T15:00,35.8,66,84,16.7
0,Los Angeles County,2025-02-21T16:00,35.3,65.8,86.5,16.9
0,Los Angeles County,2025-02-21T17:00,35.4,65.8,85.7,16.9
0,Los Angeles County,2025-02-21T18:00,38.4,67.3,75.1,15.6
0,Los Angeles County,2025-02-21T19:00,45.6,69.6,52.7,13.1
0,Los Angeles County,2025-02-21T20:00,53.4,71.7,34.1,11.2
0,Los Angeles County,2025-02-21T21:00,60.8,73.4,20.7,9.8
0,Los Angeles County,2025-02-21T22:00,63.9,74,15.7,9.3
0,Los Angeles County,2025-02-21T23:00,66.1,74.2,12.2,9
0,Los Angeles County,2025-02-22T00:00,68.9,74.8,8.5,8.6
0,Los Angeles County,2025-02-22T01:00,69.7,73.9,6,8.5
0,Los Angeles County,2025-02-22T02:00,70.8,74.7,5.5,8.4
0,Los Angeles County,2025-02-22T03:00,75,78.7,5,7.9
0,Los Angeles County,2025-02-22T04:00,80.4,83.4,3.8,7.4
0,Los Angeles County,2025-02-22T05:00,81.4,85,4.4,7.3
0,Los Angeles County,2025-02-22T06:00,79,84.2,6.6,7.5
0,Los Angeles County,2025-02-22T07:00,72,81.2,12.8,8.3
0,Los Angeles County,2025-02-22T08:00,66,78.9,19.4,9
0,Los Angeles County,2025-02-22T09:00,60.4,76.8,27,9.9
0,Los Angeles County,2025-02-22T10:00,54.3,74.8,37.5,11
0,Los Angeles County,2025-02-22T11:00,50.3,73.4,45.8,11.9
0,Los Angeles County,2025-02-22T12:00,46.9,71.7,52.7,12.7
0,Los Angeles County,2025-02-22T13:00,46.2,71.4,54.5,12.9
0,Los Angeles County,2025-02-22T14:00,46.3,71.5,54.4,12.9
0,Los Angeles County,2025-02-22T15:00,46.1,71.5,54.9,12.9
0,Los Angeles County,2025-02-22T16:00,46.1,71.6,55.2,13
0,Los Angeles County,2025-02-22T17:00,46.2,71.6,55,12.9
0,Los Angeles County,2025-02-22T18:00,46.6,71.5,53.4,12.8
0,Los Angeles County,2025-02-22T19:00,51.8,72.5,39.8,11.5
0,Los Angeles County,2025-02-22T20:00,57.6,73.6,27.6,10.4
0,Los Angeles County,2025-02-22T21:00,61.6,75.1,21.8,9.7
0,Los Angeles County,2025-02-22T22:00,64.9,75.7,16.6,9.2
0,Los Angeles County,2025-02-22T23:00,68.1,75.8,11.2,8.7
0,Los Angeles County,2025-02-23T00:00,70.2,75.2,7,8.5
0,Los Angeles County,2025-02-23T01:00,70.7,74.3,4.9,8.4
0,Los Angeles County,2025-02-23T02:00,71.2,74.1,4.1,8.4
0,Los Angeles County,2025-02-23T03:00,75.4,77.3,2.4,7.9
0,Los Angeles County,2025-02-23T04:00,79,80.3,1.7,7.5
0,Los Angeles County,2025-02-23T05:00,80.9,82.6,2,7.4
0,Los Angeles County,2025-02-23T06:00,80.6,82.6,2.4,7.4
0,Los Angeles County,2025-02-23T07:00,76.1,80.7,6,7.8
0,Los Angeles County,2025-02-23T08:00,71.4,78.7,10.2,8.4
0,Los Angeles County,2025-02-23T09:00,66.3,77.3,16.6,9
0,Los Angeles County,2025-02-23T10:00,61.4,76.1,24,9.7
0,Los Angeles County,2025-02-23T11:00,56.5,74.8,32.5,10.6
0,Los Angeles County,2025-02-23T12:00,53.2,73.6,38.3,11.2
0,Los Angeles County,2025-02-23T13:00,51.9,73.3,41.2,11.5
0,Los Angeles County,2025-02-23T14:00,51.4,73.2,42.4,11.6
0,Los Angeles County,2025-02-23T15:00,52.2,73.8,41.4,11.4
0,Los Angeles County,2025-02-23T16:00,52.8,74,40.1,11.3
0,Los Angeles County,2025-02-23T17:00,53.9,74.1,37.3,11.1
0,Los Angeles County,2025-02-23T18:00,53.9,74.3,37.7,11.1
0,Los Angeles County,2025-02-23T19:00,57.5,75.3,30.9,10.4
0,Los Angeles County,2025-02-23T20:00,62.9,76.9,22.2,9.5
0,Los Angeles County,2025-02-23T21:00,67.5,77.5,14.7,8.8
0,Los Angeles County,2025-02-23T22:00,71,77.7,9.4,8.4
0,Los Angeles County,2025-02-23T23:00,73.6,77.8,5.7,8.1
0,Los Angeles County,2025-02-24T00:00,74.3,77.3,3.9,8
0,Los Angeles County,2025-02-24T01:00,75.3,78.2,3.7,7.9
0,Los Angeles County,2025-02-24T02:00,77.1,79.8,3.5,7.7
0,Los Angeles County,2025-02-24T03:00,85,86,1.1,7
0,Los Angeles County,2025-02-24T04:00,87.3,89.6,2.5,6.8
0,Los Angeles County,2025-02-24T05:00,76.7,87.6,14.2,7.8
0,Los Angeles County,2025-02-24T06:00,58.8,80.3,36.4,10.1
0,Los Angeles County,2025-02-24T07:00,42.6,69.6,63.3,14
0,Los Angeles County,2025-02-24T08:00,39.5,67.2,69.9,15.1
0,Los Angeles County,2025-02-24T09:00,46.8,71.2,52.2,12.8
0,Los Angeles County,2025-02-24T10:00,51.3,72.3,41,11.6
0,Los Angeles County,2025-02-24T11:00,52.3,71.8,37.2,11.4
0,Los Angeles County,2025-02-24T12:00,51.1,70.7,38.2,11.7
0,Los Angeles County,2025-02-24T13:00,50.1,70.6,40.9,11.9
0,Los Angeles County,2025-02-24T14:00,45.8,69.2,51.1,13
0,Los Angeles County,2025-02-24T15:00,39.8,66.7,67.4,15
0,Los Angeles County,2025-02-24T16:00,37.7,66,74.8,15.8
0,Los Angeles County,2025-02-24T17:00,37.2,65.7,76.2,16
0,Los Angeles County,2025-02-24T18:00,42.3,67.7,59.9,14.1
0,Los Angeles County,2025-02-24T19:00,52.6,70.6,34.3,11.4
0,Los Angeles County,2025-02-24T20:00,60.4,72.1,19.3,9.9
0,Los Angeles County,2025-02-24T21:00,64.5,73.4,13.6,9.2
0,Los Angeles County,2025-02-24T22:00,68.1,75,10.1,8.8
0,Los Angeles County,2025-02-24T23:00,70.6,75.6,7.1,8.4
0,Los Angeles County,2025-02-25T00:00,72.4,76.5,5.6,8.2
0,Los Angeles County,2025-02-25T01:00,73.9,78.5,6.2,8.1
0,Los Angeles County,2025-02-25T02:00,77,81.5,5.8,7.7
0,Los Angeles County,2025-02-25T03:00,82.9,85.8,3.4,7.2
0,Los Angeles County,2025-02-25T04:00,85.6,88.7,3.6,7
0,Los Angeles County,2025-02-25T05:00,74.1,86.9,17.3,8
0,Los Angeles County,2025-02-25T06:00,55.4,79,42.5,10.8
0,Los Angeles County,2025-02-25T07:00,39.4,68.5,73.7,15.2
0,Los Angeles County,2025-02-25T08:00,36,65.8,82.7,16.6
0,Los Angeles County,2025-02-25T09:00,43.1,69.8,61.7,13.8
0,Los Angeles County,2025-02-25T10:00,48.5,71.4,47.1,12.3
0,Los Angeles County,2025-02-25T11:00,50.2,71,41.3,11.9
0,Los Angeles County,2025-02-25T12:00,48.7,69.7,43,12.3
0,Los Angeles County,2025-02-25T13:00,47.7,69.7,45.8,12.5
0,Los Angeles County,2025-02-25T14:00,42.8,68,58.7,14
0,Los Angeles County,2025-02-25T15:00,37.9,65.8,73.5,15.8
0,Los Angeles County,2025-02-25T16:00,35.5,65.1,83.1,16.8
0,Los Angeles County,2025-02-25T17:00,33.9,64.3,89.4,17.6
0,Los Angeles County,2025-02-25T18:00,37.6,65.9,75.2,15.9
0,Los Angeles County,2025-02-25T19:00,47.7,69.2,45.2,12.5
0,Los Angeles County,2025-02-25T20:00,58.2,71.7,23.2,10.3
0,Los Angeles County,2025-02-25T21:00,62.7,73,16.4,9.5
0,Los Angeles County,2025-02-25T22:00,66.7,74.7,11.9,8.9
0,Los Angeles County,2025-02-25T23:00,69.5,75.1,8.1,8.6
0,Los Angeles County,2025-02-26T00:00,71.1,76,6.9,8.4
0,Los Angeles County,2025-02-26T01:00,72.8,77.7,6.7,8.2
0,Los Angeles County,2025-02-26T02:00,75.7,80.6,6.4,7.9
0,Los Angeles County,2025-02-26T03:00,82,85.2,3.8,7.3
0,Los Angeles County,2025-02-26T04:00,85.3,88.5,3.7,7
0,Los Angeles County,2025-02-26T05:00,74.2,86.7,16.8,8
0,Los Angeles County,2025-02-26T06:00,55.3,78.9,42.6,10.8
0,Los Angeles County,2025-02-26T07:00,40,68.7,71.5,14.9
0,Los Angeles County,2025-02-26T08:00,36.9,66.1,78.9,16.2
0,Los Angeles County,2025-02-26T09:00,42.9,69.3,61.3,13.9
0,Los Angeles County,2025-02-26T10:00,47.9,71.1,48.3,12.5
0,Los Angeles County,2025-02-26T11:00,49.7,70.8,42.3,12
0,Los Angeles County,2025-02-26T12:00,47.9,69.6,45.1,12.5
0,Los Angeles County,2025-02-26T13:00,46.6,69.4,49,12.8
0,Los Angeles County,2025-02-26T14:00,42.3,68.1,60.9,14.1
0,Los Angeles County,2025-02-26T15:00,37.2,65.7,76.5,16.1
0,Los Angeles County,2025-02-26T16:00,34.8,64.9,86.2,17.2
0,Los Angeles County,2025-02-26T17:00,33.1,64.1,93.3,18
0,Los Angeles County,2025-02-26T18:00,36.4,65.6,80.1,16.4
0,Los Angeles County,2025-02-26T19:00,45.5,69,51.5,13.1
0,Los Angeles County,2025-02-26T20:00,56,71.6,28,10.7
0,Los Angeles County,2025-02-26T21:00,61.9,72.9,17.8,9.6
0,Los Angeles County,2025-02-26T22:00,66.3,74.6,12.4,9
0,Los Angeles County,2025-02-26T23:00,69.7,75.3,8,8.6
0,Los Angeles County,2025-02-27T00:00,71.5,76,6.4,8.3
0,Los Angeles County,2025-02-27T01:00,73.3,77.4,5.6,8.1
0,Los Angeles County,2025-02-27T02:00,76.3,80.2,5.1,7.8
0,Los Angeles County,2025-02-27T03:00,81.8,85,3.8,7.3
0,Los Angeles County,2025-02-27T04:00,84.8,88.3,4,7
0,Los Angeles County,2025-02-27T05:00,73.9,86.6,17.2,8.1
0,Los Angeles County,2025-02-27T06:00,55.7,79.1,42,10.7
0,Los Angeles County,2025-02-27T07:00,40.4,68.8,70.1,14.8
0,Los Angeles County,2025-02-27T08:00,37.4,66.4,77.7,16
0,Los Angeles County,2025-02-27T09:00,44.2,70.4,59,13.5
0,Los Angeles County,2025-02-27T10:00,48.2,71.6,48.6,12.4
0,Los Angeles County,2025-02-27T11:00,49.2,71.3,44.7,12.1
0,Los Angeles County,2025-02-27T12:00,47.9,70.2,46.5,12.5
0,Los Angeles County,2025-02-27T13:00,47.3,70.3,48.7,12.6
0,Los Angeles County,2025-02-27T14:00,42.7,68.6,60.4,14
0,Los Angeles County,2025-02-27T15:00,37.4,65.9,76,16
0,Los Angeles County,2025-02-27T16:00,35.8,65.3,82.1,16.7
0,Los Angeles County,2025-02-27T17:00,34.8,64.8,85.8,17.2
0,Los Angeles County,2025-02-27T18:00,37.7,66.1,75.3,15.8
0,Los Angeles County,2025-02-27T19:00,46.4,69.2,49,12.9
0,Los Angeles County,2025-02-27T20:00,55.1,71.8,30.1,10.8
0,Los Angeles County,2025-02-27T21:00,61.6,73.3,19,9.7
0,Los Angeles County,2025-02-27T22:00,63.7,74.2,16.5,9.4
0,Los Angeles County,2025-02-27T23:00,68.2,75.4,10.5,8.7
0,Los Angeles County,2025-02-28T00:00,70.3,75.4,7.1,8.5
0,Los Angeles County,2025-02-28T01:00,72.8,76.6,5.3,8.2
0,Los Angeles County,2025-02-28T02:00,74.4,78.4,5.3,8
0,Los Angeles County,2025-02-28T03:00,81.8,84.1,2.8,7.3
0,Los Angeles County,2025-02-28T04:00,85.2,87.7,3,7
0,Los Angeles County,2025-02-28T05:00,76.4,86.5,13.2,7.8
0,Los Angeles County,2025-02-28T06:00,60.8,79.9,31.4,9.8
0,Los Angeles County,2025-02-28T07:00,45.7,70.2,53.3,13.1
0,Los Angeles County,2025-02-28T08:00,42.4,67.8,59.9,14.1
0,Los Angeles County,2025-02-28T09:00,48.8,71.8,46.9,12.2
0,Los Angeles County,2025-02-28T10:00,50.8,72.6,42.7,11.7
0,Los Angeles County,2025-02-28T11:00,49.1,71.7,45.9,12.2
0,Los Angeles County,2025-02-28T12:00,46.4,70.3,51.4,12.9
0,Los Angeles County,2025-02-28T13:00,44.3,69.8,57.5,13.5
0,Los Angeles County,2025-02-28T14:00,40.3,68.2,69,14.8
0,Los Angeles County,2025-02-28T15:00,36.5,66.2,81.1,16.4
0,Los Angeles County,2025-02-28T16:00,36.4,66.3,82.2,16.4
0,Los Angeles County,2025-02-28T17:00,36.5,66.3,81.2,16.4
0,Los Angeles County,2025-02-28T18:00,39.5,67.5,70.8,15.1
0,Los Angeles County,2025-02-28T19:00,47.1,70.2,48.7,12.7
0,Los Angeles County,2025-02-28T20:00,55.6,72.7,30.5,10.7
0,Los Angeles County,2025-02-28T21:00,60.2,73.5,22,9.9
0,Los Angeles County,2025-02-28T22:00,62.5,74.2,18.6,9.5
0,Los Angeles County,2025-02-28T23:00,67,74.7,11.5,8.9
0,Los Angeles County,2025-03-01T00:00,69.1,74.3,7.5,8.6
0,Los Angeles County,2025-03-01T01:00,70,73.9,5.6,8.5
0,Los Angeles County,2025-03-01T02:00,70.9,74.8,5.3,8.4
0,Los Angeles County,2025-03-01T03:00,76.7,79.2,3.3,7.8
0,Los Angeles County,2025-03-01T04:00,82,83.6,1.8,7.3
0,Los Angeles County,2025-03-01T05:00,82.4,85,3.1,7.2
0,Los Angeles County,2025-03-01T06:00,79.1,83.8,5.9,7.5
0,Los Angeles County,2025-03-01T07:00,72.7,81,11.4,8.2
0,Los Angeles County,2025-03-01T08:00,67.2,78.6,17,8.9
0,Los Angeles County,2025-03-01T09:00,61.9,76.8,24.1,9.6
0,Los Angeles County,2025-03-01T10:00,56.5,75,32.7,10.6
0,Los Angeles County,2025-03-01T11:00,52.4,73.7,40.7,11.4
0,Los Angeles County,2025-03-01T12:00,49.1,72.3,47,12.2
0,Los Angeles County,2025-03-01T13:00,47.6,71.8,50.6,12.5
0,Los Angeles County,2025-03-01T14:00,47.3,71.7,51.6,12.6
0,Los Angeles County,2025-03-01T15:00,47.3,71.8,51.8,12.6
0,Los Angeles County,2025-03-01T16:00,47.6,72,51.1,12.5
0,Los Angeles County,2025-03-01T17:00,48.9,72.3,47.7,12.2
0,Los Angeles County,2025-03-01T18:00,50.1,72.3,44.3,11.9
0,Los Angeles County,2025-03-01T19:00,54.5,72.6,33,10.9
0,Los Angeles County,2025-03-01T20:00,60.1,73.6,22.3,9.9
0,Los Angeles County,2025-03-01T21:00,63.2,74.7,18.1,9.4
0,Los Angeles County,2025-03-01T22:00,65.8,75.6,14.9,9.1
0,Los Angeles County,2025-03-01T23:00,68.5,75.8,10.6,8.7
0,Los Angeles County,2025-03-02T00:00,70.2,75.3,7.1,8.5
0,Los Angeles County,2025-03-02T01:00,70.4,73.9,4.8,8.5
0,Los Angeles County,2025-03-02T02:00,70.7,73.6,3.9,8.4
0,Los Angeles County,2025-03-02T03:00,74.9,76.7,2.4,8
0,Los Angeles County,2025-03-02T04:00,78.5,79.8,1.5,7.6
0,Los Angeles County,2025-03-02T05:00,80.1,81.9,2.2,7.4
0,Los Angeles County,2025-03-02T06:00,79.4,82,3.2,7.5
0,Los Angeles County,2025-03-02T07:00,75.2,79.9,6.2,7.9
0,Los Angeles County,2025-03-02T08:00,70.9,77.9,9.8,8.4
0,Los Angeles County,2025-03-02T09:00,66.6,76.8,15.2,9
0,Los Angeles County,2025-03-02T10:00,62.4,75.6,21.2,9.6
0,Los Angeles County,2025-03-02T11:00,58.8,74.6,26.8,10.1
0,Los Angeles County,2025-03-02T12:00,55.4,73.5,32.5,10.8
0,Los Angeles County,2025-03-02T13:00,53.1,72.9,37.4,11.2
0,Los Angeles County,2025-03-02T14:00,53.3,73.3,37.4,11.2
0,Los Angeles County,2025-03-02T15:00,53.2,73.4,37.8,11.2
0,Los Angeles County,2025-03-02T16:00,55.1,74.1,34.4,10.8
0,Los Angeles County,2025-03-02T17:00,57,74.4,30.4,10.5
0,Los Angeles County,2025-03-02T18:00,57.1,74,29.5,10.4
0,Los Angeles County,2025-03-02T19:00,60.2,74.6,23.8,9.9
0,Los Angeles County,2025-03-02T20:00,63,75.6,20,9.5
0,Los Angeles County,2025-03-02T21:00,66.9,77,15.1,8.9
0,Los Angeles County,2025-03-02T22:00,70.5,77.2,9.5,8.5
0,Los Angeles County,2025-03-02T23:00,72,76.6,6.3,8.3
0,Los Angeles County,2025-03-03T00:00,72.8,76.1,4.5,8.2
0,Los Angeles County,2025-03-03T01:00,73.9,76.8,3.9,8.1
0,Los Angeles County,2025-03-03T02:00,75.9,79,4,7.8
0,Los Angeles County,2025-03-03T03:00,83.6,85.2,1.9,7.1
0,Los Angeles County,2025-03-03T04:00,85.4,88.8,4,7
0,Los Angeles County,2025-03-03T05:00,75.1,86.9,15.6,7.9
0,Los Angeles County,2025-03-03T06:00,58,79.7,37.4,10.3
0,Los Angeles County,2025-03-03T07:00,42.3,69.4,63.8,14.1
0,Los Angeles County,2025-03-03T08:00,40,67.2,67.8,14.9
0,Los Angeles County,2025-03-03T09:00,47.5,71.2,49.8,12.6
0,Los Angeles County,2025-03-03T10:00,51.8,72.5,39.9,11.5
0,Los Angeles County,2025-03-03T11:00,52.1,71.7,37.6,11.5
0,Los Angeles County,2025-03-03T12:00,50.6,70.5,39.2,11.8
0,Los Angeles County,2025-03-03T13:00,50.2,70.6,40.6,11.9
0,Los Angeles County,2025-03-03T14:00,45.7,69.2,51.5,13.1
0,Los Angeles County,2025-03-03T15:00,40,66.9,67,14.9
0,Los Angeles County,2025-03-03T16:00,37.7,65.9,74.6,15.8
0,Los Angeles County,2025-03-03T17:00,36.9,65.5,77.3,16.2
0,Los Angeles County,2025-03-03T18:00,42.5,67.6,59,14.1
0,Los Angeles County,2025-03-03T19:00,52.7,70.4,33.6,11.3
0,Los Angeles County,2025-03-03T20:00,59.9,71.7,19.7,10
0,Los Angeles County,2025-03-03T21:00,63.4,72.9,14.9,9.4
0,Los Angeles County,2025-03-03T22:00,67.5,74.3,10,8.8
0,Los Angeles County,2025-03-03T23:00,70.8,75.9,7,8.4
0,Los Angeles County,2025-03-04T00:00,72.4,76.5,5.6,8.2
0,Los Angeles County,2025-03-04T01:00,74.1,78.2,5.5,8
0,Los Angeles County,2025-03-04T02:00,77.4,81.3,5,7.7
0,Los Angeles County,2025-03-04T03:00,82.7,85.2,3,7.2
0,Los Angeles County,2025-03-04T04:00,85,88.5,4.1,7
0,Los Angeles County,2025-03-04T05:00,73.9,86.7,17.2,8.1
0,Los Angeles County,2025-03-04T06:00,56.6,78.9,39.4,10.5
0,Los Angeles County,2025-03-04T07:00,41.4,69,66.3,14.4
0,Los Angeles County,2025-03-04T08:00,38.4,66.5,73,15.6
0,Los Angeles County,2025-03-04T09:00,45.1,70.2,55.4,13.2
0,Los Angeles County,2025-03-04T10:00,49.5,71.5,44.3,12.1
0,Los Angeles County,2025-03-04T11:00,50.8,71,39.8,11.7
0,Los Angeles County,2025-03-04T12:00,49.4,70,41.5,12.1
0,Los Angeles County,2025-03-04T13:00,47.6,69.7,46.3,12.5
0,Los Angeles County,2025-03-04T14:00,42.8,68.2,59.2,14
0,Los Angeles County,2025-03-04T15:00,37.9,66.1,74.3,15.8
0,Los Angeles County,2025-03-04T16:00,35.9,65.4,82.2,16.7
0,Los Angeles County,2025-03-04T17:00,34.8,64.9,86.3,17.2
0,Los Angeles County,2025-03-04T18:00,38.3,66.1,72.6,15.6
0,Los Angeles County,2025-03-04T19:00,48.3,69.6,44.2,12.4
0,Los Angeles County,2025-03-04T20:00,57.8,71.7,24,10.3
0,Los Angeles County,2025-03-04T21:00,62.9,73.1,16.3,9.5
0,Los Angeles County,2025-03-04T22:00,66.7,74.9,12.2,8.9
0,Los Angeles County,2025-03-04T23:00,70.3,75.6,7.4,8.5
0,Los Angeles County,2025-03-05T00:00,72.1,76.5,6,8.3
0,Los Angeles County,2025-03-05T01:00,74.3,78.3,5.4,8
0,Los Angeles County,2025-03-05T02:00,77,80.9,5,7.7
0,Los Angeles County,2025-03-05T03:00,83.3,85.3,2.4,7.1
0,Los Angeles County,2025-03-05T04:00,85.8,88.5,3.2,6.9
0,Los Angeles County,2025-03-05T05:00,75.2,86.6,15,7.9
0,Los Angeles County,2025-03-05T06:00,59,79.4,34.6,10.1
0,Los Angeles County,2025-03-05T07:00,44.2,69.7,57.4,13.5
0,Los Angeles County,2025-03-05T08:00,40.9,67.1,63.9,14.6
0,Los Angeles County,2025-03-05T09:00,46.9,70.4,49.8,12.7
0,Los Angeles County,2025-03-05T10:00,51.7,71.9,39.1,11.6
0,Los Angeles County,2025-03-05T11:00,50.7,71,40.1,11.8
0,Los Angeles County,2025-03-05T12:00,47.7,69.5,45.6,12.5
0,Los Angeles County,2025-03-05T13:00,44.5,68.9,54.4,13.4
0,Los Angeles County,2025-03-05T14:00,39.7,67.2,69.1,15
0,Los Angeles County,2025-03-05T15:00,35.4,64.8,83.1,16.9
0,Los Angeles County,2025-03-05T16:00,33.3,64.1,92.3,17.9
0,Los Angeles County,2025-03-05T17:00,32,63.6,98.9,18.7
0,Los Angeles County,2025-03-05T18:00,35.7,65.4,83.1,16.7
0,Los Angeles County,2025-03-05T19:00,45.6,69.1,51.5,13.1
0,Los Angeles County,2025-03-05T20:00,54.5,71.3,30.7,10.9
0,Los Angeles County,2025-03-05T21:00,60.7,73.2,20.6,9.8
0,Los Angeles County,2025-03-05T22:00,65.6,74.9,14.1,9.1
0,Los Angeles County,2025-03-05T23:00,70.7,76.8,8.6,8.4
0,Los Angeles County,2025-03-06T00:00,72,76.4,6,8.3
0,Los Angeles County,2025-03-06T01:00,73.3,77.6,5.8,8.1
0,Los Angeles County,2025-03-06T02:00,76.5,80.7,5.4,7.8
0,Los Angeles County,2025-03-06T03:00,83.2,85.2,2.4,7.2
0,Los Angeles County,2025-03-06T04:00,85.6,88.3,3.1,7
0,Los Angeles County,2025-03-06T05:00,75.9,86.7,14.1,7.8
0,Los Angeles County,2025-03-06T06:00,60.2,79.6,32.1,9.9
0,Los Angeles County,2025-03-06T07:00,44.3,69.6,56.8,13.5
0,Los Angeles County,2025-03-06T08:00,41,67.1,63.6,14.6
0,Los Angeles County,2025-03-06T09:00,48.1,71,47.5,12.4
0,Los Angeles County,2025-03-06T10:00,52.9,72.4,36.8,11.3
0,Los Angeles County,2025-03-06T11:00,53.2,71.6,34.5,11.2
0,Los Angeles County,2025-03-06T12:00,50.7,70.3,38.6,11.8
0,Los Angeles County,2025-03-06T13:00,49.1,70.4,43.3,12.2
0,Los Angeles County,2025-03-06T14:00,41.8,68.1,62.8,14.3
0,Los Angeles County,2025-03-06T15:00,35.3,64.9,83.5,16.9
0,Los Angeles County,2025-03-06T16:00,33.1,64.3,93.9,18
0,Los Angeles County,2025-03-06T17:00,31.5,63.7,101.6,18.9
0,Los Angeles County,2025-03-06T18:00,35.4,65.6,85.1,16.9
0,Los Angeles County,2025-03-06T19:00,45.6,69.4,52,13.1
0,Los Angeles County,2025-03-06T20:00,57.8,72.7,25.9,10.3
0,Los Angeles County,2025-03-06T21:00,63.7,73.9,16,9.4
0,Los Angeles County,2025-03-06T22:00,65.2,74.5,14.3,9.2
0,Los Angeles County,2025-03-06T23:00,69.4,76.1,9.5,8.6
0,Los Angeles County,2025-03-07T00:00,71.9,76.3,6.1,8.3
0,Los Angeles County,2025-03-07T01:00,73.1,76.9,5.1,8.1
0,Los Angeles County,2025-03-07T02:00,76,79.2,4.2,7.8
0,Los Angeles County,2025-03-07T03:00,82,84.2,2.7,7.3
0,Los Angeles County,2025-03-07T04:00,85.1,88,3.4,7
0,Los Angeles County,2025-03-07T05:00,77.4,86.9,12.2,7.7
0,Los Angeles County,2025-03-07T06:00,61.9,80.3,29.7,9.6
0,Los Angeles County,2025-03-07T07:00,46.1,70.4,52.7,13
0,Los Angeles County,2025-03-07T08:00,43.8,68.5,56.5,13.6
0,Los Angeles County,2025-03-07T09:00,50.8,72.6,42.9,11.7
0,Los Angeles County,2025-03-07T10:00,52.5,73.3,39.5,11.4
0,Los Angeles County,2025-03-07T11:00,50.2,72,43.4,11.9
0,Los Angeles County,2025-03-07T12:00,47.1,70.4,49.3,12.7
0,Los Angeles County,2025-03-07T13:00,44.9,70,55.7,13.3
0,Los Angeles County,2025-03-07T14:00,40.7,68.5,68.1,14.7
0,Los Angeles County,2025-03-07T15:00,36.5,66.2,81.3,16.4
0,Los Angeles County,2025-03-07T16:00,35.8,66,84.2,16.7
0,Los Angeles County,2025-03-07T17:00,36.2,66,82,16.5
0,Los Angeles County,2025-03-07T18:00,40.7,67.9,66.6,14.7
0,Los Angeles County,2025-03-07T19:00,47.7,70.3,47.2,12.5
0,Los Angeles County,2025-03-07T20:00,55.2,72.2,30.9,10.8
0,Los Angeles County,2025-03-07T21:00,60.1,73.2,21.6,9.9
0,Los Angeles County,2025-03-07T22:00,62.7,74,17.8,9.5
0,Los Angeles County,2025-03-07T23:00,66,74.5,12.9,9
0,Los Angeles County,2025-03-08T00:00,68.7,74.5,8.5,8.7
0,Los Angeles County,2025-03-08T01:00,69.7,73.7,5.7,8.6
0,Los Angeles County,2025-03-08T02:00,71.4,74.6,4.5,8.4
0,Los Angeles County,2025-03-08T03:00,76.6,78.9,2.9,7.8
0,Los Angeles County,2025-03-08T04:00,81.7,83.2,1.8,7.3
0,Los Angeles County,2025-03-08T05:00,82.4,84.9,3,7.2
0,Los Angeles County,2025-03-08T06:00,78.9,83.9,6.3,7.6
0,Los Angeles County,2025-03-08T07:00,71,80.8,13.9,8.4
0,Los Angeles County,2025-03-08T08:00,65,78.3,20.4,9.2
0,Los Angeles County,2025-03-08T09:00,59.8,76.7,28.2,10
0,Los Angeles County,2025-03-08T10:00,54.6,74.9,37.1,10.9
0,Los Angeles County,2025-03-08T11:00,49.9,73,46,12
0,Los Angeles County,2025-03-08T12:00,46.9,71.6,52.6,12.7
0,Los Angeles County,2025-03-08T13:00,45.5,71.2,56.1,13.1
0,Los Angeles County,2025-03-08T14:00,45.7,71.2,55.7,13.1
0,Los Angeles County,2025-03-08T15:00,46,71.6,55.3,13
0,Los Angeles County,2025-03-08T16:00,46.4,71.7,54.5,12.9
0,Los Angeles County,2025-03-08T17:00,47,71.6,52.4,12.7
0,Los Angeles County,2025-03-08T18:00,48.5,71.7,47.8,12.3
0,Los Angeles County,2025-03-08T19:00,53,72.6,36.8,11.3
0,Los Angeles County,2025-03-08T20:00,58.9,74.1,25.8,10.1
0,Los Angeles County,2025-03-08T21:00,63.4,75.3,18.7,9.4
0,Los Angeles County,2025-03-08T22:00,65.5,75.7,15.5,9.1
0,Los Angeles County,2025-03-08T23:00,68,75.5,11,8.8
0,Los Angeles County,2025-03-09T00:00,70.2,75,6.8,8.5
0,Los Angeles County,2025-03-09T01:00,70.4,74.2,5.3,8.5
0,Los Angeles County,2025-03-09T03:00,71.4,74.2,3.9,8.3
0,Los Angeles County,2025-03-09T04:00,77.4,79,2,7.7
0,Los Angeles County,2025-03-09T05:00,80.5,82.1,2,7.4
0,Los Angeles County,2025-03-09T06:00,80.2,82.9,3.3,7.4
0,Los Angeles County,2025-03-09T07:00,77.8,81.5,4.8,7.7
0,Los Angeles County,2025-03-09T08:00,74.2,79.9,7.6,8
0,Los Angeles County,2025-03-09T09:00,69.6,78.5,12.7,8.6
0,Los Angeles County,2025-03-09T10:00,65.2,77.3,18.4,9.1
0,Los Angeles County,2025-03-09T11:00,60.6,75.9,25.1,9.8
0,Los Angeles County,2025-03-09T12:00,55.8,74.2,32.9,10.7
0,Los Angeles County,2025-03-09T13:00,53.1,73.5,38.5,11.2
0,Los Angeles County,2025-03-09T14:00,51.8,73.2,41.2,11.5
0,Los Angeles County,2025-03-09T15:00,52.2,73.5,40.6,11.4
0,Los Angeles County,2025-03-09T16:00,53,73.9,39.4,11.3
0,Los Angeles County,2025-03-09T17:00,55.2,74.1,34.3,10.8
0,Los Angeles County,2025-03-09T18:00,56.7,73.9,30.3,10.5
0,Los Angeles County,2025-03-09T19:00,58.6,74.6,27.3,10.2
0,Los Angeles County,2025-03-09T20:00,61.9,76.3,23.1,9.6
0,Los Angeles County,2025-03-09T21:00,66,77.6,17.5,9
0,Los Angeles County,2025-03-09T22:00,70,78.5,12.1,8.5
0,Los Angeles County,2025-03-09T23:00,73.3,78.2,6.6,8.1
0,Los Angeles County,2025-03-10T00:00,74.7,77.8,4.1,8
0,Los Angeles County,2025-03-10T01:00,75.7,78.3,3.4,7.9
0,Los Angeles County,2025-03-10T02:00,77.2,79.7,3.2,7.7
0,Los Angeles County,2025-03-10T03:00,84.4,85.6,1.4,7.1
0,Los Angeles County,2025-03-10T04:00,86.7,89.4,3,6.9
0,Los Angeles County,2025-03-10T05:00,75.4,87.5,15.9,7.9
0,Los Angeles County,2025-03-10T06:00,58.9,80.5,36.6,10.1
0,Los Angeles County,2025-03-10T07:00,45.5,70.6,55.2,13.1
0,Los Angeles County,2025-03-10T08:00,42.2,68,60.8,14.1
0,Los Angeles County,2025-03-10T09:00,50.3,72.1,43.1,11.9
0,Los Angeles County,2025-03-10T10:00,54.5,73.3,34.4,10.9
0,Los Angeles County,2025-03-10T11:00,53.5,72.3,35.1,11.1
0,Los Angeles County,2025-03-10T12:00,51.5,71.1,37.8,11.6
0,Los Angeles County,2025-03-10T13:00,50.3,70.7,40.6,11.9
0,Los Angeles County,2025-03-10T14:00,45.8,69.3,51.1,13
0,Los Angeles County,2025-03-10T15:00,40.5,67.1,65.5,14.7
0,Los Angeles County,2025-03-10T16:00,38.9,66.3,70.2,15.3
0,Los Angeles County,2025-03-10T17:00,39.2,66.1,68.7,15.3
0,Los Angeles County,2025-03-10T18:00,46.6,68.2,46.2,12.8
0,Los Angeles County,2025-03-10T19:00,54.2,70,29,11
0,Los Angeles County,2025-03-10T20:00,58.8,71.2,21.1,10.1
0,Los Angeles County,2025-03-10T21:00,62.2,72.8,17,9.6
0,Los Angeles County,2025-03-10T22:00,67.1,74.5,10.9,8.9
0,Los Angeles County,2025-03-10T23:00,70.8,75.7,6.9,8.4
0,Los Angeles County,2025-03-11T00:00,72.4,76.4,5.4,8.2
0,Los Angeles County,2025-03-11T01:00,73.9,77.7,5.1,8.1
0,Los Angeles County,2025-03-11T02:00,77.2,80.8,4.7,7.7
0,Los Angeles County,2025-03-11T03:00,82.9,85.2,2.7,7.2
0,Los Angeles County,2025-03-11T04:00,85.2,88.8,4.2,7
0,Los Angeles County,2025-03-11T05:00,76.1,87,14.3,7.8
0,Los Angeles County,2025-03-11T06:00,59.7,80.2,34.2,10
0,Los Angeles County,2025-03-11T07:00,44.7,70.1,56.5,13.3
0,Los Angeles County,2025-03-11T08:00,40.2,66.9,66.6,14.9
0,Los Angeles County,2025-03-11T09:00,46.4,70.5,52,12.9
0,Los Angeles County,2025-03-11T10:00,51.5,71.9,39.7,11.6
0,Los Angeles County,2025-03-11T11:00,54.4,71.8,31.9,11
0,Los Angeles County,2025-03-11T12:00,52.9,70.7,33.4,11.3
0,Los Angeles County,2025-03-11T13:00,51.9,70.5,35.6,11.5
0,Los Angeles County,2025-03-11T14:00,46.4,68.8,48.3,12.9
0,Los Angeles County,2025-03-11T15:00,42.3,67.2,58.6,14.1
0,Los Angeles County,2025-03-11T16:00,40.8,66.8,63.8,14.6
0,Los Angeles County,2025-03-11T17:00,41.3,66.6,61.2,14.5
0,Los Angeles County,2025-03-11T18:00,49,68.2,39.1,12.2
0,Los Angeles County,2025-03-11T19:00,54.6,69.1,26.3,10.9
0,Los Angeles County,2025-03-11T20:00,59,70.6,19.7,10.1
0,Los Angeles County,2025-03-11T21:00,62.9,72.1,14.7,9.5
0,Los Angeles County,2025-03-11T22:00,67.2,74.4,10.7,8.9
0,Los Angeles County,2025-03-11T23:00,69.7,75.2,7.8,8.6
0,Los Angeles County,2025-03-12T00:00,71.1,75.6,6.4,8.4
0,Los Angeles County,2025-03-12T01:00,73.4,77.6,5.7,8.1
0,Los Angeles County,2025-03-12T02:00,76.8,80.6,4.9,7.8
0,Los Angeles County,2025-03-12T03:00,82.6,84.6,2.5,7.2
0,Los Angeles County,2025-03-12T04:00,86.2,88.3,2.3,6.9
0,Los Angeles County,2025-03-12T05:00,76.7,86.8,13.1,7.8
0,Los Angeles County,2025-03-12T06:00,60.8,80.2,31.8,9.8
0,Los Angeles County,2025-03-12T07:00,45.4,70.1,54.3,13.2
0,Los Angeles County,2025-03-12T08:00,39.9,66.7,67.1,15
0,Los Angeles County,2025-03-12T09:00,44.8,69.9,56,13.3
0,Los Angeles County,2025-03-12T10:00,49,71.5,45.8,12.2
0,Los Angeles County,2025-03-12T11:00,51.2,71.3,39,11.6
0,Los Angeles County,2025-03-12T12:00,50.7,70.3,38.6,11.8
0,Los Angeles County,2025-03-12T13:00,51,70.5,38.1,11.7
0,Los Angeles County,2025-03-12T14:00,47.8,69.5,45.5,12.5
0,Los Angeles County,2025-03-12T15:00,41.4,66.9,61.5,14.4
0,Los Angeles County,2025-03-12T16:00,39.3,66.2,68.2,15.2
0,Los Angeles County,2025-03-12T17:00,39.9,66.1,65.5,15
0,Los Angeles County,2025-03-12T18:00,46.9,67.8,44.5,12.7
0,Los Angeles County,2025-03-12T19:00,53.8,69.3,28.8,11.1
0,Los Angeles County,2025-03-12T20:00,58.1,70.7,21.7,10.3
0,Los Angeles County,2025-03-12T21:00,61.8,72.2,16.7,9.7
0,Los Angeles County,2025-03-12T22:00,65.6,73.9,12.6,9.1
0,Los Angeles County,2025-03-12T23:00,67.5,75.2,11.2,8.8
0,Los Angeles County,2025-03-13T00:00,66.3,75.3,13.4,9
0,Los Angeles County,2025-03-13T01:00,66.7,76.5,14.7,8.9
0,Los Angeles County,2025-03-13T02:00,67.4,79,17.3,8.9
0,Los Angeles County,2025-03-13T03:00,71.4,83.5,17,8.4
0,Los Angeles County,2025-03-13T04:00,73,86.9,19,8.2
0,Los Angeles County,2025-03-13T05:00,67.3,85.8,27.3,8.9
0,Los Angeles County,2025-03-13T06:00,57.8,80,38.2,10.3
0,Los Angeles County,2025-03-13T07:00,45.8,70.3,53.2,13
0,Los Angeles County,2025-03-13T08:00,41.7,67.3,61.2,14.3
0,Los Angeles County,2025-03-13T09:00,50,71.7,43.2,11.9
0,Los Angeles County,2025-03-13T10:00,55.6,72.9,31,10.7
0,Los Angeles County,2025-03-13T11:00,55.1,72,30.6,10.8
0,Los Angeles County,2025-03-13T12:00,52.1,70.5,35.3,11.5
0,Los Angeles County,2025-03-13T13:00,51.2,70.6,37.8,11.7
0,Los Angeles County,2025-03-13T14:00,47,69.5,47.7,12.7
0,Los Angeles County,2025-03-13T15:00,41.4,67,61.7,14.4
0,Los Angeles County,2025-03-13T16:00,40.3,66.8,65.5,14.8
0,Los Angeles County,2025-03-13T17:00,39.6,66.2,67.1,15.1
0,Los Angeles County,2025-03-13T18:00,45.7,67.7,47.9,13.1
0,Los Angeles County,2025-03-13T19:00,52.3,69.2,32.3,11.4
0,Los Angeles County,2025-03-13T20:00,57.4,70.9,23.5,10.4
0,Los Angeles County,2025-03-13T21:00,60.6,72.2,19.1,9.8
0,Los Angeles County,2025-03-13T22:00,63.8,73.6,15.3,9.3
0,Los Angeles County,2025-03-13T23:00,68.5,74.8,9.2,8.7
0,Los Angeles County,2025-03-14T00:00,70.3,75.1,6.8,8.5
0,Los Angeles County,2025-03-14T01:00,71.8,75.7,5.4,8.3
0,Los Angeles County,2025-03-14T02:00,74.6,77.7,4,8
0,Los Angeles County,2025-03-14T03:00,81.5,83.4,2.4,7.3
0,Los Angeles County,2025-03-14T04:00,85.2,87.4,2.5,7
0,Los Angeles County,2025-03-14T05:00,79.9,86.7,8.4,7.5
0,Los Angeles County,2025-03-14T06:00,67.4,81.3,20.6,8.8
0,Los Angeles County,2025-03-14T07:00,53.2,72,35.3,11.2
0,Los Angeles County,2025-03-14T08:00,48.8,69.3,41.9,12.2
0,Los Angeles County,2025-03-14T09:00,55.6,73.3,31.9,10.7
0,Los Angeles County,2025-03-14T10:00,53.5,73.2,36.7,11.1
0,Los Angeles County,2025-03-14T11:00,51.3,72.2,40.7,11.6
0,Los Angeles County,2025-03-14T12:00,48.5,70.8,46.1,12.3
0,Los Angeles County,2025-03-14T13:00,44.1,69.6,57.7,13.5
0,Los Angeles County,2025-03-14T14:00,40.4,67.9,68.1,14.8
0,Los Angeles County,2025-03-14T15:00,36.5,66,80.7,16.4
0,Los Angeles County,2025-03-14T16:00,35.7,65.6,83.5,16.7
0,Los Angeles County,2025-03-14T17:00,37.6,66.1,75.9,15.9
0,Los Angeles County,2025-03-14T18:00,45.6,68.7,50.4,13.1
0,Los Angeles County,2025-03-14T19:00,53,70.8,33.6,11.3
0,Los Angeles County,2025-03-14T20:00,58.2,72.3,24.1,10.3
0,Los Angeles County,2025-03-14T21:00,60.8,72.9,20,9.8
0,Los Angeles County,2025-03-14T22:00,63,73.4,16.4,9.5
0,Los Angeles County,2025-03-14T23:00,65.3,74,13.3,9.1
0,Los Angeles County,2025-03-15T00:00,68.4,74.3,8.6,8.7
0,Los Angeles County,2025-03-15T01:00,69.5,73.8,6.1,8.6
0,Los Angeles County,2025-03-15T02:00,71.4,74.7,4.6,8.4
0,Los Angeles County,2025-03-15T03:00,76.5,78.8,3,7.8
0,Los Angeles County,2025-03-15T04:00,81.3,83.1,2.2,7.3
0,Los Angeles County,2025-03-15T05:00,82.1,84.8,3.2,7.3
0,Los Angeles County,2025-03-15T06:00,78.8,84.1,6.7,7.6
0,Los Angeles County,2025-03-15T07:00,74.1,81.6,10.1,8
0,Los Angeles County,2025-03-15T08:00,68.8,79.2,15.1,8.7
0,Los Angeles County,2025-03-15T09:00,63,77.5,23.1,9.5
0,Los Angeles County,2025-03-15T10:00,57.1,75.7,32.5,10.4
0,Los Angeles County,2025-03-15T11:00,51.5,73.9,43.5,11.6
0,Los Angeles County,2025-03-15T12:00,47.4,72.2,52.2,12.6
0,Los Angeles County,2025-03-15T13:00,45.5,71.5,57.2,13.1
0,Los Angeles County,2025-03-15T14:00,45.1,71.4,58.1,13.2
0,Los Angeles County,2025-03-15T15:00,44.8,71.2,58.8,13.3
0,Los Angeles County,2025-03-15T16:00,45.4,71.5,57.3,13.1
0,Los Angeles County,2025-03-15T17:00,47.7,71.9,50.6,12.5
0,Los Angeles County,2025-03-15T18:00,49.9,71.8,43.7,12
0,Los Angeles County,2025-03-15T19:00,53.7,72.4,34.9,11.1
0,Los Angeles County,2025-03-15T20:00,56.7,73.3,29.2,10.5
0,Los Angeles County,2025-03-15T21:00,60,74.3,23.8,9.9
0,Los Angeles County,2025-03-15T22:00,64.1,75.7,18.1,9.3
0,Los Angeles County,2025-03-15T23:00,67.4,76,12.6,8.8
0,Los Angeles County,2025-03-16T00:00,69.4,75.6,8.9,8.6
0,Los Angeles County,2025-03-16T01:00,70.2,74.5,6,8.5
0,Los Angeles County,2025-03-16T02:00,69.8,74.1,6.2,8.5
0,Los Angeles County,2025-03-16T03:00,73.7,76.7,3.9,8.1
0,Los Angeles County,2025-03-16T04:00,74.5,78.8,5.8,8
0,Los Angeles County,2025-03-16T05:00,72,80.2,11.3,8.3
0,Los Angeles County,2025-03-16T06:00,75.3,81.1,7.7,7.9
0,Los Angeles County,2025-03-16T07:00,75.8,80.3,5.9,7.9
0,Los Angeles County,2025-03-16T08:00,72.5,79.2,9.1,8.2
0,Los Angeles County,2025-03-16T09:00,66.3,77.8,17.3,9
0,Los Angeles County,2025-03-16T10:00,60.8,76.8,26.2,9.8
0,Los Angeles County,2025-03-16T11:00,55.4,75.1,35.6,10.8
0,Los Angeles County,2025-03-16T12:00,51.8,73.9,42.6,11.5
0,Los Angeles County,2025-03-16T13:00,49.4,73,47.8,12.1
0,Los Angeles County,2025-03-16T14:00,49.1,73,48.5,12.2
0,Los Angeles County,2025-03-16T15:00,49.2,72.9,48,12.1
0,Los Angeles County,2025-03-16T16:00,51.4,73.5,42.8,11.6
0,Los Angeles County,2025-03-16T17:00,55.5,74.2,33.7,10.8
0,Los Angeles County,2025-03-16T18:00,57.9,74.4,28.3,10.3
0,Los Angeles County,2025-03-16T19:00,59,74.7,26.6,10.1
0,Los Angeles County,2025-03-16T20:00,62.2,76,22.1,9.6
0,Los Angeles County,2025-03-16T21:00,66.9,77.5,15.8,8.9
0,Los Angeles County,2025-03-16T22:00,69.9,78,11.5,8.5
0,Los Angeles County,2025-03-16T23:00,72.8,78.3,7.4,8.2
0,Los Angeles County,2025-03-17T00:00,74,78.4,6,8.1
0,Los Angeles County,2025-03-17T01:00,76.7,79.4,3.4,7.8
0,Los Angeles County,2025-03-17T02:00,77.2,79.7,3.3,7.7
0,Los Angeles County,2025-03-17T03:00,84,85.2,1.4,7.1
0,Los Angeles County,2025-03-17T04:00,87.1,89.1,2.3,6.8
0,Los Angeles County,2025-03-17T05:00,77.3,87.7,13.3,7.7
0,Los Angeles County,2025-03-17T06:00,59.8,80.6,34.6,10
0,Los Angeles County,2025-03-17T07:00,46,70.7,53.6,13
0,Los Angeles County,2025-03-17T08:00,42.6,68.1,59.6,14
0,Los Angeles County,2025-03-17T09:00,49.8,72,44.4,12
0,Los Angeles County,2025-03-17T10:00,52.8,73,38,11.3
0,Los Angeles County,2025-03-17T11:00,52.1,72.2,38.4,11.5
0,Los Angeles County,2025-03-17T12:00,50.2,70.9,41.2,11.9
0,Los Angeles County,2025-03-17T13:00,49.3,70.9,43.6,12.1
0,Los Angeles County,2025-03-17T14:00,45.4,69.5,53,13.1
0,Los Angeles County,2025-03-17T15:00,39.5,66.9,69.3,15.1
0,Los Angeles County,2025-03-17T16:00,35.6,65.5,83.8,16.8
0,Los Angeles County,2025-03-17T17:00,36.1,65.5,81.4,16.6
0,Los Angeles County,2025-03-17T18:00,43.8,68,55.2,13.6
0,Los Angeles County,2025-03-17T19:00,53.4,70.3,31.7,11.2
0,Los Angeles County,2025-03-17T20:00,59.8,71.9,20.1,10
0,Los Angeles County,2025-03-17T21:00,63.2,72.9,15.3,9.4
0,Los Angeles County,2025-03-17T22:00,66.1,74.4,12.6,9
0,Los Angeles County,2025-03-17T23:00,69.4,75.4,8.6,8.6
0,Los Angeles County,2025-03-18T00:00,70.6,75.5,7,8.4
0,Los Angeles County,2025-03-18T01:00,72.2,77,6.6,8.3
0,Los Angeles County,2025-03-18T02:00,75.6,79.3,4.8,7.9
0,Los Angeles County,2025-03-18T03:00,83,85.3,2.8,7.2
0,Los Angeles County,2025-03-18T04:00,85.5,88.7,3.7,7
0,Los Angeles County,2025-03-18T05:00,75,87.1,16,7.9
0,Los Angeles County,2025-03-18T06:00,57.2,79.7,39.3,10.4
0,Los Angeles County,2025-03-18T07:00,41.9,69.3,65.4,14.3
0,Los Angeles County,2025-03-18T08:00,37.9,66.6,75.4,15.7
0,Los Angeles County,2025-03-18T09:00,44.8,70.4,57.2,13.3
0,Los Angeles County,2025-03-18T10:00,49.6,72.1,45.3,12
0,Los Angeles County,2025-03-18T11:00,50.2,71.3,41.9,11.9
0,Los Angeles County,2025-03-18T12:00,48.9,70,43.3,12.2
0,Los Angeles County,2025-03-18T13:00,47.4,69.9,47.4,12.6
0,Los Angeles County,2025-03-18T14:00,42.6,68.2,59.8,14
0,Los Angeles County,2025-03-18T15:00,37.9,66.1,74.2,15.8
0,Los Angeles County,2025-03-18T16:00,35.5,65.2,83.6,16.8
0,Los Angeles County,2025-03-18T17:00,34.5,64.5,87.2,17.3
0,Los Angeles County,2025-03-18T18:00,39.2,66.2,68.6,15.2
0,Los Angeles County,2025-03-18T19:00,47.9,69.1,44.3,12.5
0,Los Angeles County,2025-03-18T20:00,56.1,71.4,27.4,10.6
0,Los Angeles County,2025-03-18T21:00,61,72.5,18.8,9.8
0,Los Angeles County,2025-03-18T22:00,65.3,74.3,13.7,9.1
0,Los Angeles County,2025-03-18T23:00,70,75.7,8.1,8.5
0,Los Angeles County,2025-03-19T00:00,71.9,76.2,5.9,8.3
0,Los Angeles County,2025-03-19T01:00,74,78,5.3,8
0,Los Angeles County,2025-03-19T02:00,76.5,80.5,5.3,7.8
0,Los Angeles County,2025-03-19T03:00,82.7,84.9,2.6,7.2
0,Los Angeles County,2025-03-19T04:00,85.6,88.4,3.2,7
0,Los Angeles County,2025-03-19T05:00,73.5,86.6,17.7,8.1
0,Los Angeles County,2025-03-19T06:00,55.7,79.2,42.2,10.7
0,Los Angeles County,2025-03-19T07:00,41.3,69.2,67.4,14.5
0,Los Angeles County,2025-03-19T08:00,36.8,66.1,79.3,16.2
0,Los Angeles County,2025-03-19T09:00,42.8,69.9,63.3,14
0,Los Angeles County,2025-03-19T10:00,47.9,71.8,49.9,12.5
0,Los Angeles County,2025-03-19T11:00,49.4,71.3,44.2,12.1
0,Los Angeles County,2025-03-19T12:00,48.1,70.1,45.8,12.4
0,Los Angeles County,2025-03-19T13:00,46.7,69.9,49.6,12.8
0,Los Angeles County,2025-03-19T14:00,42.2,68.2,61.8,14.2
0,Los Angeles County,2025-03-19T15:00,36.9,65.7,78.1,16.2
0,Los Angeles County,2025-03-19T16:00,34.7,64.9,86.7,17.2
0,Los Angeles County,2025-03-19T17:00,33.7,64.3,90.7,17.7
0,Los Angeles County,2025-03-19T18:00,38.8,66.1,70.2,15.4
0,Los Angeles County,2025-03-19T19:00,46.7,68.9,47.5,12.8
0,Los Angeles County,2025-03-19T20:00,54.2,71.4,31.5,11
0,Los Angeles County,2025-03-19T21:00,60.8,73.2,20.2,9.8
0,Los Angeles County,2025-03-19T22:00,65.7,74.5,13.5,9.1
0,Los Angeles County,2025-03-19T23:00,70,75.7,8.1,8.5
0,Los Angeles County,2025-03-20T00:00,72.2,76.4,5.7,8.3
0,Los Angeles County,2025-03-20T01:00,73.9,77.8,5.2,8.1
0,Los Angeles County,2025-03-20T02:00,76.1,79.8,4.9,7.8
0,Los Angeles County,2025-03-20T03:00,82.7,84.7,2.5,7.2
0,Los Angeles County,2025-03-20T04:00,85.2,88.3,3.6,7
0,Los Angeles County,2025-03-20T05:00,74.3,86.8,16.7,8
0,Los Angeles County,2025-03-20T06:00,57,79.7,39.8,10.5
0,Los Angeles County,2025-03-20T07:00,42.5,69.6,63.6,14.1
0,Los Angeles County,2025-03-20T08:00,39.2,67.1,71,15.2
0,Los Angeles County,2025-03-20T09:00,46.1,71.4,54.8,13
0,Los Angeles County,2025-03-20T10:00,49.6,72.6,46.3,12
0,Los Angeles County,2025-03-20T11:00,49.4,71.7,45,12.1
0,Los Angeles County,2025-03-20T12:00,47.3,70.3,48.7,12.6
0,Los Angeles County,2025-03-20T13:00,45.6,70.1,53.6,13.1
0,Los Angeles County,2025-03-20T14:00,41.4,68.6,65.7,14.4
0,Los Angeles County,2025-03-20T15:00,36.3,66,81.7,16.5
0,Los Angeles County,2025-03-20T16:00,34.5,65.1,88.5,17.3
0,Los Angeles County,2025-03-20T17:00,33.6,64.5,91.9,17.8
0,Los Angeles County,2025-03-20T18:00,38.6,66.4,71.7,15.5
0,Los Angeles County,2025-03-20T19:00,46.2,69,49.4,12.9
0,Los Angeles County,2025-03-20T20:00,53,71.7,35.2,11.3
0,Los Angeles County,2025-03-20T21:00,59.5,73.6,23.6,10
0,Los Angeles County,2025-03-20T22:00,63.6,75.2,18.3,9.4
0,Los Angeles County,2025-03-20T23:00,69.4,76.7,10.4,8.6
0,Los Angeles County,2025-03-21T00:00,72.4,76.7,5.9,8.2
0,Los Angeles County,2025-03-21T01:00,73.8,77.5,5,8.1
0,Los Angeles County,2025-03-21T02:00,75.6,78.9,4.3,7.9
0,Los Angeles County,2025-03-21T03:00,82.1,84.2,2.4,7.3
0,Los Angeles County,2025-03-21T04:00,85.5,87.9,2.8,7
0,Los Angeles County,2025-03-21T05:00,76.9,86.8,12.8,7.7
0,Los Angeles County,2025-03-21T06:00,61.4,80.5,31,9.7
0,Los Angeles County,2025-03-21T07:00,48.1,71.2,47.9,12.4
0,Los Angeles County,2025-03-21T08:00,45.3,69,52.2,13.2
0,Los Angeles County,2025-03-21T09:00,51.4,73,41.8,11.6
0,Los Angeles County,2025-03-21T10:00,52,73.5,41.1,11.5
0,Los Angeles County,2025-03-21T11:00,49.8,72.5,45.5,12
0,Los Angeles County,2025-03-21T12:00,46,70.6,53.4,13
0,Los Angeles County,2025-03-21T13:00,43.5,69.8,60.3,13.7
0,Los Angeles County,2025-03-21T14:00,40.1,68.4,70.4,14.9
0,Los Angeles County,2025-03-21T15:00,36.1,66.2,82.9,16.5
0,Los Angeles County,2025-03-21T16:00,36,66.2,83.7,16.6
0,Los Angeles County,2025-03-21T17:00,37.2,66.6,78.8,16
0,Los Angeles County,2025-03-21T18:00,42.4,68.4,61.1,14.1
0,Los Angeles County,2025-03-21T19:00,48.1,70.4,46.1,12.4
0,Los Angeles County,2025-03-21T20:00,53.8,72.4,34.7,11.1
0,Los Angeles County,2025-03-21T21:00,58.1,73.4,26.2,10.3
0,Los Angeles County,2025-03-21T22:00,62.1,74.1,19.1,9.6
0,Los Angeles County,2025-03-21T23:00,65.8,74.9,13.8,9.1
0,Los Angeles County,2025-03-22T00:00,68.9,74.6,8.2,8.7
0,Los Angeles County,2025-03-22T01:00,70.1,74.3,6,8.5
0,Los Angeles County,2025-03-22T02:00,70.9,74.8,5.5,8.4
0,Los Angeles County,2025-03-22T03:00,76.1,78.9,3.6,7.8
0,Los Angeles County,2025-03-22T04:00,80,83,3.8,7.4
0,Los Angeles County,2025-03-22T05:00,81.8,85.2,4.1,7.3
0,Los Angeles County,2025-03-22T06:00,78.7,84.4,7.2,7.6
0,Los Angeles County,2025-03-22T07:00,73.4,81.6,11.1,8.1
0,Los Angeles County,2025-03-22T08:00,67.4,79,17.2,8.8
0,Los Angeles County,2025-03-22T09:00,60.9,77.2,26.9,9.8
0,Los Angeles County,2025-03-22T10:00,54.3,75.3,38.6,11
0,Los Angeles County,2025-03-22T11:00,49.5,73.7,48.9,12.1
0,Los Angeles County,2025-03-22T12:00,45.5,71.8,57.6,13.1
0,Los Angeles County,2025-03-22T13:00,44.4,71.3,60.4,13.4
0,Los Angeles County,2025-03-22T14:00,44,71,61.3,13.6
0,Los Angeles County,2025-03-22T15:00,44.1,71.1,61,13.5
0,Los Angeles County,2025-03-22T16:00,45.2,71.4,58,13.2
0,Los Angeles County,2025-03-22T17:00,47.7,72.2,51.3,12.5
0,Los Angeles County,2025-03-22T18:00,50.8,72.5,42.6,11.8
0,Los Angeles County,2025-03-22T19:00,53.9,72.7,34.7,11.1
0,Los Angeles County,2025-03-22T20:00,57.4,73.9,28.7,10.4
0,Los Angeles County,2025-03-22T21:00,61.4,75.4,22.6,9.7
0,Los Angeles County,2025-03-22T22:00,63.7,76.2,19.6,9.4
0,Los Angeles County,2025-03-22T23:00,68.1,76.4,12,8.8
0,Los Angeles County,2025-03-23T00:00,70.2,75.4,7.4,8.5
0,Los Angeles County,2025-03-23T01:00,70.5,74.4,5.5,8.5
0,Los Angeles County,2025-03-23T02:00,71.2,74.4,4.5,8.4
0,Los Angeles County,2025-03-23T03:00,75.3,77.6,3,7.9
0,Los Angeles County,2025-03-23T04:00,78.3,80,2.1,7.6
0,Los Angeles County,2025-03-23T05:00,80.7,82.2,1.9,7.4
0,Los Angeles County,2025-03-23T06:00,80.4,83.2,3.4,7.4
0,Los Angeles County,2025-03-23T07:00,77.6,81.4,4.9,7.7
0,Los Angeles County,2025-03-23T08:00,73.2,79.6,8.7,8.1
0,Los Angeles County,2025-03-23T09:00,67.4,78.1,15.8,8.8
0,Los Angeles County,2025-03-23T10:00,62.7,77,22.6,9.5
0,Los Angeles County,2025-03-23T11:00,57.6,75.5,31,10.3
0,Los Angeles County,2025-03-23T12:00,53,74.1,39.6,11.3
0,Los Angeles County,2025-03-23T13:00,50.7,73.4,44.7,11.8
0,Los Angeles County,2025-03-23T14:00,50,73.3,46.6,11.9
0,Los Angeles County,2025-03-23T15:00,51.4,74.1,44.1,11.6
0,Los Angeles County,2025-03-23T16:00,52.8,74.6,41.2,11.3
0,Los Angeles County,2025-03-23T17:00,54.4,74.3,36.6,11
0,Los Angeles County,2025-03-23T18:00,58,74.6,28.5,10.3
0,Los Angeles County,2025-03-23T19:00,60.4,75.1,24.4,9.9
0,Los Angeles County,2025-03-23T20:00,61.6,76.6,24.3,9.7
0,Los Angeles County,2025-03-23T21:00,63.3,77.9,23,9.4
0,Los Angeles County,2025-03-23T22:00,68.5,79.2,15.5,8.7
0,Los Angeles County,2025-03-23T23:00,73,78.8,7.9,8.2
0,Los Angeles County,2025-03-24T00:00,74.8,78,4.2,8
0,Los Angeles County,2025-03-24T01:00,75.2,78.2,3.9,7.9
0,Los Angeles County,2025-03-24T02:00,77.5,80.2,3.4,7.7
0,Los Angeles County,2025-03-24T03:00,84.2,85.6,1.5,7.1
0,Los Angeles County,2025-03-24T04:00,86.8,89.4,3,6.9
0,Los Angeles County,2025-03-24T05:00,75.7,87.7,15.7,7.9
0,Los Angeles County,2025-03-24T06:00,58.8,80.4,36.7,10.2
0,Los Angeles County,2025-03-24T07:00,44.6,70.5,57.8,13.4
0,Los Angeles County,2025-03-24T08:00,42.1,68.2,62,14.2
0,Los Angeles County,2025-03-24T09:00,49.6,72.3,45.6,12
0,Los Angeles County,2025-03-24T10:00,52.6,73.1,38.9,11.3
0,Los Angeles County,2025-03-24T11:00,52.4,72.5,38.3,11.4
0,Los Angeles County,2025-03-24T12:00,50.7,71.2,40.3,11.8
0,Los Angeles County,2025-03-24T13:00,49.5,71,43.3,12.1
0,Los Angeles County,2025-03-24T14:00,45.3,69.3,53,13.2
0,Los Angeles County,2025-03-24T15:00,40.1,66.8,66.3,14.9
0,Los Angeles County,2025-03-24T16:00,38.5,66.2,71.7,15.5
0,Los Angeles County,2025-03-24T17:00,38.7,66.1,70.4,15.4
0,Los Angeles County,2025-03-24T18:00,44.9,67.9,51.1,13.3
0,Los Angeles County,2025-03-24T19:00,53.3,70.3,31.8,11.2
0,Los Angeles County,2025-03-24T20:00,59.4,71.9,21.1,10.1
0,Los Angeles County,2025-03-24T21:00,63.5,73.5,15.6,9.4
0,Los Angeles County,2025-03-24T22:00,67.4,74.8,10.8,8.8
0,Los Angeles County,2025-03-24T23:00,71.1,76,6.9,8.4
0,Los Angeles County,2025-03-25T00:00,73.1,76.9,5.2,8.1
0,Los Angeles County,2025-03-25T01:00,74.5,78.5,5.2,8
0,Los Angeles County,2025-03-25T02:00,77.8,81.5,4.7,7.7
0,Los Angeles County,2025-03-25T03:00,83.5,85.6,2.5,7.1
0,Los Angeles County,2025-03-25T04:00,83.7,88.3,5.5,7.1
0,Los Angeles County,2025-03-25T05:00,73.1,86.9,18.8,8.2
0,Los Angeles County,2025-03-25T06:00,56,79.3,41.3,10.6
0,Los Angeles County,2025-03-25T07:00,42,69.5,65.5,14.2
0,Los Angeles County,2025-03-25T08:00,39.2,67.1,71,15.2
0,Los Angeles County,2025-03-25T09:00,46.3,71,53.3,12.9
0,Los Angeles County,2025-03-25T10:00,50.8,72.5,42.8,11.8
0,Los Angeles County,2025-03-25T11:00,51.2,71.8,40.1,11.7
0,Los Angeles County,2025-03-25T12:00,49.2,70.3,42.7,12.1
0,Los Angeles County,2025-03-25T13:00,47.9,70.1,46.2,12.5
0,Los Angeles County,2025-03-25T14:00,43.4,68.4,57.4,13.8
0,Los Angeles County,2025-03-25T15:00,38.2,66.2,73,15.6
0,Los Angeles County,2025-03-25T16:00,35.9,65.3,81.6,16.6
0,Los Angeles County,2025-03-25T17:00,34.9,64.8,85.2,17.1
0,Los Angeles County,2025-03-25T18:00,40.2,66.5,65.4,14.9
0,Los Angeles County,2025-03-25T19:00,49.2,69.5,41.4,12.1
0,Los Angeles County,2025-03-25T20:00,57.6,71.9,24.8,10.4
0,Los Angeles County,2025-03-25T21:00,61.8,72.7,17.6,9.7
0,Los Angeles County,2025-03-25T22:00,66.3,74.6,12.5,9
0,Los Angeles County,2025-03-25T23:00,70.5,76,7.8,8.5
0,Los Angeles County,2025-03-26T00:00,72.7,76.9,5.7,8.2
0,Los Angeles County,2025-03-26T01:00,74.2,78.2,5.3,8
0,Los Angeles County,2025-03-26T02:00,76.5,80.5,5.1,7.8
0,Los Angeles County,2025-03-26T03:00,82.8,85.2,2.8,7.2
0,Los Angeles County,2025-03-26T04:00,84.3,88.4,4.8,7.1
0,Los Angeles County,2025-03-26T05:00,72.8,86.6,18.9,8.2
0,Los Angeles County,2025-03-26T06:00,54.7,78.9,44.1,10.9
0,Los Angeles County,2025-03-26T07:00,41.2,69.3,67.9,14.5
0,Los Angeles County,2025-03-26T08:00,39,67.1,71.7,15.3
0,Los Angeles County,2025-03-26T09:00,46.1,71,54,13
0,Los Angeles County,2025-03-26T10:00,49.8,72.4,45.5,12
0,Los Angeles County,2025-03-26T11:00,51.3,72.1,40.3,11.6
0,Los Angeles County,2025-03-26T12:00,50.3,71,41,11.9
0,Los Angeles County,2025-03-26T13:00,49.2,70.7,43.7,12.1
0,Los Angeles County,2025-03-26T14:00,45.1,69.5,54,13.2
0,Los Angeles County,2025-03-26T15:00,39.6,67,69.3,15.1
0,Los Angeles County,2025-03-26T16:00,37.2,66,77.4,16.1
0,Los Angeles County,2025-03-26T17:00,36.5,65.4,79.2,16.4
0,Los Angeles County,2025-03-26T18:00,41.6,67,60.8,14.3
0,Los Angeles County,2025-03-26T19:00,50.7,70.5,38.9,11.8
0,Los Angeles County,2025-03-26T20:00,57,71.6,25.4,10.5
0,Los Angeles County,2025-03-26T21:00,61.5,73,18.6,9.7
0,Los Angeles County,2025-03-26T22:00,66.5,74.6,12.1,9
0,Los Angeles County,2025-03-26T23:00,69.9,75.5,7.9,8.5
0,Los Angeles County,2025-03-27T00:00,72.3,76.4,5.6,8.2
0,Los Angeles County,2025-03-27T01:00,74,77.8,5.1,8.1
0,Los Angeles County,2025-03-27T02:00,76.3,79.8,4.6,7.8
0,Los Angeles County,2025-03-27T03:00,82.4,84.5,2.5,7.2
0,Los Angeles County,2025-03-27T04:00,85.3,88.3,3.4,7
0,Los Angeles County,2025-03-27T05:00,75.2,86.9,15.5,7.9
0,Los Angeles County,2025-03-27T06:00,57.2,79.6,39,10.4
0,Los Angeles County,2025-03-27T07:00,43.5,70,60.7,13.7
0,Los Angeles County,2025-03-27T08:00,41.5,68,63.6,14.4
0,Los Angeles County,2025-03-27T09:00,48.2,71.9,49,12.4
0,Los Angeles County,2025-03-27T10:00,51.3,73.2,42.7,11.6
0,Los Angeles County,2025-03-27T11:00,51,72.6,42.4,11.7
0,Los Angeles County,2025-03-27T12:00,49.1,71.3,44.9,12.1
0,Los Angeles County,2025-03-27T13:00,47.9,71.2,48.5,12.5
0,Los Angeles County,2025-03-27T14:00,42.9,69.3,61.2,13.9
0,Los Angeles County,2025-03-27T15:00,38.1,66.7,75.1,15.7
0,Los Angeles County,2025-03-27T16:00,36.2,65.8,81.6,16.5
0,Los Angeles County,2025-03-27T17:00,35.7,65.3,82.7,16.7
0,Los Angeles County,2025-03-27T18:00,40.9,67.1,63.8,14.6
0,Los Angeles County,2025-03-27T19:00,47.5,69.8,46.9,12.6
0,Los Angeles County,2025-03-27T20:00,54,72.3,33.8,11
0,Los Angeles County,2025-03-27T21:00,61.2,74,20.8,9.7
0,Los Angeles County,2025-03-27T22:00,65.9,74.8,13.5,9
0,Los Angeles County,2025-03-27T23:00,70,76.2,8.8,8.5
0,Los Angeles County,2025-03-28T00:00,72.6,76.8,5.7,8.2
0,Los Angeles County,2025-03-28T01:00,73.6,77.1,4.7,8.1
0,Los Angeles County,2025-03-28T02:00,76,79.2,4.2,7.8
0,Los Angeles County,2025-03-28T03:00,82.2,84.2,2.3,7.2
0,Los Angeles County,2025-03-28T04:00,85.3,87.7,2.8,7
0,Los Angeles County,2025-03-28T05:00,77.8,86.9,11.7,7.7
0,Los Angeles County,2025-03-28T06:00,64,81.1,26.8,9.3
0,Los Angeles County,2025-03-28T07:00,50.4,71.8,42.5,11.8
0,Los Angeles County,2025-03-28T08:00,47.9,69.9,45.8,12.5
0,Los Angeles County,2025-03-28T09:00,53.8,73.7,37,11.1
0,Los Angeles County,2025-03-28T10:00,52.9,73.9,39.7,11.3
0,Los Angeles County,2025-03-28T11:00,49.4,72.6,46.7,12.1
0,Los Angeles County,2025-03-28T12:00,45.4,70.8,56.1,13.2
0,Los Angeles County,2025-03-28T13:00,43.4,70.5,62.1,13.8
0,Los Angeles County,2025-03-28T14:00,40.3,69.3,71.8,14.8
0,Los Angeles County,2025-03-28T15:00,36.3,66.7,83.4,16.4
0,Los Angeles County,2025-03-28T16:00,36.2,66.7,83.9,16.5
0,Los Angeles County,2025-03-28T17:00,37.6,66.9,77.8,15.9
0,Los Angeles County,2025-03-28T18:00,43.7,68.7,57.4,13.7
0,Los Angeles County,2025-03-28T19:00,49.7,70.7,42.2,12
0,Los Angeles County,2025-03-28T20:00,54.7,72.3,32.1,10.9
0,Los Angeles County,2025-03-28T21:00,59.5,73.6,23.7,10
0,Los Angeles County,2025-03-28T22:00,63.9,74.8,17,9.3
0,Los Angeles County,2025-03-28T23:00,67.9,76,11.9,8.8
0,Los Angeles County,2025-03-29T00:00,70.1,75.6,7.8,8.5
0,Los Angeles County,2025-03-29T01:00,71.2,75,5.3,8.4
0,Los Angeles County,2025-03-29T02:00,72.8,75.9,4.2,8.2
0,Los Angeles County,2025-03-29T03:00,78.5,80.7,2.8,7.6
0,Los Angeles County,2025-03-29T04:00,83.2,84.9,2,7.2
0,Los Angeles County,2025-03-29T05:00,82.5,85.3,3.4,7.2
0,Los Angeles County,2025-03-29T06:00,79.4,84.4,6.3,7.5
0,Los Angeles County,2025-03-29T07:00,74.6,81.9,9.8,8
0,Los Angeles County,2025-03-29T08:00,69,79.6,15.3,8.6
0,Los Angeles County,2025-03-29T09:00,63.1,77.9,23.5,9.5
0,Los Angeles County,2025-03-29T10:00,57,75.9,33,10.5
0,Los Angeles County,2025-03-29T11:00,52.3,74.3,42,11.4
0,Los Angeles County,2025-03-29T12:00,48.7,72.7,49.1,12.3
0,Los Angeles County,2025-03-29T13:00,47.3,72.1,52.2,12.6
0,Los Angeles County,2025-03-29T14:00,46.4,72,55.1,12.9
0,Los Angeles County,2025-03-29T15:00,46.1,72.2,56.4,12.9
0,Los Angeles County,2025-03-29T16:00,47,72.7,54.7,12.7
0,Los Angeles County,2025-03-29T17:00,49,72.9,48.7,12.2
0,Los Angeles County,2025-03-29T18:00,52.5,72.9,38.7,11.4
0,Los Angeles County,2025-03-29T19:00,55,72.8,32.3,10.9
0,Los Angeles County,2025-03-29T20:00,58.9,74,25.4,10.1
0,Los Angeles County,2025-03-29T21:00,61.1,75.3,23.1,9.8
0,Los Angeles County,2025-03-29T22:00,64.9,76.8,18.2,9.2
0,Los Angeles County,2025-03-29T23:00,68.3,76.6,12.2,8.7
0,Los Angeles County,2025-03-30T00:00,70.7,75.9,7.3,8.4
0,Los Angeles County,2025-03-30T01:00,71.1,74.6,4.9,8.4
0,Los Angeles County,2025-03-30T02:00,71.5,74.6,4.4,8.3
0,Los Angeles County,2025-03-30T03:00,77.4,79,2,7.7
0,Los Angeles County,2025-03-30T04:00,80.3,81.8,1.8,7.4
0,Los Angeles County,2025-03-30T05:00,79.6,83,4.2,7.5
0,Los Angeles County,2025-03-30T06:00,78.3,83.4,6.4,7.6
0,Los Angeles County,2025-03-30T07:00,76.1,81.4,7,7.8
0,Los Angeles County,2025-03-30T08:00,72.7,79.8,9.7,8.2
0,Los Angeles County,2025-03-30T09:00,68.5,78.5,14.6,8.7
0,Los Angeles County,2025-03-30T10:00,64.6,77.8,20.3,9.2
0,Los Angeles County,2025-03-30T11:00,60.5,76.7,26.7,9.9
0,Los Angeles County,2025-03-30T12:00,55.7,75.1,34.8,10.7
0,Los Angeles County,2025-03-30T13:00,52.7,74.3,40.7,11.3
0,Los Angeles County,2025-03-30T14:00,52.6,74.4,41.4,11.4
0,Los Angeles County,2025-03-30T15:00,53.8,74.7,38.8,11.1
0,Los Angeles County,2025-03-30T16:00,55.4,75.2,35.7,10.8
0,Los Angeles County,2025-03-30T17:00,57.3,75.3,31.3,10.4
0,Los Angeles County,2025-03-30T18:00,58.8,75.1,27.7,10.1
0,Los Angeles County,2025-03-30T19:00,60.4,75.6,25.2,9.9
0,Los Angeles County,2025-03-30T20:00,62.3,76.7,23,9.6
0,Los Angeles County,2025-03-30T21:00,66.2,78,17.8,9
0,Los Angeles County,2025-03-30T22:00,69.6,78.7,13.1,8.6
0,Los Angeles County,2025-03-30T23:00,72.6,78.3,7.8,8.2
0,Los Angeles County,2025-03-31T00:00,72.4,77.9,7.6,8.2
0,Los Angeles County,2025-03-31T01:00,73.7,78.8,6.9,8.1
0,Los Angeles County,2025-03-31T02:00,76,80.2,5.5,7.8
0,Los Angeles County,2025-03-31T03:00,82.7,85.8,3.7,7.2
0,Los Angeles County,2025-03-31T04:00,84.9,89.3,5.2,7
0,Los Angeles County,2025-03-31T05:00,73.3,87.6,19.4,8.1
0,Los Angeles County,2025-03-31T06:00,59.7,80.9,35.3,10
0,Los Angeles County,2025-03-31T07:00,51.6,73.8,42.9,11.6
0,Los Angeles County,2025-03-31T08:00,51.2,72,40.4,11.7
0,Los Angeles County,2025-03-31T09:00,55.5,73.8,32.8,10.7
0,Los Angeles County,2025-03-31T10:00,56.6,74.2,31.1,10.5
0,Los Angeles County,2025-03-31T11:00,56.2,73.3,30.3,10.6
0,Los Angeles County,2025-03-31T12:00,54,72,33.3,11
0,Los Angeles County,2025-03-31T13:00,53.2,71.9,35.2,11.2
0,Los Angeles County,2025-03-31T14:00,50.1,71.1,41.8,11.9
0,Los Angeles County,2025-03-31T15:00,46.8,69.8,49.3,12.8
0,Los Angeles County,2025-03-31T16:00,46.5,69.7,49.8,12.8
0,Los Angeles County,2025-03-31T17:00,47.1,69.4,47.1,12.7
0,Los Angeles County,2025-03-31T18:00,52.8,70.1,32.5,11.3
0,Los Angeles County,2025-03-31T19:00,57.1,70.7,23.8,10.5
0,Los Angeles County,2025-03-31T20:00,60.5,72,18.9,9.9
0,Los Angeles County,2025-03-31T21:00,63.7,73.8,15.8,9.4
0,Los Angeles County,2025-03-31T22:00,68,76.4,12.3,8.8
0,Los Angeles County,2025-03-31T23:00,72.2,77.1,6.8,8.3
0,Los Angeles County,2025-04-01T00:00,73.2,77.1,5.2,8.1
0,Los Angeles County,2025-04-01T01:00,74.9,78.6,4.9,8
0,Los Angeles County,2025-04-01T02:00,77.7,81.2,4.4,7.7
0,Los Angeles County,2025-04-01T03:00,84,85.7,2,7.1
0,Los Angeles County,2025-04-01T04:00,85.9,88.8,3.4,6.9
0,Los Angeles County,2025-04-01T05:00,75.1,87,15.8,7.9
0,Los Angeles County,2025-04-01T06:00,58.1,79.6,37.1,10.3
0,Los Angeles County,2025-04-01T07:00,43.8,70,59.7,13.6
0,Los Angeles County,2025-04-01T08:00,40.8,67.4,65,14.6
0,Los Angeles County,2025-04-01T09:00,47,71,50.9,12.7
0,Los Angeles County,2025-04-01T10:00,50.9,72.1,41.7,11.7
0,Los Angeles County,2025-04-01T11:00,51,71.3,39.7,11.7
0,Los Angeles County,2025-04-01T12:00,49.1,70.1,42.5,12.1
0,Los Angeles County,2025-04-01T13:00,47.6,69.8,46.5,12.5
0,Los Angeles County,2025-04-01T14:00,43.8,68.5,56.3,13.6
0,Los Angeles County,2025-04-01T15:00,39.4,66.7,69.2,15.2
0,Los Angeles County,2025-04-01T16:00,37.6,66.2,76.1,15.9
0,Los Angeles County,2025-04-01T17:00,36.9,65.7,77.7,16.2
0,Los Angeles County,2025-04-01T18:00,42.8,67.5,57.7,14
0,Los Angeles County,2025-04-01T19:00,51.3,69.4,35.3,11.6
0,Los Angeles County,2025-04-01T20:00,58.6,71.2,21.5,10.2
0,Los Angeles County,2025-04-01T21:00,62.3,72.5,16.2,9.6
0,Los Angeles County,2025-04-01T22:00,66.4,75.2,13.2,9
0,Los Angeles County,2025-04-01T23:00,70.6,76.1,7.8,8.4
0,Los Angeles County,2025-04-02T00:00,72.4,76.5,5.6,8.2
0,Los Angeles County,2025-04-02T01:00,73.3,77.6,5.7,8.1
0,Los Angeles County,2025-04-02T02:00,76.8,80.6,4.9,7.8
0,Los Angeles County,2025-04-02T03:00,82.9,85.3,2.7,7.2
0,Los Angeles County,2025-04-02T04:00,85.7,89,3.8,6.9
0,Los Angeles County,2025-04-02T05:00,74.9,86.9,16,8
0,Los Angeles County,2025-04-02T06:00,57.8,79.5,37.4,10.3
0,Los Angeles County,2025-04-02T07:00,43,69.8,62.3,13.9
0,Los Angeles County,2025-04-02T08:00,39.7,67.1,68.9,15
0,Los Angeles County,2025-04-02T09:00,46.2,70.7,53,12.9
0,Los Angeles County,2025-04-02T10:00,50.4,72,42.9,11.9
0,Los Angeles County,2025-04-02T11:00,51,71.5,40,11.7
0,Los Angeles County,2025-04-02T12:00,49.2,70.2,42.7,12.1
0,Los Angeles County,2025-04-02T13:00,48.2,70.2,45.5,12.4
0,Los Angeles County,2025-04-02T14:00,44.2,69.2,56.5,13.5
0,Los Angeles County,2025-04-02T15:00,39.1,66.8,70.8,15.3
0,Los Angeles County,2025-04-02T16:00,36.7,65.8,79.3,16.3
0,Los Angeles County,2025-04-02T17:00,35.7,65.2,82.3,16.7
0,Los Angeles County,2025-04-02T18:00,41.4,67.2,62,14.4
0,Los Angeles County,2025-04-02T19:00,49.7,69.5,39.6,12
0,Los Angeles County,2025-04-02T20:00,56.5,71.5,26.5,10.6
0,Los Angeles County,2025-04-02T21:00,61.4,73.4,19.4,9.7
0,Los Angeles County,2025-04-02T22:00,66.5,74.8,12.4,9
0,Los Angeles County,2025-04-02T23:00,70.1,76.2,8.6,8.5
0,Los Angeles County,2025-04-03T00:00,72.2,76.5,6,8.3
0,Los Angeles County,2025-04-03T01:00,73.9,78,5.5,8.1
0,Los Angeles County,2025-04-03T02:00,76.7,80.6,5.1,7.8
0,Los Angeles County,2025-04-03T03:00,83.6,85.4,2.1,7.1
0,Los Angeles County,2025-04-03T04:00,85.6,88.5,3.4,7
0,Los Angeles County,2025-04-03T05:00,75.9,86.9,14.5,7.9
0,Los Angeles County,2025-04-03T06:00,59.3,80,34.7,10.1
0,Los Angeles County,2025-04-03T07:00,44.6,70.3,57.7,13.4
0,Los Angeles County,2025-04-03T08:00,41.4,67.9,63.8,14.4
0,Los Angeles County,2025-04-03T09:00,48,71.7,49.1,12.4
0,Los Angeles County,2025-04-03T10:00,50.6,72.6,43.3,11.8
0,Los Angeles County,2025-04-03T11:00,50.3,71.8,42.5,11.9
0,Los Angeles County,2025-04-03T12:00,48.7,70.5,44.7,12.3
0,Los Angeles County,2025-04-03T13:00,48,70.6,47,12.4
0,Los Angeles County,2025-04-03T14:00,43.7,69,57.9,13.7
0,Los Angeles County,2025-04-03T15:00,38,66.4,74.5,15.7
0,Los Angeles County,2025-04-03T16:00,34.6,65.1,88,17.3
0,Los Angeles County,2025-04-03T17:00,33.9,64.8,91.2,17.6
0,Los Angeles County,2025-04-03T18:00,40.4,66.8,65.3,14.8
0,Los Angeles County,2025-04-03T19:00,49.6,69.7,40.5,12
0,Los Angeles County,2025-04-03T20:00,56.4,71.8,27.2,10.6
0,Los Angeles County,2025-04-03T21:00,61.4,73.3,19.3,9.7
0,Los Angeles County,2025-04-03T22:00,64.5,74.7,15.8,9.2
0,Los Angeles County,2025-04-03T23:00,68.9,75.5,9.6,8.7
0,Los Angeles County,2025-04-04T00:00,71.5,75.7,5.8,8.3
0,Los Angeles County,2025-04-04T01:00,73.4,77.2,5.2,8.1
0,Los Angeles County,2025-04-04T02:00,75.7,79.2,4.6,7.9
0,Los Angeles County,2025-04-04T03:00,82.8,84.6,2.2,7.2
0,Los Angeles County,2025-04-04T04:00,85.6,88.1,2.8,7
0,Los Angeles County,2025-04-04T05:00,77.7,87.1,12,7.7
0,Los Angeles County,2025-04-04T06:00,63.8,81,26.9,9.4
0,Los Angeles County,2025-04-04T07:00,49.2,71.6,45.4,12.1
0,Los Angeles County,2025-04-04T08:00,46.5,69.4,49.3,12.9
0,Los Angeles County,2025-04-04T09:00,52.3,73.1,39.7,11.4
0,Los Angeles County,2025-04-04T10:00,52.2,73.4,40.4,11.4
0,Los Angeles County,2025-04-04T11:00,49.4,72.2,45.9,12.1
0,Los Angeles County,2025-04-04T12:00,46,70.5,53.2,13
0,Los Angeles County,2025-04-04T13:00,43.9,69.9,59,13.6
0,Los Angeles County,2025-04-04T14:00,40.5,68.5,68.9,14.7
0,Los Angeles County,2025-04-04T15:00,36.9,66.6,80.3,16.2
0,Los Angeles County,2025-04-04T16:00,36.7,66.6,81.1,16.3
0,Los Angeles County,2025-04-04T17:00,37.7,66.9,77.3,15.8
0,Los Angeles County,2025-04-04T18:00,42.7,68.6,60.5,14
0,Los Angeles County,2025-04-04T19:00,48.7,70.3,44.2,12.3
0,Los Angeles County,2025-04-04T20:00,54.2,72,32.8,11
0,Los Angeles County,2025-04-04T21:00,58.9,73.2,24.1,10.1
0,Los Angeles County,2025-04-04T22:00,60.9,74.1,21.7,9.8
0,Los Angeles County,2025-04-04T23:00,64.3,75.2,16.9,9.3
0,Los Angeles County,2025-04-05T00:00,68.6,75.4,9.9,8.7
0,Los Angeles County,2025-04-05T01:00,70.3,74.7,6.1,8.5
0,Los Angeles County,2025-04-05T02:00,71.9,75.3,4.7,8.3
0,Los Angeles County,2025-04-05T03:00,76.7,79.1,3,7.8
0,Los Angeles County,2025-04-05T04:00,81.6,83.4,2.2,7.3
0,Los Angeles County,2025-04-05T05:00,82.8,85.3,3,7.2
0,Los Angeles County,2025-04-05T06:00,79.7,84.4,5.9,7.5
0,Los Angeles County,2025-04-05T07:00,73.4,81.7,11.3,8.1
0,Los Angeles County,2025-04-05T08:00,66.9,79.1,18.2,8.9
0,Los Angeles County,2025-04-05T09:00,61.1,77.4,26.7,9.8
0,Los Angeles County,2025-04-05T10:00,55,75.4,37.1,10.9
0,Los Angeles County,2025-04-05T11:00,49.8,73.5,47.5,12
0,Los Angeles County,2025-04-05T12:00,46,71.9,56.4,13
0,Los Angeles County,2025-04-05T13:00,44.8,71.2,59,13.3
0,Los Angeles County,2025-04-05T14:00,45,71.3,58.3,13.3
0,Los Angeles County,2025-04-05T15:00,45.6,71.6,56.8,13.1
0,Los Angeles County,2025-04-05T16:00,46.8,71.9,53.5,12.7
0,Los Angeles County,2025-04-05T17:00,47.9,72.3,50.9,12.5
0,Los Angeles County,2025-04-05T18:00,49.6,72,45.1,12
0,Los Angeles County,2025-04-05T19:00,52.7,72.3,37.2,11.3
0,Los Angeles County,2025-04-05T20:00,57.2,73.8,29,10.4
0,Los Angeles County,2025-04-05T21:00,61.6,75,21.6,9.7
0,Los Angeles County,2025-04-05T22:00,64.4,76.5,18.8,9.3
0,Los Angeles County,2025-04-05T23:00,67.4,76.5,13.3,8.8
0,Los Angeles County,2025-04-06T00:00,69.8,75.8,8.5,8.5
0,Los Angeles County,2025-04-06T01:00,70.3,74.5,5.9,8.5
0,Los Angeles County,2025-04-06T02:00,71,74.2,4.4,8.4
0,Los Angeles County,2025-04-06T03:00,73.8,76.4,3.5,8.1
0,Los Angeles County,2025-04-06T04:00,78.3,80.1,2.2,7.6
0,Los Angeles County,2025-04-06T05:00,80.9,82.8,2.3,7.4
0,Los Angeles County,2025-04-06T06:00,80.9,83,2.6,7.4
0,Los Angeles County,2025-04-06T07:00,76.4,81,6,7.8
0,Los Angeles County,2025-04-06T08:00,72,79.1,9.9,8.3
0,Los Angeles County,2025-04-06T09:00,67.4,78.1,15.8,8.8
0,Los Angeles County,2025-04-06T10:00,61.2,76.8,25.4,9.7
0,Los Angeles County,2025-04-06T11:00,56.5,75.5,33.6,10.6
0,Los Angeles County,2025-04-06T12:00,53.2,74.3,39.5,11.2
0,Los Angeles County,2025-04-06T13:00,51.3,73.5,43.2,11.6
0,Los Angeles County,2025-04-06T14:00,51.2,73.3,43.2,11.7
0,Los Angeles County,2025-04-06T15:00,52.1,73.9,41.7,11.4
0,Los Angeles County,2025-04-06T16:00,54.6,74.3,36.2,10.9
0,Los Angeles County,2025-04-06T17:00,56.4,74.6,32.2,10.6
0,Los Angeles County,2025-04-06T18:00,57.5,74.4,29.3,10.4
0,Los Angeles County,2025-04-06T19:00,59.2,75,26.6,10.1
0,Los Angeles County,2025-04-06T20:00,61.1,76.4,25,9.8
0,Los Angeles County,2025-04-06T21:00,66.2,77.9,17.7,9
0,Los Angeles County,2025-04-06T22:00,69.5,78.4,12.7,8.6
0,Los Angeles County,2025-04-06T23:00,72.4,78.6,8.5,8.2
0,Los Angeles County,2025-04-07T00:00,75.5,78.7,4.1,7.9
0,Los Angeles County,2025-04-07T01:00,76,78.8,3.6,7.8
0,Los Angeles County,2025-04-07T02:00,78.2,80.9,3.4,7.6
0,Los Angeles County,2025-04-07T03:00,84.5,85.9,1.6,7
0,Los Angeles County,2025-04-07T04:00,86.1,89,3.3,6.9
0,Los Angeles County,2025-04-07T05:00,76.3,87.5,14.7,7.8
0,Los Angeles County,2025-04-07T06:00,59.8,80.5,34.5,10
0,Los Angeles County,2025-04-07T07:00,44.9,70.6,57,13.3
0,Los Angeles County,2025-04-07T08:00,42.1,68.3,62.1,14.2
0,Los Angeles County,2025-04-07T09:00,49.1,72.1,46.7,12.2
0,Los Angeles County,2025-04-07T10:00,52.4,73.2,39.4,11.4
0,Los Angeles County,2025-04-07T11:00,52.6,72.4,37.6,11.4
0,Los Angeles County,2025-04-07T12:00,50.8,71.1,39.9,11.8
0,Los Angeles County,2025-04-07T13:00,49.9,70.9,42,12
0,Los Angeles County,2025-04-07T14:00,45.8,69.5,51.6,13
0,Los Angeles County,2025-04-07T15:00,40.6,67.1,65.3,14.7
0,Los Angeles County,2025-04-07T16:00,39.1,66.5,70.1,15.3
0,Los Angeles County,2025-04-07T17:00,39.3,66.3,68.8,15.2
0,Los Angeles County,2025-04-07T18:00,46.6,68.6,46.9,12.8
0,Los Angeles County,2025-04-07T19:00,55.3,70.2,26.9,10.8
0,Los Angeles County,2025-04-07T20:00,59.2,71.5,20.7,10.1
0,Los Angeles County,2025-04-07T21:00,63.2,73,15.5,9.4
0,Los Angeles County,2025-04-07T22:00,67.3,75,11.4,8.9
0,Los Angeles County,2025-04-07T23:00,71.2,76.2,7,8.4
0,Los Angeles County,2025-04-08T00:00,72.8,77,5.7,8.2
0,Los Angeles County,2025-04-08T01:00,75.1,79,5.2,7.9
0,Los Angeles County,2025-04-08T02:00,77.6,81.4,4.8,7.7
0,Los Angeles County,2025-04-08T03:00,83.7,85.9,2.6,7.1
0,Los Angeles County,2025-04-08T04:00,86,89,3.4,6.9
0,Los Angeles County,2025-04-08T05:00,75.2,87.2,15.9,7.9
0,Los Angeles County,2025-04-08T06:00,57,79.2,38.8,10.5
0,Los Angeles County,2025-04-08T07:00,41.7,69.3,65.8,14.3
0,Los Angeles County,2025-04-08T08:00,38.4,66.9,74.2,15.6
0,Los Angeles County,2025-04-08T09:00,44.7,70.5,57.5,13.4
0,Los Angeles County,2025-04-08T10:00,49.1,71.8,46,12.2
0,Los Angeles County,2025-04-08T11:00,49.8,71.1,42.6,12
0,Los Angeles County,2025-04-08T12:00,48.9,70.2,43.5,12.2
0,Los Angeles County,2025-04-08T13:00,47.9,70,46,12.5
0,Los Angeles County,2025-04-08T14:00,43.5,68.5,57.4,13.7
0,Los Angeles County,2025-04-08T15:00,38.5,66.2,72,15.5
0,Los Angeles County,2025-04-08T16:00,36.1,65.3,80.5,16.5
0,Los Angeles County,2025-04-08T17:00,35.3,64.8,83.2,16.9
0,Los Angeles County,2025-04-08T18:00,40.9,67,63.5,14.6
0,Los Angeles County,2025-04-08T19:00,49.9,69.4,38.8,12
0,Los Angeles County,2025-04-08T20:00,56.4,71.1,26,10.6
0,Los Angeles County,2025-04-08T21:00,61.7,72.7,17.7,9.7
0,Los Angeles County,2025-04-08T22:00,66.7,74.5,11.6,8.9
0,Los Angeles County,2025-04-08T23:00,70.1,75.2,7.2,8.5
0,Los Angeles County,2025-04-09T00:00,72,76,5.5,8.3
0,Los Angeles County,2025-04-09T01:00,74.4,78.5,5.4,8
0,Los Angeles County,2025-04-09T02:00,77.3,81.3,5.1,7.7
0,Los Angeles County,2025-04-09T03:00,83.6,85.5,2.2,7.1
0,Los Angeles County,2025-04-09T04:00,86.1,88.8,3.1,6.9
0,Los Angeles County,2025-04-09T05:00,75,87.1,16,7.9
0,Los Angeles County,2025-04-09T06:00,57.4,79.3,38.2,10.4
0,Los Angeles County,2025-04-09T07:00,42.3,69.6,64.4,14.1
0,Los Angeles County,2025-04-09T08:00,38.9,67.1,72.3,15.3
0,Los Angeles County,2025-04-09T09:00,44.7,70.4,57.3,13.3
0,Los Angeles County,2025-04-09T10:00,48.7,71.6,46.9,12.3
0,Los Angeles County,2025-04-09T11:00,49.6,71.2,43.5,12
0,Los Angeles County,2025-04-09T12:00,48.5,70.2,44.5,12.3
0,Los Angeles County,2025-04-09T13:00,47.2,70,48.3,12.7
0,Los Angeles County,2025-04-09T14:00,43.2,68.7,58.8,13.8
0,Los Angeles County,2025-04-09T15:00,38.4,66.3,72.3,15.5
0,Los Angeles County,2025-04-09T16:00,36.3,65.3,80,16.5
0,Los Angeles County,2025-04-09T17:00,35.4,64.9,82.8,16.9
0,Los Angeles County,2025-04-09T18:00,40.5,66.7,64.5,14.7
0,Los Angeles County,2025-04-09T19:00,48.9,69,41.2,12.2
0,Los Angeles County,2025-04-09T20:00,55.4,71,28,10.8
0,Los Angeles County,2025-04-09T21:00,61.4,72.8,18.6,9.7
0,Los Angeles County,2025-04-09T22:00,66.2,74.7,12.7,9
0,Los Angeles County,2025-04-09T23:00,70,75.6,7.9,8.5
0,Los Angeles County,2025-04-10T00:00,71.5,76.2,6.5,8.3
0,Los Angeles County,2025-04-10T01:00,73.8,77.7,5.4,8.1
0,Los Angeles County,2025-04-10T02:00,77.5,81,4.5,7.7
0,Los Angeles County,2025-04-10T03:00,84.3,86.4,2.4,7.1
0,Los Angeles County,2025-04-10T04:00,85.8,89,3.8,6.9
0,Los Angeles County,2025-04-10T05:00,74,86.9,17.4,8.1
0,Los Angeles County,2025-04-10T06:00,57.6,79.5,38,10.4
0,Los Angeles County,2025-04-10T07:00,42.7,69.9,63.6,14
0,Los Angeles County,2025-04-10T08:00,39.1,67.2,71.8,15.3
0,Los Angeles County,2025-04-10T09:00,45.1,70.8,56.7,13.2
0,Los Angeles County,2025-04-10T10:00,48.6,72,48,12.3
0,Los Angeles County,2025-04-10T11:00,49.3,71.8,45.4,12.1
0,Los Angeles County,2025-04-10T12:00,47.6,70.5,48.2,12.6
0,Los Angeles County,2025-04-10T13:00,46,70.5,53.2,13
0,Los Angeles County,2025-04-10T14:00,42,68.8,63.6,14.2
0,Los Angeles County,2025-04-10T15:00,37,66.3,78.7,16.1
0,Los Angeles County,2025-04-10T16:00,35.1,65.3,85.9,17
0,Los Angeles County,2025-04-10T17:00,34.5,64.9,87.7,17.3
0,Los Angeles County,2025-04-10T18:00,39.3,66.6,69.4,15.2
0,Los Angeles County,2025-04-10T19:00,46.9,69.1,47.3,12.7
0,Los Angeles County,2025-04-10T20:00,53.6,72,34.2,11.1
0,Los Angeles County,2025-04-10T21:00,58.7,73.5,25,10.2
0,Los Angeles County,2025-04-10T22:00,64.6,75.4,16.6,9.2
0,Los Angeles County,2025-04-10T23:00,69.7,76,9.1,8.6
0,Los Angeles County,2025-04-11T00:00,72.3,76.6,5.9,8.2
0,Los Angeles County,2025-04-11T01:00,74.5,78.3,4.9,8
0,Los Angeles County,2025-04-11T02:00,77.4,80.6,4.1,7.7
0,Los Angeles County,2025-04-11T03:00,83.2,85.3,2.5,7.2
0,Los Angeles County,2025-04-11T04:00,85.7,88.5,3.3,7
0,Los Angeles County,2025-04-11T05:00,77.3,87.3,12.8,7.7
0,Los Angeles County,2025-04-11T06:00,63.1,81,28.3,9.5
0,Los Angeles County,2025-04-11T07:00,47.8,71.5,49.6,12.5
0,Los Angeles County,2025-04-11T08:00,45.1,69.5,53.8,13.2
0,Los Angeles County,2025-04-11T09:00,50.5,72.9,44.2,11.8
0,Los Angeles County,2025-04-11T10:00,50.4,73.1,45,11.9
0,Los Angeles County,2025-04-11T11:00,48.7,72.2,48.3,12.3
0,Los Angeles County,2025-04-11T12:00,45.7,70.6,54.5,13.1
0,Los Angeles County,2025-04-11T13:00,43.3,69.7,61,13.8
0,Los Angeles County,2025-04-11T14:00,40.2,68.5,70.3,14.8
0,Los Angeles County,2025-04-11T15:00,37.3,67.1,79.7,16
0,Los Angeles County,2025-04-11T16:00,36.9,67,81.7,16.2
0,Los Angeles County,2025-04-11T17:00,37.3,66.8,78.8,16
0,Los Angeles County,2025-04-11T18:00,42.9,68.7,59.9,13.9
0,Los Angeles County,2025-04-11T19:00,50.4,70.9,40.7,11.9
0,Los Angeles County,2025-04-11T20:00,54.8,72.6,32.4,10.9
0,Los Angeles County,2025-04-11T21:00,59.2,73.9,24.9,10.1
0,Los Angeles County,2025-04-11T22:00,61.2,75.3,23,9.8
0,Los Angeles County,2025-04-11T23:00,67.1,76.3,13.7,8.9
0,Los Angeles County,2025-04-12T00:00,70.3,76.1,8.1,8.5
0,Los Angeles County,2025-04-12T01:00,71.1,75.5,6.2,8.4
0,Los Angeles County,2025-04-12T02:00,72.4,76.3,5.4,8.2
0,Los Angeles County,2025-04-12T03:00,78.1,80.5,3.1,7.6
0,Los Angeles County,2025-04-12T04:00,82.9,84.5,1.8,7.2
0,Los Angeles County,2025-04-12T05:00,83.3,85.8,3,7.2
0,Los Angeles County,2025-04-12T06:00,80.1,84.6,5.5,7.4
0,Los Angeles County,2025-04-12T07:00,73.9,82.2,11.2,8.1
0,Los Angeles County,2025-04-12T08:00,68.1,79.9,17.2,8.7
0,Los Angeles County,2025-04-12T09:00,61.2,77.8,27,9.7
0,Los Angeles County,2025-04-12T10:00,55,75.7,37.5,10.9
0,Los Angeles County,2025-04-12T11:00,50.8,73.9,45.4,11.7
0,Los Angeles County,2025-04-12T12:00,47.7,72.5,51.8,12.5
0,Los Angeles County,2025-04-12T13:00,46.8,72,53.7,12.8
0,Los Angeles County,2025-04-12T14:00,47,72.3,53.7,12.7
0,Los Angeles County,2025-04-12T15:00,46.7,72.4,55,12.8
0,Los Angeles County,2025-04-12T16:00,46.6,72.5,55.4,12.8
0,Los Angeles County,2025-04-12T17:00,47.8,72.6,51.9,12.5
0,Los Angeles County,2025-04-12T18:00,51.4,73,41.8,11.6
0,Los Angeles County,2025-04-12T19:00,55.1,73.1,32.5,10.8
0,Los Angeles County,2025-04-12T20:00,58,74.3,28.1,10.3
0,Los Angeles County,2025-04-12T21:00,61.3,76,24,9.7
0,Los Angeles County,2025-04-12T22:00,64.7,76.9,18.7,9.2
0,Los Angeles County,2025-04-12T23:00,69.3,77.4,11.5,8.6
0,Los Angeles County,2025-04-13T00:00,71.3,76.4,7.1,8.4
0,Los Angeles County,2025-04-13T01:00,71.7,75.4,5.1,8.3
0,Los Angeles County,2025-04-13T02:00,72.9,75.8,3.9,8.2
0,Los Angeles County,2025-04-13T03:00,76.9,78.8,2.4,7.8
0,Los Angeles County,2025-04-13T04:00,80,81.6,1.9,7.4
0,Los Angeles County,2025-04-13T05:00,81.4,83.3,2.3,7.3
0,Los Angeles County,2025-04-13T06:00,81.2,83.4,2.6,7.3
0,Los Angeles County,2025-04-13T07:00,77.9,82,5.2,7.6
0,Los Angeles County,2025-04-13T08:00,73.3,80.1,9.2,8.1
0,Los Angeles County,2025-04-13T09:00,66.8,78.6,17.6,8.9
0,Los Angeles County,2025-04-13T10:00,63,77.7,23.3,9.5
0,Los Angeles County,2025-04-13T11:00,60,76.7,27.7,9.9
0,Los Angeles County,2025-04-13T12:00,56.4,75.3,33.4,10.6
0,Los Angeles County,2025-04-13T13:00,54,74.5,37.9,11
0,Los Angeles County,2025-04-13T14:00,53.8,74.8,39.1,11.1
0,Los Angeles County,2025-04-13T15:00,54.5,74.9,37.4,10.9
0,Los Angeles County,2025-04-13T16:00,56.6,75,32.5,10.5
0,Los Angeles County,2025-04-13T17:00,58,74.9,29,10.3
0,Los Angeles County,2025-04-13T18:00,59.2,74.6,25.9,10.1
0,Los Angeles County,2025-04-13T19:00,59.5,75.1,26,10
0,Los Angeles County,2025-04-13T20:00,61.7,76.5,24,9.7
0,Los Angeles County,2025-04-13T21:00,66.7,78,16.8,8.9
0,Los Angeles County,2025-04-13T22:00,70.7,78.6,11.1,8.4
0,Los Angeles County,2025-04-13T23:00,73.9,78.6,6.3,8.1
0,Los Angeles County,2025-04-14T00:00,75.5,78.4,3.7,7.9
0,Los Angeles County,2025-04-14T01:00,77.5,79.9,3,7.7
0,Los Angeles County,2025-04-14T02:00,80.6,82.7,2.6,7.4
0,Los Angeles County,2025-04-14T03:00,85.9,87,1.2,6.9
0,Los Angeles County,2025-04-14T04:00,87.7,90.1,2.7,6.8
0,Los Angeles County,2025-04-14T05:00,76.7,88,14.7,7.8
0,Los Angeles County,2025-04-14T06:00,61.3,81.1,32.2,9.7
0,Los Angeles County,2025-04-14T07:00,49.8,73,46.6,12
0,Los Angeles County,2025-04-14T08:00,48.8,71,45.5,12.2
0,Los Angeles County,2025-04-14T09:00,54.4,73.6,35.2,11
0,Los Angeles County,2025-04-14T10:00,55.9,74.5,33.2,10.7
0,Los Angeles County,2025-04-14T11:00,54.7,73.5,34.1,10.9
0,Los Angeles County,2025-04-14T12:00,52.3,72.2,37.8,11.4
0,Los Angeles County,2025-04-14T13:00,50.9,71.9,41.1,11.7
0,Los Angeles County,2025-04-14T14:00,46.8,70.7,50.9,12.8
0,Los Angeles County,2025-04-14T15:00,42.7,68.8,61.1,14
0,Los Angeles County,2025-04-14T16:00,41.4,68.3,64.6,14.4
0,Los Angeles County,2025-04-14T17:00,40.9,67.6,65,14.6
0,Los Angeles County,2025-04-14T18:00,47.8,69.3,44.7,12.5
0,Los Angeles County,2025-04-14T19:00,55.9,70.8,26.6,10.7
0,Los Angeles County,2025-04-14T20:00,59.5,71.9,20.7,10
0,Los Angeles County,2025-04-14T21:00,63.4,73.7,16.1,9.4
0,Los Angeles County,2025-04-14T22:00,67.3,75.7,12.4,8.9
0,Los Angeles County,2025-04-14T23:00,71,76.5,7.6,8.4
0,Los Angeles County,2025-04-15T00:00,73.1,77.1,5.4,8.1
0,Los Angeles County,2025-04-15T01:00,75.7,79.4,4.8,7.9
0,Los Angeles County,2025-04-15T02:00,78.1,81.8,4.7,7.6
0,Los Angeles County,2025-04-15T03:00,83.8,85.9,2.4,7.1
0,Los Angeles County,2025-04-15T04:00,86.3,89.2,3.3,6.9
0,Los Angeles County,2025-04-15T05:00,74.4,87.1,16.9,8
0,Los Angeles County,2025-04-15T06:00,58.2,79.6,36.6,10.2
0,Los Angeles County,2025-04-15T07:00,46.8,71.9,53.5,12.8
0,Los Angeles County,2025-04-15T08:00,44.3,69.5,56.8,13.5
0,Los Angeles County,2025-04-15T09:00,49.1,71.7,46.1,12.2
0,Los Angeles County,2025-04-15T10:00,52.1,72.8,39.7,11.5
0,Los Angeles County,2025-04-15T11:00,52.1,72,38,11.5
0,Los Angeles County,2025-04-15T12:00,49.8,70.7,41.7,12
0,Los Angeles County,2025-04-15T13:00,47.9,70.4,46.9,12.5
0,Los Angeles County,2025-04-15T14:00,44.7,69.5,55.4,13.4
0,Los Angeles County,2025-04-15T15:00,40.5,67.5,66.3,14.7
0,Los Angeles County,2025-04-15T16:00,38.5,66.7,73.3,15.5
0,Los Angeles County,2025-04-15T17:00,37,65.8,77.6,16.1
0,Los Angeles County,2025-04-15T18:00,43,67.7,57.2,13.9
0,Los Angeles County,2025-04-15T19:00,52.2,69.9,33.9,11.4
0,Los Angeles County,2025-04-15T20:00,58.6,71.8,22.4,10.2
0,Los Angeles County,2025-04-15T21:00,62.6,73.2,16.9,9.5
0,Los Angeles County,2025-04-15T22:00,66.7,75,12.5,8.9
0,Los Angeles County,2025-04-15T23:00,70.9,76.3,7.6,8.4
0,Los Angeles County,2025-04-16T00:00,72.5,76.6,5.7,8.2
0,Los Angeles County,2025-04-16T01:00,74.6,78.5,5.1,8
0,Los Angeles County,2025-04-16T02:00,77.3,81.1,4.9,7.7
0,Los Angeles County,2025-04-16T03:00,83.6,85.7,2.4,7.1
0,Los Angeles County,2025-04-16T04:00,86.5,89,2.8,6.9
0,Los Angeles County,2025-04-16T05:00,75.3,87,15.5,7.9
0,Los Angeles County,2025-04-16T06:00,60,80.2,33.5,9.9
0,Los Angeles County,2025-04-16T07:00,48.2,72.4,50,12.4
0,Los Angeles County,2025-04-16T08:00,46.2,70.1,51.8,12.9
0,Los Angeles County,2025-04-16T09:00,50.8,72.4,42.4,11.8
0,Los Angeles County,2025-04-16T10:00,52.7,73.1,38.7,11.3
0,Los Angeles County,2025-04-16T11:00,52.7,72.5,37.4,11.3
0,Los Angeles County,2025-04-16T12:00,50.9,71.2,39.7,11.7
0,Los Angeles County,2025-04-16T13:00,49.7,71,42.8,12
0,Los Angeles County,2025-04-16T14:00,45.8,70.1,53.1,13
0,Los Angeles County,2025-04-16T15:00,40.8,67.9,66,14.6
0,Los Angeles County,2025-04-16T16:00,38.8,67.1,72.9,15.4
0,Los Angeles County,2025-04-16T17:00,37.4,66.3,77.3,16
0,Los Angeles County,2025-04-16T18:00,42.8,68,58.7,14
0,Los Angeles County,2025-04-16T19:00,51.6,70.1,35.7,11.6
0,Los Angeles County,2025-04-16T20:00,57.7,71.9,24.4,10.3
0,Los Angeles County,2025-04-16T21:00,61.5,73.1,18.8,9.7
0,Los Angeles County,2025-04-16T22:00,65.7,75,14.2,9.1
0,Los Angeles County,2025-04-16T23:00,70.5,76.4,8.2,8.4
0,Los Angeles County,2025-04-17T00:00,72.9,77,5.5,8.2
0,Los Angeles County,2025-04-17T01:00,74.9,79,5.3,8
0,Los Angeles County,2025-04-17T02:00,77.6,81.3,4.7,7.7
0,Los Angeles County,2025-04-17T03:00,83.4,85.8,2.8,7.1
0,Los Angeles County,2025-04-17T04:00,85.8,88.9,3.6,6.9
0,Los Angeles County,2025-04-17T05:00,75.6,87.2,15.4,7.9
0,Los Angeles County,2025-04-17T06:00,61,80.4,31.7,9.8
0,Los Angeles County,2025-04-17T07:00,50,73,45.9,11.9
0,Los Angeles County,2025-04-17T08:00,47.6,70.5,48.2,12.6
0,Los Angeles County,2025-04-17T09:00,52.3,73.1,39.8,11.4
0,Los Angeles County,2025-04-17T10:00,53.3,73.9,38.5,11.2
0,Los Angeles County,2025-04-17T11:00,51.5,72.8,41.3,11.6
0,Los Angeles County,2025-04-17T12:00,48.7,71.2,46.1,12.3
0,Los Angeles County,2025-04-17T13:00,47.3,70.9,49.9,12.6
0,Los Angeles County,2025-04-17T14:00,44.1,70.1,58.8,13.5
0,Los Angeles County,2025-04-17T15:00,40,68.1,70.3,14.9
0,Los Angeles County,2025-04-17T16:00,38.2,67.2,75.9,15.7
0,Los Angeles County,2025-04-17T17:00,37.4,66.6,77.8,16
0,Los Angeles County,2025-04-17T18:00,42.6,68.4,60.7,14
0,Los Angeles County,2025-04-17T19:00,50.2,71,41.2,11.9
0,Los Angeles County,2025-04-17T20:00,56.6,72.9,28.8,10.5
0,Los Angeles County,2025-04-17T21:00,61.1,74.5,21.8,9.8
0,Los Angeles County,2025-04-17T22:00,66.2,75.5,14,9
0,Los Angeles County,2025-04-17T23:00,70,76.6,9.5,8.5
0,Los Angeles County,2025-04-18T00:00,72.4,78.3,8.2,8.2
0,Los Angeles County,2025-04-18T01:00,75.5,79,4.7,7.9
0,Los Angeles County,2025-04-18T02:00,76.8,80.4,4.5,7.8
0,Los Angeles County,2025-04-18T03:00,82.3,84.4,2.5,7.2
0,Los Angeles County,2025-04-18T04:00,86.1,88.1,2.3,6.9
0,Los Angeles County,2025-04-18T05:00,79.4,87.1,9.7,7.5
0,Los Angeles County,2025-04-18T06:00,69.5,81.9,17.8,8.6
0,Los Angeles County,2025-04-18T07:00,60.7,76,25.2,9.8
0,Los Angeles County,2025-04-18T08:00,57.5,73.6,27.9,10.4
0,Los Angeles County,2025-04-18T09:00,58.6,75.1,28.1,10.2
0,Los Angeles County,2025-04-18T10:00,55.6,74.8,34.5,10.7
0,Los Angeles County,2025-04-18T11:00,51.4,73.3,42.4,11.6
0,Los Angeles County,2025-04-18T12:00,47.6,71.5,50.1,12.5
0,Los Angeles County,2025-04-18T13:00,45.3,70.9,56.4,13.2
0,Los Angeles County,2025-04-18T14:00,43.2,70.1,62.1,13.8
0,Los Angeles County,2025-04-18T15:00,42,69.2,64.6,14.2
0,Los Angeles County,2025-04-18T16:00,43.7,69.7,59.3,13.7
0,Los Angeles County,2025-04-18T17:00,45.3,69.8,54.1,13.2
0,Los Angeles County,2025-04-18T18:00,50,71.1,42,11.9
0,Los Angeles County,2025-04-18T19:00,54.7,71.9,31.3,10.9
0,Los Angeles County,2025-04-18T20:00,58.4,72.7,24.4,10.2
0,Los Angeles County,2025-04-18T21:00,61.4,74,20.5,9.7
0,Los Angeles County,2025-04-18T22:00,64.6,75.2,16.3,9.2
0,Los Angeles County,2025-04-18T23:00,67.8,76.3,12.5,8.8
0,Los Angeles County,2025-04-19T00:00,69.9,77.1,10.2,8.5
0,Los Angeles County,2025-04-19T01:00,71.7,75.9,5.7,8.3
0,Los Angeles County,2025-04-19T02:00,72.5,75.8,4.4,8.2
0,Los Angeles County,2025-04-19T03:00,77.4,79.9,3.2,7.7
0,Los Angeles County,2025-04-19T04:00,81.2,83.4,2.7,7.3
0,Los Angeles County,2025-04-19T05:00,82.1,84.7,3.1,7.2
0,Los Angeles County,2025-04-19T06:00,79.6,83.3,4.5,7.5
0,Los Angeles County,2025-04-19T07:00,74.5,81.5,9.3,8
0,Los Angeles County,2025-04-19T08:00,68.9,79.3,15,8.7
0,Los Angeles County,2025-04-19T09:00,62,77.2,24.5,9.6
0,Los Angeles County,2025-04-19T10:00,55.9,75.4,34.9,10.7
0,Los Angeles County,2025-04-19T11:00,52,74,42.3,11.5
0,Los Angeles County,2025-04-19T12:00,49.4,72.6,47,12.1
0,Los Angeles County,2025-04-19T13:00,48.8,72.3,48.1,12.2
0,Los Angeles County,2025-04-19T14:00,48.7,72.3,48.2,12.2
0,Los Angeles County,2025-04-19T15:00,49.5,72.6,46.7,12.1
0,Los Angeles County,2025-04-19T16:00,50.2,73,45.3,11.9
0,Los Angeles County,2025-04-19T17:00,52.1,73.4,40.8,11.4
0,Los Angeles County,2025-04-19T18:00,54.6,73.7,35,10.9
0,Los Angeles County,2025-04-19T19:00,57.2,73.4,28.3,10.4
0,Los Angeles County,2025-04-19T20:00,59.2,74.2,25.2,10.1
0,Los Angeles County,2025-04-19T21:00,62.8,75.9,20.8,9.5
0,Los Angeles County,2025-04-19T22:00,66.5,76.7,15.3,9
0,Los Angeles County,2025-04-19T23:00,69.2,77.2,11.5,8.6
0,Los Angeles County,2025-04-20T00:00,71.1,77.2,8.4,8.4
0,Los Angeles County,2025-04-20T01:00,72.8,76.8,5.4,8.2
0,Los Angeles County,2025-04-20T02:00,72.5,75.8,4.5,8.2
0,Los Angeles County,2025-04-20T03:00,75.9,78.2,2.9,7.8
0,Los Angeles County,2025-04-20T04:00,79.2,80.6,1.8,7.5
0,Los Angeles County,2025-04-20T05:00,79.8,81.6,2.2,7.5
0,Los Angeles County,2025-04-20T06:00,78.9,80.8,2.4,7.6
0,Los Angeles County,2025-04-20T07:00,75,79.2,5.4,7.9
0,Los Angeles County,2025-04-20T08:00,72.1,78.4,8.7,8.3
0,Los Angeles County,2025-04-20T09:00,68.6,77.8,13.4,8.7
0,Los Angeles County,2025-04-20T10:00,65.4,77.6,18.5,9.1
0,Los Angeles County,2025-04-20T11:00,61.6,76.8,24.6,9.7
0,Los Angeles County,2025-04-20T12:00,57,75.8,32.8,10.5
0,Los Angeles County,2025-04-20T13:00,53.2,75.1,41,11.2
0,Los Angeles County,2025-04-20T14:00,53.6,75.3,40.5,11.1
0,Los Angeles County,2025-04-20T15:00,57.1,75.9,32.9,10.4
0,Los Angeles County,2025-04-20T16:00,61.7,76.8,24.6,9.7
0,Los Angeles County,2025-04-20T17:00,63.9,77.2,20.6,9.3
0,Los Angeles County,2025-04-20T18:00,64.3,77.4,20.3,9.3
0,Los Angeles County,2025-04-20T19:00,62.7,78,24.5,9.5
0,Los Angeles County,2025-04-20T20:00,60.9,79.1,30,9.8
0,Los Angeles County,2025-04-20T21:00,66.2,80.6,21.8,9
0,Los Angeles County,2025-04-20T22:00,73,80.9,10.8,8.2
0,Los Angeles County,2025-04-20T23:00,75.7,79.9,5.5,7.9
0,Los Angeles County,2025-04-21T00:00,76.6,79.5,3.8,7.8
0,Los Angeles County,2025-04-21T01:00,77.9,80.2,2.8,7.6
0,Los Angeles County,2025-04-21T02:00,80.2,82.2,2.4,7.4
0,Los Angeles County,2025-04-21T03:00,86.5,87.2,0.8,6.9
0,Los Angeles County,2025-04-21T04:00,88.5,90.5,2.2,6.7
0,Los Angeles County,2025-04-21T05:00,77.1,88.1,14.2,7.7
0,Los Angeles County,2025-04-21T06:00,62.3,81.1,30.1,9.6
0,Los Angeles County,2025-04-21T07:00,48.8,71.9,47.3,12.2
0,Los Angeles County,2025-04-21T08:00,46.8,70,49.6,12.8
0,Los Angeles County,2025-04-21T09:00,53.2,73.3,37.8,11.2
0,Los Angeles County,2025-04-21T10:00,54.8,74.1,35.3,10.9
0,Los Angeles County,2025-04-21T11:00,53.2,73.2,37.6,11.2
0,Los Angeles County,2025-04-21T12:00,50.8,71.8,41.2,11.7
0,Los Angeles County,2025-04-21T13:00,49.8,71.6,43.7,12
0,Los Angeles County,2025-04-21T14:00,46.5,70.5,51.5,12.8
0,Los Angeles County,2025-04-21T15:00,41.8,68,62.5,14.3
0,Los Angeles County,2025-04-21T16:00,40.4,67.5,67.1,14.8
0,Los Angeles County,2025-04-21T17:00,40.4,67.3,66.3,14.8
0,Los Angeles County,2025-04-21T18:00,47.4,69.3,46.1,12.6
0,Los Angeles County,2025-04-21T19:00,55.4,71,28,10.8
0,Los Angeles County,2025-04-21T20:00,59.8,72.4,21,10
0,Los Angeles County,2025-04-21T21:00,63.9,73.9,15.5,9.3
0,Los Angeles County,2025-04-21T22:00,68.1,75.8,11.3,8.8
0,Los Angeles County,2025-04-21T23:00,71.7,76.7,6.9,8.3
0,Los Angeles County,2025-04-22T00:00,73.1,77.3,5.8,8.2
0,Los Angeles County,2025-04-22T01:00,76.1,79.7,4.7,7.8
0,Los Angeles County,2025-04-22T02:00,78.6,82.3,4.8,7.6
0,Los Angeles County,2025-04-22T03:00,84.3,86.3,2.3,7.1
0,Los Angeles County,2025-04-22T04:00,86.7,89.3,2.9,6.9
0,Los Angeles County,2025-04-22T05:00,75,87.1,16.1,7.9
0,Los Angeles County,2025-04-22T06:00,58.3,79.5,36.3,10.2
0,Los Angeles County,2025-04-22T07:00,44,70.2,59.5,13.6
0,Los Angeles County,2025-04-22T08:00,40.6,67.6,66.2,14.7
0,Los Angeles County,2025-04-22T09:00,46.7,71,51.9,12.8
0,Los Angeles County,2025-04-22T10:00,50.4,72.1,43.1,11.8
0,Los Angeles County,2025-04-22T11:00,51,71.5,40.2,11.7
0,Los Angeles County,2025-04-22T12:00,49.5,70.2,41.7,12.1
0,Los Angeles County,2025-04-22T13:00,47.8,69.9,46.1,12.5
0,Los Angeles County,2025-04-22T14:00,43.7,68.5,56.7,13.7
0,Los Angeles County,2025-04-22T15:00,39.3,66.7,69.5,15.2
0,Los Angeles County,2025-04-22T16:00,36.7,65.7,79,16.3
0,Los Angeles County,2025-04-22T17:00,35.4,65,83.6,16.9
0,Los Angeles County,2025-04-22T18:00,40.6,66.7,64.2,14.7
0,Los Angeles County,2025-04-22T19:00,50.3,69.3,37.8,11.9
0,Los Angeles County,2025-04-22T20:00,56.9,71.1,24.9,10.5
0,Los Angeles County,2025-04-22T21:00,61.7,72.5,17.4,9.7
0,Los Angeles County,2025-04-22T22:00,65.2,74.5,14.2,9.1
0,Los Angeles County,2025-04-22T23:00,69.8,75.3,7.9,8.5
0,Los Angeles County,2025-04-23T00:00,72,76.3,5.9,8.3
0,Los Angeles County,2025-04-23T01:00,74.3,78.2,5.2,8
0,Los Angeles County,2025-04-23T02:00,77,80.6,4.6,7.7
0,Los Angeles County,2025-04-23T03:00,83.7,85.6,2.2,7.1
0,Los Angeles County,2025-04-23T04:00,86.1,89,3.3,6.9
0,Los Angeles County,2025-04-23T05:00,75.3,86.9,15.4,7.9
0,Los Angeles County,2025-04-23T06:00,59,79.6,34.9,10.1
0,Los Angeles County,2025-04-23T07:00,44.7,70.4,57.3,13.4
0,Los Angeles County,2025-04-23T08:00,41.4,67.9,63.6,14.4
0,Los Angeles County,2025-04-23T09:00,47.8,71.3,49.1,12.5
0,Los Angeles County,2025-04-23T10:00,52.4,72.6,38.5,11.4
0,Los Angeles County,2025-04-23T11:00,52.7,72,36.5,11.3
0,Los Angeles County,2025-04-23T12:00,50.6,70.6,39.7,11.8
0,Los Angeles County,2025-04-23T13:00,49.6,70.6,42.4,12
0,Los Angeles County,2025-04-23T14:00,45.5,69.5,52.6,13.1
0,Los Angeles County,2025-04-23T15:00,40.1,67.1,67.3,14.9
0,Los Angeles County,2025-04-23T16:00,37.4,66.1,76.5,16
0,Los Angeles County,2025-04-23T17:00,36.3,65.4,80.1,16.5
0,Los Angeles County,2025-04-23T18:00,41.8,67.2,60.8,14.3
0,Los Angeles County,2025-04-23T19:00,50.4,69.3,37.5,11.8
0,Los Angeles County,2025-04-23T20:00,56.6,71.3,25.8,10.5
0,Los Angeles County,2025-04-23T21:00,61.6,72.8,18.1,9.7
0,Los Angeles County,2025-04-23T22:00,66,74.8,13.2,9
0,Los Angeles County,2025-04-23T23:00,70,75.8,8.3,8.5
0,Los Angeles County,2025-04-24T00:00,72.1,76.3,5.8,8.3
0,Los Angeles County,2025-04-24T01:00,73.1,77.4,5.8,8.1
0,Los Angeles County,2025-04-24T02:00,76.9,80.3,4.5,7.8
0,Los Angeles County,2025-04-24T03:00,83.3,85.3,2.4,7.2
0,Los Angeles County,2025-04-24T04:00,85.5,88.6,3.5,7
0,Los Angeles County,2025-04-24T05:00,75.8,87,14.7,7.9
0,Los Angeles County,2025-04-24T06:00,61,80.4,31.8,9.8
0,Los Angeles County,2025-04-24T07:00,49,72.5,47.8,12.2
0,Los Angeles County,2025-04-24T08:00,46.1,70.1,51.9,13
0,Los Angeles County,2025-04-24T09:00,51.3,72.7,41.8,11.6
0,Los Angeles County,2025-04-24T10:00,53.1,73.4,38,11.2
0,Los Angeles County,2025-04-24T11:00,51.7,72.2,39.6,11.5
0,Los Angeles County,2025-04-24T12:00,49.5,70.9,43.3,12.1
0,Los Angeles County,2025-04-24T13:00,47.9,70.7,47.7,12.5
0,Los Angeles County,2025-04-24T14:00,44.5,69.7,56.7,13.4
0,Los Angeles County,2025-04-24T15:00,39.9,67.4,68.7,15
0,Los Angeles County,2025-04-24T16:00,38.2,66.5,74,15.6
0,Los Angeles County,2025-04-24T17:00,37.5,66,76.1,15.9
0,Los Angeles County,2025-04-24T18:00,43.1,67.7,57.1,13.9
0,Los Angeles County,2025-04-24T19:00,51.3,70.1,36.5,11.6
0,Los Angeles County,2025-04-24T20:00,56.4,71.9,27.4,10.6
0,Los Angeles County,2025-04-24T21:00,60.4,73.5,21.7,9.9
0,Los Angeles County,2025-04-24T22:00,64.9,75,15.6,9.2
0,Los Angeles County,2025-04-24T23:00,69.2,75.8,9.5,8.6
0,Los Angeles County,2025-04-25T00:00,72.3,76.6,5.8,8.2
0,Los Angeles County,2025-04-25T01:00,74.1,77.5,4.5,8
0,Los Angeles County,2025-04-25T02:00,76.6,79.8,4,7.8
0,Los Angeles County,2025-04-25T03:00,82.5,84.6,2.5,7.2
0,Los Angeles County,2025-04-25T04:00,85.4,88.2,3.1,7
0,Los Angeles County,2025-04-25T05:00,77.5,86.8,11.9,7.7
0,Los Angeles County,2025-04-25T06:00,64.5,80.8,25.1,9.2
0,Los Angeles County,2025-04-25T07:00,50.8,71.8,41.3,11.8
0,Los Angeles County,2025-04-25T08:00,47.8,69.8,45.7,12.5
0,Los Angeles County,2025-04-25T09:00,53.3,73.6,37.9,11.2
0,Los Angeles County,2025-04-25T10:00,53.6,73.9,37.8,11.1
0,Los Angeles County,2025-04-25T11:00,51,72.7,42.5,11.7
0,Los Angeles County,2025-04-25T12:00,47.5,71,49.3,12.6
0,Los Angeles County,2025-04-25T13:00,45.6,70.7,54.8,13.1
0,Los Angeles County,2025-04-25T14:00,42.1,69.1,63.9,14.2
0,Los Angeles County,2025-04-25T15:00,38.1,67.1,75.7,15.7
0,Los Angeles County,2025-04-25T16:00,37.9,67.1,76.7,15.7
0,Los Angeles County,2025-04-25T17:00,39,67.6,72.9,15.3
0,Los Angeles County,2025-04-25T18:00,44,69,56.6,13.6
0,Los Angeles County,2025-04-25T19:00,50.7,70.5,39,11.8
0,Los Angeles County,2025-04-25T20:00,55.8,72,29,10.7
0,Los Angeles County,2025-04-25T21:00,59.8,73.3,22.5,10
0,Los Angeles County,2025-04-25T22:00,62.4,74.5,19.2,9.6
0,Los Angeles County,2025-04-25T23:00,64.8,75.1,15.8,9.2
0,Los Angeles County,2025-04-26T00:00,69.1,75.5,9.1,8.6
0,Los Angeles County,2025-04-26T01:00,71.2,75.1,5.5,8.4
0,Los Angeles County,2025-04-26T02:00,71.7,75.3,4.9,8.3
0,Los Angeles County,2025-04-26T03:00,76.8,79.4,3.3,7.8
0,Los Angeles County,2025-04-26T04:00,81.4,83.3,2.4,7.3
0,Los Angeles County,2025-04-26T05:00,81.7,84.7,3.6,7.3
0,Los Angeles County,2025-04-26T06:00,79.5,83.6,5.1,7.5
0,Los Angeles County,2025-04-26T07:00,72.8,81.2,11.6,8.2
0,Los Angeles County,2025-04-26T08:00,65.2,78.5,20.3,9.1
0,Los Angeles County,2025-04-26T09:00,56,76.2,36,10.7
0,Los Angeles County,2025-04-26T10:00,52,74.4,43,11.5
0,Los Angeles County,2025-04-26T11:00,51.6,73.8,42.9,11.6
0,Los Angeles County,2025-04-26T12:00,49.5,72.4,46.1,12.1
0,Los Angeles County,2025-04-26T13:00,49.7,72.7,46.2,12
0,Los Angeles County,2025-04-26T14:00,50.5,72.8,44.2,11.8
0,Los Angeles County,2025-04-26T15:00,51.4,72.7,41.5,11.6
0,Los Angeles County,2025-04-26T16:00,50.9,72.7,42.7,11.7
0,Los Angeles County,2025-04-26T17:00,52.1,72.7,39.4,11.4
0,Los Angeles County,2025-04-26T18:00,54.6,72.6,32.9,10.9
0,Los Angeles County,2025-04-26T19:00,57.3,72.3,26.2,10.4
0,Los Angeles County,2025-04-26T20:00,59.3,73.2,23.4,10.1
0,Los Angeles County,2025-04-26T21:00,61.5,74.7,21.5,9.7
0,Los Angeles County,2025-04-26T22:00,64.3,76.1,18.3,9.3
0,Los Angeles County,2025-04-26T23:00,67.4,76.6,13.5,8.8
0,Los Angeles County,2025-04-27T00:00,69.4,75.4,8.6,8.6
0,Los Angeles County,2025-04-27T01:00,70.4,74.3,5.5,8.5
0,Los Angeles County,2025-04-27T02:00,70.9,74,4.4,8.4
0,Los Angeles County,2025-04-27T03:00,75,77.4,3.1,7.9
0,Los Angeles County,2025-04-27T04:00,79.1,80.8,2,7.5
0,Los Angeles County,2025-04-27T05:00,80.1,82.2,2.6,7.4
0,Los Angeles County,2025-04-27T06:00,80.6,82.4,2.2,7.4
0,Los Angeles County,2025-04-27T07:00,76.9,81,5.3,7.8
0,Los Angeles County,2025-04-27T08:00,72.4,79.2,9.2,8.2
0,Los Angeles County,2025-04-27T09:00,68.2,78.3,14.8,8.7
0,Los Angeles County,2025-04-27T10:00,62.5,77,23.1,9.5
0,Los Angeles County,2025-04-27T11:00,58.6,76,29.6,10.2
0,Los Angeles County,2025-04-27T12:00,54.6,74.4,36.2,10.9
0,Los Angeles County,2025-04-27T13:00,53.2,73.9,38.8,11.2
0,Los Angeles County,2025-04-27T14:00,53,73.9,39.3,11.3
0,Los Angeles County,2025-04-27T15:00,53,73.9,39.2,11.3
0,Los Angeles County,2025-04-27T16:00,52.3,74,41.4,11.4
0,Los Angeles County,2025-04-27T17:00,54.7,74.5,36,10.9
0,Los Angeles County,2025-04-27T18:00,57.7,74.7,29.3,10.3
0,Los Angeles County,2025-04-27T19:00,60.9,75.2,23.5,9.8
0,Los Angeles County,2025-04-27T20:00,63.2,76.1,20.3,9.4
0,Los Angeles County,2025-04-27T21:00,66.7,77.2,15.6,8.9
0,Los Angeles County,2025-04-27T22:00,70.2,77.9,11,8.5
0,Los Angeles County,2025-04-27T23:00,73.6,78.4,6.5,8.1
0,Los Angeles County,2025-04-28T00:00,75.7,79,4.3,7.9
0,Los Angeles County,2025-04-28T01:00,76.4,79,3.3,7.8
0,Los Angeles County,2025-04-28T02:00,79.5,81.5,2.5,7.5
0,Los Angeles County,2025-04-28T03:00,85.2,85.9,0.8,7
0,Los Angeles County,2025-04-28T04:00,87,89.1,2.3,6.8
0,Los Angeles County,2025-04-28T05:00,76.4,87.5,14.4,7.8
0,Los Angeles County,2025-04-28T06:00,60.8,80.4,32.1,9.8
0,Los Angeles County,2025-04-28T07:00,45.8,70.4,53.6,13
0,Los Angeles County,2025-04-28T08:00,42.8,68.1,59.2,14
0,Los Angeles County,2025-04-28T09:00,50.2,72.4,44,11.9
0,Los Angeles County,2025-04-28T10:00,54,73.4,35.7,11
0,Los Angeles County,2025-04-28T11:00,54.6,72.6,33,10.9
0,Los Angeles County,2025-04-28T12:00,53,71.5,34.7,11.3
0,Los Angeles County,2025-04-28T13:00,51,71.1,39.5,11.7
0,Los Angeles County,2025-04-28T14:00,46.2,69.7,50.7,12.9
0,Los Angeles County,2025-04-28T15:00,40.5,67.1,65.6,14.8
0,Los Angeles County,2025-04-28T16:00,38.7,66.4,71.7,15.4
0,Los Angeles County,2025-04-28T17:00,38.4,66.3,72.6,15.6
0,Los Angeles County,2025-04-28T18:00,44.6,68.1,52.8,13.4
0,Los Angeles County,2025-04-28T19:00,53.6,70.2,30.9,11.1
0,Los Angeles County,2025-04-28T20:00,58.2,71.2,22.3,10.3
0,Los Angeles County,2025-04-28T21:00,62.4,73,16.9,9.6
0,Los Angeles County,2025-04-28T22:00,66.6,75.1,12.8,9
0,Los Angeles County,2025-04-28T23:00,69.1,76.5,10.6,8.6
0,Los Angeles County,2025-04-29T00:00,70.6,77.3,9.4,8.4
0,Los Angeles County,2025-04-29T01:00,75.1,79.1,5.2,7.9
0,Los Angeles County,2025-04-29T02:00,77.4,81.1,4.7,7.7
0,Los Angeles County,2025-04-29T03:00,83.7,85.9,2.5,7.1
0,Los Angeles County,2025-04-29T04:00,86,88.7,3.1,6.9
0,Los Angeles County,2025-04-29T05:00,74.7,86.7,16,8
0,Los Angeles County,2025-04-29T06:00,57.9,79.1,36.5,10.3
0,Los Angeles County,2025-04-29T07:00,41.8,69,64.8,14.3
0,Los Angeles County,2025-04-29T08:00,38.1,66.5,74.6,15.7
0,Los Angeles County,2025-04-29T09:00,44.5,70.3,57.7,13.4
0,Los Angeles County,2025-04-29T10:00,49.1,71.6,45.9,12.2
0,Los Angeles County,2025-04-29T11:00,50.1,70.9,41.4,11.9
0,Los Angeles County,2025-04-29T12:00,48.6,69.7,43.4,12.3
0,Los Angeles County,2025-04-29T13:00,47,69.6,47.8,12.7
0,Los Angeles County,2025-04-29T14:00,42.7,68,59,14
0,Los Angeles County,2025-04-29T15:00,37.9,65.9,73.8,15.8
0,Los Angeles County,2025-04-29T16:00,36,65.4,81.4,16.6
0,Los Angeles County,2025-04-29T17:00,34.9,64.8,85.6,17.1
0,Los Angeles County,2025-04-29T18:00,39.6,66.2,67,15.1
0,Los Angeles County,2025-04-29T19:00,49,68.8,40.2,12.2
0,Los Angeles County,2025-04-29T20:00,56.6,71,25.4,10.5
0,Los Angeles County,2025-04-29T21:00,62.2,72.7,16.8,9.6
0,Los Angeles County,2025-04-29T22:00,65.6,75.1,14.3,9.1
0,Los Angeles County,2025-04-29T23:00,69.9,75.9,8.5,8.5
0,Los Angeles County,2025-04-30T00:00,71.2,76.2,6.9,8.4
0,Los Angeles County,2025-04-30T01:00,74.4,78.5,5.5,8
0,Los Angeles County,2025-04-30T02:00,76.8,80.6,4.8,7.8
0,Los Angeles County,2025-04-30T03:00,83.6,85.5,2.1,7.1
0,Los Angeles County,2025-04-30T04:00,86.1,88.7,3,6.9
0,Los Angeles County,2025-04-30T05:00,74.7,86.6,15.9,8
0,Los Angeles County,2025-04-30T06:00,58.2,79.3,36.2,10.2
0,Los Angeles County,2025-04-30T07:00,43,69.5,61.6,13.9
0,Los Angeles County,2025-04-30T08:00,39.6,67.1,69.3,15.1
0,Los Angeles County,2025-04-30T09:00,46.2,70.8,53.1,12.9
0,Los Angeles County,2025-04-30T10:00,50.6,72,42.2,11.8
0,Los Angeles County,2025-04-30T11:00,52,71.7,37.8,11.5
0,Los Angeles County,2025-04-30T12:00,50.5,70.2,39.1,11.8
0,Los Angeles County,2025-04-30T13:00,48.6,70.1,44.1,12.3
0,Los Angeles County,2025-04-30T14:00,43.2,68.4,58,13.8
0,Los Angeles County,2025-04-30T15:00,37.4,65.9,76.1,16
0,Los Angeles County,2025-04-30T16:00,35,64.9,85.3,17.1
0,Los Angeles County,2025-04-30T17:00,34,64.4,89,17.6
0,Los Angeles County,2025-04-30T18:00,39,66,69.3,15.3
0,Los Angeles County,2025-04-30T19:00,48.7,68.9,41.4,12.3
0,Los Angeles County,2025-04-30T20:00,56.4,71,26,10.6
0,Los Angeles County,2025-04-30T21:00,61.1,72.5,18.6,9.8
0,Los Angeles County,2025-04-30T22:00,64.6,74.4,15.1,9.2
0,Los Angeles County,2025-04-30T23:00,69.4,75.6,8.9,8.6
0,Los Angeles County,2025-05-01T00:00,71.5,76.1,6.3,8.3
0,Los Angeles County,2025-05-01T01:00,72.9,77.1,5.7,8.2
0,Los Angeles County,2025-05-01T02:00,76,79.9,5.2,7.8
0,Los Angeles County,2025-05-01T03:00,83,85,2.5,7.2
0,Los Angeles County,2025-05-01T04:00,85.4,88.4,3.4,7
0,Los Angeles County,2025-05-01T05:00,74.4,86.5,16.1,8
0,Los Angeles County,2025-05-01T06:00,59.2,79.6,34.3,10.1
0,Los Angeles County,2025-05-01T07:00,44.2,69.7,57.7,13.5
0,Los Angeles County,2025-05-01T08:00,40.7,67.3,65.3,14.7
0,Los Angeles County,2025-05-01T09:00,46.7,71.1,52,12.8
0,Los Angeles County,2025-05-01T10:00,50.1,72.2,43.9,11.9
0,Los Angeles County,2025-05-01T11:00,50.5,71.5,41.5,11.8
0,Los Angeles County,2025-05-01T12:00,48.9,70.4,43.9,12.2
0,Los Angeles County,2025-05-01T13:00,47.5,70.3,47.9,12.6
0,Los Angeles County,2025-05-01T14:00,42.5,68.4,60.7,14
0,Los Angeles County,2025-05-01T15:00,37.2,65.8,76.8,16.1
0,Los Angeles County,2025-05-01T16:00,35.1,65,85,17
0,Los Angeles County,2025-05-01T17:00,34.2,64.6,89,17.5
0,Los Angeles County,2025-05-01T18:00,38.7,66.3,71.3,15.4
0,Los Angeles County,2025-05-01T19:00,46.9,68.7,46.5,12.7
0,Los Angeles County,2025-05-01T20:00,54.7,71.2,30,10.9
0,Los Angeles County,2025-05-01T21:00,60.5,72.8,20.2,9.9
0,Los Angeles County,2025-05-01T22:00,65.6,74.9,14.2,9.1
0,Los Angeles County,2025-05-01T23:00,67.9,75.5,11.2,8.8
0,Los Angeles County,2025-05-02T00:00,70.7,76.4,7.9,8.4
0,Los Angeles County,2025-05-02T01:00,73.7,77.5,5,8.1
0,Los Angeles County,2025-05-02T02:00,76.3,79.4,4.1,7.8
0,Los Angeles County,2025-05-02T03:00,82.5,84.5,2.4,7.2
0,Los Angeles County,2025-05-02T04:00,85.5,87.8,2.6,7
0,Los Angeles County,2025-05-02T05:00,77.8,86.4,11,7.7
0,Los Angeles County,2025-05-02T06:00,64.2,80.4,25.1,9.3
0,Los Angeles County,2025-05-02T07:00,49.1,70.9,44.3,12.2
0,Los Angeles County,2025-05-02T08:00,46.2,68.9,48.9,12.9
0,Los Angeles County,2025-05-02T09:00,53.2,73.1,37.4,11.2
0,Los Angeles County,2025-05-02T10:00,53.6,73.3,36.8,11.1
0,Los Angeles County,2025-05-02T11:00,51.2,72.2,41,11.7
0,Los Angeles County,2025-05-02T12:00,47.2,70.4,49,12.6
0,Los Angeles County,2025-05-02T13:00,44.5,69.8,56.8,13.4
0,Los Angeles County,2025-05-02T14:00,40.2,68,68.8,14.8
0,Los Angeles County,2025-05-02T15:00,35.9,65.8,82.8,16.6
0,Los Angeles County,2025-05-02T16:00,35.8,65.8,83.5,16.7
0,Los Angeles County,2025-05-02T17:00,37,66.1,78.6,16.1
0,Los Angeles County,2025-05-02T18:00,42.6,67.9,59.3,14
0,Los Angeles County,2025-05-02T19:00,49.9,70,40.3,12
0,Los Angeles County,2025-05-02T20:00,53.9,71.4,32.4,11.1
0,Los Angeles County,2025-05-02T21:00,58,72.6,25,10.3
0,Los Angeles County,2025-05-02T22:00,61.9,73.8,19.2,9.6
0,Los Angeles County,2025-05-02T23:00,65.4,74.5,13.9,9.1
0,Los Angeles County,2025-05-03T00:00,68.6,74.8,9,8.7
0,Los Angeles County,2025-05-03T01:00,69.7,74.6,6.9,8.5
0,Los Angeles County,2025-05-03T02:00,70.8,74.8,5.7,8.4
0,Los Angeles County,2025-05-03T03:00,76,78.8,3.8,7.8
0,Los Angeles County,2025-05-03T04:00,80.9,83.3,3,7.4
0,Los Angeles County,2025-05-03T05:00,82.4,85,3.1,7.2
0,Los Angeles County,2025-05-03T06:00,80.1,84.1,5,7.4
0,Los Angeles County,2025-05-03T07:00,72.9,81.3,11.6,8.2
0,Los Angeles County,2025-05-03T08:00,66.7,78.8,18,8.9
0,Los Angeles County,2025-05-03T09:00,59.9,76.7,28,10
0,Los Angeles County,2025-05-03T10:00,54.6,74.8,36.9,10.9
0,Los Angeles County,2025-05-03T11:00,51,73.4,43.7,11.7
0,Los Angeles County,2025-05-03T12:00,47.7,71.8,50.5,12.5
0,Los Angeles County,2025-05-03T13:00,47.2,71.7,51.6,12.6
0,Los Angeles County,2025-05-03T14:00,47.4,71.8,51.3,12.6
0,Los Angeles County,2025-05-03T15:00,47.4,71.8,51.3,12.6
0,Los Angeles County,2025-05-03T16:00,47.7,72,50.8,12.5
0,Los Angeles County,2025-05-03T17:00,48.1,72.1,49.8,12.4
0,Los Angeles County,2025-05-03T18:00,50.9,72.3,42,11.7
0,Los Angeles County,2025-05-03T19:00,55.6,72.6,30.5,10.7
0,Los Angeles County,2025-05-03T20:00,59.7,73.6,23.3,10
0,Los Angeles County,2025-05-03T21:00,62.1,74.8,20.5,9.6
0,Los Angeles County,2025-05-03T22:00,63.7,76,19.2,9.4
0,Los Angeles County,2025-05-03T23:00,68.1,76.5,12.3,8.8
0,Los Angeles County,2025-05-04T00:00,69.4,75.7,9,8.6
0,Los Angeles County,2025-05-04T01:00,69.8,74.3,6.4,8.5
0,Los Angeles County,2025-05-04T02:00,70.2,73.9,5.3,8.5
0,Los Angeles County,2025-05-04T03:00,74.8,77.1,3,8
0,Los Angeles County,2025-05-04T04:00,78.4,80,2,7.6
0,Los Angeles County,2025-05-04T05:00,80.7,82,1.6,7.4
0,Los Angeles County,2025-05-04T06:00,80.7,82.3,2,7.4
0,Los Angeles County,2025-05-04T07:00,76.3,80.5,5.6,7.8
0,Los Angeles County,2025-05-04T08:00,72,78.8,9.4,8.3
0,Los Angeles County,2025-05-04T09:00,67.5,77.6,14.9,8.8
0,Los Angeles County,2025-05-04T10:00,64.3,76.7,19.2,9.3
0,Los Angeles County,2025-05-04T11:00,59.3,75.4,26.9,10.1
0,Los Angeles County,2025-05-04T12:00,55.6,74.2,33.4,10.7
0,Los Angeles County,2025-05-04T13:00,53.3,73.4,37.7,11.2
0,Los Angeles County,2025-05-04T14:00,53.3,73.5,37.8,11.2
0,Los Angeles County,2025-05-04T15:00,54,73.8,36.6,11.1
0,Los Angeles County,2025-05-04T16:00,55.1,74,34.2,10.8
0,Los Angeles County,2025-05-04T17:00,56.9,74.3,30.6,10.5
0,Los Angeles County,2025-05-04T18:00,58.5,74.2,26.7,10.2
0,Los Angeles County,2025-05-04T19:00,61.9,74.9,20.8,9.6
0,Los Angeles County,2025-05-04T20:00,64.2,75.7,18,9.3
0,Los Angeles County,2025-05-04T21:00,67,76.7,14.4,8.9
0,Los Angeles County,2025-05-04T22:00,70,77.7,11,8.5
0,Los Angeles County,2025-05-04T23:00,72.3,77.9,7.7,8.2
0,Los Angeles County,2025-05-05T00:00,72.1,77.8,7.8,8.3
0,Los Angeles County,2025-05-05T01:00,74.8,78.5,4.8,8
0,Los Angeles County,2025-05-05T02:00,77.5,80.3,3.6,7.7
0,Los Angeles County,2025-05-05T03:00,84.1,85.5,1.6,7.1
0,Los Angeles County,2025-05-05T04:00,86.6,89.1,2.8,6.9
0,Los Angeles County,2025-05-05T05:00,76.4,87.2,13.9,7.8
0,Los Angeles County,2025-05-05T06:00,61,80.1,31.3,9.8
0,Los Angeles County,2025-05-05T07:00,45.6,70,53.5,13.1
0,Los Angeles County,2025-05-05T08:00,43.1,68,57.5,13.8
0,Los Angeles County,2025-05-05T09:00,51.3,72,40.2,11.6
0,Los Angeles County,2025-05-05T10:00,54.8,73.1,33.4,10.9
0,Los Angeles County,2025-05-05T11:00,54.9,72.4,31.9,10.9
0,Los Angeles County,2025-05-05T12:00,52.4,70.7,34.9,11.4
0,Los Angeles County,2025-05-05T13:00,51.1,70.7,38.2,11.7
0,Los Angeles County,2025-05-05T14:00,46.7,69.3,48.4,12.8
0,Los Angeles County,2025-05-05T15:00,41.5,67.1,61.8,14.4
0,Los Angeles County,2025-05-05T16:00,40.1,66.6,66.1,14.9
0,Los Angeles County,2025-05-05T17:00,40.2,66.2,64.6,14.9
0,Los Angeles County,2025-05-05T18:00,48.1,68.3,42,12.4
0,Los Angeles County,2025-05-05T19:00,56.7,69.8,23.1,10.5
0,Los Angeles County,2025-05-05T20:00,59.3,70.6,19,10.1
0,Los Angeles County,2025-05-05T21:00,62.9,72.1,14.7,9.5
0,Los Angeles County,2025-05-05T22:00,66.8,73.7,10.3,8.9
0,Los Angeles County,2025-05-05T23:00,69.5,74.8,7.5,8.6
0,Los Angeles County,2025-05-06T00:00,71.1,75.3,5.9,8.4
0,Los Angeles County,2025-05-06T01:00,73.4,77.1,5,8.1
0,Los Angeles County,2025-05-06T02:00,76.3,79.7,4.3,7.8
0,Los Angeles County,2025-05-06T03:00,82.8,84.9,2.6,7.2
0,Los Angeles County,2025-05-06T04:00,84.8,88.6,4.4,7
0,Los Angeles County,2025-05-06T05:00,72.3,86.3,19.3,8.2
0,Los Angeles County,2025-05-06T06:00,56.5,78.8,39.4,10.6
0,Los Angeles County,2025-05-06T07:00,41.4,68.8,66.1,14.4
0,Los Angeles County,2025-05-06T08:00,37.8,66.3,75.3,15.8
0,Los Angeles County,2025-05-06T09:00,44,69.8,58.6,13.6
0,Los Angeles County,2025-05-06T10:00,49.8,71.5,43.6,12
0,Los Angeles County,2025-05-06T11:00,51.4,71,38,11.6
0,Los Angeles County,2025-05-06T12:00,51,70.1,37.3,11.7
0,Los Angeles County,2025-05-06T13:00,50.5,70.2,38.9,11.8
0,Los Angeles County,2025-05-06T14:00,45.2,68.6,51.5,13.2
0,Los Angeles County,2025-05-06T15:00,40,66.6,66.6,14.9
0,Los Angeles County,2025-05-06T16:00,37,65.5,76.9,16.2
0,Los Angeles County,2025-05-06T17:00,35.4,64.6,82.4,16.9
0,Los Angeles County,2025-05-06T18:00,41.2,66.6,61.3,14.5
0,Los Angeles County,2025-05-06T19:00,51.5,69.4,34.7,11.6
0,Los Angeles County,2025-05-06T20:00,58.7,71.1,21.1,10.2
0,Los Angeles County,2025-05-06T21:00,62.2,72.2,16.1,9.6
0,Los Angeles County,2025-05-06T22:00,66.3,73.8,11.1,9
0,Los Angeles County,2025-05-06T23:00,69.6,74.9,7.5,8.6
0,Los Angeles County,2025-05-07T00:00,72,75.9,5.4,8.3
0,Los Angeles County,2025-05-07T01:00,74.1,77.7,4.8,8
0,Los Angeles County,2025-05-07T02:00,76.9,80.3,4.3,7.7
0,Los Angeles County,2025-05-07T03:00,83.2,85,2.2,7.2
0,Los Angeles County,2025-05-07T04:00,85.2,88.3,3.6,7
0,Los Angeles County,2025-05-07T05:00,74.7,86.4,15.6,8
0,Los Angeles County,2025-05-07T06:00,57.8,79,36.5,10.3
0,Los Angeles County,2025-05-07T07:00,43.1,69.4,60.9,13.9
0,Los Angeles County,2025-05-07T08:00,40.1,67.1,67.4,14.9
0,Los Angeles County,2025-05-07T09:00,46.5,70.6,51.6,12.8
0,Los Angeles County,2025-05-07T10:00,50.9,71.8,41,11.7
0,Los Angeles County,2025-05-07T11:00,51,71,39.3,11.7
0,Los Angeles County,2025-05-07T12:00,49.4,69.9,41.3,12.1
0,Los Angeles County,2025-05-07T13:00,48.2,70.2,45.5,12.4
0,Los Angeles County,2025-05-07T14:00,43.1,68.3,58.3,13.8
0,Los Angeles County,2025-05-07T15:00,37.3,65.6,75.4,16
0,Los Angeles County,2025-05-07T16:00,35,64.6,84.7,17.1
0,Los Angeles County,2025-05-07T17:00,33.9,64.1,88.6,17.6
0,Los Angeles County,2025-05-07T18:00,38.9,66,69.4,15.4
0,Los Angeles County,2025-05-07T19:00,48.2,68.4,42,12.4
0,Los Angeles County,2025-05-07T20:00,55.4,70.5,27.2,10.8
0,Los Angeles County,2025-05-07T21:00,61.1,72.4,18.4,9.8
0,Los Angeles County,2025-05-07T22:00,65.9,74.1,12.5,9.1
0,Los Angeles County,2025-05-07T23:00,68.3,75.2,10,8.7
0,Los Angeles County,2025-05-08T00:00,70.1,75.8,8,8.5
0,Los Angeles County,2025-05-08T01:00,73.2,77.1,5.3,8.1
0,Los Angeles County,2025-05-08T02:00,75.7,79.2,4.6,7.9
0,Los Angeles County,2025-05-08T03:00,82.6,84.8,2.6,7.2
0,Los Angeles County,2025-05-08T04:00,85.9,88.5,2.9,6.9
0,Los Angeles County,2025-05-08T05:00,75.8,86.6,14.2,7.9
0,Los Angeles County,2025-05-08T06:00,58.4,79.5,36.1,10.2
0,Los Angeles County,2025-05-08T07:00,42.3,69.1,63.2,14.1
0,Los Angeles County,2025-05-08T08:00,38.6,66.7,72.6,15.5
0,Los Angeles County,2025-05-08T09:00,45.4,70.7,55.5,13.1
0,Los Angeles County,2025-05-08T10:00,49.4,71.7,45,12.1
0,Los Angeles County,2025-05-08T11:00,49.4,70.9,43.5,12.1
0,Los Angeles County,2025-05-08T12:00,47.9,69.8,45.6,12.5
0,Los Angeles County,2025-05-08T13:00,46.8,69.7,48.9,12.8
0,Los Angeles County,2025-05-08T14:00,42.3,68.2,60.9,14.1
0,Los Angeles County,2025-05-08T15:00,37,65.4,76.8,16.2
0,Los Angeles County,2025-05-08T16:00,35.1,64.7,84.1,17
0,Los Angeles County,2025-05-08T17:00,34.8,64.3,85,17.2
0,Los Angeles County,2025-05-08T18:00,40.5,66.4,63.8,14.7
0,Los Angeles County,2025-05-08T19:00,49.6,69.1,39.4,12
0,Los Angeles County,2025-05-08T20:00,54.9,70.8,29.1,10.9
0,Los Angeles County,2025-05-08T21:00,59.7,72.6,21.5,10
0,Los Angeles County,2025-05-08T22:00,64.4,74.2,15.3,9.3
0,Los Angeles County,2025-05-08T23:00,69,75.5,9.3,8.6
0,Los Angeles County,2025-05-09T00:00,71.2,76.3,7.1,8.4
0,Los Angeles County,2025-05-09T01:00,72.7,76.6,5.4,8.2
0,Los Angeles County,2025-05-09T02:00,74.9,78.4,4.5,8
0,Los Angeles County,2025-05-09T03:00,81.9,84,2.4,7.3
0,Los Angeles County,2025-05-09T04:00,85.2,87.7,2.8,7
0,Los Angeles County,2025-05-09T05:00,77.1,86.2,11.8,7.7
0,Los Angeles County,2025-05-09T06:00,62.8,80,27.3,9.5
0,Los Angeles County,2025-05-09T07:00,46.7,70.2,50.3,12.8
0,Los Angeles County,2025-05-09T08:00,43.7,68.4,56.4,13.7
0,Los Angeles County,2025-05-09T09:00,50.1,72.5,44.6,11.9
0,Los Angeles County,2025-05-09T10:00,50.7,72.7,43.3,11.8
0,Los Angeles County,2025-05-09T11:00,48.4,71.4,47.5,12.3
0,Los Angeles County,2025-05-09T12:00,44.9,69.8,55.2,13.3
0,Los Angeles County,2025-05-09T13:00,42.8,69.2,61.6,14
0,Los Angeles County,2025-05-09T14:00,38.7,67.2,73.5,15.4
0,Los Angeles County,2025-05-09T15:00,34.8,65,86.5,17.1
0,Los Angeles County,2025-05-09T16:00,35,65.3,86.4,17.1
0,Los Angeles County,2025-05-09T17:00,35.7,65.5,83.4,16.8
0,Los Angeles County,2025-05-09T18:00,40.1,67.3,67.6,14.9
0,Los Angeles County,2025-05-09T19:00,46.6,69.5,48.9,12.8
0,Los Angeles County,2025-05-09T20:00,52.1,71.4,37,11.5
0,Los Angeles County,2025-05-09T21:00,56.9,72.6,27.4,10.5
0,Los Angeles County,2025-05-09T22:00,60.7,73.8,21.6,9.8
0,Los Angeles County,2025-05-09T23:00,64,74.8,17,9.3
0,Los Angeles County,2025-05-10T00:00,67,75.5,12.5,8.9
0,Los Angeles County,2025-05-10T01:00,69.8,75.2,7.7,8.5
0,Los Angeles County,2025-05-10T02:00,72.3,76.1,5.1,8.2
0,Los Angeles County,2025-05-10T03:00,76.8,80,4.2,7.8
0,Los Angeles County,2025-05-10T04:00,80,82.7,3.4,7.4
0,Los Angeles County,2025-05-10T05:00,81.5,84.4,3.5,7.3
0,Los Angeles County,2025-05-10T06:00,78,83,6.3,7.6
0,Los Angeles County,2025-05-10T07:00,71.4,80.5,12.8,8.4
0,Los Angeles County,2025-05-10T08:00,65.2,78,19.7,9.2
0,Los Angeles County,2025-05-10T09:00,57.7,76,31.6,10.3
0,Los Angeles County,2025-05-10T10:00,50.9,73.8,44.9,11.7
0,Los Angeles County,2025-05-10T11:00,45.7,72.1,57.5,13.1
0,Los Angeles County,2025-05-10T12:00,43,70.7,64.5,13.9
0,Los Angeles County,2025-05-10T13:00,42.4,70.4,66,14.1
0,Los Angeles County,2025-05-10T14:00,43,70.7,64.4,13.9
0,Los Angeles County,2025-05-10T15:00,43.7,71,62.3,13.7
0,Los Angeles County,2025-05-10T16:00,45.4,71.5,57.3,13.1
0,Los Angeles County,2025-05-10T17:00,48,72.1,50.2,12.4
0,Los Angeles County,2025-05-10T18:00,50.9,72.4,42.2,11.7
0,Los Angeles County,2025-05-10T19:00,54.9,72.7,32.2,10.9
0,Los Angeles County,2025-05-10T20:00,56.3,73.4,30.3,10.6
0,Los Angeles County,2025-05-10T21:00,58.7,75,27.7,10.2
0,Los Angeles County,2025-05-10T22:00,61.6,76.1,23.4,9.7
0,Los Angeles County,2025-05-10T23:00,66.4,77.5,16.7,9
0,Los Angeles County,2025-05-11T00:00,70.6,76.5,8.2,8.4
0,Los Angeles County,2025-05-11T01:00,70.9,75.1,5.9,8.4
0,Los Angeles County,2025-05-11T02:00,70.3,74.1,5.4,8.5
0,Los Angeles County,2025-05-11T03:00,74.5,76.9,3.2,8
0,Los Angeles County,2025-05-11T04:00,77.5,79.5,2.5,7.7
0,Los Angeles County,2025-05-11T05:00,79.6,81.4,2.1,7.5
0,Los Angeles County,2025-05-11T06:00,78.2,80.1,2.4,7.6
0,Los Angeles County,2025-05-11T07:00,73.2,78.2,6.9,8.1
0,Los Angeles County,2025-05-11T08:00,69.2,76.9,11.1,8.6
0,Los Angeles County,2025-05-11T09:00,65.1,76.6,17.5,9.2
0,Los Angeles County,2025-05-11T10:00,60.8,76.2,25.3,9.8
0,Los Angeles County,2025-05-11T11:00,55.9,75.1,34.3,10.7
0,Los Angeles County,2025-05-11T12:00,52.9,74.2,40.1,11.3
0,Los Angeles County,2025-05-11T13:00,51.6,73.7,42.6,11.6
0,Los Angeles County,2025-05-11T14:00,52.6,74.2,41,11.3
0,Los Angeles County,2025-05-11T15:00,54.1,74.5,37.5,11
0,Los Angeles County,2025-05-11T16:00,56.8,75.2,32.4,10.5
0,Los Angeles County,2025-05-11T17:00,59.2,75.4,27.3,10.1
0,Los Angeles County,2025-05-11T18:00,61.1,75.3,23.2,9.8
0,Los Angeles County,2025-05-11T19:00,61.1,75.8,23.9,9.8
0,Los Angeles County,2025-05-11T20:00,59.8,76.6,28.1,10
0,Los Angeles County,2025-05-11T21:00,63.9,78.9,23.4,9.3
0,Los Angeles County,2025-05-11T22:00,69.9,79.7,13.9,8.5
0,Los Angeles County,2025-05-11T23:00,74.8,79.8,6.7,8
0,Los Angeles County,2025-05-12T00:00,75.5,78.8,4.2,7.9
0,Los Angeles County,2025-05-12T01:00,76.3,79.2,3.7,7.8
0,Los Angeles County,2025-05-12T02:00,77.7,80.4,3.4,7.7
0,Los Angeles County,2025-05-12T03:00,84.6,85.8,1.4,7
0,Los Angeles County,2025-05-12T04:00,86.7,89.5,3.2,6.9
0,Los Angeles County,2025-05-12T05:00,76.5,87.6,14.5,7.8
0,Los Angeles County,2025-05-12T06:00,61,80.4,31.6,9.8
0,Los Angeles County,2025-05-12T07:00,45.8,70.3,53.5,13
0,Los Angeles County,2025-05-12T08:00,42.9,68.2,58.9,13.9
0,Los Angeles County,2025-05-12T09:00,50.8,72.4,42.3,11.7
0,Los Angeles County,2025-05-12T10:00,54,73.2,35.6,11.1
0,Los Angeles County,2025-05-12T11:00,54.2,72.5,33.8,11
0,Los Angeles County,2025-05-12T12:00,52.3,71.2,36,11.4
0,Los Angeles County,2025-05-12T13:00,51.2,71,38.7,11.7
0,Los Angeles County,2025-05-12T14:00,45.9,69,50.1,13
0,Los Angeles County,2025-05-12T15:00,40.4,66.5,64.6,14.8
0,Los Angeles County,2025-05-12T16:00,39.6,66.6,68.1,15.1
0,Los Angeles County,2025-05-12T17:00,40.2,66.5,65.3,14.9
0,Los Angeles County,2025-05-12T18:00,48.1,68.7,42.8,12.4
0,Los Angeles County,2025-05-12T19:00,56.1,70,24.7,10.6
0,Los Angeles County,2025-05-12T20:00,58.7,70.9,20.8,10.2
0,Los Angeles County,2025-05-12T21:00,62.6,72.8,16.1,9.5
0,Los Angeles County,2025-05-12T22:00,66.9,74.6,11.5,8.9
0,Los Angeles County,2025-05-12T23:00,70.3,75.9,7.9,8.5
0,Los Angeles County,2025-05-13T00:00,72.1,76.6,6.2,8.3
0,Los Angeles County,2025-05-13T01:00,74,78.2,5.7,8.1
0,Los Angeles County,2025-05-13T02:00,78.1,82.1,5,7.6
0,Los Angeles County,2025-05-13T03:00,84.3,86.8,3,7.1
0,Los Angeles County,2025-05-13T04:00,86.1,89.1,3.4,6.9
0,Los Angeles County,2025-05-13T05:00,74.5,86.6,16.1,8
0,Los Angeles County,2025-05-13T06:00,57.4,79.1,37.6,10.4
0,Los Angeles County,2025-05-13T07:00,41.8,68.9,64.7,14.3
0,Los Angeles County,2025-05-13T08:00,38.9,66.8,71.6,15.4
0,Los Angeles County,2025-05-13T09:00,46,70.6,53.3,13
0,Los Angeles County,2025-05-13T10:00,50.5,71.8,42,11.8
0,Los Angeles County,2025-05-13T11:00,51.7,71.2,37.6,11.5
0,Los Angeles County,2025-05-13T12:00,49.9,70,40.2,12
0,Los Angeles County,2025-05-13T13:00,48.4,69.8,44.1,12.3
0,Los Angeles County,2025-05-13T14:00,44,68.3,55.2,13.6
0,Los Angeles County,2025-05-13T15:00,39.4,66.4,68.4,15.2
0,Los Angeles County,2025-05-13T16:00,37.3,65.9,76.4,16
0,Los Angeles County,2025-05-13T17:00,36.5,65.3,78.6,16.4
0,Los Angeles County,2025-05-13T18:00,42.6,66.9,57,14
0,Los Angeles County,2025-05-13T19:00,52.1,69.1,32.5,11.4
0,Los Angeles County,2025-05-13T20:00,56.8,70.5,23.9,10.5
0,Los Angeles County,2025-05-13T21:00,61.2,72.6,18.5,9.7
0,Los Angeles County,2025-05-13T22:00,66.2,74.8,13.1,9
0,Los Angeles County,2025-05-13T23:00,70.4,76.2,8.2,8.5
0,Los Angeles County,2025-05-14T00:00,71.8,76.1,5.9,8.3
0,Los Angeles County,2025-05-14T01:00,73.6,77.4,5.1,8.1
0,Los Angeles County,2025-05-14T02:00,76.6,80,4.4,7.8
0,Los Angeles County,2025-05-14T03:00,82.9,85,2.4,7.2
0,Los Angeles County,2025-05-14T04:00,86.3,88.7,2.8,6.9
0,Los Angeles County,2025-05-14T05:00,75,86.5,15.4,7.9
0,Los Angeles County,2025-05-14T06:00,57.3,79.1,38,10.4
0,Los Angeles County,2025-05-14T07:00,41.7,69,65.4,14.3
0,Los Angeles County,2025-05-14T08:00,38.3,66.7,73.9,15.6
0,Los Angeles County,2025-05-14T09:00,44.6,70.3,57.5,13.4
0,Los Angeles County,2025-05-14T10:00,49.4,71.7,45.1,12.1
0,Los Angeles County,2025-05-14T11:00,50.3,71.1,41,11.9
0,Los Angeles County,2025-05-14T12:00,48.7,70.1,43.7,12.3
0,Los Angeles County,2025-05-14T13:00,47.2,69.8,47.7,12.6
0,Los Angeles County,2025-05-14T14:00,42.6,68.4,60.5,14
0,Los Angeles County,2025-05-14T15:00,37.6,65.9,75.2,15.9
0,Los Angeles County,2025-05-14T16:00,35.6,65.4,83.6,16.8
0,Los Angeles County,2025-05-14T17:00,34.4,64.8,88.1,17.4
0,Los Angeles County,2025-05-14T18:00,39.7,66.7,68,15.1
0,Los Angeles County,2025-05-14T19:00,49,69,40.9,12.2
0,Los Angeles County,2025-05-14T20:00,55.2,70.7,28,10.8
0,Los Angeles County,2025-05-14T21:00,60.7,72.8,20,9.8
0,Los Angeles County,2025-05-14T22:00,64.6,74.9,15.9,9.2
0,Los Angeles County,2025-05-14T23:00,69.3,76.3,10.1,8.6
0,Los Angeles County,2025-05-15T00:00,72.7,77.3,6.3,8.2
0,Los Angeles County,2025-05-15T01:00,74.1,78,5.2,8
0,Los Angeles County,2025-05-15T02:00,77.9,81.5,4.6,7.6
0,Los Angeles County,2025-05-15T03:00,83.3,85.3,2.3,7.1
0,Los Angeles County,2025-05-15T04:00,85.9,88.9,3.4,6.9
0,Los Angeles County,2025-05-15T05:00,75.7,86.8,14.7,7.9
0,Los Angeles County,2025-05-15T06:00,58.6,79.5,35.7,10.2
0,Los Angeles County,2025-05-15T07:00,42.7,69.4,62.6,14
0,Los Angeles County,2025-05-15T08:00,39.5,67.3,70.2,15.1
0,Los Angeles County,2025-05-15T09:00,46.3,71.2,53.7,12.9
0,Los Angeles County,2025-05-15T10:00,49.7,72.3,45.3,12
0,Los Angeles County,2025-05-15T11:00,49.8,71.6,43.7,12
0,Los Angeles County,2025-05-15T12:00,48,70.6,46.9,12.4
0,Los Angeles County,2025-05-15T13:00,46.4,70.4,51.8,12.9
0,Los Angeles County,2025-05-15T14:00,42,68.7,63.5,14.2
0,Los Angeles County,2025-05-15T15:00,36.6,65.8,79.7,16.3
0,Los Angeles County,2025-05-15T16:00,34.8,65.4,87.7,17.2
0,Los Angeles County,2025-05-15T17:00,34.1,64.7,89.7,17.5
0,Los Angeles County,2025-05-15T18:00,39.5,66.8,69,15.1
0,Los Angeles County,2025-05-15T19:00,48.5,69.5,43.2,12.3
0,Los Angeles County,2025-05-15T20:00,55,71.6,30.1,10.9
0,Los Angeles County,2025-05-15T21:00,59.9,73.4,22.4,10
0,Los Angeles County,2025-05-15T22:00,63.5,75.2,18.5,9.4
0,Los Angeles County,2025-05-15T23:00,69.1,76.4,10.5,8.6
0,Los Angeles County,2025-05-16T00:00,71.8,76.7,6.8,8.3
0,Los Angeles County,2025-05-16T01:00,74.6,78.4,5.1,8
0,Los Angeles County,2025-05-16T02:00,76,79.8,4.9,7.8
0,Los Angeles County,2025-05-16T03:00,81.7,84.6,3.6,7.3
0,Los Angeles County,2025-05-16T04:00,85.2,88.2,3.4,7
0,Los Angeles County,2025-05-16T05:00,77.2,86.5,12,7.7
0,Los Angeles County,2025-05-16T06:00,63,80.4,27.6,9.5
0,Los Angeles County,2025-05-16T07:00,48.2,71,47.2,12.4
0,Los Angeles County,2025-05-16T08:00,44.9,68.9,53.1,13.3
0,Los Angeles County,2025-05-16T09:00,51.7,73.2,41.5,11.5
0,Los Angeles County,2025-05-16T10:00,52.5,73.6,40.2,11.4
0,Los Angeles County,2025-05-16T11:00,49.5,72.3,45.9,12.1
0,Los Angeles County,2025-05-16T12:00,45.8,70.6,54.1,13
0,Los Angeles County,2025-05-16T13:00,43.5,70,61,13.7
0,Los Angeles County,2025-05-16T14:00,39.2,68,73.5,15.2
0,Los Angeles County,2025-05-16T15:00,35.1,65.9,87.4,17
0,Los Angeles County,2025-05-16T16:00,34.9,66,89.1,17.1
0,Los Angeles County,2025-05-16T17:00,35.7,66.2,85.3,16.7
0,Los Angeles County,2025-05-16T18:00,41.2,68.5,66,14.5
0,Los Angeles County,2025-05-16T19:00,48.8,70.7,44.8,12.2
0,Los Angeles County,2025-05-16T20:00,53.9,71.9,33.3,11.1
0,Los Angeles County,2025-05-16T21:00,58.9,73.3,24.2,10.1
0,Los Angeles County,2025-05-16T22:00,62.1,74.8,20.3,9.6
0,Los Angeles County,2025-05-16T23:00,65.5,75.9,15.8,9.1
0,Los Angeles County,2025-05-17T00:00,69.7,75.8,8.7,8.6
0,Los Angeles County,2025-05-17T01:00,71.1,75.6,6.2,8.4
0,Los Angeles County,2025-05-17T02:00,72.5,75.9,4.6,8.2
0,Los Angeles County,2025-05-17T03:00,78.5,80.9,3.1,7.6
0,Los Angeles County,2025-05-17T04:00,82,84.6,3.2,7.3
0,Los Angeles County,2025-05-17T05:00,82.7,85.2,3,7.2
0,Los Angeles County,2025-05-17T06:00,79.1,84.4,6.6,7.5
0,Los Angeles County,2025-05-17T07:00,73.2,81.9,11.9,8.1
0,Los Angeles County,2025-05-17T08:00,67.1,79,17.6,8.9
0,Los Angeles County,2025-05-17T09:00,62.2,77.5,24.6,9.6
0,Los Angeles County,2025-05-17T10:00,57,75.7,32.7,10.5
0,Los Angeles County,2025-05-17T11:00,52,73.9,42.2,11.5
0,Los Angeles County,2025-05-17T12:00,48.4,72.4,49.6,12.3
0,Los Angeles County,2025-05-17T13:00,46.2,71.8,55.3,12.9
0,Los Angeles County,2025-05-17T14:00,45.6,71.9,57.7,13.1
0,Los Angeles County,2025-05-17T15:00,45.1,71.9,59.4,13.2
0,Los Angeles County,2025-05-17T16:00,44.5,71.8,61.3,13.4
0,Los Angeles County,2025-05-17T17:00,46.4,72.1,55.4,12.9
0,Los Angeles County,2025-05-17T18:00,50.7,72.9,43.6,11.8
0,Los Angeles County,2025-05-17T19:00,56.2,73.3,30.3,10.6
0,Los Angeles County,2025-05-17T20:00,59.5,74.3,24.9,10
0,Los Angeles County,2025-05-17T21:00,61.9,75.8,22.3,9.6
0,Los Angeles County,2025-05-17T22:00,63.8,76.9,20.5,9.3
0,Los Angeles County,2025-05-17T23:00,68.1,77.5,13.8,8.8
0,Los Angeles County,2025-05-18T00:00,71.2,76.6,7.5,8.4
0,Los Angeles County,2025-05-18T01:00,70.9,75.1,5.8,8.4
0,Los Angeles County,2025-05-18T02:00,71.5,74.5,4.1,8.3
0,Los Angeles County,2025-05-18T03:00,75.3,77.3,2.6,7.9
0,Los Angeles County,2025-05-18T04:00,79.3,80.7,1.7,7.5
0,Los Angeles County,2025-05-18T05:00,81.2,82.4,1.4,7.3
0,Los Angeles County,2025-05-18T06:00,80.9,82.7,2.2,7.4
0,Los Angeles County,2025-05-18T07:00,76.4,80.8,5.7,7.8
0,Los Angeles County,2025-05-18T08:00,72.1,79.1,9.7,8.3
0,Los Angeles County,2025-05-18T09:00,67.5,78.3,16,8.8
0,Los Angeles County,2025-05-18T10:00,61.9,77.1,24.4,9.6
0,Los Angeles County,2025-05-18T11:00,57.3,76,32.6,10.4
0,Los Angeles County,2025-05-18T12:00,53.6,74.5,39.1,11.1
0,Los Angeles County,2025-05-18T13:00,52.1,74,42,11.5
0,Los Angeles County,2025-05-18T14:00,51.7,73.8,42.5,11.5
0,Los Angeles County,2025-05-18T15:00,52.6,74,40.7,11.3
0,Los Angeles County,2025-05-18T16:00,52.9,74.2,40.4,11.3
0,Los Angeles County,2025-05-18T17:00,53.6,74.3,38.6,11.1
0,Los Angeles County,2025-05-18T18:00,55.8,74.4,33.3,10.7
0,Los Angeles County,2025-05-18T19:00,60.2,75.1,24.8,9.9
0,Los Angeles County,2025-05-18T20:00,61.8,75.8,22.5,9.6
0,Los Angeles County,2025-05-18T21:00,65.2,77.3,18.5,9.1
0,Los Angeles County,2025-05-18T22:00,69,77.9,12.9,8.6
0,Los Angeles County,2025-05-18T23:00,72.7,78.6,8.1,8.2
0,Los Angeles County,2025-05-19T00:00,75.6,78.7,4.1,7.9
0,Los Angeles County,2025-05-19T01:00,77.4,79.9,3.1,7.7
0,Los Angeles County,2025-05-19T02:00,81.2,83.7,3.1,7.3
0,Los Angeles County,2025-05-19T03:00,86.3,87.9,1.8,6.9
0,Los Angeles County,2025-05-19T04:00,87.4,89.7,2.6,6.8
0,Los Angeles County,2025-05-19T05:00,76.3,87.2,14.2,7.8
0,Los Angeles County,2025-05-19T06:00,59.6,80,34.2,10
0,Los Angeles County,2025-05-19T07:00,44.6,70,57,13.4
0,Los Angeles County,2025-05-19T08:00,41.7,67.8,62.4,14.3
0,Los Angeles County,2025-05-19T09:00,49,71.8,46.4,12.2
0,Los Angeles County,2025-05-19T10:00,52.4,73,39.2,11.4
0,Los Angeles County,2025-05-19T11:00,52.6,72.3,37.4,11.4
0,Los Angeles County,2025-05-19T12:00,51.2,71.1,39,11.7
0,Los Angeles County,2025-05-19T13:00,50.5,71.1,40.8,11.8
0,Los Angeles County,2025-05-19T14:00,45.5,69.3,52.2,13.1
0,Los Angeles County,2025-05-19T15:00,40.2,66.8,65.9,14.8
0,Los Angeles County,2025-05-19T16:00,39.1,66.6,70.1,15.3
0,Los Angeles County,2025-05-19T17:00,39.7,66.5,67.4,15.1
0,Los Angeles County,2025-05-19T18:00,47.3,68.6,45.1,12.6
0,Los Angeles County,2025-05-19T19:00,56.5,70.6,24.7,10.6
0,Los Angeles County,2025-05-19T20:00,58.9,71.2,20.9,10.1
0,Los Angeles County,2025-05-19T21:00,62.4,73.2,17.3,9.6
0,Los Angeles County,2025-05-19T22:00,66.8,75.5,12.9,8.9
0,Los Angeles County,2025-05-19T23:00,71.2,76.6,7.7,8.4
0,Los Angeles County,2025-05-20T00:00,74,78,5.3,8.1
0,Los Angeles County,2025-05-20T01:00,76.1,79.5,4.3,7.8
0,Los Angeles County,2025-05-20T02:00,79,82.1,3.9,7.5
0,Los Angeles County,2025-05-20T03:00,83.8,85.6,2.1,7.1
0,Los Angeles County,2025-05-20T04:00,85.9,88.9,3.4,6.9
0,Los Angeles County,2025-05-20T05:00,75.2,86.8,15.3,7.9
0,Los Angeles County,2025-05-20T06:00,57.2,79.2,38.5,10.4
0,Los Angeles County,2025-05-20T07:00,41.5,68.9,66.2,14.4
0,Los Angeles County,2025-05-20T08:00,37.9,66.4,74.8,15.7
0,Los Angeles County,2025-05-20T09:00,44.8,70.4,57,13.3
0,Los Angeles County,2025-05-20T10:00,49.3,71.7,45.5,12.1
0,Los Angeles County,2025-05-20T11:00,50.3,71.2,41.4,11.9
0,Los Angeles County,2025-05-20T12:00,49.2,70.3,42.8,12.1
0,Los Angeles County,2025-05-20T13:00,47.7,69.9,46.4,12.5
0,Los Angeles County,2025-05-20T14:00,43.1,68.2,58.2,13.9
0,Los Angeles County,2025-05-20T15:00,38.2,66,72.6,15.6
0,Los Angeles County,2025-05-20T16:00,36.3,65.4,79.9,16.5
0,Los Angeles County,2025-05-20T17:00,36,65.1,80.8,16.6
0,Los Angeles County,2025-05-20T18:00,41.8,66.9,59.9,14.3
0,Los Angeles County,2025-05-20T19:00,51.2,69.5,35.6,11.6
0,Los Angeles County,2025-05-20T20:00,56.1,70.7,25.9,10.6
0,Los Angeles County,2025-05-20T21:00,60.8,72.5,19.2,9.8
0,Los Angeles County,2025-05-20T22:00,65.5,74.5,13.7,9.1
0,Los Angeles County,2025-05-20T23:00,70.4,76.3,8.3,8.5
0,Los Angeles County,2025-05-21T00:00,72.5,76.8,5.9,8.2
0,Los Angeles County,2025-05-21T01:00,74,78,5.4,8.1
0,Los Angeles County,2025-05-21T02:00,76.9,80.6,4.9,7.8
0,Los Angeles County,2025-05-21T03:00,83,85.1,2.6,7.2
0,Los Angeles County,2025-05-21T04:00,85.6,88.5,3.3,7
0,Los Angeles County,2025-05-21T05:00,75.1,86.6,15.3,7.9
0,Los Angeles County,2025-05-21T06:00,56.9,79,38.7,10.5
0,Los Angeles County,2025-05-21T07:00,41.5,69.1,66.5,14.4
0,Los Angeles County,2025-05-21T08:00,38.2,66.6,74.1,15.6
0,Los Angeles County,2025-05-21T09:00,44.8,70.6,57.6,13.3
0,Los Angeles County,2025-05-21T10:00,48.8,71.8,46.8,12.2
0,Los Angeles County,2025-05-21T11:00,49.6,71.5,43.9,12
0,Los Angeles County,2025-05-21T12:00,48.1,70.2,46,12.4
0,Los Angeles County,2025-05-21T13:00,46.7,69.9,49.5,12.8
0,Los Angeles County,2025-05-21T14:00,42.6,68.5,60.5,14
0,Los Angeles County,2025-05-21T15:00,37.3,65.9,76.4,16
0,Los Angeles County,2025-05-21T16:00,35.6,65.4,83.5,16.8
0,Los Angeles County,2025-05-21T17:00,34.7,64.9,86.9,17.2
0,Los Angeles County,2025-05-21T18:00,39.6,66.4,67.7,15.1
0,Los Angeles County,2025-05-21T19:00,48.9,68.9,40.8,12.2
0,Los Angeles County,2025-05-21T20:00,55.2,70.5,27.6,10.8
0,Los Angeles County,2025-05-21T21:00,59.7,72.3,21.1,10
0,Los Angeles County,2025-05-21T22:00,64.7,74.6,15.2,9.2
0,Los Angeles County,2025-05-21T23:00,68.7,75.9,10.5,8.7
0,Los Angeles County,2025-05-22T00:00,71.5,78,8.9,8.3
0,Los Angeles County,2025-05-22T01:00,74.9,78.9,5.3,8
0,Los Angeles County,2025-05-22T02:00,78.5,82.5,5,7.6
0,Los Angeles County,2025-05-22T03:00,84.6,87.3,3.1,7
0,Los Angeles County,2025-05-22T04:00,85.4,88.8,3.9,7
0,Los Angeles County,2025-05-22T05:00,74.8,86.6,15.7,8
0,Los Angeles County,2025-05-22T06:00,58.6,79.5,35.7,10.2
0,Los Angeles County,2025-05-22T07:00,43.2,69.5,60.6,13.8
0,Los Angeles County,2025-05-22T08:00,39.5,67,69.3,15.1
0,Los Angeles County,2025-05-22T09:00,46.5,71.1,52.9,12.9
0,Los Angeles County,2025-05-22T10:00,49.7,72.1,45,12
0,Los Angeles County,2025-05-22T11:00,50,71.8,43.6,11.9
0,Los Angeles County,2025-05-22T12:00,47.8,70.3,46.9,12.5
0,Los Angeles County,2025-05-22T13:00,46.7,70.1,50,12.8
0,Los Angeles County,2025-05-22T14:00,42.5,68.5,61.1,14
0,Los Angeles County,2025-05-22T15:00,37.3,66,76.6,16
0,Los Angeles County,2025-05-22T16:00,35.7,65.3,82.9,16.7
0,Los Angeles County,2025-05-22T17:00,35.4,64.9,83.2,16.9
0,Los Angeles County,2025-05-22T18:00,41.6,67.2,61.6,14.4
0,Los Angeles County,2025-05-22T19:00,50.5,69.9,38.3,11.8
0,Los Angeles County,2025-05-22T20:00,55.6,71.6,28.9,10.7
0,Los Angeles County,2025-05-22T21:00,58.8,73.1,24.2,10.1
0,Los Angeles County,2025-05-22T22:00,64.1,74.8,16.8,9.3
0,Los Angeles County,2025-05-22T23:00,69.5,76.3,9.8,8.6
0,Los Angeles County,2025-05-23T00:00,72.8,77.4,6.2,8.2
0,Los Angeles County,2025-05-23T01:00,74.9,78.7,5.1,8
0,Los Angeles County,2025-05-23T02:00,78.8,83,5.3,7.6
0,Los Angeles County,2025-05-23T03:00,84.7,87.4,3.2,7
0,Los Angeles County,2025-05-23T04:00,85.5,88.4,3.3,7
0,Los Angeles County,2025-05-23T05:00,78.4,86.8,10.6,7.6
0,Los Angeles County,2025-05-23T06:00,64.4,80.6,25.1,9.3
0,Los Angeles County,2025-05-23T07:00,50.2,71.6,42.4,11.9
0,Los Angeles County,2025-05-23T08:00,47.6,69.5,45.9,12.5
0,Los Angeles County,2025-05-23T09:00,52.9,73.3,38.5,11.3
0,Los Angeles County,2025-05-23T10:00,51.6,73.5,42.3,11.6
0,Los Angeles County,2025-05-23T11:00,48.6,72.3,48.6,12.3
0,Los Angeles County,2025-05-23T12:00,44.3,70.4,58.6,13.5
0,Los Angeles County,2025-05-23T13:00,42,69.5,65.4,14.2
0,Los Angeles County,2025-05-23T14:00,39.2,68.2,73.7,15.2
0,Los Angeles County,2025-05-23T15:00,36.2,66.3,83.3,16.5
0,Los Angeles County,2025-05-23T16:00,36.8,66.6,80.7,16.2
0,Los Angeles County,2025-05-23T17:00,38.9,67.3,72.8,15.3
0,Los Angeles County,2025-05-23T18:00,43.9,69,57,13.6
0,Los Angeles County,2025-05-23T19:00,50.9,71.3,39.9,11.7
0,Los Angeles County,2025-05-23T20:00,54.7,72.8,32.9,10.9
0,Los Angeles County,2025-05-23T21:00,58.9,74.3,26.1,10.1
0,Los Angeles County,2025-05-23T22:00,63.5,75.5,18.8,9.4
0,Los Angeles County,2025-05-23T23:00,66.6,76.4,14.7,9
0,Los Angeles County,2025-05-24T00:00,70.4,77.5,10,8.5
0,Los Angeles County,2025-05-24T01:00,72.5,76.7,5.7,8.2
0,Los Angeles County,2025-05-24T02:00,73.3,76.4,4.2,8.1
0,Los Angeles County,2025-05-24T03:00,78,80.2,2.7,7.6
0,Los Angeles County,2025-05-24T04:00,83.1,84.7,1.9,7.2
0,Los Angeles County,2025-05-24T05:00,84.3,86.3,2.2,7.1
0,Los Angeles County,2025-05-24T06:00,81.4,85.4,4.8,7.3
0,Los Angeles County,2025-05-24T07:00,75.3,82.6,9.7,7.9
0,Los Angeles County,2025-05-24T08:00,70.1,80.5,14.9,8.5
0,Los Angeles County,2025-05-24T09:00,63.9,78.6,23,9.3
0,Los Angeles County,2025-05-24T10:00,58.5,76.8,31.2,10.2
0,Los Angeles County,2025-05-24T11:00,54.1,75.2,38.9,11
0,Los Angeles County,2025-05-24T12:00,51.1,73.8,44.3,11.7
0,Los Angeles County,2025-05-24T13:00,50,73.2,46.4,11.9
0,Los Angeles County,2025-05-24T14:00,49.4,72.9,47.6,12.1
0,Los Angeles County,2025-05-24T15:00,49.6,73,47,12
0,Los Angeles County,2025-05-24T16:00,49.9,73,46.1,12
0,Los Angeles County,2025-05-24T17:00,51.3,73.6,43.2,11.6
0,Los Angeles County,2025-05-24T18:00,53.2,73.3,37.6,11.2
0,Los Angeles County,2025-05-24T19:00,57.9,73.5,26.9,10.3
0,Los Angeles County,2025-05-24T20:00,60.2,74.3,23.3,9.9
0,Los Angeles County,2025-05-24T21:00,62.3,75.7,21.5,9.6
0,Los Angeles County,2025-05-24T22:00,64.9,77,18.5,9.2
0,Los Angeles County,2025-05-24T23:00,68,77.9,14.5,8.8
0,Los Angeles County,2025-05-25T00:00,70.8,77.8,9.8,8.4
0,Los Angeles County,2025-05-25T01:00,71.8,76,5.9,8.3
0,Los Angeles County,2025-05-25T02:00,71.9,75,4.2,8.3
0,Los Angeles County,2025-05-25T03:00,75.7,77.7,2.6,7.9
0,Los Angeles County,2025-05-25T04:00,79.3,80.9,2,7.5
0,Los Angeles County,2025-05-25T05:00,81.9,83.1,1.4,7.3
0,Los Angeles County,2025-05-25T06:00,81.8,83.3,1.8,7.3
0,Los Angeles County,2025-05-25T07:00,77.6,81.4,4.9,7.7
0,Los Angeles County,2025-05-25T08:00,73.4,79.7,8.5,8.1
0,Los Angeles County,2025-05-25T09:00,69.3,78.7,13.6,8.6
0,Los Angeles County,2025-05-25T10:00,65.1,77.7,19.2,9.2
0,Los Angeles County,2025-05-25T11:00,61.2,76.6,25.2,9.7
0,Los Angeles County,2025-05-25T12:00,57.7,75.4,30.6,10.3
0,Los Angeles County,2025-05-25T13:00,55.3,74.9,35.5,10.8
0,Los Angeles County,2025-05-25T14:00,54.7,74.7,36.7,10.9
0,Los Angeles County,2025-05-25T15:00,56.2,75.2,33.6,10.6
0,Los Angeles County,2025-05-25T16:00,58.8,75.5,28.2,10.1
0,Los Angeles County,2025-05-25T17:00,60.6,75.2,24.1,9.8
0,Los Angeles County,2025-05-25T18:00,61.7,74.9,21.4,9.7
0,Los Angeles County,2025-05-25T19:00,63.3,75.3,18.8,9.4
0,Los Angeles County,2025-05-25T20:00,62.4,75.9,21.7,9.6
0,Los Angeles County,2025-05-25T21:00,65,77.5,19.2,9.2
0,Los Angeles County,2025-05-25T22:00,69.1,78.5,13.7,8.6
0,Los Angeles County,2025-05-25T23:00,72.5,78.9,8.7,8.2
0,Los Angeles County,2025-05-26T00:00,74.3,78.2,5.2,8
0,Los Angeles County,2025-05-26T01:00,74.9,77.7,3.7,8
0,Los Angeles County,2025-05-26T02:00,76,78.1,2.8,7.8
0,Los Angeles County,2025-05-26T03:00,79.6,80.9,1.6,7.5
0,Los Angeles County,2025-05-26T04:00,82.1,83.3,1.5,7.3
0,Los Angeles County,2025-05-26T05:00,82.8,83.8,1.2,7.2
0,Los Angeles County,2025-05-26T06:00,79.8,82.5,3.3,7.5
0,Los Angeles County,2025-05-26T07:00,75.1,80.3,6.9,7.9
0,Los Angeles County,2025-05-26T08:00,71.9,78.9,9.6,8.3
0,Los Angeles County,2025-05-26T09:00,69.8,78.6,12.6,8.5
0,Los Angeles County,2025-05-26T10:00,67,78.1,16.3,8.9
0,Los Angeles County,2025-05-26T11:00,63.5,77,21.3,9.4
0,Los Angeles County,2025-05-26T12:00,60.2,75.8,25.9,9.9
0,Los Angeles County,2025-05-26T13:00,59.2,75.3,27.2,10.1
0,Los Angeles County,2025-05-26T14:00,59.7,75.3,25.9,10
0,Los Angeles County,2025-05-26T15:00,61.2,75.6,23.4,9.7
0,Los Angeles County,2025-05-26T16:00,62.6,75.6,20.8,9.5
0,Los Angeles County,2025-05-26T17:00,63.2,75.2,19,9.4
0,Los Angeles County,2025-05-26T18:00,63.7,75.1,17.8,9.4
0,Los Angeles County,2025-05-26T19:00,64.9,75.9,16.8,9.2
0,Los Angeles County,2025-05-26T20:00,65,76.5,17.7,9.2
0,Los Angeles County,2025-05-26T21:00,67.9,78.4,15.4,8.8
0,Los Angeles County,2025-05-26T22:00,72,79.7,10.7,8.3
0,Los Angeles County,2025-05-26T23:00,74.9,79.3,5.8,8
0,Los Angeles County,2025-05-27T00:00,76.6,79.4,3.6,7.8
0,Los Angeles County,2025-05-27T01:00,78,80.3,2.9,7.6
0,Los Angeles County,2025-05-27T02:00,80,82.2,2.8,7.4
0,Los Angeles County,2025-05-27T03:00,86.2,87.1,1.1,6.9
0,Los Angeles County,2025-05-27T04:00,88,90.1,2.3,6.8
0,Los Angeles County,2025-05-27T05:00,76.8,87.6,14,7.8
0,Los Angeles County,2025-05-27T06:00,59.9,80.3,34,10
0,Los Angeles County,2025-05-27T07:00,44.8,70.4,56.8,13.3
0,Los Angeles County,2025-05-27T08:00,41.3,67.8,63.9,14.5
0,Los Angeles County,2025-05-27T09:00,47.7,71.3,49.5,12.5
0,Los Angeles County,2025-05-27T10:00,51.6,72.7,40.9,11.6
0,Los Angeles County,2025-05-27T11:00,51.9,72.1,38.9,11.5
0,Los Angeles County,2025-05-27T12:00,49.8,70.7,41.8,12
0,Los Angeles County,2025-05-27T13:00,47.7,70,46.7,12.5
0,Los Angeles County,2025-05-27T14:00,43.5,68.5,57.2,13.7
0,Los Angeles County,2025-05-27T15:00,39.2,66.6,69.7,15.2
0,Los Angeles County,2025-05-27T16:00,37.4,65.7,75.9,16
0,Los Angeles County,2025-05-27T17:00,36.9,65.4,77.2,16.2
0,Los Angeles County,2025-05-27T18:00,43.4,67.5,55.3,13.7
0,Los Angeles County,2025-05-27T19:00,53.9,70.1,30.1,11.1
0,Los Angeles County,2025-05-27T20:00,58,71.1,22.4,10.3
0,Los Angeles County,2025-05-27T21:00,62,72.8,17.5,9.6
0,Los Angeles County,2025-05-27T22:00,66.8,74.6,11.6,8.9
0,Los Angeles County,2025-05-27T23:00,70.8,76.1,7.4,8.4
0,Los Angeles County,2025-05-28T00:00,73.1,77.1,5.4,8.2
0,Los Angeles County,2025-05-28T01:00,74.3,78.3,5.3,8
0,Los Angeles County,2025-05-28T02:00,78.7,82.2,4.5,7.6
0,Los Angeles County,2025-05-28T03:00,85.1,87.5,2.7,7
0,Los Angeles County,2025-05-28T04:00,86.1,89,3.3,6.9
0,Los Angeles County,2025-05-28T05:00,74.7,86.6,15.9,8
0,Los Angeles County,2025-05-28T06:00,58.2,79.6,36.7,10.3
0,Los Angeles County,2025-05-28T07:00,43.5,69.9,60.6,13.7
0,Los Angeles County,2025-05-28T08:00,40.1,67.2,67.3,14.9
0,Los Angeles County,2025-05-28T09:00,46.5,70.7,51.8,12.8
0,Los Angeles County,2025-05-28T10:00,50.5,71.8,42,11.8
0,Los Angeles County,2025-05-28T11:00,51.6,71.4,38.5,11.6
0,Los Angeles County,2025-05-28T12:00,49.8,70.2,40.8,12
0,Los Angeles County,2025-05-28T13:00,48.7,70.1,43.8,12.3
0,Los Angeles County,2025-05-28T14:00,44.7,69,54.4,13.4
0,Los Angeles County,2025-05-28T15:00,39.2,66.7,70.1,15.2
0,Los Angeles County,2025-05-28T16:00,37,65.8,77.8,16.2
0,Los Angeles County,2025-05-28T17:00,36.3,65.2,79.3,16.4
0,Los Angeles County,2025-05-28T18:00,42.4,67,57.9,14.1
0,Los Angeles County,2025-05-28T19:00,52.5,69.6,32.3,11.4
0,Los Angeles County,2025-05-28T20:00,57.7,70.9,22.9,10.3
0,Los Angeles County,2025-05-28T21:00,61.7,72.7,17.8,9.7
0,Los Angeles County,2025-05-28T22:00,66.6,74.9,12.4,8.9
0,Los Angeles County,2025-05-28T23:00,70.2,75.9,8.1,8.5
0,Los Angeles County,2025-05-29T00:00,72.6,76.9,5.8,8.2
0,Los Angeles County,2025-05-29T01:00,74.4,78.5,5.4,8
0,Los Angeles County,2025-05-29T02:00,78.9,83,5.1,7.5
0,Los Angeles County,2025-05-29T03:00,83.8,86.2,2.8,7.1
0,Los Angeles County,2025-05-29T04:00,85.4,88.5,3.6,7
0,Los Angeles County,2025-05-29T05:00,75.7,86.3,14,7.9
0,Los Angeles County,2025-05-29T06:00,59.6,79.6,33.4,10
0,Los Angeles County,2025-05-29T07:00,44.6,70,56.7,13.4
0,Los Angeles County,2025-05-29T08:00,41.4,67.6,63.3,14.4
0,Los Angeles County,2025-05-29T09:00,48,71.4,48.7,12.4
0,Los Angeles County,2025-05-29T10:00,51.7,72.4,39.9,11.5
0,Los Angeles County,2025-05-29T11:00,51.6,71.6,38.8,11.6
0,Los Angeles County,2025-05-29T12:00,49,70.3,43.2,12.2
0,Los Angeles County,2025-05-29T13:00,47.9,70.3,46.6,12.5
0,Los Angeles County,2025-05-29T14:00,43.5,68.8,58,13.7
0,Los Angeles County,2025-05-29T15:00,38.2,66.2,73,15.6
0,Los Angeles County,2025-05-29T16:00,36,65.1,80.7,16.6
0,Los Angeles County,2025-05-29T17:00,35.4,64.9,83.2,16.9
0,Los Angeles County,2025-05-29T18:00,41,66.9,62.8,14.6
0,Los Angeles County,2025-05-29T19:00,49.8,69.3,38.9,12
0,Los Angeles County,2025-05-29T20:00,54.6,70.6,29.3,10.9
0,Los Angeles County,2025-05-29T21:00,59.2,72.6,22.7,10.1
0,Los Angeles County,2025-05-29T22:00,64.2,74.1,15.5,9.3
0,Los Angeles County,2025-05-29T23:00,68.3,75.4,10.2,8.7
0,Los Angeles County,2025-05-30T00:00,70.9,76.3,7.5,8.4
0,Los Angeles County,2025-05-30T01:00,73.8,78.2,5.9,8.1
0,Los Angeles County,2025-05-30T02:00,77,81.4,5.6,7.7
0,Los Angeles County,2025-05-30T03:00,81.2,84.1,3.5,7.3
0,Los Angeles County,2025-05-30T04:00,85.1,88,3.4,7
0,Los Angeles County,2025-05-30T05:00,77.2,86.3,11.7,7.7
0,Los Angeles County,2025-05-30T06:00,62.3,80,28.4,9.6
0,Los Angeles County,2025-05-30T07:00,47.8,70.8,47.8,12.5
0,Los Angeles County,2025-05-30T08:00,45.2,68.8,52.1,13.2
0,Los Angeles County,2025-05-30T09:00,50.6,72.4,42.9,11.8
0,Los Angeles County,2025-05-30T10:00,51,72.6,42.3,11.7
0,Los Angeles County,2025-05-30T11:00,49.2,71.8,45.8,12.1
0,Los Angeles County,2025-05-30T12:00,45.7,70.3,53.7,13.1
0,Los Angeles County,2025-05-30T13:00,43.3,69.7,61,13.8
0,Los Angeles County,2025-05-30T14:00,40,68,69.8,14.9
0,Los Angeles County,2025-05-30T15:00,36.5,66.1,81,16.4
0,Los Angeles County,2025-05-30T16:00,36.5,66.1,81.2,16.4
0,Los Angeles County,2025-05-30T17:00,37.5,66.4,76.6,15.9
0,Los Angeles County,2025-05-30T18:00,43.1,68.4,58.3,13.8
0,Los Angeles County,2025-05-30T19:00,50.3,70.2,39.3,11.9
0,Los Angeles County,2025-05-30T20:00,53.2,71,33.2,11.2
0,Los Angeles County,2025-05-30T21:00,56.2,72.6,28.9,10.6
0,Los Angeles County,2025-05-30T22:00,60.1,74.3,23.5,9.9
0,Los Angeles County,2025-05-30T23:00,64.7,75.4,16.5,9.2
0,Los Angeles County,2025-05-31T00:00,69.2,75.2,8.7,8.6
0,Los Angeles County,2025-05-31T01:00,69.6,74.4,6.8,8.6
0,Los Angeles County,2025-05-31T02:00,71.7,76.2,6.2,8.3
0,Los Angeles County,2025-05-31T03:00,77.2,80.9,4.8,7.7
0,Los Angeles County,2025-05-31T04:00,81.3,83.9,3.2,7.3
0,Los Angeles County,2025-05-31T05:00,83,84.9,2.2,7.2
0,Los Angeles County,2025-05-31T06:00,79.5,83.9,5.5,7.5
0,Los Angeles County,2025-05-31T07:00,73.2,81.2,10.9,8.1
0,Los Angeles County,2025-05-31T08:00,67.6,78.7,16.4,8.8
0,Los Angeles County,2025-05-31T09:00,61.6,76.6,24.3,9.7
0,Los Angeles County,2025-05-31T10:00,55.9,74.8,33.7,10.7
0,Los Angeles County,2025-05-31T11:00,50.9,73.2,43.7,11.7
0,Los Angeles County,2025-05-31T12:00,48.2,72.2,49.8,12.4
0,Los Angeles County,2025-05-31T13:00,47.3,72.1,52.2,12.6
0,Los Angeles County,2025-05-31T14:00,46.4,72,55,12.9
0,Los Angeles County,2025-05-31T15:00,45.5,71.7,57.4,13.1
0,Los Angeles County,2025-05-31T16:00,46.7,72,54,12.8
0,Los Angeles County,2025-05-31T17:00,48.5,72.2,48.6,12.3
0,Los Angeles County,2025-05-31T18:00,50.9,72.2,41.8,11.7
0,Los Angeles County,2025-05-31T19:00,54.3,72.3,33,11
0,Los Angeles County,2025-05-31T20:00,56.3,72.9,29.4,10.6
0,Los Angeles County,2025-05-31T21:00,60.1,74.8,24.5,9.9
0,Los Angeles County,2025-05-31T22:00,61.8,76.2,23.2,9.7
0,Los Angeles County,2025-05-31T23:00,63.7,76.7,20.4,9.4
0,Los Angeles County,2025-06-01T00:00,68.5,76.4,11.3,8.7
0,Los Angeles County,2025-06-01T01:00,70.3,74.9,6.5,8.5
0,Los Angeles County,2025-06-01T02:00,70.4,74.1,5.2,8.5
0,Los Angeles County,2025-06-01T03:00,73.8,76.4,3.5,8.1
0,Los Angeles County,2025-06-01T04:00,78.3,80.2,2.3,7.6
0,Los Angeles County,2025-06-01T05:00,80.7,82.3,1.9,7.4
0,Los Angeles County,2025-06-01T06:00,80.5,82.4,2.3,7.4
0,Los Angeles County,2025-06-01T07:00,76.1,80.6,5.8,7.8
0,Los Angeles County,2025-06-01T08:00,71.1,78.4,10.2,8.4
0,Los Angeles County,2025-06-01T09:00,67.1,77.6,15.4,8.9
0,Los Angeles County,2025-06-01T10:00,63.2,76.5,21.1,9.4
0,Los Angeles County,2025-06-01T11:00,58.5,75.1,28.4,10.2
0,Los Angeles County,2025-06-01T12:00,55.2,74.1,34.1,10.8
0,Los Angeles County,2025-06-01T13:00,53.1,73.8,38.9,11.2
0,Los Angeles County,2025-06-01T14:00,51.9,73.5,41.6,11.5
0,Los Angeles County,2025-06-01T15:00,52,73.6,41.5,11.5
0,Los Angeles County,2025-06-01T16:00,54.4,73.9,35.7,11
0,Los Angeles County,2025-06-01T17:00,56.6,74,30.6,10.5
0,Los Angeles County,2025-06-01T18:00,58.6,73.8,25.9,10.2
0,Los Angeles County,2025-06-01T19:00,59.9,73.9,23.3,10
0,Los Angeles County,2025-06-01T20:00,59.9,74.9,25,10
0,Los Angeles County,2025-06-01T21:00,63.1,76.3,20.9,9.4
0,Los Angeles County,2025-06-01T22:00,67.8,77.7,14.5,8.8
0,Los Angeles County,2025-06-01T23:00,70.9,78,10,8.4
0,Los Angeles County,2025-06-02T00:00,73.8,78.3,6.1,8.1
0,Los Angeles County,2025-06-02T01:00,75.3,78.5,4.2,7.9
0,Los Angeles County,2025-06-02T02:00,76.5,79.5,3.9,7.8
0,Los Angeles County,2025-06-02T03:00,84.6,86.5,2.2,7
0,Los Angeles County,2025-06-02T04:00,86.4,89.3,3.4,6.9
0,Los Angeles County,2025-06-02T05:00,76.8,87.3,13.5,7.8
0,Los Angeles County,2025-06-02T06:00,60.4,80.1,32.7,9.9
0,Los Angeles County,2025-06-02T07:00,45.7,70.5,54.2,13.1
0,Los Angeles County,2025-06-02T08:00,42.2,67.8,60.5,14.1
0,Los Angeles County,2025-06-02T09:00,48.4,71.4,47.3,12.3
0,Los Angeles County,2025-06-02T10:00,51.8,72.4,39.7,11.5
0,Los Angeles County,2025-06-02T11:00,52.2,71.9,37.6,11.4
0,Los Angeles County,2025-06-02T12:00,50,70.4,40.7,11.9
0,Los Angeles County,2025-06-02T13:00,49.2,70.4,43,12.1
0,Los Angeles County,2025-06-02T14:00,45.9,69.2,50.9,13
0,Los Angeles County,2025-06-02T15:00,41.2,67.1,63.1,14.5
0,Los Angeles County,2025-06-02T16:00,39.6,66.7,68.4,15.1
0,Los Angeles County,2025-06-02T17:00,39.6,66.5,68,15.1
0,Los Angeles County,2025-06-02T18:00,46.5,68.3,46.9,12.8
0,Los Angeles County,2025-06-02T19:00,54.7,69.7,27.2,10.9
0,Los Angeles County,2025-06-02T20:00,57.5,70.6,22.8,10.4
0,Los Angeles County,2025-06-02T21:00,61.5,72.6,17.9,9.7
0,Los Angeles County,2025-06-02T22:00,66.1,74.6,12.7,9
0,Los Angeles County,2025-06-02T23:00,69.8,76.4,9.4,8.5
0,Los Angeles County,2025-06-03T00:00,72.3,77.1,6.5,8.2
0,Los Angeles County,2025-06-03T01:00,74.6,78.9,5.7,8
0,Los Angeles County,2025-06-03T02:00,76.9,80.9,5.1,7.7
0,Los Angeles County,2025-06-03T03:00,83.1,85.2,2.5,7.2
0,Los Angeles County,2025-06-03T04:00,85.4,88.7,3.8,7
0,Los Angeles County,2025-06-03T05:00,74.5,86.5,16,8
0,Los Angeles County,2025-06-03T06:00,59.3,79.5,34,10.1
0,Los Angeles County,2025-06-03T07:00,44.7,70.1,56.7,13.4
0,Los Angeles County,2025-06-03T08:00,41,67.5,64.6,14.6
0,Los Angeles County,2025-06-03T09:00,47.7,71,48.6,12.5
0,Los Angeles County,2025-06-03T10:00,51.9,71.9,38.5,11.5
0,Los Angeles County,2025-06-03T11:00,52.5,71.3,35.8,11.4
0,Los Angeles County,2025-06-03T12:00,50.4,70,38.9,11.9
0,Los Angeles County,2025-06-03T13:00,48.7,69.6,42.9,12.3
0,Los Angeles County,2025-06-03T14:00,44.5,68.5,53.7,13.4
0,Los Angeles County,2025-06-03T15:00,38.1,66.1,73.5,15.7
0,Los Angeles County,2025-06-03T16:00,33.2,64.5,94.1,18
0,Los Angeles County,2025-06-03T17:00,33.5,64.6,92.7,17.9
0,Los Angeles County,2025-06-03T18:00,40.8,66.8,63.7,14.6
0,Los Angeles County,2025-06-03T19:00,51.7,69.6,34.5,11.5
0,Los Angeles County,2025-06-03T20:00,57.2,70.7,23.6,10.4
0,Los Angeles County,2025-06-03T21:00,61.3,72.3,17.8,9.7
0,Los Angeles County,2025-06-03T22:00,66.3,74.6,12.5,9
0,Los Angeles County,2025-06-03T23:00,70.8,76.8,8.5,8.4
0,Los Angeles County,2025-06-04T00:00,72.5,76.8,5.9,8.2
0,Los Angeles County,2025-06-04T01:00,73.5,77.7,5.8,8.1
0,Los Angeles County,2025-06-04T02:00,76.6,80.5,5,7.8
0,Los Angeles County,2025-06-04T03:00,82.8,85.1,2.7,7.2
0,Los Angeles County,2025-06-04T04:00,84.8,88.3,4,7
0,Los Angeles County,2025-06-04T05:00,74.2,86.2,16.2,8
0,Los Angeles County,2025-06-04T06:00,58,79.3,36.6,10.3
0,Los Angeles County,2025-06-04T07:00,43.5,69.8,60.6,13.7
0,Los Angeles County,2025-06-04T08:00,39.9,67.2,68.1,15
0,Los Angeles County,2025-06-04T09:00,45.9,70.3,53.2,13
0,Los Angeles County,2025-06-04T10:00,50.5,71.6,41.7,11.8
0,Los Angeles County,2025-06-04T11:00,51.3,71.1,38.6,11.6
0,Los Angeles County,2025-06-04T12:00,49.5,69.9,40.9,12
0,Los Angeles County,2025-06-04T13:00,48,69.6,45,12.4
0,Los Angeles County,2025-06-04T14:00,44,68.6,55.9,13.6
0,Los Angeles County,2025-06-04T15:00,39.5,66.7,68.8,15.1
0,Los Angeles County,2025-06-04T16:00,37.5,65.8,75.4,15.9
0,Los Angeles County,2025-06-04T17:00,36.7,65.3,77.9,16.3
0,Los Angeles County,2025-06-04T18:00,42,66.8,58.8,14.2
0,Los Angeles County,2025-06-04T19:00,51.3,69.2,34.7,11.6
0,Los Angeles County,2025-06-04T20:00,56.4,70.5,24.8,10.6
0,Los Angeles County,2025-06-04T21:00,60.7,72.5,19.4,9.8
0,Los Angeles County,2025-06-04T22:00,64.9,74.6,15,9.2
0,Los Angeles County,2025-06-04T23:00,69.6,76,9.1,8.6
0,Los Angeles County,2025-06-05T00:00,71.6,76.2,6.3,8.3
0,Los Angeles County,2025-06-05T01:00,73.7,78,5.8,8.1
0,Los Angeles County,2025-06-05T02:00,77.5,81.4,5,7.7
0,Los Angeles County,2025-06-05T03:00,84,86.6,3,7.1
0,Los Angeles County,2025-06-05T04:00,85.8,88.3,2.8,6.9
0,Los Angeles County,2025-06-05T05:00,75.7,86.5,14.2,7.9
0,Los Angeles County,2025-06-05T06:00,59,79.5,34.5,10.1
0,Los Angeles County,2025-06-05T07:00,44.9,70.3,56.4,13.3
0,Los Angeles County,2025-06-05T08:00,41.7,67.8,62.6,14.3
0,Los Angeles County,2025-06-05T09:00,47.1,70.7,50.1,12.7
0,Los Angeles County,2025-06-05T10:00,50.5,71.9,42.4,11.8
0,Los Angeles County,2025-06-05T11:00,51,71.7,40.5,11.7
0,Los Angeles County,2025-06-05T12:00,47.4,69.9,47.3,12.6
0,Los Angeles County,2025-06-05T13:00,45.8,69.4,51.4,13
0,Los Angeles County,2025-06-05T14:00,42.6,68.5,60.7,14
0,Los Angeles County,2025-06-05T15:00,38.4,66.5,72.9,15.5
0,Los Angeles County,2025-06-05T16:00,36,65.4,81.5,16.6
0,Los Angeles County,2025-06-05T17:00,35,64.9,85.3,17.1
0,Los Angeles County,2025-06-05T18:00,40.9,66.8,63.1,14.6
0,Los Angeles County,2025-06-05T19:00,49.9,69.3,38.8,12
0,Los Angeles County,2025-06-05T20:00,55.3,70.9,28.2,10.8
0,Los Angeles County,2025-06-05T21:00,59.4,72.4,21.9,10
0,Los Angeles County,2025-06-05T22:00,64.1,74.4,16,9.3
0,Los Angeles County,2025-06-05T23:00,67.7,75.6,11.6,8.8
0,Los Angeles County,2025-06-06T00:00,72.2,76.8,6.3,8.3
0,Los Angeles County,2025-06-06T01:00,73,76.9,5.2,8.2
0,Los Angeles County,2025-06-06T02:00,75.3,78.6,4.3,7.9
0,Los Angeles County,2025-06-06T03:00,81.8,84.1,2.7,7.3
0,Los Angeles County,2025-06-06T04:00,85.5,87.8,2.6,7
0,Los Angeles County,2025-06-06T05:00,78.4,86.6,10.3,7.6
0,Los Angeles County,2025-06-06T06:00,65.1,80.7,24,9.2
0,Los Angeles County,2025-06-06T07:00,52,72.5,39.3,11.5
0,Los Angeles County,2025-06-06T08:00,49.8,70.5,41.5,12
0,Los Angeles County,2025-06-06T09:00,54.2,73.2,34.8,11
0,Los Angeles County,2025-06-06T10:00,53.8,73.4,36.2,11.1
0,Los Angeles County,2025-06-06T11:00,51.1,72.3,41.5,11.7
0,Los Angeles County,2025-06-06T12:00,46.6,70.4,50.8,12.8
0,Los Angeles County,2025-06-06T13:00,43.6,69.3,58.8,13.7
0,Los Angeles County,2025-06-06T14:00,40.7,68.3,67.8,14.7
0,Los Angeles County,2025-06-06T15:00,38,67,76.2,15.7
0,Los Angeles County,2025-06-06T16:00,38,66.6,75.3,15.7
0,Los Angeles County,2025-06-06T17:00,39.1,66.9,70.9,15.3
0,Los Angeles County,2025-06-06T18:00,45.2,68.8,52,13.2
0,Los Angeles County,2025-06-06T19:00,53,70.9,33.8,11.3
0,Los Angeles County,2025-06-06T20:00,55.7,71.6,28.6,10.7
0,Los Angeles County,2025-06-06T21:00,58,72.8,25.5,10.3
0,Los Angeles County,2025-06-06T22:00,62,74,19.3,9.6
0,Los Angeles County,2025-06-06T23:00,65.9,74.9,13.7,9.1
0,Los Angeles County,2025-06-07T00:00,68.7,74.5,8.4,8.7
0,Los Angeles County,2025-06-07T01:00,70.1,74.5,6.3,8.5
0,Los Angeles County,2025-06-07T02:00,72.4,76.5,5.6,8.2
0,Los Angeles County,2025-06-07T03:00,76.7,80.2,4.4,7.8
0,Los Angeles County,2025-06-07T04:00,81.6,83.8,2.6,7.3
0,Los Angeles County,2025-06-07T05:00,83,85,2.4,7.2
0,Los Angeles County,2025-06-07T06:00,79.2,83.9,5.8,7.5
0,Los Angeles County,2025-06-07T07:00,72.6,81.2,11.8,8.2
0,Los Angeles County,2025-06-07T08:00,67.6,78.8,16.5,8.8
0,Los Angeles County,2025-06-07T09:00,62.3,76.9,23.4,9.6
0,Los Angeles County,2025-06-07T10:00,57.4,75.3,31.1,10.4
0,Los Angeles County,2025-06-07T11:00,53.2,73.9,38.8,11.2
0,Los Angeles County,2025-06-07T12:00,49.1,72.3,47.2,12.2
0,Los Angeles County,2025-06-07T13:00,47.2,71.9,52.1,12.6
0,Los Angeles County,2025-06-07T14:00,46.3,71.7,54.7,12.9
0,Los Angeles County,2025-06-07T15:00,46.3,71.6,54.5,12.9
0,Los Angeles County,2025-06-07T16:00,47.2,71.8,52.1,12.7
0,Los Angeles County,2025-06-07T17:00,49.2,72.3,47,12.1
0,Los Angeles County,2025-06-07T18:00,52,72.3,38.9,11.5
0,Los Angeles County,2025-06-07T19:00,55.6,72.4,30.1,10.7
0,Los Angeles County,2025-06-07T20:00,57.5,73.3,27.3,10.4
0,Los Angeles County,2025-06-07T21:00,60,75,25,9.9
0,Los Angeles County,2025-06-07T22:00,63.5,76.1,19.8,9.4
0,Los Angeles County,2025-06-07T23:00,67.2,76.6,14,8.9
0,Los Angeles County,2025-06-08T00:00,70.1,75.9,8.3,8.5
0,Los Angeles County,2025-06-08T01:00,70.7,74.7,5.7,8.4
0,Los Angeles County,2025-06-08T02:00,70,73.8,5.3,8.5
0,Los Angeles County,2025-06-08T03:00,74.1,76.6,3.3,8
0,Los Angeles County,2025-06-08T04:00,78.8,80.3,1.8,7.6
0,Los Angeles County,2025-06-08T05:00,81.5,82.6,1.4,7.3
0,Los Angeles County,2025-06-08T06:00,80.6,82.8,2.8,7.4
0,Los Angeles County,2025-06-08T07:00,77.1,81.4,5.5,7.7
0,Los Angeles County,2025-06-08T08:00,72.8,79.5,9.2,8.2
0,Los Angeles County,2025-06-08T09:00,68.1,78.2,14.7,8.7
0,Los Angeles County,2025-06-08T10:00,63.9,77.1,20.6,9.3
0,Los Angeles County,2025-06-08T11:00,60.1,75.7,25.9,9.9
0,Los Angeles County,2025-06-08T12:00,56.7,74.6,31.4,10.5
0,Los Angeles County,2025-06-08T13:00,54.6,74,35.4,10.9
0,Los Angeles County,2025-06-08T14:00,54.5,74,35.8,11
0,Los Angeles County,2025-06-08T15:00,55.2,74,34.1,10.8
0,Los Angeles County,2025-06-08T16:00,56.5,74.1,31,10.6
0,Los Angeles County,2025-06-08T17:00,57.8,73.8,27.6,10.3
0,Los Angeles County,2025-06-08T18:00,60.4,73.9,22.4,9.9
0,Los Angeles County,2025-06-08T19:00,62,74.2,19.6,9.6
0,Los Angeles County,2025-06-08T20:00,61.7,74.8,21.1,9.7
0,Los Angeles County,2025-06-08T21:00,64.4,76.5,18.7,9.3
0,Los Angeles County,2025-06-08T22:00,68.4,77.3,12.8,8.7
0,Los Angeles County,2025-06-08T23:00,72.1,78,8.2,8.3
0,Los Angeles County,2025-06-09T00:00,74.2,77.9,5,8
0,Los Angeles County,2025-06-09T01:00,74.9,77.8,3.7,8
0,Los Angeles County,2025-06-09T02:00,77.4,80.2,3.6,7.7
0,Los Angeles County,2025-06-09T03:00,85,86.3,1.4,7
0,Los Angeles County,2025-06-09T04:00,87.2,89.3,2.3,6.8
0,Los Angeles County,2025-06-09T05:00,77.3,87.3,12.9,7.7
0,Los Angeles County,2025-06-09T06:00,62.1,80.9,30.2,9.6
0,Los Angeles County,2025-06-09T07:00,50,72.4,44.7,11.9
0,Los Angeles County,2025-06-09T08:00,48.3,70.3,45.4,12.4
0,Los Angeles County,2025-06-09T09:00,54.2,72.9,34.3,11
0,Los Angeles County,2025-06-09T10:00,56.4,73.4,30.1,10.6
0,Los Angeles County,2025-06-09T11:00,55.3,72.6,31.1,10.8
0,Los Angeles County,2025-06-09T12:00,52,70.8,36,11.5
0,Los Angeles County,2025-06-09T13:00,49.8,70.1,40.6,12
0,Los Angeles County,2025-06-09T14:00,47.6,70,46.9,12.5
0,Los Angeles County,2025-06-09T15:00,43.9,68.4,55.8,13.6
0,Los Angeles County,2025-06-09T16:00,42.6,67.6,58.6,14
0,Los Angeles County,2025-06-09T17:00,42.9,67.2,56.5,13.9
0,Los Angeles County,2025-06-09T18:00,50.6,69,36.4,11.8
0,Los Angeles County,2025-06-09T19:00,57.5,70.1,21.9,10.4
0,Los Angeles County,2025-06-09T20:00,58.7,70.5,20.1,10.2
0,Los Angeles County,2025-06-09T21:00,61.5,72.2,17.3,9.7
0,Los Angeles County,2025-06-09T22:00,66.1,74,11.9,9
0,Los Angeles County,2025-06-09T23:00,69.5,75.2,8,8.6
0,Los Angeles County,2025-06-10T00:00,71.6,76.1,6.2,8.3
0,Los Angeles County,2025-06-10T01:00,73.8,77.8,5.4,8.1
0,Los Angeles County,2025-06-10T02:00,76.7,80,4.3,7.8
0,Los Angeles County,2025-06-10T03:00,82.9,84.9,2.3,7.2
0,Los Angeles County,2025-06-10T04:00,85.7,88.6,3.3,6.9
0,Los Angeles County,2025-06-10T05:00,76.2,86.8,13.8,7.8
0,Los Angeles County,2025-06-10T06:00,61,80.1,31.2,9.8
0,Los Angeles County,2025-06-10T07:00,47.9,71.8,49.7,12.5
0,Los Angeles County,2025-06-10T08:00,45.2,69.3,53.4,13.2
0,Los Angeles County,2025-06-10T09:00,50.3,71.6,42.1,11.9
0,Los Angeles County,2025-06-10T10:00,53,72.2,36.2,11.3
0,Los Angeles County,2025-06-10T11:00,52.9,71.4,34.8,11.3
0,Los Angeles County,2025-06-10T12:00,50.6,70.1,38.4,11.8
0,Los Angeles County,2025-06-10T13:00,48.5,69.7,43.5,12.3
0,Los Angeles County,2025-06-10T14:00,45.4,69,51.6,13.1
0,Los Angeles County,2025-06-10T15:00,42,67.4,60.5,14.2
0,Los Angeles County,2025-06-10T16:00,40,66.5,66.2,14.9
0,Los Angeles County,2025-06-10T17:00,39.5,66.2,67.4,15.1
0,Los Angeles County,2025-06-10T18:00,46.1,68,47.4,12.9
0,Los Angeles County,2025-06-10T19:00,54.5,69.7,27.9,11
0,Los Angeles County,2025-06-10T20:00,58,70.6,21.6,10.3
0,Los Angeles County,2025-06-10T21:00,61.2,72.2,17.8,9.7
0,Los Angeles County,2025-06-10T22:00,65.7,74,12.6,9.1
0,Los Angeles County,2025-06-10T23:00,70.4,76.3,8.5,8.5
0,Los Angeles County,2025-06-11T00:00,73,77.3,5.8,8.2
0,Los Angeles County,2025-06-11T01:00,74.1,78,5.2,8
0,Los Angeles County,2025-06-11T02:00,77,80.7,4.7,7.7
0,Los Angeles County,2025-06-11T03:00,83.1,85.3,2.6,7.2
0,Los Angeles County,2025-06-11T04:00,86.1,88.7,2.9,6.9
0,Los Angeles County,2025-06-11T05:00,76.5,87,13.6,7.8
0,Los Angeles County,2025-06-11T06:00,60.9,80.3,31.7,9.8
0,Los Angeles County,2025-06-11T07:00,49.1,72.8,48.2,12.2
0,Los Angeles County,2025-06-11T08:00,46.5,70.4,51.2,12.8
0,Los Angeles County,2025-06-11T09:00,50.1,72,43.7,11.9
0,Los Angeles County,2025-06-11T10:00,52.2,72.4,38.5,11.4
0,Los Angeles County,2025-06-11T11:00,51.4,71.4,38.8,11.6
0,Los Angeles County,2025-06-11T12:00,49.1,69.8,42.2,12.2
0,Los Angeles County,2025-06-11T13:00,48.4,70,44.4,12.3
0,Los Angeles County,2025-06-11T14:00,45.9,69.4,51.2,13
0,Los Angeles County,2025-06-11T15:00,42,67.9,61.6,14.2
0,Los Angeles County,2025-06-11T16:00,39.4,66.5,68.7,15.2
0,Los Angeles County,2025-06-11T17:00,38.5,65.8,70.9,15.5
0,Los Angeles County,2025-06-11T18:00,45.3,67.9,49.8,13.2
0,Los Angeles County,2025-06-11T19:00,53.6,69.7,30.1,11.1
0,Los Angeles County,2025-06-11T20:00,57.6,70.8,22.9,10.4
0,Los Angeles County,2025-06-11T21:00,61.3,72.6,18.4,9.7
0,Los Angeles County,2025-06-11T22:00,65.6,74.2,13,9.1
0,Los Angeles County,2025-06-11T23:00,68.9,75.5,9.6,8.7
0,Los Angeles County,2025-06-12T00:00,72.4,77.1,6.5,8.2
0,Los Angeles County,2025-06-12T01:00,74.5,78.7,5.5,8
0,Los Angeles County,2025-06-12T02:00,77.7,81.6,5,7.7
0,Los Angeles County,2025-06-12T03:00,82.8,85.6,3.4,7.2
0,Los Angeles County,2025-06-12T04:00,85.5,88.5,3.5,7
0,Los Angeles County,2025-06-12T05:00,77.3,87,12.4,7.7
0,Los Angeles County,2025-06-12T06:00,61.8,80.4,30.2,9.7
0,Los Angeles County,2025-06-12T07:00,50.6,73.5,45.2,11.8
0,Los Angeles County,2025-06-12T08:00,47.7,70.9,48.7,12.5
0,Los Angeles County,2025-06-12T09:00,51,72.3,41.7,11.7
0,Los Angeles County,2025-06-12T10:00,53.2,73.2,37.4,11.2
0,Los Angeles County,2025-06-12T11:00,51.9,72.3,39.1,11.5
0,Los Angeles County,2025-06-12T12:00,49.1,70.7,43.8,12.2
0,Los Angeles County,2025-06-12T13:00,47.9,70.5,47.1,12.5
0,Los Angeles County,2025-06-12T14:00,45.1,69.8,54.9,13.3
0,Los Angeles County,2025-06-12T15:00,41.8,68.3,63.5,14.3
0,Los Angeles County,2025-06-12T16:00,39.5,67,69.3,15.1
0,Los Angeles County,2025-06-12T17:00,38.6,66.3,71.8,15.5
0,Los Angeles County,2025-06-12T18:00,44.3,68.3,53.9,13.5
0,Los Angeles County,2025-06-12T19:00,52.4,70.4,34.2,11.4
0,Los Angeles County,2025-06-12T20:00,56.5,71.3,26.2,10.6
0,Los Angeles County,2025-06-12T21:00,60.4,73.1,20.9,9.9
0,Los Angeles County,2025-06-12T22:00,64.5,74.7,15.7,9.2
0,Los Angeles County,2025-06-12T23:00,68.7,76.1,10.8,8.7
0,Los Angeles County,2025-06-13T00:00,71.5,76.8,7.4,8.3
0,Los Angeles County,2025-06-13T01:00,74.1,77.9,5.1,8
0,Los Angeles County,2025-06-13T02:00,76.1,79.6,4.5,7.8
0,Los Angeles County,2025-06-13T03:00,82.5,84.6,2.5,7.2
0,Los Angeles County,2025-06-13T04:00,85.7,88,2.6,6.9
0,Los Angeles County,2025-06-13T05:00,79.2,86.8,9.6,7.5
0,Los Angeles County,2025-06-13T06:00,66.1,81.1,22.6,9
0,Los Angeles County,2025-06-13T07:00,57.1,75.3,31.9,10.5
0,Los Angeles County,2025-06-13T08:00,54.9,73.2,33.3,10.9
0,Los Angeles County,2025-06-13T09:00,55.5,74,33.3,10.7
0,Los Angeles County,2025-06-13T10:00,53.4,73.8,38,11.2
0,Los Angeles County,2025-06-13T11:00,50.1,72.5,44.7,11.9
0,Los Angeles County,2025-06-13T12:00,46.8,71,51.6,12.8
0,Los Angeles County,2025-06-13T13:00,44.6,70.2,57.4,13.4
0,Los Angeles County,2025-06-13T14:00,41.8,69.3,65.6,14.3
0,Los Angeles County,2025-06-13T15:00,40,68.1,70.3,14.9
0,Los Angeles County,2025-06-13T16:00,40.5,68,68,14.8
0,Los Angeles County,2025-06-13T17:00,41.2,68,64.8,14.5
0,Los Angeles County,2025-06-13T18:00,47.2,69.7,47.7,12.7
0,Los Angeles County,2025-06-13T19:00,54.5,71.4,30.9,11
0,Los Angeles County,2025-06-13T20:00,57.5,72,25.2,10.4
0,Los Angeles County,2025-06-13T21:00,58.6,72.8,24.1,10.2
0,Los Angeles County,2025-06-13T22:00,62.3,74.6,19.6,9.6
0,Los Angeles County,2025-06-13T23:00,66.8,75.5,13.1,8.9
0,Los Angeles County,2025-06-14T00:00,69.8,75.5,8.1,8.5
0,Los Angeles County,2025-06-14T01:00,70.8,75,5.9,8.4
0,Los Angeles County,2025-06-14T02:00,72.2,75.6,4.7,8.3
0,Los Angeles County,2025-06-14T03:00,77.8,80.3,3.2,7.7
0,Los Angeles County,2025-06-14T04:00,82.8,84.2,1.7,7.2
0,Los Angeles County,2025-06-14T05:00,84,85.5,1.7,7.1
0,Los Angeles County,2025-06-14T06:00,80.1,83.9,4.6,7.4
0,Los Angeles County,2025-06-14T07:00,73.8,81.2,9.9,8.1
0,Los Angeles County,2025-06-14T08:00,69.4,79,13.8,8.6
0,Los Angeles County,2025-06-14T09:00,64.5,77.2,19.6,9.2
0,Los Angeles County,2025-06-14T10:00,58.8,75.2,27.7,10.1
0,Los Angeles County,2025-06-14T11:00,55.1,74.1,34.2,10.8
0,Los Angeles County,2025-06-14T12:00,53.6,73.3,36.5,11.1
0,Los Angeles County,2025-06-14T13:00,53.3,73.1,37,11.2
0,Los Angeles County,2025-06-14T14:00,53.5,73.2,36.6,11.1
0,Los Angeles County,2025-06-14T15:00,54.2,73.5,35.6,11
0,Los Angeles County,2025-06-14T16:00,55.8,74,32.5,10.7
0,Los Angeles County,2025-06-14T17:00,56.8,73.9,30.1,10.5
0,Los Angeles County,2025-06-14T18:00,58.5,73.5,25.4,10.2
0,Los Angeles County,2025-06-14T19:00,61.2,73,19.2,9.7
0,Los Angeles County,2025-06-14T20:00,61.5,73.3,19.2,9.7
0,Los Angeles County,2025-06-14T21:00,63.2,75.4,19.2,9.4
0,Los Angeles County,2025-06-14T22:00,65.2,77.1,18.1,9.1
0,Los Angeles County,2025-06-14T23:00,69.3,77.3,11.4,8.6
0,Los Angeles County,2025-06-15T00:00,71.6,76.5,6.8,8.3
0,Los Angeles County,2025-06-15T01:00,71.9,75.2,4.6,8.3
0,Los Angeles County,2025-06-15T02:00,71.8,74.5,3.7,8.3
0,Los Angeles County,2025-06-15T03:00,76,77.5,1.9,7.8
0,Los Angeles County,2025-06-15T04:00,79.1,80.5,1.7,7.5
0,Los Angeles County,2025-06-15T05:00,82.4,82.8,0.5,7.2
0,Los Angeles County,2025-06-15T06:00,79.7,82.1,2.9,7.5
0,Los Angeles County,2025-06-15T07:00,75.7,80.4,6.2,7.9
0,Los Angeles County,2025-06-15T08:00,72.2,78.8,9,8.2
0,Los Angeles County,2025-06-15T09:00,68.7,78.4,14,8.7
0,Los Angeles County,2025-06-15T10:00,61.9,77.5,25.2,9.6
0,Los Angeles County,2025-06-15T11:00,56,76,35.6,10.7
0,Los Angeles County,2025-06-15T12:00,54.8,75,36.9,10.9
0,Los Angeles County,2025-06-15T13:00,55,75.1,36.5,10.9
0,Los Angeles County,2025-06-15T14:00,54.7,75.5,38,10.9
0,Los Angeles County,2025-06-15T15:00,55.3,75.5,36.5,10.8
0,Los Angeles County,2025-06-15T16:00,59.1,75.7,28,10.1
0,Los Angeles County,2025-06-15T17:00,62.8,75.8,20.6,9.5
0,Los Angeles County,2025-06-15T18:00,63.7,75.4,18.3,9.4
0,Los Angeles County,2025-06-15T19:00,62.6,75.8,21.1,9.5
0,Los Angeles County,2025-06-15T20:00,63.6,76.6,20.3,9.4
0,Los Angeles County,2025-06-15T21:00,66.9,78,16.6,8.9
0,Los Angeles County,2025-06-15T22:00,70.8,78.8,11.2,8.4
0,Los Angeles County,2025-06-15T23:00,74.1,79,6.6,8
0,Los Angeles County,2025-06-16T00:00,75.3,78.7,4.6,7.9
0,Los Angeles County,2025-06-16T01:00,76.1,78.7,3.3,7.8
0,Los Angeles County,2025-06-16T02:00,78,80.3,2.9,7.6
0,Los Angeles County,2025-06-16T03:00,84.7,85.8,1.3,7
0,Los Angeles County,2025-06-16T04:00,87.6,89.6,2.2,6.8
0,Los Angeles County,2025-06-16T05:00,78.3,87.6,11.8,7.6
0,Los Angeles County,2025-06-16T06:00,63,81,28.5,9.5
0,Los Angeles County,2025-06-16T07:00,51.8,74.2,43.1,11.5
0,Los Angeles County,2025-06-16T08:00,49.3,71.5,44.9,12.1
0,Los Angeles County,2025-06-16T09:00,52.2,72.7,39,11.4
0,Los Angeles County,2025-06-16T10:00,54.9,73.7,34,10.9
0,Los Angeles County,2025-06-16T11:00,54.2,72.8,34.2,11
0,Los Angeles County,2025-06-16T12:00,52,71.5,37.3,11.5
0,Los Angeles County,2025-06-16T13:00,50.6,71.2,40.5,11.8
0,Los Angeles County,2025-06-16T14:00,48.1,70.7,47.1,12.4
0,Los Angeles County,2025-06-16T15:00,44.6,69.2,54.9,13.4
0,Los Angeles County,2025-06-16T16:00,42.6,68.1,59.6,14
0,Los Angeles County,2025-06-16T17:00,42,67.8,61.2,14.2
0,Los Angeles County,2025-06-16T18:00,49.1,69.4,41.3,12.2
0,Los Angeles County,2025-06-16T19:00,57.7,70.7,22.4,10.3
0,Los Angeles County,2025-06-16T20:00,59.1,71.2,20.3,10.1
0,Los Angeles County,2025-06-16T21:00,62.2,73.1,17.6,9.6
0,Los Angeles County,2025-06-16T22:00,66.1,75.2,13.7,9
0,Los Angeles County,2025-06-16T23:00,70.4,76.5,8.6,8.5
0,Los Angeles County,2025-06-17T00:00,72,76.6,6.3,8.3
0,Los Angeles County,2025-06-17T01:00,74.7,78.8,5.4,8
0,Los Angeles County,2025-06-17T02:00,77.5,81.1,4.7,7.7
0,Los Angeles County,2025-06-17T03:00,82.7,85.2,3,7.2
0,Los Angeles County,2025-06-17T04:00,85.5,88.6,3.6,7
0,Los Angeles County,2025-06-17T05:00,76.3,86.7,13.5,7.8
0,Los Angeles County,2025-06-17T06:00,59.7,79.9,33.8,10
0,Los Angeles County,2025-06-17T07:00,47.2,72.7,53.9,12.6
0,Los Angeles County,2025-06-17T08:00,44,69.8,58.7,13.6
0,Los Angeles County,2025-06-17T09:00,47.5,71.4,50.4,12.6
0,Los Angeles County,2025-06-17T10:00,51.1,72.3,41.6,11.7
0,Los Angeles County,2025-06-17T11:00,51.7,71.7,38.6,11.5
0,Los Angeles County,2025-06-17T12:00,49.9,70.2,40.7,12
0,Los Angeles County,2025-06-17T13:00,48.8,70.3,43.8,12.2
0,Los Angeles County,2025-06-17T14:00,46.3,69.8,50.7,12.9
0,Los Angeles County,2025-06-17T15:00,42.4,68.2,60.6,14.1
0,Los Angeles County,2025-06-17T16:00,40,67,67.4,14.9
0,Los Angeles County,2025-06-17T17:00,38.9,66.3,70.1,15.4
0,Los Angeles County,2025-06-17T18:00,45.1,67.9,50.5,13.2
0,Los Angeles County,2025-06-17T19:00,54.7,70.1,27.9,10.9
0,Los Angeles County,2025-06-17T20:00,58.2,70.9,21.8,10.3
0,Los Angeles County,2025-06-17T21:00,61.3,73,19,9.7
0,Los Angeles County,2025-06-17T22:00,65.5,74.6,13.8,9.1
0,Los Angeles County,2025-06-17T23:00,69.8,76.4,9.5,8.5
0,Los Angeles County,2025-06-18T00:00,71.8,76.4,6.4,8.3
0,Los Angeles County,2025-06-18T01:00,73.4,77.6,5.6,8.1
0,Los Angeles County,2025-06-18T02:00,76.5,80.3,5,7.8
0,Los Angeles County,2025-06-18T03:00,82.6,84.7,2.5,7.2
0,Los Angeles County,2025-06-18T04:00,85.2,88.5,3.8,7
0,Los Angeles County,2025-06-18T05:00,76.3,86.6,13.6,7.8
0,Los Angeles County,2025-06-18T06:00,59.7,79.9,33.8,10
0,Los Angeles County,2025-06-18T07:00,48,73.1,52.1,12.4
0,Los Angeles County,2025-06-18T08:00,45,70.1,55.7,13.3
0,Los Angeles County,2025-06-18T09:00,48.3,71.4,47.9,12.4
0,Los Angeles County,2025-06-18T10:00,51.2,72.3,41.2,11.7
0,Los Angeles County,2025-06-18T11:00,51.4,71.6,39.3,11.6
0,Los Angeles County,2025-06-18T12:00,49.8,70.5,41.6,12
0,Los Angeles County,2025-06-18T13:00,48.7,70.5,44.7,12.3
0,Los Angeles County,2025-06-18T14:00,45.8,69.9,52.3,13
0,Los Angeles County,2025-06-18T15:00,41.8,68.1,63,14.3
0,Los Angeles County,2025-06-18T16:00,39.2,66.8,70.5,15.3
0,Los Angeles County,2025-06-18T17:00,38.2,66.2,73.2,15.6
0,Los Angeles County,2025-06-18T18:00,44.2,68.2,54.2,13.5
0,Los Angeles County,2025-06-18T19:00,53.6,70.5,31.4,11.1
0,Los Angeles County,2025-06-18T20:00,57.9,71.3,23.1,10.3
0,Los Angeles County,2025-06-18T21:00,60.8,73,20,9.8
0,Los Angeles County,2025-06-18T22:00,64.3,74.8,16.3,9.3
0,Los Angeles County,2025-06-18T23:00,69,76,10.2,8.6
0,Los Angeles County,2025-06-19T00:00,71.3,76.1,6.8,8.4
0,Los Angeles County,2025-06-19T01:00,73.7,77.6,5.3,8.1
0,Los Angeles County,2025-06-19T02:00,76.4,79.6,4.1,7.8
0,Los Angeles County,2025-06-19T03:00,82.1,84.1,2.4,7.2
0,Los Angeles County,2025-06-19T04:00,85.9,88.1,2.5,6.9
0,Los Angeles County,2025-06-19T05:00,80.5,87,7.9,7.4
0,Los Angeles County,2025-06-19T06:00,70.8,82.2,16.1,8.4
0,Los Angeles County,2025-06-19T07:00,63.9,77.6,21.4,9.3
0,Los Angeles County,2025-06-19T08:00,60.4,74.9,23.9,9.9
0,Los Angeles County,2025-06-19T09:00,58,74.7,28.7,10.3
0,Los Angeles County,2025-06-19T10:00,54.2,74.1,36.6,11
0,Los Angeles County,2025-06-19T11:00,50.3,72.5,44.1,11.9
0,Los Angeles County,2025-06-19T12:00,48.2,71.2,47.8,12.4
0,Los Angeles County,2025-06-19T13:00,47.4,71,49.7,12.6
0,Los Angeles County,2025-06-19T14:00,45.5,70.6,54.9,13.1
0,Los Angeles County,2025-06-19T15:00,43.8,69.6,58.8,13.6
0,Los Angeles County,2025-06-19T16:00,43.8,69.2,57.7,13.6
0,Los Angeles County,2025-06-19T17:00,45,69,53.3,13.3
0,Los Angeles County,2025-06-19T18:00,50.9,70.4,38.4,11.7
0,Los Angeles County,2025-06-19T19:00,57.1,71,24.3,10.4
0,Los Angeles County,2025-06-19T20:00,58.9,72.1,22.3,10.1
0,Los Angeles County,2025-06-19T21:00,60.1,73.9,22.9,9.9
0,Los Angeles County,2025-06-19T22:00,63.6,75.3,18.4,9.4
0,Los Angeles County,2025-06-19T23:00,69.1,76.9,11.3,8.6
0,Los Angeles County,2025-06-20T00:00,73.7,78.7,6.8,8.1
0,Los Angeles County,2025-06-20T01:00,74.2,77.7,4.6,8
0,Los Angeles County,2025-06-20T02:00,76.4,79.6,4.2,7.8
0,Los Angeles County,2025-06-20T03:00,82.3,84.3,2.4,7.2
0,Los Angeles County,2025-06-20T04:00,85.4,87.8,2.8,7
0,Los Angeles County,2025-06-20T05:00,80,86.7,8.4,7.4
0,Los Angeles County,2025-06-20T06:00,67.2,81.4,21,8.9
0,Los Angeles County,2025-06-20T07:00,58.9,76,29.1,10.1
0,Los Angeles County,2025-06-20T08:00,56.3,73.7,30.9,10.6
0,Los Angeles County,2025-06-20T09:00,57,74.5,30.6,10.5
0,Los Angeles County,2025-06-20T10:00,56,74.4,32.9,10.7
0,Los Angeles County,2025-06-20T11:00,52.9,73.2,38.3,11.3
0,Los Angeles County,2025-06-20T12:00,48.8,71.4,46.1,12.2
0,Los Angeles County,2025-06-20T13:00,46.4,70.8,52.5,12.9
0,Los Angeles County,2025-06-20T14:00,43.8,69.9,59.7,13.6
0,Los Angeles County,2025-06-20T15:00,41.6,68.6,64.8,14.4
0,Los Angeles County,2025-06-20T16:00,41.6,68.2,63.6,14.3
0,Los Angeles County,2025-06-20T17:00,42.5,68.2,60.4,14.1
0,Los Angeles County,2025-06-20T18:00,48.3,70,44.7,12.4
0,Los Angeles County,2025-06-20T19:00,55.3,71.3,28.8,10.8
0,Los Angeles County,2025-06-20T20:00,58.2,71.8,23.4,10.3
0,Los Angeles County,2025-06-20T21:00,59.7,73,22.2,10
0,Los Angeles County,2025-06-20T22:00,62.4,74.4,19.1,9.6
0,Los Angeles County,2025-06-20T23:00,66.2,75.6,14.2,9
0,Los Angeles County,2025-06-21T00:00,69.4,75.4,8.5,8.6
0,Los Angeles County,2025-06-21T01:00,70.4,74.8,6.3,8.5
0,Los Angeles County,2025-06-21T02:00,71.9,75.6,5.1,8.3
0,Los Angeles County,2025-06-21T03:00,76.9,79.7,3.6,7.7
0,Los Angeles County,2025-06-21T04:00,81.5,83.7,2.6,7.3
0,Los Angeles County,2025-06-21T05:00,82.5,84.8,2.8,7.2
0,Los Angeles County,2025-06-21T06:00,79.6,83.5,4.9,7.5
0,Los Angeles County,2025-06-21T07:00,73.7,81.1,9.9,8.1
0,Los Angeles County,2025-06-21T08:00,69.6,79.2,13.7,8.6
0,Los Angeles County,2025-06-21T09:00,64.8,77.7,19.8,9.2
0,Los Angeles County,2025-06-21T10:00,59.8,76,27,10
0,Los Angeles County,2025-06-21T11:00,56.1,75,33.5,10.6
0,Los Angeles County,2025-06-21T12:00,52.7,73.5,39.2,11.3
0,Los Angeles County,2025-06-21T13:00,52,73.4,41.1,11.5
0,Los Angeles County,2025-06-21T14:00,51.4,73.4,42.6,11.6
0,Los Angeles County,2025-06-21T15:00,51.9,73.5,41.7,11.5
0,Los Angeles County,2025-06-21T16:00,52.3,73.7,40.9,11.4
0,Los Angeles County,2025-06-21T17:00,54.1,74,36.7,11
0,Los Angeles County,2025-06-21T18:00,57,73.5,28.9,10.5
0,Los Angeles County,2025-06-21T19:00,59.3,73.3,23.5,10.1
0,Los Angeles County,2025-06-21T20:00,60.2,73.8,22.5,9.9
0,Los Angeles County,2025-06-21T21:00,60.2,75.4,25,9.9
0,Los Angeles County,2025-06-21T22:00,63.3,77.3,22,9.4
0,Los Angeles County,2025-06-21T23:00,67.6,77.5,14.6,8.8
0,Los Angeles County,2025-06-22T00:00,71,76.7,8,8.4
0,Los Angeles County,2025-06-22T01:00,71.4,75.6,5.7,8.3
0,Los Angeles County,2025-06-22T02:00,71.9,74.9,4.1,8.3
0,Los Angeles County,2025-06-22T03:00,75.4,77.5,2.6,7.9
0,Los Angeles County,2025-06-22T04:00,78.8,80.6,2.2,7.6
0,Los Angeles County,2025-06-22T05:00,80.9,82.4,1.8,7.4
0,Los Angeles County,2025-06-22T06:00,80,82.3,2.8,7.4
0,Los Angeles County,2025-06-22T07:00,76.7,81,5.6,7.8
0,Los Angeles County,2025-06-22T08:00,73,79.4,8.7,8.2
0,Los Angeles County,2025-06-22T09:00,69.1,78.5,13.6,8.6
0,Los Angeles County,2025-06-22T10:00,65.1,77.7,19.2,9.2
0,Los Angeles County,2025-06-22T11:00,60.7,76.6,26.2,9.8
0,Los Angeles County,2025-06-22T12:00,57.3,75.5,31.6,10.4
0,Los Angeles County,2025-06-22T13:00,56.5,74.9,32.4,10.6
0,Los Angeles County,2025-06-22T14:00,56.8,75,31.9,10.5
0,Los Angeles County,2025-06-22T15:00,57.7,75,29.9,10.3
0,Los Angeles County,2025-06-22T16:00,58.3,75.3,29.1,10.2
0,Los Angeles County,2025-06-22T17:00,59.6,75.1,25.9,10
0,Los Angeles County,2025-06-22T18:00,61.9,74.9,21,9.6
0,Los Angeles County,2025-06-22T19:00,63.4,74.9,18,9.4
0,Los Angeles County,2025-06-22T20:00,62.8,75.4,19.9,9.5
0,Los Angeles County,2025-06-22T21:00,64.9,77,18.5,9.2
0,Los Angeles County,2025-06-22T22:00,68.8,77.9,13.1,8.7
0,Los Angeles County,2025-06-22T23:00,72.1,78.1,8.2,8.3
0,Los Angeles County,2025-06-23T00:00,75.2,78.6,4.6,7.9
0,Los Angeles County,2025-06-23T01:00,76.7,79.3,3.3,7.8
0,Los Angeles County,2025-06-23T02:00,78.5,81,3.2,7.6
0,Los Angeles County,2025-06-23T03:00,83.3,85.5,2.5,7.1
0,Los Angeles County,2025-06-23T04:00,85.8,88.8,3.4,6.9
0,Los Angeles County,2025-06-23T05:00,76.2,87.1,14.2,7.8
0,Los Angeles County,2025-06-23T06:00,60.3,80.4,33.3,9.9
0,Los Angeles County,2025-06-23T07:00,50.1,74,47.7,11.9
0,Los Angeles County,2025-06-23T08:00,46.8,71,51.5,12.7
0,Los Angeles County,2025-06-23T09:00,48.3,71.8,48.5,12.4
0,Los Angeles County,2025-06-23T10:00,50.1,72.6,44.7,11.9
0,Los Angeles County,2025-06-23T11:00,50.5,72.1,42.8,11.8
0,Los Angeles County,2025-06-23T12:00,49,70.8,44.3,12.2
0,Los Angeles County,2025-06-23T13:00,49,70.9,44.7,12.2
0,Los Angeles County,2025-06-23T14:00,46.8,70.6,50.6,12.8
0,Los Angeles County,2025-06-23T15:00,43.4,69.1,59.2,13.8
0,Los Angeles County,2025-06-23T16:00,41.2,67.7,64.1,14.5
0,Los Angeles County,2025-06-23T17:00,40.2,67,66.3,14.8
0,Los Angeles County,2025-06-23T18:00,47.1,68.9,46.4,12.7
0,Los Angeles County,2025-06-23T19:00,56.4,70.7,25.2,10.6
0,Los Angeles County,2025-06-23T20:00,59.4,71.2,19.8,10
0,Los Angeles County,2025-06-23T21:00,62.2,72.8,17,9.6
0,Los Angeles County,2025-06-23T22:00,66.8,74.9,12,8.9
0,Los Angeles County,2025-06-23T23:00,68.7,75.6,10.1,8.7
0,Los Angeles County,2025-06-24T00:00,71.9,76.9,6.9,8.3
0,Los Angeles County,2025-06-24T01:00,74.6,78.6,5.3,8
0,Los Angeles County,2025-06-24T02:00,77.2,81,4.9,7.7
0,Los Angeles County,2025-06-24T03:00,83.1,85.5,2.8,7.2
0,Los Angeles County,2025-06-24T04:00,85.5,88.7,3.8,7
0,Los Angeles County,2025-06-24T05:00,76.4,86.9,13.7,7.8
0,Los Angeles County,2025-06-24T06:00,60.6,80.4,32.5,9.8
0,Los Angeles County,2025-06-24T07:00,49.7,73.7,48.3,12
0,Los Angeles County,2025-06-24T08:00,45.8,70.6,54,13
0,Los Angeles County,2025-06-24T09:00,48.7,71.7,47,12.2
0,Los Angeles County,2025-06-24T10:00,52.2,72.5,38.9,11.4
0,Los Angeles County,2025-06-24T11:00,52.5,71.8,36.7,11.4
0,Los Angeles County,2025-06-24T12:00,50.6,70.5,39.1,11.8
0,Los Angeles County,2025-06-24T13:00,49.6,70.4,41.9,12
0,Los Angeles County,2025-06-24T14:00,45.6,69.5,52.3,13.1
0,Los Angeles County,2025-06-24T15:00,41.9,68.1,62.3,14.2
0,Los Angeles County,2025-06-24T16:00,39.2,66.9,70.3,15.2
0,Los Angeles County,2025-06-24T17:00,37.7,65.8,74.5,15.8
0,Los Angeles County,2025-06-24T18:00,43.1,67.6,56.9,13.9
0,Los Angeles County,2025-06-24T19:00,52.7,70,32.8,11.3
0,Los Angeles County,2025-06-24T20:00,57.8,70.9,22.5,10.3
0,Los Angeles County,2025-06-24T21:00,61.4,72.4,18,9.7
0,Los Angeles County,2025-06-24T22:00,66,74.4,12.7,9
0,Los Angeles County,2025-06-24T23:00,69.4,75.6,9,8.6
0,Los Angeles County,2025-06-25T00:00,72.4,76.8,6,8.2
0,Los Angeles County,2025-06-25T01:00,74.6,78.5,5.2,8
0,Los Angeles County,2025-06-25T02:00,77,80.7,4.7,7.7
0,Los Angeles County,2025-06-25T03:00,83.1,85.3,2.6,7.2
0,Los Angeles County,2025-06-25T04:00,86.4,88.7,2.7,6.9
0,Los Angeles County,2025-06-25T05:00,76.9,86.9,13,7.7
0,Los Angeles County,2025-06-25T06:00,61.1,80.5,31.7,9.8
0,Los Angeles County,2025-06-25T07:00,50.2,73.8,47,11.9
0,Los Angeles County,2025-06-25T08:00,46,70.4,52.9,13
0,Los Angeles County,2025-06-25T09:00,47.7,71.5,49.9,12.5
0,Los Angeles County,2025-06-25T10:00,50.5,72.3,43.1,11.8
0,Los Angeles County,2025-06-25T11:00,50.7,71.5,41,11.8
0,Los Angeles County,2025-06-25T12:00,48.9,70.5,44.1,12.2
0,Los Angeles County,2025-06-25T13:00,47.9,70.4,47,12.5
0,Los Angeles County,2025-06-25T14:00,44.4,69.4,56.1,13.4
0,Los Angeles County,2025-06-25T15:00,40.2,67.7,68.3,14.9
0,Los Angeles County,2025-06-25T16:00,37.5,66.5,77,15.9
0,Los Angeles County,2025-06-25T17:00,35.9,65.5,82.1,16.6
0,Los Angeles County,2025-06-25T18:00,40.4,67.4,66.4,14.8
0,Los Angeles County,2025-06-25T19:00,49.2,69.5,41.2,12.1
0,Los Angeles County,2025-06-25T20:00,56.6,71.1,25.6,10.5
0,Los Angeles County,2025-06-25T21:00,60.7,72.4,19.2,9.8
0,Los Angeles County,2025-06-25T22:00,64.9,74,14,9.2
0,Los Angeles County,2025-06-25T23:00,68.6,75.4,9.9,8.7
0,Los Angeles County,2025-06-26T00:00,71.6,78.1,9,8.3
0,Los Angeles County,2025-06-26T01:00,76,80.2,5.4,7.8
0,Los Angeles County,2025-06-26T02:00,76.6,80.4,4.9,7.8
0,Los Angeles County,2025-06-26T03:00,82.1,84.7,3.1,7.3
0,Los Angeles County,2025-06-26T04:00,85.7,88.4,3,6.9
0,Los Angeles County,2025-06-26T05:00,76.6,86.7,13.1,7.8
0,Los Angeles County,2025-06-26T06:00,61.5,80.7,31.3,9.7
0,Los Angeles County,2025-06-26T07:00,51.1,74.2,45.1,11.7
0,Los Angeles County,2025-06-26T08:00,47.1,71,50.8,12.7
0,Los Angeles County,2025-06-26T09:00,49.6,72.3,45.7,12
0,Los Angeles County,2025-06-26T10:00,51.4,73,42,11.6
0,Los Angeles County,2025-06-26T11:00,50.6,72.2,42.5,11.8
0,Los Angeles County,2025-06-26T12:00,48.4,70.7,45.9,12.3
0,Los Angeles County,2025-06-26T13:00,46.7,70.5,50.8,12.8
0,Los Angeles County,2025-06-26T14:00,44.1,69.9,58.4,13.5
0,Los Angeles County,2025-06-26T15:00,40.6,68.2,68.1,14.7
0,Los Angeles County,2025-06-26T16:00,37.9,67.1,76.6,15.7
0,Los Angeles County,2025-06-26T17:00,36.2,66.1,82.3,16.5
0,Los Angeles County,2025-06-26T18:00,40.5,67.6,67.1,14.8
0,Los Angeles County,2025-06-26T19:00,48.6,69.9,43.8,12.3
0,Los Angeles County,2025-06-26T20:00,55.1,71.3,29.2,10.8
0,Los Angeles County,2025-06-26T21:00,60.1,73.1,21.6,9.9
0,Los Angeles County,2025-06-26T22:00,64.8,74.7,15.3,9.2
0,Los Angeles County,2025-06-26T23:00,68,76.7,12.8,8.8
0,Los Angeles County,2025-06-27T00:00,71.4,79.1,10.8,8.4
0,Los Angeles County,2025-06-27T01:00,75.3,79.4,5.3,7.9
0,Los Angeles County,2025-06-27T02:00,76.3,79.8,4.5,7.8
0,Los Angeles County,2025-06-27T03:00,81.7,84.2,3,7.3
0,Los Angeles County,2025-06-27T04:00,84.9,87.9,3.5,7
0,Los Angeles County,2025-06-27T05:00,79.2,86.6,9.4,7.5
0,Los Angeles County,2025-06-27T06:00,66.7,81.4,21.9,8.9
0,Los Angeles County,2025-06-27T07:00,57.3,75.7,32.1,10.4
0,Los Angeles County,2025-06-27T08:00,53.3,72.9,36.6,11.2
0,Los Angeles County,2025-06-27T09:00,53.3,73.5,37.9,11.2
0,Los Angeles County,2025-06-27T10:00,52.9,73.9,39.6,11.3
0,Los Angeles County,2025-06-27T11:00,49.8,72.5,45.6,12
0,Los Angeles County,2025-06-27T12:00,46.3,71,53.1,12.9
0,Los Angeles County,2025-06-27T13:00,44,70.3,59.7,13.6
0,Los Angeles County,2025-06-27T14:00,41.4,69.2,66.7,14.4
0,Los Angeles County,2025-06-27T15:00,39.4,68.1,72.6,15.2
0,Los Angeles County,2025-06-27T16:00,38.9,67.5,73.3,15.4
0,Los Angeles County,2025-06-27T17:00,39.6,67.5,70.1,15.1
0,Los Angeles County,2025-06-27T18:00,45.1,69.5,54,13.2
0,Los Angeles County,2025-06-27T19:00,52.2,71.3,36.4,11.4
0,Los Angeles County,2025-06-27T20:00,56.9,72,26.4,10.5
0,Los Angeles County,2025-06-27T21:00,59.5,73,22.6,10
0,Los Angeles County,2025-06-27T22:00,62.8,74.3,18.3,9.5
0,Los Angeles County,2025-06-27T23:00,64.7,75.3,16.2,9.2
0,Los Angeles County,2025-06-28T00:00,69,76.1,10.3,8.6
0,Los Angeles County,2025-06-28T01:00,70.3,75.4,7.1,8.5
0,Los Angeles County,2025-06-28T02:00,71.9,75.8,5.4,8.3
0,Los Angeles County,2025-06-28T03:00,76.6,79.6,3.9,7.8
0,Los Angeles County,2025-06-28T04:00,81,83.7,3.2,7.4
0,Los Angeles County,2025-06-28T05:00,82.7,84.9,2.6,7.2
0,Los Angeles County,2025-06-28T06:00,79.7,83.6,4.9,7.5
0,Los Angeles County,2025-06-28T07:00,73.9,81.1,9.7,8.1
0,Los Angeles County,2025-06-28T08:00,68.4,78.9,15.2,8.7
0,Los Angeles County,2025-06-28T09:00,62.4,77.2,23.7,9.6
0,Los Angeles County,2025-06-28T10:00,56.9,75.5,32.6,10.5
0,Los Angeles County,2025-06-28T11:00,53.1,74.3,39.9,11.2
0,Los Angeles County,2025-06-28T12:00,50.4,73.2,45.2,11.8
0,Los Angeles County,2025-06-28T13:00,49.7,73,46.7,12
0,Los Angeles County,2025-06-28T14:00,49.3,72.8,47.5,12.1
0,Los Angeles County,2025-06-28T15:00,49.9,73.1,46.4,12
0,Los Angeles County,2025-06-28T16:00,50.4,73.4,45.7,11.9
0,Los Angeles County,2025-06-28T17:00,51.3,73.6,43.6,11.6
0,Los Angeles County,2025-06-28T18:00,53.2,73.4,37.9,11.2
0,Los Angeles County,2025-06-28T19:00,56.1,72.7,29.6,10.6
0,Los Angeles County,2025-06-28T20:00,59.9,73.4,22.4,10
0,Los Angeles County,2025-06-28T21:00,61.8,75,21.2,9.6
0,Los Angeles County,2025-06-28T22:00,65,76.7,17.8,9.2
0,Los Angeles County,2025-06-28T23:00,66.9,77.5,15.7,8.9
0,Los Angeles County,2025-06-29T00:00,70.3,78.2,11,8.5
0,Los Angeles County,2025-06-29T01:00,72.1,76.6,6.2,8.3
0,Los Angeles County,2025-06-29T02:00,72.2,75.2,4.1,8.3
0,Los Angeles County,2025-06-29T03:00,75,77.3,3,7.9
0,Los Angeles County,2025-06-29T04:00,78.7,80.4,2.2,7.6
0,Los Angeles County,2025-06-29T05:00,81.5,82.6,1.3,7.3
0,Los Angeles County,2025-06-29T06:00,80.1,82.3,2.6,7.4
0,Los Angeles County,2025-06-29T07:00,76.2,80.6,5.8,7.8
0,Los Angeles County,2025-06-29T08:00,72.3,78.8,9,8.2
0,Los Angeles County,2025-06-29T09:00,69,78.2,13.2,8.6
0,Los Angeles County,2025-06-29T10:00,65.1,77.3,18.7,9.2
0,Los Angeles County,2025-06-29T11:00,60.8,76.3,25.5,9.8
0,Los Angeles County,2025-06-29T12:00,57.1,75.1,31.3,10.4
0,Los Angeles County,2025-06-29T13:00,55.7,74.6,33.9,10.7
0,Los Angeles County,2025-06-29T14:00,56,74.7,33.4,10.7
0,Los Angeles County,2025-06-29T15:00,57.1,74.9,31.2,10.5
0,Los Angeles County,2025-06-29T16:00,57.7,75.3,30.5,10.3
0,Los Angeles County,2025-06-29T17:00,57.7,75,29.9,10.3
0,Los Angeles County,2025-06-29T18:00,58.2,74.7,28.3,10.2
0,Los Angeles County,2025-06-29T19:00,60.2,74.6,23.8,9.9
0,Los Angeles County,2025-06-29T20:00,62,75.1,21.1,9.6
0,Los Angeles County,2025-06-29T21:00,64.5,76.8,18.9,9.2
0,Los Angeles County,2025-06-29T22:00,69,77.8,12.8,8.6
0,Los Angeles County,2025-06-29T23:00,72,78.9,9.4,8.3
0,Los Angeles County,2025-06-30T00:00,73.2,80,9.3,8.1
0,Los Angeles County,2025-06-30T01:00,77.1,80.4,4.3,7.7
0,Los Angeles County,2025-06-30T02:00,78.2,80.7,3.1,7.6
0,Los Angeles County,2025-06-30T03:00,84.1,85.6,1.7,7.1
0,Los Angeles County,2025-06-30T04:00,87.3,89.5,2.5,6.8
0,Los Angeles County,2025-06-30T05:00,78.6,87.7,11.5,7.6
0,Los Angeles County,2025-06-30T06:00,63.1,81.2,28.7,9.5
0,Los Angeles County,2025-06-30T07:00,52.2,74.4,42.5,11.4
0,Los Angeles County,2025-06-30T08:00,48.9,71.5,46,12.2
0,Los Angeles County,2025-06-30T09:00,51.9,72.9,40.4,11.5
0,Los Angeles County,2025-06-30T10:00,53.8,73.4,36.4,11.1
0,Los Angeles County,2025-06-30T11:00,52.3,72.4,38.5,11.4
0,Los Angeles County,2025-06-30T12:00,50.3,71.1,41.4,11.9
0,Los Angeles County,2025-06-30T13:00,49.3,71.1,44,12.1
0,Los Angeles County,2025-06-30T14:00,47.1,70.4,49.3,12.7
0,Los Angeles County,2025-06-30T15:00,43.6,68.9,57.8,13.7
0,Los Angeles County,2025-06-30T16:00,41.8,67.7,61.8,14.3
0,Los Angeles County,2025-06-30T17:00,41.2,67,62.6,14.5
0,Los Angeles County,2025-06-30T18:00,48.3,69.2,43.2,12.4
0,Los Angeles County,2025-06-30T19:00,56.1,70.6,25.6,10.6
0,Los Angeles County,2025-06-30T20:00,58.3,71.1,21.8,10.2
0,Los Angeles County,2025-06-30T21:00,61.8,73,18.1,9.7
0,Los Angeles County,2025-06-30T22:00,66.3,74.7,12.5,9
0,Los Angeles County,2025-06-30T23:00,69.8,75.9,8.7,8.5
