Region index,Region label,Time,Speed [kmh],Free flow speed [kmh],Congestion level [%],Travel time per 10 km [min]
0,Mexico City,2025-01-01T00:00,35.2,37,4.9,17
0,Mexico City,2025-01-01T01:00,35.1,38,8.3,17
0,Mexico City,2025-01-01T02:00,35.4,38.5,8.7,16.9
0,Mexico City,2025-01-01T03:00,37.1,38.6,4.1,16.1
0,Mexico City,2025-01-01T04:00,38.7,38.5,0,15.4
0,Mexico City,2025-01-01T05:00,39.9,39.2,0,15
0,Mexico City,2025-01-01T06:00,41.1,40.4,0,14.5
0,Mexico City,2025-01-01T07:00,42.7,41.1,0,14
0,Mexico City,2025-01-01T08:00,42.2,41.3,0,14.2
0,Mexico City,2025-01-01T09:00,42.2,42,0,14.1
0,Mexico City,2025-01-01T10:00,41.7,41.9,0.3,14.3
0,Mexico City,2025-01-01T11:00,40.7,41.8,2.7,14.7
0,Mexico City,2025-01-01T12:00,39.4,41.7,5.7,15.2
0,Mexico City,2025-01-01T13:00,38.3,41.7,8.7,15.6
0,Mexico City,2025-01-01T14:00,37.1,41.3,11.5,16.1
0,Mexico City,2025-01-01T15:00,36.2,40.9,12.9,16.5
0,Mexico City,2025-01-01T16:00,35.3,40.4,14.4,16.9
0,Mexico City,2025-01-01T17:00,35.1,40.5,15.2,17
0,Mexico City,2025-01-01T18:00,32.9,40.2,22,18.1
0,Mexico City,2025-01-01T19:00,32.3,40,24,18.5
0,Mexico City,2025-01-01T20:00,33.1,40,20.8,18
0,Mexico City,2025-01-01T21:00,34.3,39.8,16.2,17.4
0,Mexico City,2025-01-01T22:00,35.7,39.5,10.7,16.7
0,Mexico City,2025-01-01T23:00,38,39.7,4.5,15.7
0,Mexico City,2025-01-02T00:00,40,39.5,0,14.9
0,Mexico City,2025-01-02T01:00,40.9,39.3,0,14.6
0,Mexico City,2025-01-02T02:00,41.6,39.6,0,14.3
0,Mexico City,2025-01-02T03:00,44.7,41.8,0,13.4
0,Mexico City,2025-01-02T04:00,46.4,43.4,0,12.9
0,Mexico City,2025-01-02T05:00,42.9,43.1,0.6,13.9
0,Mexico City,2025-01-02T06:00,39.1,42.5,8.7,15.3
0,Mexico City,2025-01-02T07:00,36.9,41.7,13,16.2
0,Mexico City,2025-01-02T08:00,33.9,40.8,20.2,17.6
0,Mexico City,2025-01-02T09:00,33.5,40.6,21,17.8
0,Mexico City,2025-01-02T10:00,33.5,40.6,21.2,17.8
0,Mexico City,2025-01-02T11:00,32.5,40.7,25.1,18.4
0,Mexico City,2025-01-02T12:00,31.2,40.7,30.5,19.2
0,Mexico City,2025-01-02T13:00,29.3,40.3,37.6,20.4
0,Mexico City,2025-01-02T14:00,28.5,39.9,40.1,21
0,Mexico City,2025-01-02T15:00,28,39.2,40,21.3
0,Mexico City,2025-01-02T16:00,28.6,39.2,37.1,20.9
0,Mexico City,2025-01-02T17:00,28,39.2,39.9,21.4
0,Mexico City,2025-01-02T18:00,24.9,38.4,53.8,24
0,Mexico City,2025-01-02T19:00,25.4,38.2,50.2,23.5
0,Mexico City,2025-01-02T20:00,29.2,38.6,32.4,20.5
0,Mexico City,2025-01-02T21:00,31.8,39,22.9,18.8
0,Mexico City,2025-01-02T22:00,34.2,39.1,14.3,17.5
0,Mexico City,2025-01-02T23:00,35.9,39,8.5,16.6
0,Mexico City,2025-01-03T00:00,38.4,39.2,2,15.6
0,Mexico City,2025-01-03T01:00,39.2,38.5,0,15.2
0,Mexico City,2025-01-03T02:00,41,39.3,0,14.6
0,Mexico City,2025-01-03T03:00,43,40.7,0,13.9
0,Mexico City,2025-01-03T04:00,44.1,41.9,0,13.5
0,Mexico City,2025-01-03T05:00,41.3,42.2,2.3,14.5
0,Mexico City,2025-01-03T06:00,37.5,41.8,11.3,15.9
0,Mexico City,2025-01-03T07:00,35.1,41.2,17.1,17
0,Mexico City,2025-01-03T08:00,31.5,40.2,27.5,19
0,Mexico City,2025-01-03T09:00,30.2,39.9,31.9,19.8
0,Mexico City,2025-01-03T10:00,29.7,40,34.4,20.1
0,Mexico City,2025-01-03T11:00,29.1,40.1,37.5,20.5
0,Mexico City,2025-01-03T12:00,27.9,39.8,42.5,21.4
0,Mexico City,2025-01-03T13:00,26.5,39.5,49.2,22.6
0,Mexico City,2025-01-03T14:00,25,39,55.6,23.9
0,Mexico City,2025-01-03T15:00,24.4,38.6,57.7,24.5
0,Mexico City,2025-01-03T16:00,24.8,38.4,54.8,24.1
0,Mexico City,2025-01-03T17:00,24.7,38.3,55.1,24.2
0,Mexico City,2025-01-03T18:00,22.2,37.6,69.3,27
0,Mexico City,2025-01-03T19:00,22.2,37.1,66.9,26.9
0,Mexico City,2025-01-03T20:00,25.5,37.4,46.3,23.4
0,Mexico City,2025-01-03T21:00,29,37.9,30.6,20.6
0,Mexico City,2025-01-03T22:00,31.1,37.7,21.4,19.2
0,Mexico City,2025-01-03T23:00,33.6,38.1,13.2,17.8
0,Mexico City,2025-01-04T00:00,36.3,38.1,5,16.5
0,Mexico City,2025-01-04T01:00,36.9,37.6,1.7,16.2
0,Mexico City,2025-01-04T02:00,38.1,37.7,0,15.7
0,Mexico City,2025-01-04T03:00,40,38.7,0,14.9
0,Mexico City,2025-01-04T04:00,42.2,40.3,0,14.2
0,Mexico City,2025-01-04T05:00,41.5,41.8,0.6,14.4
0,Mexico City,2025-01-04T06:00,39.3,42.1,7,15.2
0,Mexico City,2025-01-04T07:00,37.7,41.6,10.4,15.9
0,Mexico City,2025-01-04T08:00,35.3,41.1,16.4,16.9
0,Mexico City,2025-01-04T09:00,32.8,40.6,23.8,18.2
0,Mexico City,2025-01-04T10:00,31.1,40.5,29.9,19.2
0,Mexico City,2025-01-04T11:00,29.7,40,34.6,20.1
0,Mexico City,2025-01-04T12:00,28.1,39.9,41.7,21.2
0,Mexico City,2025-01-04T13:00,26,39.3,50.8,22.9
0,Mexico City,2025-01-04T14:00,24.6,38.6,56.7,24.3
0,Mexico City,2025-01-04T15:00,24.2,38,56.9,24.7
0,Mexico City,2025-01-04T16:00,25.1,38,51.3,23.8
0,Mexico City,2025-01-04T17:00,26.5,38.5,45.1,22.5
0,Mexico City,2025-01-04T18:00,25.7,38.3,48.5,23.2
0,Mexico City,2025-01-04T19:00,26,38.2,46.7,23
0,Mexico City,2025-01-04T20:00,27.9,38.2,37,21.5
0,Mexico City,2025-01-04T21:00,29.4,38.3,30.3,20.4
0,Mexico City,2025-01-04T22:00,31.2,38.3,22.9,19.2
0,Mexico City,2025-01-04T23:00,33.3,38.2,14.6,17.9
0,Mexico City,2025-01-05T00:00,35.5,38.1,7.1,16.8
0,Mexico City,2025-01-05T01:00,36.5,37.8,3.6,16.4
0,Mexico City,2025-01-05T02:00,37.4,37.6,0.5,16
0,Mexico City,2025-01-05T03:00,39.1,38.3,0,15.3
0,Mexico City,2025-01-05T04:00,40.9,39.5,0,14.6
0,Mexico City,2025-01-05T05:00,41.4,41,0,14.4
0,Mexico City,2025-01-05T06:00,40.4,41.8,3.5,14.8
0,Mexico City,2025-01-05T07:00,39.7,41.6,4.6,15
0,Mexico City,2025-01-05T08:00,37.6,41.2,9.3,15.9
0,Mexico City,2025-01-05T09:00,35.5,41,15.3,16.8
0,Mexico City,2025-01-05T10:00,34.1,40.9,19.9,17.5
0,Mexico City,2025-01-05T11:00,32.3,40.2,24.5,18.5
0,Mexico City,2025-01-05T12:00,30.8,40.2,30.4,19.4
0,Mexico City,2025-01-05T13:00,29.1,39.9,37.3,20.6
0,Mexico City,2025-01-05T14:00,27.3,39.3,43.9,21.9
0,Mexico City,2025-01-05T15:00,26.8,38.7,44.4,22.3
0,Mexico City,2025-01-05T16:00,27.2,38.6,41.7,22
0,Mexico City,2025-01-05T17:00,26.9,38.5,43.1,22.2
0,Mexico City,2025-01-05T18:00,25.6,38.3,49.6,23.4
0,Mexico City,2025-01-05T19:00,26.7,38.2,42.9,22.4
0,Mexico City,2025-01-05T20:00,27.9,38.5,37.9,21.4
0,Mexico City,2025-01-05T21:00,29.5,38.7,31.3,20.3
0,Mexico City,2025-01-05T22:00,31.4,38.7,23.3,19.1
0,Mexico City,2025-01-05T23:00,33.7,38.5,14.1,17.7
0,Mexico City,2025-01-06T00:00,35.3,37.9,7.2,16.9
0,Mexico City,2025-01-06T01:00,36.3,37.7,3.8,16.5
0,Mexico City,2025-01-06T02:00,36.7,37.3,1.4,16.3
0,Mexico City,2025-01-06T03:00,40.3,39.5,0,14.8
0,Mexico City,2025-01-06T04:00,42.6,41.7,0,14
0,Mexico City,2025-01-06T05:00,39,42.4,8.5,15.3
0,Mexico City,2025-01-06T06:00,32.9,41.3,25.3,18.1
0,Mexico City,2025-01-06T07:00,30.3,40.2,32.8,19.7
0,Mexico City,2025-01-06T08:00,28.6,39.5,38.3,20.9
0,Mexico City,2025-01-06T09:00,29.9,39.5,31.9,20
0,Mexico City,2025-01-06T10:00,30.7,39.6,29.1,19.5
0,Mexico City,2025-01-06T11:00,30.2,39.4,30.5,19.8
0,Mexico City,2025-01-06T12:00,29.3,39.4,34.1,20.4
0,Mexico City,2025-01-06T13:00,27.7,39,40.8,21.6
0,Mexico City,2025-01-06T14:00,26.4,38.7,46.5,22.6
0,Mexico City,2025-01-06T15:00,25.8,38.1,47.9,23.2
0,Mexico City,2025-01-06T16:00,26.3,38.1,44.7,22.7
0,Mexico City,2025-01-06T17:00,25.2,38,50.7,23.7
0,Mexico City,2025-01-06T18:00,21.5,37.1,72.7,27.8
0,Mexico City,2025-01-06T19:00,21.7,36.7,69,27.6
0,Mexico City,2025-01-06T20:00,26.1,37,42,22.9
0,Mexico City,2025-01-06T21:00,30.5,37.6,23,19.6
0,Mexico City,2025-01-06T22:00,32.9,38,15.2,18.1
0,Mexico City,2025-01-06T23:00,35,37.9,8.3,17.1
0,Mexico City,2025-01-07T00:00,37.4,37.8,0.8,16
0,Mexico City,2025-01-07T01:00,39.1,38.3,0,15.3
0,Mexico City,2025-01-07T02:00,39.9,39,0,15
0,Mexico City,2025-01-07T03:00,41.7,40.5,0,14.3
0,Mexico City,2025-01-07T04:00,45.1,43.1,0,13.2
0,Mexico City,2025-01-07T05:00,38.5,41.9,8.9,15.5
0,Mexico City,2025-01-07T06:00,31.1,40.6,30.6,19.2
0,Mexico City,2025-01-07T07:00,26.7,39.1,46.4,22.4
0,Mexico City,2025-01-07T08:00,24.1,38.3,59.1,24.8
0,Mexico City,2025-01-07T09:00,24.8,38.4,55.1,24.1
0,Mexico City,2025-01-07T10:00,26.9,38.9,44.9,22.2
0,Mexico City,2025-01-07T11:00,27.9,39,39.9,21.5
0,Mexico City,2025-01-07T12:00,27.2,38.8,42.3,21.9
0,Mexico City,2025-01-07T13:00,25.8,38.4,49,23.2
0,Mexico City,2025-01-07T14:00,24.6,38,54.5,24.3
0,Mexico City,2025-01-07T15:00,24.5,37.8,54,24.4
0,Mexico City,2025-01-07T16:00,25.4,37.9,49.2,23.6
0,Mexico City,2025-01-07T17:00,24,37.8,57.6,24.9
0,Mexico City,2025-01-07T18:00,20.1,36.6,82.4,29.8
0,Mexico City,2025-01-07T19:00,20.3,36.2,78.1,29.4
0,Mexico City,2025-01-07T20:00,24.7,36.8,48.8,24.2
0,Mexico City,2025-01-07T21:00,29.6,37.4,26.3,20.2
0,Mexico City,2025-01-07T22:00,33,37.8,14.4,18.1
0,Mexico City,2025-01-07T23:00,35.3,37.9,7.4,16.9
0,Mexico City,2025-01-08T00:00,37.6,38.2,1.5,15.9
0,Mexico City,2025-01-08T01:00,38.7,38.2,0,15.4
0,Mexico City,2025-01-08T02:00,39,38.3,0,15.3
0,Mexico City,2025-01-08T03:00,42.1,40.4,0,14.2
0,Mexico City,2025-01-08T04:00,43.6,42,0,13.7
0,Mexico City,2025-01-08T05:00,38.1,41.7,9.5,15.7
0,Mexico City,2025-01-08T06:00,30.5,40.3,32.1,19.6
0,Mexico City,2025-01-08T07:00,26.2,39,48.9,22.8
0,Mexico City,2025-01-08T08:00,23,38,65.1,26
0,Mexico City,2025-01-08T09:00,24.1,38.3,58.7,24.8
0,Mexico City,2025-01-08T10:00,26.1,38.8,48.2,22.9
0,Mexico City,2025-01-08T11:00,26.8,38.8,44.6,22.3
0,Mexico City,2025-01-08T12:00,26.3,38.6,46.6,22.7
0,Mexico City,2025-01-08T13:00,24.9,38.2,53.1,24
0,Mexico City,2025-01-08T14:00,23.8,37.7,58.7,25.1
0,Mexico City,2025-01-08T15:00,23.6,37.6,59.1,25.3
0,Mexico City,2025-01-08T16:00,24.4,37.6,53.9,24.5
0,Mexico City,2025-01-08T17:00,23.2,37.6,61.8,25.8
0,Mexico City,2025-01-08T18:00,19.7,36.5,84.8,30.3
0,Mexico City,2025-01-08T19:00,19.6,36.1,84,30.5
0,Mexico City,2025-01-08T20:00,23.8,36.5,53.4,25.1
0,Mexico City,2025-01-08T21:00,29,37.3,28.7,20.6
0,Mexico City,2025-01-08T22:00,32.7,37.8,15.4,18.3
0,Mexico City,2025-01-08T23:00,34.9,37.8,8.3,17.1
0,Mexico City,2025-01-09T00:00,37.3,38.1,2.1,16
0,Mexico City,2025-01-09T01:00,38.2,37.9,0,15.6
0,Mexico City,2025-01-09T02:00,39.3,38.4,0,15.2
0,Mexico City,2025-01-09T03:00,41.7,39.9,0,14.3
0,Mexico City,2025-01-09T04:00,43.3,41.7,0,13.8
0,Mexico City,2025-01-09T05:00,37.5,41.6,10.8,15.9
0,Mexico City,2025-01-09T06:00,29,39.9,37.5,20.6
0,Mexico City,2025-01-09T07:00,24.3,38.1,56.7,24.6
0,Mexico City,2025-01-09T08:00,22.5,38.1,68.9,26.6
0,Mexico City,2025-01-09T09:00,24.1,38.3,58.5,24.8
0,Mexico City,2025-01-09T10:00,26.2,38.8,47.9,22.8
0,Mexico City,2025-01-09T11:00,26.4,38.7,46.5,22.6
0,Mexico City,2025-01-09T12:00,25.5,38.3,49.9,23.4
0,Mexico City,2025-01-09T13:00,24.1,38,57.5,24.8
0,Mexico City,2025-01-09T14:00,22.2,37.3,67.7,26.9
0,Mexico City,2025-01-09T15:00,22.2,37.1,66.8,26.9
0,Mexico City,2025-01-09T16:00,23.5,37.4,59.2,25.4
0,Mexico City,2025-01-09T17:00,22.9,37.4,63.4,26.1
0,Mexico City,2025-01-09T18:00,19.7,36.5,84.6,30.3
0,Mexico City,2025-01-09T19:00,19.8,36.2,82.5,30.2
0,Mexico City,2025-01-09T20:00,24,36.6,52.6,24.9
0,Mexico City,2025-01-09T21:00,28.6,37.2,29.6,20.9
0,Mexico City,2025-01-09T22:00,31.9,37.5,17.6,18.7
0,Mexico City,2025-01-09T23:00,34.6,37.7,9.1,17.3
0,Mexico City,2025-01-10T00:00,36.6,37.9,3.5,16.3
0,Mexico City,2025-01-10T01:00,37.7,37.5,0,15.9
0,Mexico City,2025-01-10T02:00,38.8,37.9,0,15.4
0,Mexico City,2025-01-10T03:00,41,39.5,0,14.6
0,Mexico City,2025-01-10T04:00,42.7,41.4,0,14
0,Mexico City,2025-01-10T05:00,38.1,41.7,9.2,15.7
0,Mexico City,2025-01-10T06:00,30.4,40.1,31.6,19.6
0,Mexico City,2025-01-10T07:00,26.3,38.6,46.4,22.7
0,Mexico City,2025-01-10T08:00,24.4,38.2,56.5,24.5
0,Mexico City,2025-01-10T09:00,25.1,38.5,52.9,23.8
0,Mexico City,2025-01-10T10:00,26.1,38.8,48.7,22.9
0,Mexico City,2025-01-10T11:00,25.8,38.7,49.5,23.1
0,Mexico City,2025-01-10T12:00,25.1,38.6,53.7,23.8
0,Mexico City,2025-01-10T13:00,23.2,38.3,64.5,25.7
0,Mexico City,2025-01-10T14:00,20.3,37.6,84.6,29.4
0,Mexico City,2025-01-10T15:00,19.3,37.3,92.9,31
0,Mexico City,2025-01-10T16:00,20.7,37.2,79.8,28.9
0,Mexico City,2025-01-10T17:00,21.4,37.1,73,27.9
0,Mexico City,2025-01-10T18:00,19.3,36.3,87.6,30.9
0,Mexico City,2025-01-10T19:00,18.8,35.9,90.7,31.8
0,Mexico City,2025-01-10T20:00,22.4,36.5,62.5,26.6
0,Mexico City,2025-01-10T21:00,26.8,37.2,39,22.3
0,Mexico City,2025-01-10T22:00,29.6,37.4,26.3,20.2
0,Mexico City,2025-01-10T23:00,31.1,37.5,20.4,19.2
0,Mexico City,2025-01-11T00:00,32.9,37.4,13.6,18.2
0,Mexico City,2025-01-11T01:00,34,37.6,10.7,17.6
0,Mexico City,2025-01-11T02:00,34.1,37.2,9.1,17.5
0,Mexico City,2025-01-11T03:00,35.9,37.9,5.3,16.6
0,Mexico City,2025-01-11T04:00,38.4,39.7,3.2,15.6
0,Mexico City,2025-01-11T05:00,38.1,40.8,7,15.7
0,Mexico City,2025-01-11T06:00,37,42.1,13.6,16.1
0,Mexico City,2025-01-11T07:00,35.5,41.8,17.5,16.8
0,Mexico City,2025-01-11T08:00,32.4,41.1,26.7,18.5
0,Mexico City,2025-01-11T09:00,29.5,40.2,36.4,20.3
0,Mexico City,2025-01-11T10:00,27.7,39.7,43.2,21.6
0,Mexico City,2025-01-11T11:00,26.8,39.4,46.9,22.3
0,Mexico City,2025-01-11T12:00,25.7,39.2,52.5,23.3
0,Mexico City,2025-01-11T13:00,23.9,38.6,61.1,25
0,Mexico City,2025-01-11T14:00,22.6,38.1,68.4,26.5
0,Mexico City,2025-01-11T15:00,22.8,37.7,65.2,26.2
0,Mexico City,2025-01-11T16:00,24.6,37.7,52.9,24.2
0,Mexico City,2025-01-11T17:00,26.3,37.9,43.8,22.7
0,Mexico City,2025-01-11T18:00,25.9,37.8,46,23.1
0,Mexico City,2025-01-11T19:00,25.9,37.8,45.9,23.1
0,Mexico City,2025-01-11T20:00,27.6,37.8,36.9,21.7
0,Mexico City,2025-01-11T21:00,29.7,37.9,27.5,20.1
0,Mexico City,2025-01-11T22:00,31.5,37.9,20.2,19
0,Mexico City,2025-01-11T23:00,33.4,38.1,14,17.9
0,Mexico City,2025-01-12T00:00,35.4,38,7.4,16.9
0,Mexico City,2025-01-12T01:00,36.3,37.8,3.9,16.4
0,Mexico City,2025-01-12T02:00,35.6,37.6,5.8,16.8
0,Mexico City,2025-01-12T03:00,36.1,37.9,4.9,16.5
0,Mexico City,2025-01-12T04:00,37.7,39,3.3,15.8
0,Mexico City,2025-01-12T05:00,38.4,40.3,4.9,15.6
0,Mexico City,2025-01-12T06:00,37.4,41.3,10.4,16
0,Mexico City,2025-01-12T07:00,37,41.2,11.3,16.1
0,Mexico City,2025-01-12T08:00,35.7,40.9,14.4,16.7
0,Mexico City,2025-01-12T09:00,34.7,40.9,17.8,17.2
0,Mexico City,2025-01-12T10:00,33.6,40.5,20.6,17.8
0,Mexico City,2025-01-12T11:00,32.5,40.1,23.5,18.4
0,Mexico City,2025-01-12T12:00,31.1,39.9,28.3,19.2
0,Mexico City,2025-01-12T13:00,29.3,39.7,35.4,20.4
0,Mexico City,2025-01-12T14:00,28.7,39.6,37.8,20.8
0,Mexico City,2025-01-12T15:00,29.1,39.2,34.5,20.5
0,Mexico City,2025-01-12T16:00,30.1,38.9,29.3,19.9
0,Mexico City,2025-01-12T17:00,30.5,39.1,27.8,19.6
0,Mexico City,2025-01-12T18:00,29.1,39,33.7,20.5
0,Mexico City,2025-01-12T19:00,28.7,38.7,34.7,20.8
0,Mexico City,2025-01-12T20:00,30.3,38.8,27.9,19.7
0,Mexico City,2025-01-12T21:00,32.3,38.8,20,18.5
0,Mexico City,2025-01-12T22:00,34.4,38.8,12.6,17.4
0,Mexico City,2025-01-12T23:00,36.1,38.8,7.5,16.5
0,Mexico City,2025-01-13T00:00,37.9,38.6,1.9,15.8
0,Mexico City,2025-01-13T01:00,38,38.4,0.9,15.7
0,Mexico City,2025-01-13T02:00,38.5,38.3,0,15.5
0,Mexico City,2025-01-13T03:00,42.3,40.8,0,14.1
0,Mexico City,2025-01-13T04:00,44.1,42.9,0,13.5
0,Mexico City,2025-01-13T05:00,36.5,42,15.1,16.4
0,Mexico City,2025-01-13T06:00,26.1,39.6,51.6,22.9
0,Mexico City,2025-01-13T07:00,20.4,37.2,81.5,29.2
0,Mexico City,2025-01-13T08:00,19.3,37.1,91.3,30.9
0,Mexico City,2025-01-13T09:00,21.7,37.7,73.2,27.5
0,Mexico City,2025-01-13T10:00,25.2,38.8,53.4,23.7
0,Mexico City,2025-01-13T11:00,26.3,38.7,47.2,22.8
0,Mexico City,2025-01-13T12:00,26.2,38.7,47.6,22.8
0,Mexico City,2025-01-13T13:00,24.3,38.1,56.4,24.5
0,Mexico City,2025-01-13T14:00,22.2,37.5,68.8,27
0,Mexico City,2025-01-13T15:00,21.9,37.2,69.3,27.2
0,Mexico City,2025-01-13T16:00,23.2,37.3,60.9,25.8
0,Mexico City,2025-01-13T17:00,22.6,37.4,65.6,26.5
0,Mexico City,2025-01-13T18:00,19.4,36.5,88.1,30.8
0,Mexico City,2025-01-13T19:00,19.5,36.2,85.4,30.7
0,Mexico City,2025-01-13T20:00,23.7,36.8,54.6,25.2
0,Mexico City,2025-01-13T21:00,28.8,37.2,29.2,20.7
0,Mexico City,2025-01-13T22:00,32.8,37.8,15.5,18.2
0,Mexico City,2025-01-13T23:00,35.4,38,7.5,16.9
0,Mexico City,2025-01-14T00:00,37.9,38.2,0.8,15.8
0,Mexico City,2025-01-14T01:00,38.1,37.8,0,15.7
0,Mexico City,2025-01-14T02:00,39,38.4,0,15.3
0,Mexico City,2025-01-14T03:00,41.1,40,0,14.5
0,Mexico City,2025-01-14T04:00,44.1,42.6,0,13.5
0,Mexico City,2025-01-14T05:00,36.3,41.3,13.7,16.5
0,Mexico City,2025-01-14T06:00,26.4,39.3,48.6,22.6
0,Mexico City,2025-01-14T07:00,20.3,37.1,82.2,29.4
0,Mexico City,2025-01-14T08:00,18.4,36.7,99,32.5
0,Mexico City,2025-01-14T09:00,20.7,37.6,81.5,28.8
0,Mexico City,2025-01-14T10:00,23.8,38.4,61.2,25.1
0,Mexico City,2025-01-14T11:00,25.1,38.5,53.5,23.8
0,Mexico City,2025-01-14T12:00,24.9,38.3,53.9,24
0,Mexico City,2025-01-14T13:00,23.4,38,61.7,25.5
0,Mexico City,2025-01-14T14:00,20.5,37.1,80.9,29.2
0,Mexico City,2025-01-14T15:00,20.2,36.8,82.2,29.6
0,Mexico City,2025-01-14T16:00,21.6,37.1,71.6,27.7
0,Mexico City,2025-01-14T17:00,21.1,37,75.6,28.4
0,Mexico City,2025-01-14T18:00,18.3,36.3,97.6,32.6
0,Mexico City,2025-01-14T19:00,18.6,35.9,92.5,32.1
0,Mexico City,2025-01-14T20:00,22.6,36.4,60.8,26.4
0,Mexico City,2025-01-14T21:00,27.8,37.1,33.4,21.5
0,Mexico City,2025-01-14T22:00,32.4,37.7,16.2,18.4
0,Mexico City,2025-01-14T23:00,34.8,37.7,8.1,17.1
0,Mexico City,2025-01-15T00:00,37.3,37.9,1.4,16
0,Mexico City,2025-01-15T01:00,38.2,37.9,0,15.6
0,Mexico City,2025-01-15T02:00,39.3,38.4,0,15.2
0,Mexico City,2025-01-15T03:00,41.6,40.2,0,14.4
0,Mexico City,2025-01-15T04:00,44,42.4,0,13.6
0,Mexico City,2025-01-15T05:00,36.9,41.4,12,16.2
0,Mexico City,2025-01-15T06:00,26.7,39.3,47.2,22.4
0,Mexico City,2025-01-15T07:00,20.5,37.1,80.6,29.1
0,Mexico City,2025-01-15T08:00,18.7,36.8,96.5,31.9
0,Mexico City,2025-01-15T09:00,20.6,37.5,82,29
0,Mexico City,2025-01-15T10:00,23.3,38.3,63.9,25.6
0,Mexico City,2025-01-15T11:00,24.5,38.4,56.6,24.4
0,Mexico City,2025-01-15T12:00,24.8,38.4,54.4,24.1
0,Mexico City,2025-01-15T13:00,23.2,38,63.2,25.7
0,Mexico City,2025-01-15T14:00,20.8,37.2,78.1,28.7
0,Mexico City,2025-01-15T15:00,20.8,37,77.6,28.7
0,Mexico City,2025-01-15T16:00,22,37.2,69.2,27.2
0,Mexico City,2025-01-15T17:00,21.2,37.2,74.9,28.1
0,Mexico City,2025-01-15T18:00,18.3,36.3,98,32.6
0,Mexico City,2025-01-15T19:00,18.1,35.8,97.2,33
0,Mexico City,2025-01-15T20:00,21.9,36.4,65.9,27.3
0,Mexico City,2025-01-15T21:00,26.6,36.8,37.9,22.4
0,Mexico City,2025-01-15T22:00,31.6,37.6,18.9,18.9
0,Mexico City,2025-01-15T23:00,34.7,37.8,8.7,17.2
0,Mexico City,2025-01-16T00:00,37.3,37.9,1.7,16
0,Mexico City,2025-01-16T01:00,38,37.7,0,15.7
0,Mexico City,2025-01-16T02:00,38.9,38.2,0,15.3
0,Mexico City,2025-01-16T03:00,41.3,39.9,0,14.5
0,Mexico City,2025-01-16T04:00,43.3,41.9,0,13.8
0,Mexico City,2025-01-16T05:00,36.9,41.5,12.4,16.2
0,Mexico City,2025-01-16T06:00,27.3,39.6,44.9,21.9
0,Mexico City,2025-01-16T07:00,20.9,37.3,78.1,28.5
0,Mexico City,2025-01-16T08:00,18.8,36.9,96,31.8
0,Mexico City,2025-01-16T09:00,20.3,37.6,84.8,29.4
0,Mexico City,2025-01-16T10:00,22.5,38.2,69.4,26.6
0,Mexico City,2025-01-16T11:00,23.6,38.3,62.5,25.4
0,Mexico City,2025-01-16T12:00,23.7,38.3,61.4,25.2
0,Mexico City,2025-01-16T13:00,22,37.6,70.8,27.1
0,Mexico City,2025-01-16T14:00,19.8,37.1,87,30.2
0,Mexico City,2025-01-16T15:00,20.1,37.1,84.1,29.7
0,Mexico City,2025-01-16T16:00,21.2,37.1,74.6,28.2
0,Mexico City,2025-01-16T17:00,20.5,37.1,81,29.2
0,Mexico City,2025-01-16T18:00,17.7,36.4,105.4,33.8
0,Mexico City,2025-01-16T19:00,17.4,35.9,106.3,34.4
0,Mexico City,2025-01-16T20:00,21,36.2,72.1,28.5
0,Mexico City,2025-01-16T21:00,26,36.8,41.7,23
0,Mexico City,2025-01-16T22:00,30.7,37.7,22.7,19.5
0,Mexico City,2025-01-16T23:00,34,37.8,11.3,17.6
0,Mexico City,2025-01-17T00:00,36.6,37.9,3.4,16.3
0,Mexico City,2025-01-17T01:00,37,37.2,0.5,16.1
0,Mexico City,2025-01-17T02:00,38.6,37.8,0,15.5
0,Mexico City,2025-01-17T03:00,40.6,39.2,0,14.7
0,Mexico City,2025-01-17T04:00,43,41.5,0,13.9
0,Mexico City,2025-01-17T05:00,37.6,41.6,10.7,15.9
0,Mexico City,2025-01-17T06:00,29,39.9,37.4,20.6
0,Mexico City,2025-01-17T07:00,23.8,37.9,59.1,25.1
0,Mexico City,2025-01-17T08:00,22.6,37.7,66.4,26.4
0,Mexico City,2025-01-17T09:00,24.7,37.8,53.2,24.2
0,Mexico City,2025-01-17T10:00,26.6,38.5,44.4,22.5
0,Mexico City,2025-01-17T11:00,26.6,38.5,44.5,22.5
0,Mexico City,2025-01-17T12:00,25.9,38.6,49,23.1
0,Mexico City,2025-01-17T13:00,23.9,38.2,59.6,25
0,Mexico City,2025-01-17T14:00,20.6,37.4,81.2,29
0,Mexico City,2025-01-17T15:00,19.7,37.1,88.1,30.3
0,Mexico City,2025-01-17T16:00,21.3,37.3,74.5,28
0,Mexico City,2025-01-17T17:00,22.5,37.3,65.4,26.5
0,Mexico City,2025-01-17T18:00,21,36.8,75.4,28.5
0,Mexico City,2025-01-17T19:00,21,36.5,73.4,28.4
0,Mexico City,2025-01-17T20:00,24,36.8,52.9,24.9
0,Mexico City,2025-01-17T21:00,27.3,37.1,35.9,21.9
0,Mexico City,2025-01-17T22:00,30,37.4,24.6,19.9
0,Mexico City,2025-01-17T23:00,32.3,37.7,16.7,18.5
0,Mexico City,2025-01-18T00:00,34.9,37.7,8.1,17.1
0,Mexico City,2025-01-18T01:00,36,37.5,4.1,16.6
0,Mexico City,2025-01-18T02:00,37.2,37.6,1.2,16.1
0,Mexico City,2025-01-18T03:00,38.6,38.2,0,15.5
0,Mexico City,2025-01-18T04:00,40.5,39.5,0,14.8
0,Mexico City,2025-01-18T05:00,40,40.9,2,14.9
0,Mexico City,2025-01-18T06:00,37.9,41.9,10.5,15.8
0,Mexico City,2025-01-18T07:00,35.7,41.6,16.5,16.7
0,Mexico City,2025-01-18T08:00,32.1,40.9,27.6,18.6
0,Mexico City,2025-01-18T09:00,28.7,40.1,39.9,20.9
0,Mexico City,2025-01-18T10:00,26.5,39.3,48.5,22.6
0,Mexico City,2025-01-18T11:00,25.6,39.2,52.9,23.3
0,Mexico City,2025-01-18T12:00,24.3,38.8,59.5,24.6
0,Mexico City,2025-01-18T13:00,22.5,38.4,70.3,26.6
0,Mexico City,2025-01-18T14:00,21.2,37.9,78.4,28.2
0,Mexico City,2025-01-18T15:00,21.5,37.4,73.6,27.7
0,Mexico City,2025-01-18T16:00,23.7,37.4,57.5,25.2
0,Mexico City,2025-01-18T17:00,25.8,37.6,45.9,23.2
0,Mexico City,2025-01-18T18:00,25.8,37.7,46.1,23.2
0,Mexico City,2025-01-18T19:00,25.7,37.8,46.9,23.3
0,Mexico City,2025-01-18T20:00,27.4,37.8,37.9,21.8
0,Mexico City,2025-01-18T21:00,29.5,38,29,20.3
0,Mexico City,2025-01-18T22:00,31.1,38.1,22.3,19.2
0,Mexico City,2025-01-18T23:00,33,38,15,18.1
0,Mexico City,2025-01-19T00:00,35.1,38,8.1,17
0,Mexico City,2025-01-19T01:00,36.2,37.7,4,16.5
0,Mexico City,2025-01-19T02:00,37.2,37.7,1.3,16
0,Mexico City,2025-01-19T03:00,38.4,38,0,15.6
0,Mexico City,2025-01-19T04:00,40.2,39,0,14.9
0,Mexico City,2025-01-19T05:00,40.6,40.3,0,14.7
0,Mexico City,2025-01-19T06:00,40.5,41.8,3.1,14.8
0,Mexico City,2025-01-19T07:00,39.6,41.6,5.1,15.1
0,Mexico City,2025-01-19T08:00,37.1,40.9,10,16.1
0,Mexico City,2025-01-19T09:00,35.1,40.6,15.6,17
0,Mexico City,2025-01-19T10:00,33.1,40.1,21.3,18.1
0,Mexico City,2025-01-19T11:00,31.4,39.8,26.4,19
0,Mexico City,2025-01-19T12:00,30,39.4,31.1,19.9
0,Mexico City,2025-01-19T13:00,28.5,39.6,38.7,21
0,Mexico City,2025-01-19T14:00,27.6,39.5,42.9,21.7
0,Mexico City,2025-01-19T15:00,28.4,39.1,37.3,21
0,Mexico City,2025-01-19T16:00,29.7,39.1,31.4,20.1
0,Mexico City,2025-01-19T17:00,29.4,38.9,32.1,20.3
0,Mexico City,2025-01-19T18:00,28.3,38.9,37.6,21.1
0,Mexico City,2025-01-19T19:00,27.8,38.7,39.2,21.5
0,Mexico City,2025-01-19T20:00,29.4,39,32.6,20.3
0,Mexico City,2025-01-19T21:00,31.2,39.2,25.5,19.1
0,Mexico City,2025-01-19T22:00,33.8,39.4,16.3,17.7
0,Mexico City,2025-01-19T23:00,36.4,39,7.3,16.4
0,Mexico City,2025-01-20T00:00,38.1,38.6,1.2,15.7
0,Mexico City,2025-01-20T01:00,38,38,0,15.7
0,Mexico City,2025-01-20T02:00,38.8,38.2,0,15.4
0,Mexico City,2025-01-20T03:00,42.3,40.8,0,14.1
0,Mexico City,2025-01-20T04:00,44.2,42.9,0,13.5
0,Mexico City,2025-01-20T05:00,36.1,41.7,15.6,16.6
0,Mexico City,2025-01-20T06:00,25.8,39.3,52,23.2
0,Mexico City,2025-01-20T07:00,20.3,37,82.2,29.4
0,Mexico City,2025-01-20T08:00,18.9,36.9,94.7,31.6
0,Mexico City,2025-01-20T09:00,21.3,37.7,76.6,28
0,Mexico City,2025-01-20T10:00,24.7,38.5,56,24.2
0,Mexico City,2025-01-20T11:00,26,38.7,48.8,23
0,Mexico City,2025-01-20T12:00,25.3,38.6,52.4,23.6
0,Mexico City,2025-01-20T13:00,23.8,38.1,60.1,25.1
0,Mexico City,2025-01-20T14:00,21.4,37.1,72.9,27.9
0,Mexico City,2025-01-20T15:00,21.1,37,75,28.3
0,Mexico City,2025-01-20T16:00,21.6,36.9,70.4,27.6
0,Mexico City,2025-01-20T17:00,20.7,37,78.3,28.8
0,Mexico City,2025-01-20T18:00,18.1,36.2,100.3,33.1
0,Mexico City,2025-01-20T19:00,17.9,35.9,99.8,33.3
0,Mexico City,2025-01-20T20:00,20.9,36.2,72.5,28.5
0,Mexico City,2025-01-20T21:00,26.6,37.1,39.5,22.5
0,Mexico City,2025-01-20T22:00,32.2,37.8,17.3,18.6
0,Mexico City,2025-01-20T23:00,35.2,37.9,7.4,17
0,Mexico City,2025-01-21T00:00,37.8,38,0.5,15.8
0,Mexico City,2025-01-21T01:00,38.8,38.1,0,15.4
0,Mexico City,2025-01-21T02:00,39.3,38.3,0,15.2
0,Mexico City,2025-01-21T03:00,41.9,40,0,14.2
0,Mexico City,2025-01-21T04:00,43.7,42.1,0,13.7
0,Mexico City,2025-01-21T05:00,36.5,41.5,13.6,16.4
0,Mexico City,2025-01-21T06:00,26,39.2,50.3,22.9
0,Mexico City,2025-01-21T07:00,19.9,36.9,84.8,30
0,Mexico City,2025-01-21T08:00,18,36.7,103.4,33.2
0,Mexico City,2025-01-21T09:00,20.2,37.7,86.3,29.6
0,Mexico City,2025-01-21T10:00,23,38.3,66.2,26
0,Mexico City,2025-01-21T11:00,24.4,38.4,57.3,24.5
0,Mexico City,2025-01-21T12:00,24.7,38.4,55.5,24.2
0,Mexico City,2025-01-21T13:00,23.3,38,63.2,25.7
0,Mexico City,2025-01-21T14:00,21.4,37.3,74.2,28
0,Mexico City,2025-01-21T15:00,21.5,37,72.3,27.8
0,Mexico City,2025-01-21T16:00,22.6,37.2,64.3,26.4
0,Mexico City,2025-01-21T17:00,21.5,37.3,73.5,27.9
0,Mexico City,2025-01-21T18:00,18.8,36.4,93.6,31.8
0,Mexico City,2025-01-21T19:00,19,36.1,89.8,31.4
0,Mexico City,2025-01-21T20:00,23.2,36.6,57.9,25.8
0,Mexico City,2025-01-21T21:00,28,36.9,31.6,21.3
0,Mexico City,2025-01-21T22:00,32.4,37.8,16.4,18.4
0,Mexico City,2025-01-21T23:00,34.8,37.8,8.3,17.1
0,Mexico City,2025-01-22T00:00,36.8,37.4,1.5,16.2
0,Mexico City,2025-01-22T01:00,37.4,37.2,0,16
0,Mexico City,2025-01-22T02:00,38.9,37.9,0,15.4
0,Mexico City,2025-01-22T03:00,40.9,39.6,0,14.6
0,Mexico City,2025-01-22T04:00,43.3,41.8,0,13.8
0,Mexico City,2025-01-22T05:00,36.8,41.4,12.4,16.2
0,Mexico City,2025-01-22T06:00,26.4,39.3,48.7,22.6
0,Mexico City,2025-01-22T07:00,20.4,37.1,81.6,29.2
0,Mexico City,2025-01-22T08:00,18.5,36.9,98.5,32.2
0,Mexico City,2025-01-22T09:00,20.6,37.6,81.7,28.9
0,Mexico City,2025-01-22T10:00,23.4,38.2,62.9,25.5
0,Mexico City,2025-01-22T11:00,24.7,38.6,55.8,24.2
0,Mexico City,2025-01-22T12:00,24.9,38.5,54.6,24
0,Mexico City,2025-01-22T13:00,23.1,37.9,64.1,25.9
0,Mexico City,2025-01-22T14:00,21.1,37.3,76.2,28.3
0,Mexico City,2025-01-22T15:00,21.2,37.1,74.7,28.2
0,Mexico City,2025-01-22T16:00,22.2,37.2,67.5,27
0,Mexico City,2025-01-22T17:00,21.2,37.3,75.8,28.2
0,Mexico City,2025-01-22T18:00,18.6,36.4,94.9,32
0,Mexico City,2025-01-22T19:00,18.5,35.9,93.8,32.3
0,Mexico City,2025-01-22T20:00,22.1,36.2,64,27.1
0,Mexico City,2025-01-22T21:00,27.2,36.9,35.3,21.9
0,Mexico City,2025-01-22T22:00,31.9,37.6,17.9,18.7
0,Mexico City,2025-01-22T23:00,34.6,37.7,8.9,17.3
0,Mexico City,2025-01-23T00:00,36.7,37.7,2.6,16.3
0,Mexico City,2025-01-23T01:00,37.5,37.4,0,15.9
0,Mexico City,2025-01-23T02:00,38.3,37.3,0,15.6
0,Mexico City,2025-01-23T03:00,40.8,39.6,0,14.6
0,Mexico City,2025-01-23T04:00,43.2,42,0,13.8
0,Mexico City,2025-01-23T05:00,36.3,41.4,13.9,16.5
0,Mexico City,2025-01-23T06:00,26.4,39.3,48.5,22.6
0,Mexico City,2025-01-23T07:00,20.5,37.2,81,29.2
0,Mexico City,2025-01-23T08:00,18.4,36.8,99,32.4
0,Mexico City,2025-01-23T09:00,20.1,37.4,85.6,29.7
0,Mexico City,2025-01-23T10:00,23.2,38.3,64.8,25.7
0,Mexico City,2025-01-23T11:00,24.3,38.6,58.4,24.6
0,Mexico City,2025-01-23T12:00,24.2,38.4,58.6,24.7
0,Mexico City,2025-01-23T13:00,22.7,38,67,26.3
0,Mexico City,2025-01-23T14:00,20.2,37.1,83.4,29.6
0,Mexico City,2025-01-23T15:00,19.9,36.8,84.5,30
0,Mexico City,2025-01-23T16:00,20.8,36.8,76.7,28.8
0,Mexico City,2025-01-23T17:00,20.2,37.1,83.8,29.6
0,Mexico City,2025-01-23T18:00,17.7,36.2,104.3,33.8
0,Mexico City,2025-01-23T19:00,17.7,35.7,101.2,33.7
0,Mexico City,2025-01-23T20:00,21.5,36.2,68.2,27.8
0,Mexico City,2025-01-23T21:00,26.5,36.9,39.4,22.6
0,Mexico City,2025-01-23T22:00,31,37.6,21.2,19.3
0,Mexico City,2025-01-23T23:00,33.9,38,11.9,17.6
0,Mexico City,2025-01-24T00:00,35.9,37.4,4.1,16.6
0,Mexico City,2025-01-24T01:00,37,37.3,0.8,16.1
0,Mexico City,2025-01-24T02:00,38,37.1,0,15.7
0,Mexico City,2025-01-24T03:00,40.4,38.7,0,14.8
0,Mexico City,2025-01-24T04:00,42.6,41.3,0,14
0,Mexico City,2025-01-24T05:00,37.1,41.3,11.1,16.1
0,Mexico City,2025-01-24T06:00,28,39.4,40.6,21.4
0,Mexico City,2025-01-24T07:00,22.6,37.6,66.1,26.4
0,Mexico City,2025-01-24T08:00,21.4,37.5,74.7,27.9
0,Mexico City,2025-01-24T09:00,23.2,38,63.8,25.8
0,Mexico City,2025-01-24T10:00,24.7,38.6,56.2,24.2
0,Mexico City,2025-01-24T11:00,25.2,39,54.5,23.7
0,Mexico City,2025-01-24T12:00,25.6,40.5,58.2,23.4
0,Mexico City,2025-01-24T13:00,22.2,38.6,73.5,26.9
0,Mexico City,2025-01-24T14:00,18.7,37.2,98.2,31.9
0,Mexico City,2025-01-24T15:00,17.3,36.5,110.4,34.5
0,Mexico City,2025-01-24T16:00,18.2,36.4,99.6,32.8
0,Mexico City,2025-01-24T17:00,19.3,36.7,89.9,31
0,Mexico City,2025-01-24T18:00,18.1,36.2,99.1,32.9
0,Mexico City,2025-01-24T19:00,18.2,35.8,96.9,32.9
0,Mexico City,2025-01-24T20:00,21.1,36.3,71.3,28.3
0,Mexico City,2025-01-24T21:00,25,36.8,47.3,23.9
0,Mexico City,2025-01-24T22:00,28.5,37.1,29.8,20.9
0,Mexico City,2025-01-24T23:00,31.4,37.4,19.2,19
0,Mexico City,2025-01-25T00:00,34.9,37.7,8.1,17.1
0,Mexico City,2025-01-25T01:00,36.3,37.7,3.6,16.4
0,Mexico City,2025-01-25T02:00,37.3,37.6,0.8,16
0,Mexico City,2025-01-25T03:00,38.7,38.2,0,15.4
0,Mexico City,2025-01-25T04:00,40.8,39.8,0,14.6
0,Mexico City,2025-01-25T05:00,40.3,41.1,1.8,14.8
0,Mexico City,2025-01-25T06:00,38.1,42,10.2,15.7
0,Mexico City,2025-01-25T07:00,35.4,41.7,17.6,16.9
0,Mexico City,2025-01-25T08:00,31.3,40.7,30,19.1
0,Mexico City,2025-01-25T09:00,28.3,40,41.4,21.1
0,Mexico City,2025-01-25T10:00,26.4,39.5,49.5,22.6
0,Mexico City,2025-01-25T11:00,24.7,39,57.9,24.2
0,Mexico City,2025-01-25T12:00,23.5,38.6,63.9,25.4
0,Mexico City,2025-01-25T13:00,22.1,38.3,73.6,27.1
0,Mexico City,2025-01-25T14:00,20.8,37.8,81.1,28.7
0,Mexico City,2025-01-25T15:00,21.2,37.4,76.1,28.2
0,Mexico City,2025-01-25T16:00,23.3,37.5,61,25.7
0,Mexico City,2025-01-25T17:00,25.6,37.8,47.8,23.4
0,Mexico City,2025-01-25T18:00,25.7,38,47.8,23.3
0,Mexico City,2025-01-25T19:00,25.2,38.1,51,23.7
0,Mexico City,2025-01-25T20:00,26.3,38,44.2,22.7
0,Mexico City,2025-01-25T21:00,28.8,37.8,31.3,20.8
0,Mexico City,2025-01-25T22:00,30.9,37.8,22,19.3
0,Mexico City,2025-01-25T23:00,32.9,37.9,15.3,18.2
0,Mexico City,2025-01-26T00:00,35.1,38.2,8.7,17
0,Mexico City,2025-01-26T01:00,35.5,38,7,16.8
0,Mexico City,2025-01-26T02:00,35.2,38.8,10.3,17
0,Mexico City,2025-01-26T03:00,38,39.8,4.5,15.7
0,Mexico City,2025-01-26T04:00,39.9,39.2,0,15
0,Mexico City,2025-01-26T05:00,40.9,40.6,0,14.6
0,Mexico City,2025-01-26T06:00,40.1,41.6,3.7,14.9
0,Mexico City,2025-01-26T07:00,38.5,41.1,6.7,15.5
0,Mexico City,2025-01-26T08:00,36.1,40.7,12.8,16.5
0,Mexico City,2025-01-26T09:00,34.1,40.5,18.7,17.5
0,Mexico City,2025-01-26T10:00,32,39.8,24.5,18.7
0,Mexico City,2025-01-26T11:00,30.5,39.5,29.4,19.6
0,Mexico City,2025-01-26T12:00,29.1,39.3,35.2,20.6
0,Mexico City,2025-01-26T13:00,27.9,39.5,41.1,21.4
0,Mexico City,2025-01-26T14:00,27.1,39.2,44.6,22
0,Mexico City,2025-01-26T15:00,28.1,39,38.7,21.3
0,Mexico City,2025-01-26T16:00,29.4,38.8,31.9,20.3
0,Mexico City,2025-01-26T17:00,29.8,39,30.9,20.1
0,Mexico City,2025-01-26T18:00,28.7,39,35.5,20.8
0,Mexico City,2025-01-26T19:00,27.9,38.7,38.7,21.4
0,Mexico City,2025-01-26T20:00,29.5,38.9,31.6,20.3
0,Mexico City,2025-01-26T21:00,31.3,39.1,24.8,19.1
0,Mexico City,2025-01-26T22:00,33.9,39.1,15.3,17.6
0,Mexico City,2025-01-26T23:00,36.1,38.8,7.4,16.5
0,Mexico City,2025-01-27T00:00,37.9,38.6,1.9,15.8
0,Mexico City,2025-01-27T01:00,38.1,38.2,0.2,15.7
0,Mexico City,2025-01-27T02:00,38.4,38.2,0,15.5
0,Mexico City,2025-01-27T03:00,42.8,41.1,0,14
0,Mexico City,2025-01-27T04:00,44.3,43,0,13.5
0,Mexico City,2025-01-27T05:00,36.4,41.7,14.6,16.4
0,Mexico City,2025-01-27T06:00,25.7,39.1,52.2,23.3
0,Mexico City,2025-01-27T07:00,20.1,37,83.4,29.7
0,Mexico City,2025-01-27T08:00,18.8,36.8,95.6,31.8
0,Mexico City,2025-01-27T09:00,21.2,37.5,76.9,28.2
0,Mexico City,2025-01-27T10:00,24.8,38.6,55.1,24
0,Mexico City,2025-01-27T11:00,26.2,38.8,47.8,22.8
0,Mexico City,2025-01-27T12:00,26.1,38.7,47.9,22.9
0,Mexico City,2025-01-27T13:00,24.5,38.2,55.5,24.4
0,Mexico City,2025-01-27T14:00,22.6,37.5,65.6,26.4
0,Mexico City,2025-01-27T15:00,22.4,37.3,66.1,26.6
0,Mexico City,2025-01-27T16:00,23.5,37.3,58.8,25.5
0,Mexico City,2025-01-27T17:00,23,37.4,62.7,26
0,Mexico City,2025-01-27T18:00,20.2,36.5,80.3,29.6
0,Mexico City,2025-01-27T19:00,20.6,36.2,75.1,29
0,Mexico City,2025-01-27T20:00,24.6,36.7,49,24.3
0,Mexico City,2025-01-27T21:00,29.3,37.3,27.4,20.4
0,Mexico City,2025-01-27T22:00,32.8,37.7,14.9,18.2
0,Mexico City,2025-01-27T23:00,34.8,37.7,8.1,17.2
0,Mexico City,2025-01-28T00:00,36.9,37.7,2.1,16.2
0,Mexico City,2025-01-28T01:00,37.6,37.4,0,15.9
0,Mexico City,2025-01-28T02:00,38.5,37.8,0,15.5
0,Mexico City,2025-01-28T03:00,41.6,40.3,0,14.4
0,Mexico City,2025-01-28T04:00,44.2,42.7,0,13.5
0,Mexico City,2025-01-28T05:00,36.3,41.4,14,16.5
0,Mexico City,2025-01-28T06:00,25.8,38.9,50.8,23.2
0,Mexico City,2025-01-28T07:00,19.7,36.8,86.2,30.3
0,Mexico City,2025-01-28T08:00,17.9,36.4,103.1,33.4
0,Mexico City,2025-01-28T09:00,19.8,37.2,87.2,30.1
0,Mexico City,2025-01-28T10:00,22.6,38,67.8,26.4
0,Mexico City,2025-01-28T11:00,24.2,38.3,57.7,24.7
0,Mexico City,2025-01-28T12:00,24.8,38.4,54.6,24.1
0,Mexico City,2025-01-28T13:00,23.4,38,62.2,25.5
0,Mexico City,2025-01-28T14:00,21.6,37.3,72.8,27.7
0,Mexico City,2025-01-28T15:00,21.9,37.1,69.5,27.3
0,Mexico City,2025-01-28T16:00,22.9,37.3,62.4,26.1
0,Mexico City,2025-01-28T17:00,21.8,37.3,71.1,27.4
0,Mexico City,2025-01-28T18:00,18.9,36.3,91.5,31.6
0,Mexico City,2025-01-28T19:00,19.1,35.9,87.8,31.3
0,Mexico City,2025-01-28T20:00,23.3,36.5,56.2,25.6
0,Mexico City,2025-01-28T21:00,27.8,37.1,33.4,21.5
0,Mexico City,2025-01-28T22:00,31.9,37.7,18.1,18.7
0,Mexico City,2025-01-28T23:00,34.9,37.7,8.2,17.1
0,Mexico City,2025-01-29T00:00,36.9,37.7,2,16.2
0,Mexico City,2025-01-29T01:00,37.9,37.7,0,15.7
0,Mexico City,2025-01-29T02:00,38.8,38.2,0,15.4
0,Mexico City,2025-01-29T03:00,41.9,40.6,0,14.2
0,Mexico City,2025-01-29T04:00,43.5,42.4,0,13.7
0,Mexico City,2025-01-29T05:00,36.7,41.5,13,16.3
0,Mexico City,2025-01-29T06:00,26.2,39.1,49.2,22.8
0,Mexico City,2025-01-29T07:00,19.9,36.9,85,30
0,Mexico City,2025-01-29T08:00,17.9,36.3,102.9,33.4
0,Mexico City,2025-01-29T09:00,19.8,37.1,87.3,30.2
0,Mexico City,2025-01-29T10:00,22.5,37.9,68.3,26.6
0,Mexico City,2025-01-29T11:00,23.8,38.2,60.5,25.1
0,Mexico City,2025-01-29T12:00,24.1,38.3,58.6,24.8
0,Mexico City,2025-01-29T13:00,22.7,37.9,66.8,26.3
0,Mexico City,2025-01-29T14:00,20.8,37.2,78.8,28.8
0,Mexico City,2025-01-29T15:00,20.8,36.9,77.2,28.7
0,Mexico City,2025-01-29T16:00,21.6,36.9,70.3,27.6
0,Mexico City,2025-01-29T17:00,20.9,37,76.4,28.5
0,Mexico City,2025-01-29T18:00,18.7,36.2,92.7,31.9
0,Mexico City,2025-01-29T19:00,18.8,36,90.9,31.7
0,Mexico City,2025-01-29T20:00,22.1,36.3,63.9,27
0,Mexico City,2025-01-29T21:00,26.9,36.9,37,22.2
0,Mexico City,2025-01-29T22:00,31.2,37.4,19.9,19.2
0,Mexico City,2025-01-29T23:00,34.3,38,10.8,17.4
0,Mexico City,2025-01-30T00:00,36.8,37.9,2.9,16.2
0,Mexico City,2025-01-30T01:00,37.9,37.5,0,15.8
0,Mexico City,2025-01-30T02:00,39.1,38.1,0,15.3
0,Mexico City,2025-01-30T03:00,42.4,40.7,0,14.1
0,Mexico City,2025-01-30T04:00,44.2,42.8,0,13.5
0,Mexico City,2025-01-30T05:00,36.6,41.5,13.2,16.3
0,Mexico City,2025-01-30T06:00,26.3,39.1,48.4,22.7
0,Mexico City,2025-01-30T07:00,20.4,37.1,81.4,29.3
0,Mexico City,2025-01-30T08:00,18.6,36.6,96.9,32.2
0,Mexico City,2025-01-30T09:00,20.3,37.2,83.2,29.4
0,Mexico City,2025-01-30T10:00,22.7,38,67,26.3
0,Mexico City,2025-01-30T11:00,23.7,38.2,60.7,25.2
0,Mexico City,2025-01-30T12:00,23.7,38.4,62,25.3
0,Mexico City,2025-01-30T13:00,22.1,37.8,70.8,27
0,Mexico City,2025-01-30T14:00,20.3,37.2,83,29.4
0,Mexico City,2025-01-30T15:00,20.4,37,80.8,29.2
0,Mexico City,2025-01-30T16:00,21.8,37.2,70.7,27.5
0,Mexico City,2025-01-30T17:00,20.9,37.1,77.2,28.6
0,Mexico City,2025-01-30T18:00,18.4,36.3,97.1,32.5
0,Mexico City,2025-01-30T19:00,18.1,35.8,98.1,33.1
0,Mexico City,2025-01-30T20:00,21.3,36.4,70.7,28
0,Mexico City,2025-01-30T21:00,25.3,36.7,44.9,23.6
0,Mexico City,2025-01-30T22:00,30,37.6,25.3,19.9
0,Mexico City,2025-01-30T23:00,33.8,37.9,12.3,17.7
0,Mexico City,2025-01-31T00:00,36.3,37.9,4.4,16.5
0,Mexico City,2025-01-31T01:00,37.6,37.8,0.4,15.9
0,Mexico City,2025-01-31T02:00,38.7,38,0,15.4
0,Mexico City,2025-01-31T03:00,41.2,39.7,0,14.5
0,Mexico City,2025-01-31T04:00,43.6,42.3,0,13.7
0,Mexico City,2025-01-31T05:00,37.4,41.9,11.9,16
0,Mexico City,2025-01-31T06:00,29.5,40.4,36.9,20.3
0,Mexico City,2025-01-31T07:00,25.2,38.8,53.8,23.7
0,Mexico City,2025-01-31T08:00,22.9,38.2,66.4,26.1
0,Mexico City,2025-01-31T09:00,23.4,38.3,63.7,25.6
0,Mexico City,2025-01-31T10:00,24.3,38.8,59.7,24.6
0,Mexico City,2025-01-31T11:00,24.2,39.1,61.4,24.7
0,Mexico City,2025-01-31T12:00,23.4,39.1,66.7,25.5
0,Mexico City,2025-01-31T13:00,22.7,40.1,76.7,26.4
0,Mexico City,2025-01-31T14:00,20.5,39.7,93.7,29.2
0,Mexico City,2025-01-31T15:00,18.6,37.4,100.6,32.1
0,Mexico City,2025-01-31T16:00,19.2,37.5,95.1,31.2
0,Mexico City,2025-01-31T17:00,19.1,37.1,93.3,31.2
0,Mexico City,2025-01-31T18:00,18.2,36.6,101.1,32.9
0,Mexico City,2025-01-31T19:00,17.9,36,100.2,33.3
0,Mexico City,2025-01-31T20:00,20.3,36.1,77.3,29.4
0,Mexico City,2025-01-31T21:00,23.7,36.5,54.1,25.2
0,Mexico City,2025-01-31T22:00,27.4,37.2,35.5,21.8
0,Mexico City,2025-01-31T23:00,30.2,37.7,24.7,19.8
0,Mexico City,2025-02-01T00:00,32.5,38.3,17.9,18.4
0,Mexico City,2025-02-01T01:00,35.5,38.1,7.2,16.8
0,Mexico City,2025-02-01T02:00,37,37.7,2,16.2
0,Mexico City,2025-02-01T03:00,38.6,38.3,0,15.5
0,Mexico City,2025-02-01T04:00,41.1,40.3,0,14.5
0,Mexico City,2025-02-01T05:00,40.9,42.1,2.8,14.6
0,Mexico City,2025-02-01T06:00,38.4,43.1,12.2,15.6
0,Mexico City,2025-02-01T07:00,35.4,42.4,19.7,16.9
0,Mexico City,2025-02-01T08:00,32,41.5,29.5,18.6
0,Mexico City,2025-02-01T09:00,29,40.7,40.1,20.6
0,Mexico City,2025-02-01T10:00,26.7,40,49.5,22.4
0,Mexico City,2025-02-01T11:00,25.5,39.6,54.9,23.4
0,Mexico City,2025-02-01T12:00,24.1,39.1,61.9,24.8
0,Mexico City,2025-02-01T13:00,22.8,38.7,69.2,26.2
0,Mexico City,2025-02-01T14:00,21.9,38.3,74.5,27.3
0,Mexico City,2025-02-01T15:00,22.6,38.4,69.3,26.4
0,Mexico City,2025-02-01T16:00,24.7,38.9,57.6,24.2
0,Mexico City,2025-02-01T17:00,27.6,40,45,21.7
0,Mexico City,2025-02-01T18:00,27.1,39.3,45,22.1
0,Mexico City,2025-02-01T19:00,25.5,37.8,48.1,23.4
0,Mexico City,2025-02-01T20:00,27.9,38,35.9,21.4
0,Mexico City,2025-02-01T21:00,30,37.9,26.3,19.9
0,Mexico City,2025-02-01T22:00,31.4,37.9,20.5,19
0,Mexico City,2025-02-01T23:00,33,37.7,14.1,18.1
0,Mexico City,2025-02-02T00:00,35.2,37.7,7,17
0,Mexico City,2025-02-02T01:00,36.1,37.5,3.6,16.5
0,Mexico City,2025-02-02T02:00,37.1,37.4,0.9,16.1
0,Mexico City,2025-02-02T03:00,38.1,37.8,0,15.7
0,Mexico City,2025-02-02T04:00,39.9,38.8,0,15
0,Mexico City,2025-02-02T05:00,40.5,40.3,0,14.7
0,Mexico City,2025-02-02T06:00,40,41.7,4.2,14.9
0,Mexico City,2025-02-02T07:00,39.4,41.8,6,15.1
0,Mexico City,2025-02-02T08:00,37.1,41.3,11.2,16.1
0,Mexico City,2025-02-02T09:00,35.3,41.2,16.7,16.9
0,Mexico City,2025-02-02T10:00,33.1,40.7,22.8,18.1
0,Mexico City,2025-02-02T11:00,31.7,40.4,27.3,18.8
0,Mexico City,2025-02-02T12:00,30.5,40.2,31.5,19.6
0,Mexico City,2025-02-02T13:00,28.9,39.8,37.8,20.7
0,Mexico City,2025-02-02T14:00,28.1,39.3,39.9,21.3
0,Mexico City,2025-02-02T15:00,26.9,38.7,43.7,22.2
0,Mexico City,2025-02-02T16:00,26.9,38.6,43.4,22.2
0,Mexico City,2025-02-02T17:00,28,38.7,38,21.3
0,Mexico City,2025-02-02T18:00,29.2,39,33.3,20.5
0,Mexico City,2025-02-02T19:00,29.8,39.1,31.3,20.1
0,Mexico City,2025-02-02T20:00,31.4,39.4,25.5,19.1
0,Mexico City,2025-02-02T21:00,32.6,39.2,20,18.3
0,Mexico City,2025-02-02T22:00,33.4,38.6,15.3,17.9
0,Mexico City,2025-02-02T23:00,35.6,38.6,8.2,16.8
0,Mexico City,2025-02-03T00:00,37.4,38.1,1.8,16
0,Mexico City,2025-02-03T01:00,38.3,37.7,0,15.6
0,Mexico City,2025-02-03T02:00,39.3,38.1,0,15.2
0,Mexico City,2025-02-03T03:00,40.7,38.9,0,14.7
0,Mexico City,2025-02-03T04:00,43.2,41.2,0,13.8
0,Mexico City,2025-02-03T05:00,41.8,41.5,0,14.3
0,Mexico City,2025-02-03T06:00,39.4,41.4,5,15.2
0,Mexico City,2025-02-03T07:00,38,40.6,6.7,15.7
0,Mexico City,2025-02-03T08:00,37.2,40.5,9,16.1
0,Mexico City,2025-02-03T09:00,36.4,40.8,11.9,16.4
0,Mexico City,2025-02-03T10:00,35.2,40.9,16.2,17
0,Mexico City,2025-02-03T11:00,34.1,41,20,17.5
0,Mexico City,2025-02-03T12:00,32.4,40.8,26,18.4
0,Mexico City,2025-02-03T13:00,31.1,40.6,30.4,19.2
0,Mexico City,2025-02-03T14:00,30.3,40,31.8,19.7
0,Mexico City,2025-02-03T15:00,30.4,39.5,29.9,19.7
0,Mexico City,2025-02-03T16:00,30.8,39.6,28.4,19.4
0,Mexico City,2025-02-03T17:00,31.6,39.6,25.2,18.9
0,Mexico City,2025-02-03T18:00,31,39.3,26.8,19.3
0,Mexico City,2025-02-03T19:00,30,39.1,30.1,19.9
0,Mexico City,2025-02-03T20:00,31.8,39.7,24.6,18.8
0,Mexico City,2025-02-03T21:00,33.8,40,18.2,17.7
0,Mexico City,2025-02-03T22:00,36,40.5,12.6,16.6
0,Mexico City,2025-02-03T23:00,38.7,41.5,7.2,15.4
0,Mexico City,2025-02-04T00:00,40.1,40.6,1.2,14.9
0,Mexico City,2025-02-04T01:00,40.3,39.4,0,14.8
0,Mexico City,2025-02-04T02:00,40.5,39.4,0,14.8
0,Mexico City,2025-02-04T03:00,42.6,40.7,0,14
0,Mexico City,2025-02-04T04:00,44.8,43.2,0,13.3
0,Mexico City,2025-02-04T05:00,35.7,42,17.4,16.7
0,Mexico City,2025-02-04T06:00,24.7,39.2,58.5,24.2
0,Mexico City,2025-02-04T07:00,18.8,36.7,94.4,31.7
0,Mexico City,2025-02-04T08:00,16.9,36.4,114.9,35.3
0,Mexico City,2025-02-04T09:00,18.4,37,101.3,32.5
0,Mexico City,2025-02-04T10:00,21.8,38.2,75.1,27.5
0,Mexico City,2025-02-04T11:00,24,38.7,61.5,24.9
0,Mexico City,2025-02-04T12:00,24.2,38.5,59,24.7
0,Mexico City,2025-02-04T13:00,22.9,38.1,66.1,26
0,Mexico City,2025-02-04T14:00,20.7,37.4,80.2,28.8
0,Mexico City,2025-02-04T15:00,20.8,37.3,78.8,28.7
0,Mexico City,2025-02-04T16:00,21.7,37.3,71.3,27.5
0,Mexico City,2025-02-04T17:00,21,37.2,77.3,28.5
0,Mexico City,2025-02-04T18:00,18.4,36.3,97.1,32.5
0,Mexico City,2025-02-04T19:00,17.9,35.8,99.6,33.3
0,Mexico City,2025-02-04T20:00,21.2,36.2,70.7,28.2
0,Mexico City,2025-02-04T21:00,26,36.7,41,23
0,Mexico City,2025-02-04T22:00,31.3,37.7,20.2,19.1
0,Mexico City,2025-02-04T23:00,34.5,38.2,10.5,17.3
0,Mexico City,2025-02-05T00:00,36.7,37.5,2,16.3
0,Mexico City,2025-02-05T01:00,37.4,37,0,16
0,Mexico City,2025-02-05T02:00,38.3,37.4,0,15.6
0,Mexico City,2025-02-05T03:00,41.5,40,0,14.4
0,Mexico City,2025-02-05T04:00,43.6,42.3,0,13.7
0,Mexico City,2025-02-05T05:00,36.3,41.3,13.8,16.5
0,Mexico City,2025-02-05T06:00,25.1,39,55.2,23.8
0,Mexico City,2025-02-05T07:00,19.4,37,90.2,30.8
0,Mexico City,2025-02-05T08:00,17.8,36.6,105,33.5
0,Mexico City,2025-02-05T09:00,20,37.2,86,29.9
0,Mexico City,2025-02-05T10:00,22.5,38.2,69.7,26.6
0,Mexico City,2025-02-05T11:00,23.9,38.4,60.7,25
0,Mexico City,2025-02-05T12:00,24.1,38.3,58.9,24.8
0,Mexico City,2025-02-05T13:00,22.4,37.9,68.7,26.6
0,Mexico City,2025-02-05T14:00,20.5,37.3,81.9,29.2
0,Mexico City,2025-02-05T15:00,20.3,37,82.5,29.5
0,Mexico City,2025-02-05T16:00,20.8,37,77.9,28.7
0,Mexico City,2025-02-05T17:00,20.3,37.2,82.6,29.4
0,Mexico City,2025-02-05T18:00,18,36.3,101.3,33.2
0,Mexico City,2025-02-05T19:00,18.3,35.9,95.9,32.7
0,Mexico City,2025-02-05T20:00,21.8,36.3,66.6,27.4
0,Mexico City,2025-02-05T21:00,26.2,36.8,40.6,22.8
0,Mexico City,2025-02-05T22:00,31.4,37.6,19.6,19
0,Mexico City,2025-02-05T23:00,34.7,37.5,8.1,17.2
0,Mexico City,2025-02-06T00:00,36.9,37.8,2.4,16.2
0,Mexico City,2025-02-06T01:00,37.8,37.4,0,15.8
0,Mexico City,2025-02-06T02:00,38.5,37.4,0,15.5
0,Mexico City,2025-02-06T03:00,40.3,39.1,0,14.8
0,Mexico City,2025-02-06T04:00,43.2,41.9,0,13.8
0,Mexico City,2025-02-06T05:00,36,41.2,14.2,16.6
0,Mexico City,2025-02-06T06:00,25.3,38.9,53.2,23.6
0,Mexico City,2025-02-06T07:00,19.8,36.9,86,30.2
0,Mexico City,2025-02-06T08:00,18.2,36.6,100.9,32.8
0,Mexico City,2025-02-06T09:00,20.1,37.3,85.3,29.7
0,Mexico City,2025-02-06T10:00,22.9,38.3,66.8,26.1
0,Mexico City,2025-02-06T11:00,23.7,38.3,61.3,25.2
0,Mexico City,2025-02-06T12:00,23.3,37.9,62.1,25.6
0,Mexico City,2025-02-06T13:00,21.8,37.5,72,27.4
0,Mexico City,2025-02-06T14:00,19.9,37.1,86,30
0,Mexico City,2025-02-06T15:00,20,36.8,83.1,29.8
0,Mexico City,2025-02-06T16:00,21.2,36.9,73.7,28.2
0,Mexico City,2025-02-06T17:00,20.4,36.9,80.5,29.2
0,Mexico City,2025-02-06T18:00,18.1,36,98.3,33
0,Mexico City,2025-02-06T19:00,17.9,35.6,98.5,33.4
0,Mexico City,2025-02-06T20:00,21,36,71.1,28.4
0,Mexico City,2025-02-06T21:00,25.1,36.4,44.9,23.8
0,Mexico City,2025-02-06T22:00,29.7,37.3,25.3,20.1
0,Mexico City,2025-02-06T23:00,33.7,37.6,11.8,17.8
0,Mexico City,2025-02-07T00:00,35.5,37.2,4.7,16.8
0,Mexico City,2025-02-07T01:00,36.8,37,0.4,16.2
0,Mexico City,2025-02-07T02:00,37.6,36.8,0,15.9
0,Mexico City,2025-02-07T03:00,40,38.6,0,14.9
0,Mexico City,2025-02-07T04:00,42.2,40.9,0,14.1
0,Mexico City,2025-02-07T05:00,36.3,41,13.1,16.5
0,Mexico City,2025-02-07T06:00,26.7,38.9,45.4,22.4
0,Mexico City,2025-02-07T07:00,21.8,37.3,70.7,27.4
0,Mexico City,2025-02-07T08:00,20.9,37.3,78.1,28.6
0,Mexico City,2025-02-07T09:00,22.6,37.8,66.7,26.4
0,Mexico City,2025-02-07T10:00,24.1,38.3,58.6,24.7
0,Mexico City,2025-02-07T11:00,24.2,38.4,58.8,24.7
0,Mexico City,2025-02-07T12:00,23.3,38.3,64.2,25.7
0,Mexico City,2025-02-07T13:00,21,37.6,78.6,28.4
0,Mexico City,2025-02-07T14:00,18.2,36.8,101.7,32.8
0,Mexico City,2025-02-07T15:00,17.2,36.4,110.9,34.6
0,Mexico City,2025-02-07T16:00,18.1,36.4,100.7,33
0,Mexico City,2025-02-07T17:00,19.1,36.7,91.6,31.3
0,Mexico City,2025-02-07T18:00,18.2,36.1,98,32.8
0,Mexico City,2025-02-07T19:00,17.6,35.5,101.2,33.9
0,Mexico City,2025-02-07T20:00,20.3,36,77.2,29.4
0,Mexico City,2025-02-07T21:00,24.1,36.4,50.6,24.8
0,Mexico City,2025-02-07T22:00,27.9,36.9,32.1,21.4
0,Mexico City,2025-02-07T23:00,30.9,37.4,20.8,19.3
0,Mexico City,2025-02-08T00:00,34,37.8,11.3,17.6
0,Mexico City,2025-02-08T01:00,35.5,37.3,5.1,16.8
0,Mexico City,2025-02-08T02:00,36.6,37.3,1.8,16.3
0,Mexico City,2025-02-08T03:00,38.1,37.8,0,15.7
0,Mexico City,2025-02-08T04:00,40.1,39.3,0,14.9
0,Mexico City,2025-02-08T05:00,39.5,40.7,2.8,15.1
0,Mexico City,2025-02-08T06:00,37.6,42,11.6,15.9
0,Mexico City,2025-02-08T07:00,35.3,41.8,18.3,16.9
0,Mexico City,2025-02-08T08:00,30.9,40.6,31.4,19.4
0,Mexico City,2025-02-08T09:00,27.9,39.7,42.1,21.4
0,Mexico City,2025-02-08T10:00,26.2,39.3,49.6,22.8
0,Mexico City,2025-02-08T11:00,25.3,39,54.1,23.6
0,Mexico City,2025-02-08T12:00,23.6,38.5,63,25.3
0,Mexico City,2025-02-08T13:00,21.8,37.8,73.6,27.5
0,Mexico City,2025-02-08T14:00,20.2,37.1,83.5,29.6
0,Mexico City,2025-02-08T15:00,20.8,37,77.6,28.7
0,Mexico City,2025-02-08T16:00,22.7,37.1,63.4,26.3
0,Mexico City,2025-02-08T17:00,24.9,37.4,50.1,24
0,Mexico City,2025-02-08T18:00,25.6,37.7,47.2,23.4
0,Mexico City,2025-02-08T19:00,24.9,37.6,51.3,24
0,Mexico City,2025-02-08T20:00,26.3,37.6,42.8,22.7
0,Mexico City,2025-02-08T21:00,28.9,37.6,30.1,20.7
0,Mexico City,2025-02-08T22:00,30.6,37.5,22.4,19.5
0,Mexico City,2025-02-08T23:00,32.3,37.8,17.2,18.5
0,Mexico City,2025-02-09T00:00,34.3,37.9,10.4,17.4
0,Mexico City,2025-02-09T01:00,35.8,37.5,4.7,16.7
0,Mexico City,2025-02-09T02:00,36.6,37.3,2.1,16.3
0,Mexico City,2025-02-09T03:00,37.7,37.5,0,15.8
0,Mexico City,2025-02-09T04:00,39.3,38.6,0,15.2
0,Mexico City,2025-02-09T05:00,40,40,0,14.9
0,Mexico City,2025-02-09T06:00,39.6,41.1,3.9,15.1
0,Mexico City,2025-02-09T07:00,38.7,41.1,6,15.4
0,Mexico City,2025-02-09T08:00,36.5,40.5,11.1,16.4
0,Mexico City,2025-02-09T09:00,34.5,40.2,16.4,17.3
0,Mexico City,2025-02-09T10:00,32.2,39.7,23.1,18.6
0,Mexico City,2025-02-09T11:00,30.9,39.5,27.8,19.4
0,Mexico City,2025-02-09T12:00,29.6,39.3,33,20.2
0,Mexico City,2025-02-09T13:00,28.2,39.4,39.8,21.2
0,Mexico City,2025-02-09T14:00,27,39,44.2,22.1
0,Mexico City,2025-02-09T15:00,27.6,38.7,40.3,21.7
0,Mexico City,2025-02-09T16:00,29.1,38.6,32.6,20.6
0,Mexico City,2025-02-09T17:00,30.4,38.4,26.4,19.7
0,Mexico City,2025-02-09T18:00,30.6,38.4,25.3,19.5
0,Mexico City,2025-02-09T19:00,30.4,38.1,25.2,19.6
0,Mexico City,2025-02-09T20:00,31.7,38.6,21.8,18.8
0,Mexico City,2025-02-09T21:00,31.7,38.9,22.4,18.8
0,Mexico City,2025-02-09T22:00,32.3,39.5,22.2,18.5
0,Mexico City,2025-02-09T23:00,35.2,39.1,10.8,17
0,Mexico City,2025-02-10T00:00,37.6,38.4,2.1,15.9
0,Mexico City,2025-02-10T01:00,37.7,37.6,0,15.8
0,Mexico City,2025-02-10T02:00,38.8,37.9,0,15.4
0,Mexico City,2025-02-10T03:00,42.5,40.6,0,14
0,Mexico City,2025-02-10T04:00,44,42.7,0,13.6
0,Mexico City,2025-02-10T05:00,36,41.7,15.9,16.6
0,Mexico City,2025-02-10T06:00,25.2,39.1,54.8,23.7
0,Mexico City,2025-02-10T07:00,20,37,85.1,29.9
0,Mexico City,2025-02-10T08:00,19.1,36.7,91.5,31.2
0,Mexico City,2025-02-10T09:00,21.8,37.4,71.7,27.5
0,Mexico City,2025-02-10T10:00,24.2,38.1,57.7,24.7
0,Mexico City,2025-02-10T11:00,24.7,38.4,55.1,24.2
0,Mexico City,2025-02-10T12:00,25,38.6,54,23.9
0,Mexico City,2025-02-10T13:00,24.1,38,57.6,24.8
0,Mexico City,2025-02-10T14:00,22.1,37.3,68.8,27.1
0,Mexico City,2025-02-10T15:00,22.6,37.3,64.9,26.4
0,Mexico City,2025-02-10T16:00,24.2,37.5,54.7,24.6
0,Mexico City,2025-02-10T17:00,23.2,37.6,61.8,25.7
0,Mexico City,2025-02-10T18:00,20.9,36.7,75.7,28.6
0,Mexico City,2025-02-10T19:00,21.2,36.3,70.9,28.2
0,Mexico City,2025-02-10T20:00,24.9,36.8,47.5,24
0,Mexico City,2025-02-10T21:00,29.4,37.5,27.5,20.3
0,Mexico City,2025-02-10T22:00,33,37.9,14.8,18.1
0,Mexico City,2025-02-10T23:00,35,37.7,7.8,17.1
0,Mexico City,2025-02-11T00:00,37.1,37.7,1.4,16.1
0,Mexico City,2025-02-11T01:00,37.6,37.2,0,15.9
0,Mexico City,2025-02-11T02:00,38.6,37.9,0,15.5
0,Mexico City,2025-02-11T03:00,40.5,39.6,0,14.7
0,Mexico City,2025-02-11T04:00,43.4,42.2,0,13.8
0,Mexico City,2025-02-11T05:00,35.2,41,16.5,17
0,Mexico City,2025-02-11T06:00,24,38.3,59.7,24.9
0,Mexico City,2025-02-11T07:00,18.3,36.1,97.5,32.7
0,Mexico City,2025-02-11T08:00,17,36,111.4,35.1
0,Mexico City,2025-02-11T09:00,19.1,36.8,92.3,31.2
0,Mexico City,2025-02-11T10:00,22,38,72.3,27.1
0,Mexico City,2025-02-11T11:00,23.4,38.2,62.6,25.5
0,Mexico City,2025-02-11T12:00,23.8,38.1,60.2,25.1
0,Mexico City,2025-02-11T13:00,22.6,37.8,66.9,26.4
0,Mexico City,2025-02-11T14:00,20.5,36.9,79.8,29.1
0,Mexico City,2025-02-11T15:00,21,36.9,75.5,28.4
0,Mexico City,2025-02-11T16:00,21.8,37,69.7,27.4
0,Mexico City,2025-02-11T17:00,21.2,37.1,75.1,28.2
0,Mexico City,2025-02-11T18:00,19,36.3,90.9,31.5
0,Mexico City,2025-02-11T19:00,19.1,35.8,86.8,31.2
0,Mexico City,2025-02-11T20:00,22.8,36.4,59.2,26.2
0,Mexico City,2025-02-11T21:00,27.3,37,35.4,21.9
0,Mexico City,2025-02-11T22:00,31.8,37.8,19,18.8
0,Mexico City,2025-02-11T23:00,34.7,38,9.4,17.2
0,Mexico City,2025-02-12T00:00,36.7,37.6,2.4,16.3
0,Mexico City,2025-02-12T01:00,37.3,37.4,0.2,16
0,Mexico City,2025-02-12T02:00,38.1,37.5,0,15.7
0,Mexico City,2025-02-12T03:00,41,39.9,0,14.6
0,Mexico City,2025-02-12T04:00,43.3,42.2,0,13.8
0,Mexico City,2025-02-12T05:00,35.6,41,15,16.8
0,Mexico City,2025-02-12T06:00,24.5,38.5,57,24.4
0,Mexico City,2025-02-12T07:00,18.9,36.4,92.1,31.6
0,Mexico City,2025-02-12T08:00,17.5,36.3,107.3,34.1
0,Mexico City,2025-02-12T09:00,19.4,37,90.8,30.8
0,Mexico City,2025-02-12T10:00,22.2,38,71.1,27
0,Mexico City,2025-02-12T11:00,23.3,38.2,63.4,25.6
0,Mexico City,2025-02-12T12:00,23.5,38.1,62,25.4
0,Mexico City,2025-02-12T13:00,22,37.7,70.9,27.1
0,Mexico City,2025-02-12T14:00,19.8,36.8,85.8,30.2
0,Mexico City,2025-02-12T15:00,19.7,36.5,84.7,30.3
0,Mexico City,2025-02-12T16:00,20.7,36.5,76.3,28.9
0,Mexico City,2025-02-12T17:00,20.3,36.9,81.6,29.5
0,Mexico City,2025-02-12T18:00,18.1,36.1,98.8,33
0,Mexico City,2025-02-12T19:00,18,35.6,97.9,33.2
0,Mexico City,2025-02-12T20:00,21.3,36.1,69.8,28.1
0,Mexico City,2025-02-12T21:00,25.6,36.6,43,23.4
0,Mexico City,2025-02-12T22:00,30.3,37.3,22.8,19.7
0,Mexico City,2025-02-12T23:00,33.7,37.6,11.5,17.7
0,Mexico City,2025-02-13T00:00,35.4,37.2,5.1,16.9
0,Mexico City,2025-02-13T01:00,37.3,37.3,0,16
0,Mexico City,2025-02-13T02:00,37.9,37.3,0,15.8
0,Mexico City,2025-02-13T03:00,40.5,39.4,0,14.8
0,Mexico City,2025-02-13T04:00,42.3,41.7,0,14.1
0,Mexico City,2025-02-13T05:00,35.3,40.9,15.6,16.9
0,Mexico City,2025-02-13T06:00,24.5,38.4,56.5,24.3
0,Mexico City,2025-02-13T07:00,18.9,36.3,91.7,31.6
0,Mexico City,2025-02-13T08:00,17.5,36.1,106.4,34.2
0,Mexico City,2025-02-13T09:00,19.4,36.9,89.9,30.8
0,Mexico City,2025-02-13T10:00,22.3,38.2,70.6,26.7
0,Mexico City,2025-02-13T11:00,23.3,38.4,64.4,25.6
0,Mexico City,2025-02-13T12:00,23,38,65.1,26
0,Mexico City,2025-02-13T13:00,21.2,37.4,76.2,28.2
0,Mexico City,2025-02-13T14:00,19.3,36.8,90.7,31
0,Mexico City,2025-02-13T15:00,19.2,36.6,90.1,31.1
0,Mexico City,2025-02-13T16:00,20.1,36.6,81.2,29.7
0,Mexico City,2025-02-13T17:00,19,36.5,91.8,31.5
0,Mexico City,2025-02-13T18:00,15.5,35.4,127.6,38.5
0,Mexico City,2025-02-13T19:00,15.8,35.1,121.7,37.8
0,Mexico City,2025-02-13T20:00,19.1,35.7,86.5,31.3
0,Mexico City,2025-02-13T21:00,23.6,36.2,53.3,25.3
0,Mexico City,2025-02-13T22:00,28.3,37.1,30.9,21.1
0,Mexico City,2025-02-13T23:00,32.9,37.7,14.6,18.2
0,Mexico City,2025-02-14T00:00,35.5,37.7,6.3,16.8
0,Mexico City,2025-02-14T01:00,37.5,37.8,0.8,15.9
0,Mexico City,2025-02-14T02:00,38.3,37.4,0,15.6
0,Mexico City,2025-02-14T03:00,40.5,39.1,0,14.8
0,Mexico City,2025-02-14T04:00,42.7,41.5,0,14
0,Mexico City,2025-02-14T05:00,36.2,41.1,13.4,16.5
0,Mexico City,2025-02-14T06:00,25.8,38.6,49.5,23.1
0,Mexico City,2025-02-14T07:00,21.1,37,74.9,28.3
0,Mexico City,2025-02-14T08:00,20.5,36.9,80.1,29.2
0,Mexico City,2025-02-14T09:00,22.1,37.3,68.9,27.1
0,Mexico City,2025-02-14T10:00,23.6,37.8,60.4,25.4
0,Mexico City,2025-02-14T11:00,23.9,38.1,58.9,25
0,Mexico City,2025-02-14T12:00,23.5,38.2,62.7,25.5
0,Mexico City,2025-02-14T13:00,21.3,37.8,77.1,28
0,Mexico City,2025-02-14T14:00,18.2,36.9,102.4,32.9
0,Mexico City,2025-02-14T15:00,17.3,36.5,110.2,34.5
0,Mexico City,2025-02-14T16:00,18.4,36.5,98.2,32.5
0,Mexico City,2025-02-14T17:00,19.3,36.6,89,30.9
0,Mexico City,2025-02-14T18:00,18.3,36,96.9,32.7
0,Mexico City,2025-02-14T19:00,17.8,35.6,100.2,33.6
0,Mexico City,2025-02-14T20:00,19.7,35.8,81.3,30.3
0,Mexico City,2025-02-14T21:00,23,36.1,56.9,26
0,Mexico City,2025-02-14T22:00,26.7,36.6,36.8,22.4
0,Mexico City,2025-02-14T23:00,29.6,36.9,24.6,20.2
0,Mexico City,2025-02-15T00:00,32.6,37.5,15.1,18.3
0,Mexico City,2025-02-15T01:00,34.9,37.3,6.8,17.1
0,Mexico City,2025-02-15T02:00,36.3,37.5,3.4,16.5
0,Mexico City,2025-02-15T03:00,37.6,37.6,0,15.9
0,Mexico City,2025-02-15T04:00,39.4,38.9,0,15.1
0,Mexico City,2025-02-15T05:00,39.5,40.5,2.5,15.1
0,Mexico City,2025-02-15T06:00,37.3,41.7,11.7,16
0,Mexico City,2025-02-15T07:00,34.8,41.6,19.2,17.1
0,Mexico City,2025-02-15T08:00,31.2,40.6,29.9,19.1
0,Mexico City,2025-02-15T09:00,28.4,39.8,40.1,21
0,Mexico City,2025-02-15T10:00,26.4,39.3,48.5,22.6
0,Mexico City,2025-02-15T11:00,25.7,39.3,52.8,23.3
0,Mexico City,2025-02-15T12:00,24.3,38.9,59.6,24.5
0,Mexico City,2025-02-15T13:00,22.4,38.3,70.8,26.7
0,Mexico City,2025-02-15T14:00,21,37.6,78.9,28.5
0,Mexico City,2025-02-15T15:00,21.5,37.3,73.2,27.8
0,Mexico City,2025-02-15T16:00,23.8,37.3,56.2,25.1
0,Mexico City,2025-02-15T17:00,26.1,37.8,44.6,22.9
0,Mexico City,2025-02-15T18:00,25.7,37.8,47,23.3
0,Mexico City,2025-02-15T19:00,24.8,37.8,52.1,24.1
0,Mexico City,2025-02-15T20:00,26.3,37.7,42.8,22.7
0,Mexico City,2025-02-15T21:00,28.9,37.6,30.2,20.7
0,Mexico City,2025-02-15T22:00,30.7,37.7,22.6,19.5
0,Mexico City,2025-02-15T23:00,32.5,37.8,16.4,18.4
0,Mexico City,2025-02-16T00:00,34.1,38.1,11.7,17.5
0,Mexico City,2025-02-16T01:00,35.1,38.1,8.4,17
0,Mexico City,2025-02-16T02:00,36.5,37.9,3.7,16.4
0,Mexico City,2025-02-16T03:00,37.9,37.9,0,15.8
0,Mexico City,2025-02-16T04:00,39.4,38.8,0,15.2
0,Mexico City,2025-02-16T05:00,39.8,39.9,0.2,15
0,Mexico City,2025-02-16T06:00,39.8,41.5,4.2,15
0,Mexico City,2025-02-16T07:00,39.2,41.4,5.7,15.2
0,Mexico City,2025-02-16T08:00,37,40.8,10.4,16.2
0,Mexico City,2025-02-16T09:00,34.5,40.5,17.1,17.3
0,Mexico City,2025-02-16T10:00,32.4,40.1,23.7,18.5
0,Mexico City,2025-02-16T11:00,30.9,39.7,28.2,19.3
0,Mexico City,2025-02-16T12:00,29.5,39.8,34.9,20.3
0,Mexico City,2025-02-16T13:00,28.1,39.8,41.8,21.3
0,Mexico City,2025-02-16T14:00,26.9,39.2,45.4,22.2
0,Mexico City,2025-02-16T15:00,27.4,38.8,41.3,21.8
0,Mexico City,2025-02-16T16:00,28.8,38.9,34.8,20.7
0,Mexico City,2025-02-16T17:00,29.3,39.3,33.7,20.4
0,Mexico City,2025-02-16T18:00,28.6,39.1,37,20.9
0,Mexico City,2025-02-16T19:00,27.6,38.9,40.6,21.6
0,Mexico City,2025-02-16T20:00,28.9,39,34.7,20.7
0,Mexico City,2025-02-16T21:00,30.8,39.2,27.1,19.4
0,Mexico City,2025-02-16T22:00,33.6,39.8,18.5,17.8
0,Mexico City,2025-02-16T23:00,35.7,39.1,9.5,16.7
0,Mexico City,2025-02-17T00:00,37.7,38.8,2.9,15.9
0,Mexico City,2025-02-17T01:00,38.1,38.4,0.8,15.7
0,Mexico City,2025-02-17T02:00,39.3,38.9,0,15.2
0,Mexico City,2025-02-17T03:00,42.5,41,0,14
0,Mexico City,2025-02-17T04:00,44.4,43.3,0,13.4
0,Mexico City,2025-02-17T05:00,35.1,41.9,19.1,17
0,Mexico City,2025-02-17T06:00,23.8,38.7,62.2,25.1
0,Mexico City,2025-02-17T07:00,19.2,36.7,91.2,31.2
0,Mexico City,2025-02-17T08:00,19.1,36.5,90.6,31.3
0,Mexico City,2025-02-17T09:00,23.4,37.6,60.6,25.6
0,Mexico City,2025-02-17T10:00,27.6,38.5,39.3,21.6
0,Mexico City,2025-02-17T11:00,28,38.4,37.1,21.4
0,Mexico City,2025-02-17T12:00,27.7,38.6,39,21.5
0,Mexico City,2025-02-17T13:00,26.2,38.2,45.8,22.8
0,Mexico City,2025-02-17T14:00,24,37.5,56.2,24.9
0,Mexico City,2025-02-17T15:00,24.2,37.3,54.4,24.7
0,Mexico City,2025-02-17T16:00,25.4,37.5,47.6,23.5
0,Mexico City,2025-02-17T17:00,25.1,37.6,50,23.9
0,Mexico City,2025-02-17T18:00,23,37,60.3,26
0,Mexico City,2025-02-17T19:00,23.3,36.7,57.2,25.7
0,Mexico City,2025-02-17T20:00,26.6,37,39.1,22.5
0,Mexico City,2025-02-17T21:00,29.8,37.4,25.2,20
0,Mexico City,2025-02-17T22:00,32.2,37.6,16.5,18.5
0,Mexico City,2025-02-17T23:00,35.4,37.7,6.4,16.9
0,Mexico City,2025-02-18T00:00,38.1,37.9,0,15.7
0,Mexico City,2025-02-18T01:00,38.7,37.9,0,15.4
0,Mexico City,2025-02-18T02:00,39.7,38.5,0,15.1
0,Mexico City,2025-02-18T03:00,42.6,40.6,0,14
0,Mexico City,2025-02-18T04:00,44.3,42.7,0,13.5
0,Mexico City,2025-02-18T05:00,35.8,41.3,15.4,16.7
0,Mexico City,2025-02-18T06:00,24.1,38.4,59.3,24.8
0,Mexico City,2025-02-18T07:00,18.8,36.4,93.8,31.8
0,Mexico City,2025-02-18T08:00,17.6,36.2,105.3,33.9
0,Mexico City,2025-02-18T09:00,19.2,36.9,92,31.1
0,Mexico City,2025-02-18T10:00,22,38,72,27.1
0,Mexico City,2025-02-18T11:00,23.9,38.4,60.9,25
0,Mexico City,2025-02-18T12:00,24.1,38.3,59,24.8
0,Mexico City,2025-02-18T13:00,22.6,37.9,67.7,26.5
0,Mexico City,2025-02-18T14:00,20.3,37.1,82.4,29.4
0,Mexico City,2025-02-18T15:00,20,36.8,83.5,29.9
0,Mexico City,2025-02-18T16:00,21.4,37,72.4,27.9
0,Mexico City,2025-02-18T17:00,21,37.1,76.1,28.4
0,Mexico City,2025-02-18T18:00,18.6,36.1,93.7,32.1
0,Mexico City,2025-02-18T19:00,18.6,35.6,91.1,32.1
0,Mexico City,2025-02-18T20:00,22.3,36.2,62.5,26.8
0,Mexico City,2025-02-18T21:00,26.7,36.8,37.4,22.4
0,Mexico City,2025-02-18T22:00,31.5,37.6,19.5,19
0,Mexico City,2025-02-18T23:00,34.1,37.4,9.5,17.5
0,Mexico City,2025-02-19T00:00,36.4,37.5,2.9,16.4
0,Mexico City,2025-02-19T01:00,37.3,37.5,0.5,16
0,Mexico City,2025-02-19T02:00,38.1,37.4,0,15.7
0,Mexico City,2025-02-19T03:00,40.9,39.8,0,14.6
0,Mexico City,2025-02-19T04:00,43.8,42.6,0,13.6
0,Mexico City,2025-02-19T05:00,35.6,41,15.1,16.8
0,Mexico City,2025-02-19T06:00,24.4,38.5,57.5,24.5
0,Mexico City,2025-02-19T07:00,19,36.4,91.3,31.5
0,Mexico City,2025-02-19T08:00,17.9,36.1,101.8,33.5
0,Mexico City,2025-02-19T09:00,19.1,36.7,91.7,31.2
0,Mexico City,2025-02-19T10:00,21.2,37.7,77.4,28.2
0,Mexico City,2025-02-19T11:00,23,38.1,65.3,25.9
0,Mexico City,2025-02-19T12:00,23.1,37.9,64.1,25.9
0,Mexico City,2025-02-19T13:00,21.7,37.6,72.8,27.5
0,Mexico City,2025-02-19T14:00,20,37.1,84.7,29.8
0,Mexico City,2025-02-19T15:00,20.8,36.9,77.6,28.8
0,Mexico City,2025-02-19T16:00,22.4,37.3,65.8,26.6
0,Mexico City,2025-02-19T17:00,21.9,37.4,70.4,27.3
0,Mexico City,2025-02-19T18:00,19.2,36.4,89.3,31.1
0,Mexico City,2025-02-19T19:00,19.5,36,84.8,30.7
0,Mexico City,2025-02-19T20:00,23.3,36.4,56.1,25.7
0,Mexico City,2025-02-19T21:00,27,37.1,37.1,22.1
0,Mexico City,2025-02-19T22:00,30.7,37.5,21.9,19.4
0,Mexico City,2025-02-19T23:00,34.4,37.6,9.3,17.4
0,Mexico City,2025-02-20T00:00,36.4,37.4,2.8,16.4
0,Mexico City,2025-02-20T01:00,37.8,37.4,0,15.8
0,Mexico City,2025-02-20T02:00,38.6,37.6,0,15.5
0,Mexico City,2025-02-20T03:00,41.3,39.8,0,14.4
0,Mexico City,2025-02-20T04:00,43.7,42.6,0,13.7
0,Mexico City,2025-02-20T05:00,35.7,41.3,15.5,16.7
0,Mexico City,2025-02-20T06:00,24.5,38.6,57.4,24.4
0,Mexico City,2025-02-20T07:00,19.1,36.5,90.4,31.2
0,Mexico City,2025-02-20T08:00,17.9,36.4,103.2,33.4
0,Mexico City,2025-02-20T09:00,20,37.3,86,29.8
0,Mexico City,2025-02-20T10:00,22.9,38.2,66.7,26.1
0,Mexico City,2025-02-20T11:00,24.2,38.5,58.7,24.7
0,Mexico City,2025-02-20T12:00,24,38.3,59.3,24.9
0,Mexico City,2025-02-20T13:00,22,37.7,70.8,27.1
0,Mexico City,2025-02-20T14:00,19.8,36.9,86,30.2
0,Mexico City,2025-02-20T15:00,19.7,36.7,85.7,30.3
0,Mexico City,2025-02-20T16:00,20.8,36.8,76.1,28.7
0,Mexico City,2025-02-20T17:00,20.9,37.1,77.7,28.6
0,Mexico City,2025-02-20T18:00,18,36.1,99.5,33.1
0,Mexico City,2025-02-20T19:00,17.7,35.6,100.6,33.8
0,Mexico City,2025-02-20T20:00,20.6,35.9,73.7,29
0,Mexico City,2025-02-20T21:00,24.5,36.4,48.4,24.4
0,Mexico City,2025-02-20T22:00,29.2,37.5,28.2,20.5
0,Mexico City,2025-02-20T23:00,32.4,37.7,16.4,18.4
0,Mexico City,2025-02-21T00:00,33,38.3,15.9,18.1
0,Mexico City,2025-02-21T01:00,36.4,38.5,5.7,16.4
0,Mexico City,2025-02-21T02:00,38.4,37.7,0,15.6
0,Mexico City,2025-02-21T03:00,40.3,38.8,0,14.8
0,Mexico City,2025-02-21T04:00,43,41.7,0,13.9
0,Mexico City,2025-02-21T05:00,36.2,41.1,13.7,16.5
0,Mexico City,2025-02-21T06:00,26.1,38.9,48.8,22.9
0,Mexico City,2025-02-21T07:00,21.6,37.2,72.1,27.7
0,Mexico City,2025-02-21T08:00,21.1,37.2,76.3,28.4
0,Mexico City,2025-02-21T09:00,23.4,38,62.1,25.5
0,Mexico City,2025-02-21T10:00,25.1,38.6,53.8,23.8
0,Mexico City,2025-02-21T11:00,24.9,38.7,55.2,24
0,Mexico City,2025-02-21T12:00,23.6,38.5,63,25.3
0,Mexico City,2025-02-21T13:00,21.7,38.7,78.6,27.6
0,Mexico City,2025-02-21T14:00,16.6,38.1,129,36
0,Mexico City,2025-02-21T15:00,15.8,36.6,131.4,37.9
0,Mexico City,2025-02-21T16:00,17.2,36.2,110.3,34.7
0,Mexico City,2025-02-21T17:00,18.2,36.4,99.7,32.8
0,Mexico City,2025-02-21T18:00,17.6,35.8,103.5,34
0,Mexico City,2025-02-21T19:00,18,35.6,97.8,33.2
0,Mexico City,2025-02-21T20:00,20.7,36,73.3,28.8
0,Mexico City,2025-02-21T21:00,23.8,36.3,52.8,25.1
0,Mexico City,2025-02-21T22:00,26.9,36.9,37.1,22.3
0,Mexico City,2025-02-21T23:00,30.7,37.4,21.8,19.5
0,Mexico City,2025-02-22T00:00,33.9,37.8,11.2,17.6
0,Mexico City,2025-02-22T01:00,35.4,38,7.4,16.9
0,Mexico City,2025-02-22T02:00,35.3,38.4,8.6,16.9
0,Mexico City,2025-02-22T03:00,35.5,39.2,10.3,16.8
0,Mexico City,2025-02-22T04:00,39.5,40,1.1,15.1
0,Mexico City,2025-02-22T05:00,39.4,41,4,15.2
0,Mexico City,2025-02-22T06:00,37.7,42,11.4,15.9
0,Mexico City,2025-02-22T07:00,34.9,41.6,19.1,17.1
0,Mexico City,2025-02-22T08:00,30.7,40.5,32,19.5
0,Mexico City,2025-02-22T09:00,28.2,39.9,41.1,21.2
0,Mexico City,2025-02-22T10:00,26.7,39.5,47.9,22.4
0,Mexico City,2025-02-22T11:00,25.7,39.2,52.7,23.3
0,Mexico City,2025-02-22T12:00,24.2,38.9,60.4,24.7
0,Mexico City,2025-02-22T13:00,21.9,38,73.6,27.3
0,Mexico City,2025-02-22T14:00,20.3,37.5,84.7,29.5
0,Mexico City,2025-02-22T15:00,20.6,37.2,79.7,28.9
0,Mexico City,2025-02-22T16:00,21.6,37,70.9,27.6
0,Mexico City,2025-02-22T17:00,23.1,37.3,61.2,25.9
0,Mexico City,2025-02-22T18:00,25.1,37.6,49.7,23.8
0,Mexico City,2025-02-22T19:00,25,37.7,51.1,23.9
0,Mexico City,2025-02-22T20:00,25.8,37.8,46.2,23.1
0,Mexico City,2025-02-22T21:00,29.1,37.7,29.4,20.5
0,Mexico City,2025-02-22T22:00,31,37.8,22.1,19.3
0,Mexico City,2025-02-22T23:00,32.3,38.2,18.3,18.5
0,Mexico City,2025-02-23T00:00,34.5,38.4,11.1,17.3
0,Mexico City,2025-02-23T01:00,35.3,38.1,7.8,16.9
0,Mexico City,2025-02-23T02:00,35,38.4,9.4,17
0,Mexico City,2025-02-23T03:00,35,38.6,10.4,17.1
0,Mexico City,2025-02-23T04:00,38.9,39.1,0.3,15.3
0,Mexico City,2025-02-23T05:00,39.9,40,0.1,15
0,Mexico City,2025-02-23T06:00,39.8,41.5,4.1,15
0,Mexico City,2025-02-23T07:00,38.6,41.1,6.3,15.5
0,Mexico City,2025-02-23T08:00,36.5,40.7,11.4,16.4
0,Mexico City,2025-02-23T09:00,34.4,40.3,17.2,17.4
0,Mexico City,2025-02-23T10:00,32.2,39.9,23.8,18.6
0,Mexico City,2025-02-23T11:00,30.7,39.6,28.9,19.5
0,Mexico City,2025-02-23T12:00,29.3,39.5,34.9,20.4
0,Mexico City,2025-02-23T13:00,27.5,39.4,43,21.7
0,Mexico City,2025-02-23T14:00,26.4,39.1,48,22.6
0,Mexico City,2025-02-23T15:00,26.5,38.6,45.6,22.5
0,Mexico City,2025-02-23T16:00,27.3,38.4,40.7,21.9
0,Mexico City,2025-02-23T17:00,27.7,38.8,39.7,21.6
0,Mexico City,2025-02-23T18:00,27.5,39.1,41.8,21.7
0,Mexico City,2025-02-23T19:00,27.2,38.8,42.9,22
0,Mexico City,2025-02-23T20:00,28.6,38.8,35.6,20.9
0,Mexico City,2025-02-23T21:00,30.5,39.1,28,19.6
0,Mexico City,2025-02-23T22:00,33.2,39.1,17.8,18
0,Mexico City,2025-02-23T23:00,35.5,38.7,8.9,16.8
0,Mexico City,2025-02-24T00:00,37.1,38.9,4.6,16.1
0,Mexico City,2025-02-24T01:00,37.1,38.9,4.7,16.1
0,Mexico City,2025-02-24T02:00,36.7,39.5,7.5,16.3
0,Mexico City,2025-02-24T03:00,37.3,40.5,8.6,16
0,Mexico City,2025-02-24T04:00,42.4,42.3,0,14.1
0,Mexico City,2025-02-24T05:00,35.1,41.5,18,17
0,Mexico City,2025-02-24T06:00,24.3,38.7,59,24.6
0,Mexico City,2025-02-24T07:00,19.3,36.5,89.2,31
0,Mexico City,2025-02-24T08:00,18.6,36.7,97.1,32.2
0,Mexico City,2025-02-24T09:00,21.5,37.8,75.1,27.7
0,Mexico City,2025-02-24T10:00,24.6,38.7,56.7,24.2
0,Mexico City,2025-02-24T11:00,25.7,38.8,50.6,23.2
0,Mexico City,2025-02-24T12:00,25.3,38.6,52.3,23.6
0,Mexico City,2025-02-24T13:00,23.6,37.9,60.3,25.3
0,Mexico City,2025-02-24T14:00,21.7,37.3,71.2,27.5
0,Mexico City,2025-02-24T15:00,21.7,37,70.2,27.5
0,Mexico City,2025-02-24T16:00,23.2,37.2,60.6,25.8
0,Mexico City,2025-02-24T17:00,22.9,37.4,62.6,26
0,Mexico City,2025-02-24T18:00,20.8,36.6,75.6,28.7
0,Mexico City,2025-02-24T19:00,20.6,36.3,75.6,29
0,Mexico City,2025-02-24T20:00,24.2,36.7,51.6,24.7
0,Mexico City,2025-02-24T21:00,28,37.1,32.5,21.3
0,Mexico City,2025-02-24T22:00,32.2,37.9,17.4,18.5
0,Mexico City,2025-02-24T23:00,35.4,37.9,7.1,16.9
0,Mexico City,2025-02-25T00:00,37.3,37.8,1.2,16
0,Mexico City,2025-02-25T01:00,38,37.5,0,15.7
0,Mexico City,2025-02-25T02:00,39.6,38.5,0,15.1
0,Mexico City,2025-02-25T03:00,42.2,40.7,0,14.2
0,Mexico City,2025-02-25T04:00,43.7,42.6,0,13.7
0,Mexico City,2025-02-25T05:00,35.1,41.1,16.9,17
0,Mexico City,2025-02-25T06:00,24.1,38.4,59.2,24.8
0,Mexico City,2025-02-25T07:00,18.6,36.3,94.7,32.1
0,Mexico City,2025-02-25T08:00,17.3,36.2,109,34.6
0,Mexico City,2025-02-25T09:00,19.1,36.9,93.1,31.3
0,Mexico City,2025-02-25T10:00,21.9,37.9,72.4,27.2
0,Mexico City,2025-02-25T11:00,23.7,38.3,61.7,25.2
0,Mexico City,2025-02-25T12:00,24,38.3,59.3,24.9
0,Mexico City,2025-02-25T13:00,22.6,37.7,67.1,26.5
0,Mexico City,2025-02-25T14:00,20.5,37,80.1,29.1
0,Mexico City,2025-02-25T15:00,20.6,36.7,77.9,29
0,Mexico City,2025-02-25T16:00,22.1,37.1,67.5,27
0,Mexico City,2025-02-25T17:00,21.5,37.1,72.8,27.8
0,Mexico City,2025-02-25T18:00,19.1,36.2,89.4,31.3
0,Mexico City,2025-02-25T19:00,18.9,35.7,88.9,31.6
0,Mexico City,2025-02-25T20:00,22.2,36.1,62.2,26.9
0,Mexico City,2025-02-25T21:00,26.7,36.7,37.6,22.4
0,Mexico City,2025-02-25T22:00,31.4,37.6,19.8,19
0,Mexico City,2025-02-25T23:00,34.7,37.6,8.4,17.2
0,Mexico City,2025-02-26T00:00,37.1,37.9,2,16.1
0,Mexico City,2025-02-26T01:00,37.7,37.7,0,15.9
0,Mexico City,2025-02-26T02:00,38.4,37.9,0,15.6
0,Mexico City,2025-02-26T03:00,41.2,40.1,0,14.5
0,Mexico City,2025-02-26T04:00,42.5,42,0,14
0,Mexico City,2025-02-26T05:00,35.1,41,16.7,17
0,Mexico City,2025-02-26T06:00,24.2,38.4,58.5,24.7
0,Mexico City,2025-02-26T07:00,19,36.5,92.1,31.5
0,Mexico City,2025-02-26T08:00,17.5,36.1,106.4,34.2
0,Mexico City,2025-02-26T09:00,19.7,37.1,88.3,30.4
0,Mexico City,2025-02-26T10:00,22.6,37.9,67.9,26.5
0,Mexico City,2025-02-26T11:00,23.5,38.3,62.9,25.5
0,Mexico City,2025-02-26T12:00,23.1,38,64.2,25.8
0,Mexico City,2025-02-26T13:00,22.3,37.8,69.5,26.8
0,Mexico City,2025-02-26T14:00,20.4,37,81.4,29.3
0,Mexico City,2025-02-26T15:00,20.8,37,77.5,28.7
0,Mexico City,2025-02-26T16:00,22,37.2,68.5,27.1
0,Mexico City,2025-02-26T17:00,20.9,37,76.5,28.5
0,Mexico City,2025-02-26T18:00,19,36.4,91.2,31.4
0,Mexico City,2025-02-26T19:00,19,36,89.2,31.5
0,Mexico City,2025-02-26T20:00,22.1,36.3,63.8,27
0,Mexico City,2025-02-26T21:00,26.3,37,40.6,22.7
0,Mexico City,2025-02-26T22:00,30,37.4,24.8,19.9
0,Mexico City,2025-02-26T23:00,33.7,37.7,11.7,17.7
0,Mexico City,2025-02-27T00:00,36.4,37.7,3.6,16.4
0,Mexico City,2025-02-27T01:00,36.3,37.7,3.9,16.4
0,Mexico City,2025-02-27T02:00,38.7,38.3,0,15.4
0,Mexico City,2025-02-27T03:00,40.8,39.7,0,14.6
0,Mexico City,2025-02-27T04:00,44,42.8,0,13.6
0,Mexico City,2025-02-27T05:00,36.1,41.3,14.4,16.5
0,Mexico City,2025-02-27T06:00,26.2,39,48.7,22.8
0,Mexico City,2025-02-27T07:00,21.8,37.3,71.1,27.5
0,Mexico City,2025-02-27T08:00,21.4,37.3,74,27.9
0,Mexico City,2025-02-27T09:00,24.4,38.1,55.8,24.5
0,Mexico City,2025-02-27T10:00,26.3,38.7,46.9,22.7
0,Mexico City,2025-02-27T11:00,26.9,38.8,44.4,22.2
0,Mexico City,2025-02-27T12:00,26.4,38.7,46.3,22.6
0,Mexico City,2025-02-27T13:00,24.8,38.2,53.6,24.1
0,Mexico City,2025-02-27T14:00,23,37.4,62.5,26
0,Mexico City,2025-02-27T15:00,23.6,37.5,58.6,25.3
0,Mexico City,2025-02-27T16:00,24.7,37.4,51.5,24.2
0,Mexico City,2025-02-27T17:00,24,37.4,55.6,24.9
0,Mexico City,2025-02-27T18:00,21.9,36.7,66.9,27.2
0,Mexico City,2025-02-27T19:00,21.5,36.4,69.6,27.8
0,Mexico City,2025-02-27T20:00,23.7,36.5,53.6,25.2
0,Mexico City,2025-02-27T21:00,27.2,36.9,35.5,22
0,Mexico City,2025-02-27T22:00,30.4,37.6,23.8,19.7
0,Mexico City,2025-02-27T23:00,33.1,38,14.9,18.1
0,Mexico City,2025-02-28T00:00,35.7,38.2,7,16.7
0,Mexico City,2025-02-28T01:00,35.6,37.4,5.1,16.8
0,Mexico City,2025-02-28T02:00,37.5,37.3,0,15.9
0,Mexico City,2025-02-28T03:00,39.5,38.7,0,15.1
0,Mexico City,2025-02-28T04:00,41.4,41,0,14.4
0,Mexico City,2025-02-28T05:00,35.8,41,14.5,16.7
0,Mexico City,2025-02-28T06:00,27.1,39.3,44.6,22
0,Mexico City,2025-02-28T07:00,23.7,38.1,60.7,25.2
0,Mexico City,2025-02-28T08:00,22.1,37.5,69.4,27
0,Mexico City,2025-02-28T09:00,22.7,37.9,66.9,26.3
0,Mexico City,2025-02-28T10:00,23.5,38.4,63.2,25.4
0,Mexico City,2025-02-28T11:00,23.5,38.6,64.3,25.5
0,Mexico City,2025-02-28T12:00,22.3,38.3,71.4,26.8
0,Mexico City,2025-02-28T13:00,20.6,37.7,82.9,29.1
0,Mexico City,2025-02-28T14:00,18.8,37.1,96.8,31.7
0,Mexico City,2025-02-28T15:00,17.9,36.7,105.2,33.4
0,Mexico City,2025-02-28T16:00,18.4,36.6,99.1,32.6
0,Mexico City,2025-02-28T17:00,18.2,36.5,99.9,32.8
0,Mexico City,2025-02-28T18:00,16.6,35.7,115,36
0,Mexico City,2025-02-28T19:00,16.3,35.4,117,36.7
0,Mexico City,2025-02-28T20:00,18.8,35.7,89.7,31.8
0,Mexico City,2025-02-28T21:00,22.7,36.3,59.5,26.3
0,Mexico City,2025-02-28T22:00,27.1,36.9,36.2,22.1
0,Mexico City,2025-02-28T23:00,30.3,37.5,23.9,19.7
0,Mexico City,2025-03-01T00:00,33.2,37.9,14,18
0,Mexico City,2025-03-01T01:00,33.9,38.3,13.2,17.6
0,Mexico City,2025-03-01T02:00,36.7,38.2,3.9,16.3
0,Mexico City,2025-03-01T03:00,38.1,38.2,0,15.7
0,Mexico City,2025-03-01T04:00,39.7,39.5,0,15
0,Mexico City,2025-03-01T05:00,39.2,40.9,4.2,15.2
0,Mexico City,2025-03-01T06:00,37.4,41.9,11.8,16
0,Mexico City,2025-03-01T07:00,34.9,41.6,19,17.1
0,Mexico City,2025-03-01T08:00,30.6,40.5,32.3,19.5
0,Mexico City,2025-03-01T09:00,27.8,39.8,43.3,21.5
0,Mexico City,2025-03-01T10:00,26,39.3,50.8,23
0,Mexico City,2025-03-01T11:00,25.3,39.1,54.6,23.6
0,Mexico City,2025-03-01T12:00,23.9,38.7,61.6,25
0,Mexico City,2025-03-01T13:00,22,38,72.4,27.1
0,Mexico City,2025-03-01T14:00,20.6,37.4,80.9,28.9
0,Mexico City,2025-03-01T15:00,21,37.2,77.2,28.5
0,Mexico City,2025-03-01T16:00,23,37.1,61.2,26
0,Mexico City,2025-03-01T17:00,25.3,37.3,47.3,23.6
0,Mexico City,2025-03-01T18:00,25.7,37.7,46.4,23.3
0,Mexico City,2025-03-01T19:00,25,37.5,50.1,23.9
0,Mexico City,2025-03-01T20:00,26.5,37.7,42.3,22.6
0,Mexico City,2025-03-01T21:00,28.9,37.7,30.6,20.7
0,Mexico City,2025-03-01T22:00,30.5,37.7,23.4,19.6
0,Mexico City,2025-03-01T23:00,32.1,37.9,18,18.6
0,Mexico City,2025-03-02T00:00,34.2,38.2,11.7,17.5
0,Mexico City,2025-03-02T01:00,35.5,37.6,5.8,16.8
0,Mexico City,2025-03-02T02:00,36.3,37.3,2.8,16.5
0,Mexico City,2025-03-02T03:00,38,38,0,15.7
0,Mexico City,2025-03-02T04:00,39.2,38.5,0,15.2
0,Mexico City,2025-03-02T05:00,39.8,40,0.4,15
0,Mexico City,2025-03-02T06:00,38.4,41,6.5,15.5
0,Mexico City,2025-03-02T07:00,36.9,40.5,9.9,16.2
0,Mexico City,2025-03-02T08:00,35.3,40.4,14.4,16.9
0,Mexico City,2025-03-02T09:00,33.5,40.3,20.2,17.8
0,Mexico City,2025-03-02T10:00,31.4,39.9,27.1,19.1
0,Mexico City,2025-03-02T11:00,30.4,39.8,31.1,19.7
0,Mexico City,2025-03-02T12:00,28.9,39.8,37.4,20.7
0,Mexico City,2025-03-02T13:00,27.4,39.3,43.6,21.8
0,Mexico City,2025-03-02T14:00,27.1,39.1,44.2,22
0,Mexico City,2025-03-02T15:00,28,39.1,39.5,21.4
0,Mexico City,2025-03-02T16:00,29.3,39.2,33.8,20.4
0,Mexico City,2025-03-02T17:00,28.6,39,36.2,20.9
0,Mexico City,2025-03-02T18:00,26.4,38.8,46.9,22.6
0,Mexico City,2025-03-02T19:00,27.1,38.7,42.7,22.1
0,Mexico City,2025-03-02T20:00,28.6,38.8,35.6,20.9
0,Mexico City,2025-03-02T21:00,30.6,39.1,27.8,19.5
0,Mexico City,2025-03-02T22:00,33.2,39.8,20,18
0,Mexico City,2025-03-02T23:00,35.7,39.8,11.5,16.7
0,Mexico City,2025-03-03T00:00,38,39,2.5,15.7
0,Mexico City,2025-03-03T01:00,37.9,38.2,1,15.8
0,Mexico City,2025-03-03T02:00,38.5,38.2,0,15.5
0,Mexico City,2025-03-03T03:00,41.6,40.3,0,14.4
0,Mexico City,2025-03-03T04:00,43.5,42.1,0,13.7
0,Mexico City,2025-03-03T05:00,34.8,41.3,18.6,17.2
0,Mexico City,2025-03-03T06:00,23.9,38.5,61,25
0,Mexico City,2025-03-03T07:00,18.9,36.4,92.2,31.6
0,Mexico City,2025-03-03T08:00,18.2,36.5,100.3,32.9
0,Mexico City,2025-03-03T09:00,21.3,37.5,76.1,28.1
0,Mexico City,2025-03-03T10:00,24.9,38.5,54.3,24
0,Mexico City,2025-03-03T11:00,25.9,38.5,48.5,23
0,Mexico City,2025-03-03T12:00,25.8,38.5,49,23.2
0,Mexico City,2025-03-03T13:00,24,37.9,57.7,24.9
0,Mexico City,2025-03-03T14:00,21.7,37.2,71.1,27.5
0,Mexico City,2025-03-03T15:00,21.5,37,71.3,27.7
0,Mexico City,2025-03-03T16:00,22.5,37,64.1,26.5
0,Mexico City,2025-03-03T17:00,22.2,37.1,67.2,26.9
0,Mexico City,2025-03-03T18:00,20.7,36.6,76.9,28.9
0,Mexico City,2025-03-03T19:00,20.9,36.2,73.1,28.6
0,Mexico City,2025-03-03T20:00,24.1,36.7,52,24.8
0,Mexico City,2025-03-03T21:00,28.1,37.2,32.5,21.3
0,Mexico City,2025-03-03T22:00,31.9,37.7,18.1,18.7
0,Mexico City,2025-03-03T23:00,35,37.8,8,17.1
0,Mexico City,2025-03-04T00:00,37.6,38.1,1.3,15.9
0,Mexico City,2025-03-04T01:00,38.5,38.2,0,15.5
0,Mexico City,2025-03-04T02:00,39.2,38.3,0,15.2
0,Mexico City,2025-03-04T03:00,41.4,40,0,14.4
0,Mexico City,2025-03-04T04:00,43.4,42.5,0,13.7
0,Mexico City,2025-03-04T05:00,34.8,41.1,18,17.2
0,Mexico City,2025-03-04T06:00,23.7,38.1,60.4,25.2
0,Mexico City,2025-03-04T07:00,18.4,36.2,96.8,32.5
0,Mexico City,2025-03-04T08:00,17.3,36,107.6,34.5
0,Mexico City,2025-03-04T09:00,20,37,84.6,29.9
0,Mexico City,2025-03-04T10:00,24,38.3,59.2,24.9
0,Mexico City,2025-03-04T11:00,25.8,38.4,48.6,23.1
0,Mexico City,2025-03-04T12:00,25.8,38.4,48.5,23.2
0,Mexico City,2025-03-04T13:00,23.9,37.7,57.6,25
0,Mexico City,2025-03-04T14:00,21.9,37,68.7,27.3
0,Mexico City,2025-03-04T15:00,22.4,36.9,64.7,26.7
0,Mexico City,2025-03-04T16:00,23.1,37.1,60.2,25.8
0,Mexico City,2025-03-04T17:00,22.2,37.3,67.3,26.9
0,Mexico City,2025-03-04T18:00,20,36.5,82.6,29.9
0,Mexico City,2025-03-04T19:00,19.8,36.1,82.2,30.2
0,Mexico City,2025-03-04T20:00,23,36.4,58.1,26
0,Mexico City,2025-03-04T21:00,26.8,36.8,37.4,22.3
0,Mexico City,2025-03-04T22:00,30.9,37.4,21.2,19.4
0,Mexico City,2025-03-04T23:00,34.3,37.5,9.2,17.4
0,Mexico City,2025-03-05T00:00,36.7,37.5,2.1,16.3
0,Mexico City,2025-03-05T01:00,37.3,37.2,0,16
0,Mexico City,2025-03-05T02:00,38.5,37.8,0,15.5
0,Mexico City,2025-03-05T03:00,41.5,40.3,0,14.4
0,Mexico City,2025-03-05T04:00,43.4,42.5,0,13.7
0,Mexico City,2025-03-05T05:00,34.9,40.9,17.1,17.1
0,Mexico City,2025-03-05T06:00,24.5,38.5,57.2,24.4
0,Mexico City,2025-03-05T07:00,18.9,36.4,92.3,31.6
0,Mexico City,2025-03-05T08:00,17.6,36.3,105.2,33.9
0,Mexico City,2025-03-05T09:00,20,37.2,85.4,29.8
0,Mexico City,2025-03-05T10:00,22.8,38,66.5,26.2
0,Mexico City,2025-03-05T11:00,23.7,38.1,60.3,25.2
0,Mexico City,2025-03-05T12:00,23.8,38.1,60.1,25.1
0,Mexico City,2025-03-05T13:00,22.2,37.4,67.9,26.9
0,Mexico City,2025-03-05T14:00,20.3,36.7,81,29.5
0,Mexico City,2025-03-05T15:00,20.5,36.6,78.1,29.1
0,Mexico City,2025-03-05T16:00,21.9,36.9,67.9,27.2
0,Mexico City,2025-03-05T17:00,21.3,36.9,73.3,28.1
0,Mexico City,2025-03-05T18:00,18.6,36,93.1,32.1
0,Mexico City,2025-03-05T19:00,18.5,35.6,92,32.3
0,Mexico City,2025-03-05T20:00,22.5,36.1,60.2,26.5
0,Mexico City,2025-03-05T21:00,26.8,36.7,36.6,22.3
0,Mexico City,2025-03-05T22:00,30.8,37.4,21.1,19.4
0,Mexico City,2025-03-05T23:00,34.3,37.6,9.5,17.4
0,Mexico City,2025-03-06T00:00,36.5,37.4,2.6,16.4
0,Mexico City,2025-03-06T01:00,37.1,37.2,0.1,16.1
0,Mexico City,2025-03-06T02:00,38,37.5,0,15.7
0,Mexico City,2025-03-06T03:00,41.3,40,0,14.5
0,Mexico City,2025-03-06T04:00,42.8,41.9,0,13.9
0,Mexico City,2025-03-06T05:00,35.3,41.2,16.5,16.9
0,Mexico City,2025-03-06T06:00,24.4,38.4,57.7,24.5
0,Mexico City,2025-03-06T07:00,19,36.5,91.3,31.4
0,Mexico City,2025-03-06T08:00,17.9,36.3,102.7,33.4
0,Mexico City,2025-03-06T09:00,20.1,37.1,84.1,29.7
0,Mexico City,2025-03-06T10:00,22.8,38.1,66.6,26.2
0,Mexico City,2025-03-06T11:00,24,38.3,59.6,24.9
0,Mexico City,2025-03-06T12:00,24.1,38.1,57.9,24.8
0,Mexico City,2025-03-06T13:00,22.4,37.7,67.6,26.6
0,Mexico City,2025-03-06T14:00,20.3,36.9,81.8,29.5
0,Mexico City,2025-03-06T15:00,20.3,36.8,80.9,29.4
0,Mexico City,2025-03-06T16:00,21.2,36.9,74,28.2
0,Mexico City,2025-03-06T17:00,20.4,36.9,80.1,29.2
0,Mexico City,2025-03-06T18:00,18.8,36.3,92.5,31.7
0,Mexico City,2025-03-06T19:00,18.5,35.7,93.1,32.3
0,Mexico City,2025-03-06T20:00,21.4,36,68.2,28
0,Mexico City,2025-03-06T21:00,25.5,36.3,42.6,23.5
0,Mexico City,2025-03-06T22:00,29.9,37.3,24.5,20
0,Mexico City,2025-03-06T23:00,33.1,37.8,14,18
0,Mexico City,2025-03-07T00:00,35.9,38,5.8,16.6
0,Mexico City,2025-03-07T01:00,37.1,37.5,0.9,16.1
0,Mexico City,2025-03-07T02:00,37.9,37.3,0,15.8
0,Mexico City,2025-03-07T03:00,40.3,39.1,0,14.8
0,Mexico City,2025-03-07T04:00,42.5,41.6,0,14.1
0,Mexico City,2025-03-07T05:00,35.7,41.1,14.9,16.7
0,Mexico City,2025-03-07T06:00,26.2,38.8,47.6,22.8
0,Mexico City,2025-03-07T07:00,21.8,37.1,70.3,27.4
0,Mexico City,2025-03-07T08:00,21.3,37.3,74.9,28.1
0,Mexico City,2025-03-07T09:00,22.9,37.8,64.8,26.1
0,Mexico City,2025-03-07T10:00,24.3,38.5,58.2,24.6
0,Mexico City,2025-03-07T11:00,23.8,38.3,60.9,25.1
0,Mexico City,2025-03-07T12:00,23.5,38.3,62.7,25.4
0,Mexico City,2025-03-07T13:00,21.5,37.7,74.7,27.7
0,Mexico City,2025-03-07T14:00,18.8,36.9,96.1,31.8
0,Mexico City,2025-03-07T15:00,17.8,36.4,103.5,33.5
0,Mexico City,2025-03-07T16:00,19.3,36.6,89.4,31
0,Mexico City,2025-03-07T17:00,20.4,36.7,80.1,29.3
0,Mexico City,2025-03-07T18:00,19.7,36.4,85.1,30.4
0,Mexico City,2025-03-07T19:00,19.2,36,87.2,31.2
0,Mexico City,2025-03-07T20:00,21.4,36.1,68.2,27.9
0,Mexico City,2025-03-07T21:00,24.5,36.5,48.9,24.4
0,Mexico City,2025-03-07T22:00,28,36.9,31.8,21.4
0,Mexico City,2025-03-07T23:00,31.1,37.5,20.5,19.2
0,Mexico City,2025-03-08T00:00,34,37.7,11,17.6
0,Mexico City,2025-03-08T01:00,35.5,37.5,5.4,16.8
0,Mexico City,2025-03-08T02:00,36.5,37.3,2.2,16.4
0,Mexico City,2025-03-08T03:00,38,38,0,15.7
0,Mexico City,2025-03-08T04:00,39.8,39.5,0,15
0,Mexico City,2025-03-08T05:00,39.2,40.8,4.1,15.3
0,Mexico City,2025-03-08T06:00,37.6,41.9,11.3,15.9
0,Mexico City,2025-03-08T07:00,34.5,41.4,19.9,17.3
0,Mexico City,2025-03-08T08:00,31,40.7,31.1,19.3
0,Mexico City,2025-03-08T09:00,28.5,40,40.3,21
0,Mexico City,2025-03-08T10:00,26.7,39.3,46.8,22.4
0,Mexico City,2025-03-08T11:00,26.2,39.1,49.1,22.8
0,Mexico City,2025-03-08T12:00,24.9,38.7,55.2,24
0,Mexico City,2025-03-08T13:00,23.2,38.1,64.3,25.8
0,Mexico City,2025-03-08T14:00,22.4,37.7,68.2,26.7
0,Mexico City,2025-03-08T15:00,23.6,37.4,58.8,25.4
0,Mexico City,2025-03-08T16:00,26.2,37.5,43,22.8
0,Mexico City,2025-03-08T17:00,28,37.9,35.3,21.3
0,Mexico City,2025-03-08T18:00,28.3,38.1,34.4,21.1
0,Mexico City,2025-03-08T19:00,27.3,37.9,38.7,21.9
0,Mexico City,2025-03-08T20:00,28.2,37.7,34,21.2
0,Mexico City,2025-03-08T21:00,29.6,37.6,27,20.2
0,Mexico City,2025-03-08T22:00,31,38,22.4,19.3
0,Mexico City,2025-03-08T23:00,32.7,37.8,15.4,18.2
0,Mexico City,2025-03-09T00:00,34.6,37.7,8.7,17.2
0,Mexico City,2025-03-09T01:00,35.6,37.6,5.5,16.8
0,Mexico City,2025-03-09T02:00,36.7,37.6,2.5,16.3
0,Mexico City,2025-03-09T03:00,38.1,38.1,0,15.7
0,Mexico City,2025-03-09T04:00,39.2,38.9,0,15.2
0,Mexico City,2025-03-09T05:00,39.4,40.2,1.8,15.2
0,Mexico City,2025-03-09T06:00,39,41.1,5.4,15.3
0,Mexico City,2025-03-09T07:00,37.8,41.1,8.6,15.8
0,Mexico City,2025-03-09T08:00,35.1,40.8,16,17
0,Mexico City,2025-03-09T09:00,32.7,40.4,23.4,18.3
0,Mexico City,2025-03-09T10:00,30.7,39.8,29.4,19.4
0,Mexico City,2025-03-09T11:00,29.9,39.5,32.3,20
0,Mexico City,2025-03-09T12:00,28.9,39.4,36,20.6
0,Mexico City,2025-03-09T13:00,27.3,39.3,43.7,21.9
0,Mexico City,2025-03-09T14:00,26.3,39,48.1,22.7
0,Mexico City,2025-03-09T15:00,27.4,38.8,41.2,21.8
0,Mexico City,2025-03-09T16:00,29.3,38.8,32.1,20.4
0,Mexico City,2025-03-09T17:00,29.9,38.9,30.2,20
0,Mexico City,2025-03-09T18:00,29.1,38.8,33.4,20.6
0,Mexico City,2025-03-09T19:00,27.6,38.5,39.5,21.7
0,Mexico City,2025-03-09T20:00,28.4,38.6,35.8,21
0,Mexico City,2025-03-09T21:00,30.4,38.8,27.9,19.7
0,Mexico City,2025-03-09T22:00,33.2,39.2,17.9,18
0,Mexico City,2025-03-09T23:00,35.7,38.7,8.5,16.7
0,Mexico City,2025-03-10T00:00,37.6,38.5,2.5,15.9
0,Mexico City,2025-03-10T01:00,37.5,38,1.4,15.9
0,Mexico City,2025-03-10T02:00,38.2,38.1,0,15.6
0,Mexico City,2025-03-10T03:00,42.1,40.7,0,14.2
0,Mexico City,2025-03-10T04:00,43.8,42.8,0,13.6
0,Mexico City,2025-03-10T05:00,35,41.7,19.2,17.1
0,Mexico City,2025-03-10T06:00,24.2,38.6,59.4,24.7
0,Mexico City,2025-03-10T07:00,19.1,36.6,90.7,31.2
0,Mexico City,2025-03-10T08:00,18.5,36.5,97.3,32.3
0,Mexico City,2025-03-10T09:00,21.6,37.7,74.4,27.7
0,Mexico City,2025-03-10T10:00,24.9,38.6,54.7,24
0,Mexico City,2025-03-10T11:00,25.9,38.6,49,23.1
0,Mexico City,2025-03-10T12:00,25.9,38.5,48.4,23.1
0,Mexico City,2025-03-10T13:00,24.1,37.9,56.9,24.7
0,Mexico City,2025-03-10T14:00,21.6,37,71.4,27.7
0,Mexico City,2025-03-10T15:00,21.5,37,71.6,27.8
0,Mexico City,2025-03-10T16:00,23,37.1,61.4,26
0,Mexico City,2025-03-10T17:00,22.7,37.4,64.6,26.4
0,Mexico City,2025-03-10T18:00,20.4,36.5,78.3,29.3
0,Mexico City,2025-03-10T19:00,20.3,36,77.1,29.5
0,Mexico City,2025-03-10T20:00,23.5,36.4,55.2,25.5
0,Mexico City,2025-03-10T21:00,27.7,37,33.6,21.6
0,Mexico City,2025-03-10T22:00,31.9,37.6,17.8,18.7
0,Mexico City,2025-03-10T23:00,35.1,37.7,7.4,17
0,Mexico City,2025-03-11T00:00,37,37.7,1.9,16.1
0,Mexico City,2025-03-11T01:00,37.3,37.4,0,16
0,Mexico City,2025-03-11T02:00,39.3,38.6,0,15.2
0,Mexico City,2025-03-11T03:00,41.5,40.4,0,14.4
0,Mexico City,2025-03-11T04:00,43.4,42.5,0,13.8
0,Mexico City,2025-03-11T05:00,35.1,41,16.8,17
0,Mexico City,2025-03-11T06:00,24.2,38.3,58.2,24.7
0,Mexico City,2025-03-11T07:00,18.5,36.2,95.6,32.3
0,Mexico City,2025-03-11T08:00,17,36,111.6,35.2
0,Mexico City,2025-03-11T09:00,18.7,36.6,95.6,32
0,Mexico City,2025-03-11T10:00,21.2,37.6,77,28.2
0,Mexico City,2025-03-11T11:00,23.3,38,63,25.7
0,Mexico City,2025-03-11T12:00,23.5,38,61.9,25.5
0,Mexico City,2025-03-11T13:00,22.1,37.5,69.4,27
0,Mexico City,2025-03-11T14:00,20.4,36.9,80,29.2
0,Mexico City,2025-03-11T15:00,20.6,36.5,77,29
0,Mexico City,2025-03-11T16:00,22,36.8,67.4,27.2
0,Mexico City,2025-03-11T17:00,21,37,75.9,28.4
0,Mexico City,2025-03-11T18:00,19,36.2,90.6,31.5
0,Mexico City,2025-03-11T19:00,19.3,35.8,85.2,30.9
0,Mexico City,2025-03-11T20:00,22.8,36.4,59,26.2
0,Mexico City,2025-03-11T21:00,26.3,36.8,39.8,22.7
0,Mexico City,2025-03-11T22:00,30.5,37.5,23,19.6
0,Mexico City,2025-03-11T23:00,34.2,37.5,9.6,17.5
0,Mexico City,2025-03-12T00:00,36.8,37.7,2.4,16.2
0,Mexico City,2025-03-12T01:00,37.2,37.3,0.3,16
0,Mexico City,2025-03-12T02:00,38.1,37.7,0,15.7
0,Mexico City,2025-03-12T03:00,41.5,40.4,0,14.4
0,Mexico City,2025-03-12T04:00,43.4,42.2,0,13.8
0,Mexico City,2025-03-12T05:00,35.3,41,16.1,16.9
0,Mexico City,2025-03-12T06:00,24.2,38.3,57.7,24.6
0,Mexico City,2025-03-12T07:00,18.9,36.4,91.9,31.5
0,Mexico City,2025-03-12T08:00,17.7,36.2,104.8,33.8
0,Mexico City,2025-03-12T09:00,20.1,37.2,85.3,29.8
0,Mexico City,2025-03-12T10:00,22.7,37.8,66.3,26.3
0,Mexico City,2025-03-12T11:00,24,38.1,58.3,24.9
0,Mexico City,2025-03-12T12:00,24.1,38.1,58.3,24.8
0,Mexico City,2025-03-12T13:00,22.3,37.5,68.1,26.8
0,Mexico City,2025-03-12T14:00,20.2,36.7,81.2,29.5
0,Mexico City,2025-03-12T15:00,20.7,36.7,77.5,28.9
0,Mexico City,2025-03-12T16:00,22.1,37,66.8,27
0,Mexico City,2025-03-12T17:00,21.1,37.1,75.3,28.3
0,Mexico City,2025-03-12T18:00,18.9,36.3,91.9,31.6
0,Mexico City,2025-03-12T19:00,18.4,35.8,94.2,32.5
0,Mexico City,2025-03-12T20:00,21.5,36.1,67.9,27.8
0,Mexico City,2025-03-12T21:00,26,36.6,40.5,23
0,Mexico City,2025-03-12T22:00,30.5,37.4,22.5,19.6
0,Mexico City,2025-03-12T23:00,33.4,38.2,14.3,17.9
0,Mexico City,2025-03-13T00:00,36,37.7,4.8,16.6
0,Mexico City,2025-03-13T01:00,37.8,37.8,0,15.8
0,Mexico City,2025-03-13T02:00,39.1,38.6,0,15.3
0,Mexico City,2025-03-13T03:00,41.4,40.4,0,14.4
0,Mexico City,2025-03-13T04:00,43.2,42.4,0,13.8
0,Mexico City,2025-03-13T05:00,35.2,41,16.5,17
0,Mexico City,2025-03-13T06:00,24.6,38.5,56,24.3
0,Mexico City,2025-03-13T07:00,19.1,36.5,91.1,31.3
0,Mexico City,2025-03-13T08:00,17.8,36.3,103.5,33.5
0,Mexico City,2025-03-13T09:00,19.9,37.2,86.3,30
0,Mexico City,2025-03-13T10:00,22.4,38,69.4,26.6
0,Mexico City,2025-03-13T11:00,23.5,38.4,62.8,25.4
0,Mexico City,2025-03-13T12:00,23.4,38.2,63,25.5
0,Mexico City,2025-03-13T13:00,21.7,37.6,73.3,27.6
0,Mexico City,2025-03-13T14:00,19.7,36.9,87,30.4
0,Mexico City,2025-03-13T15:00,19.6,36.5,85.9,30.5
0,Mexico City,2025-03-13T16:00,20.9,36.8,75.7,28.6
0,Mexico City,2025-03-13T17:00,20.7,36.9,78.2,28.9
0,Mexico City,2025-03-13T18:00,18.8,36.2,92.4,31.8
0,Mexico City,2025-03-13T19:00,18.3,35.7,94.9,32.7
0,Mexico City,2025-03-13T20:00,21.1,36.1,70.5,28.3
0,Mexico City,2025-03-13T21:00,24.8,36.4,46.8,24.1
0,Mexico City,2025-03-13T22:00,28.8,37.2,29.1,20.7
0,Mexico City,2025-03-13T23:00,33.1,37.7,13.9,18
0,Mexico City,2025-03-14T00:00,35.4,37.6,6.3,16.9
0,Mexico City,2025-03-14T01:00,37.1,37.6,1.3,16.1
0,Mexico City,2025-03-14T02:00,37.8,37.5,0,15.8
0,Mexico City,2025-03-14T03:00,40.7,39.5,0,14.7
0,Mexico City,2025-03-14T04:00,43,41.9,0,13.9
0,Mexico City,2025-03-14T05:00,35.9,41.6,15.8,16.6
0,Mexico City,2025-03-14T06:00,26.2,39.2,49.6,22.8
0,Mexico City,2025-03-14T07:00,21.4,37.4,74.5,27.9
0,Mexico City,2025-03-14T08:00,20.8,37.4,79.4,28.7
0,Mexico City,2025-03-14T09:00,22.7,37.9,67,26.3
0,Mexico City,2025-03-14T10:00,24.1,38.4,59.4,24.8
0,Mexico City,2025-03-14T11:00,24.4,38.6,58.3,24.5
0,Mexico City,2025-03-14T12:00,23.4,38.5,64.4,25.5
0,Mexico City,2025-03-14T13:00,21.4,38.3,78.8,27.9
0,Mexico City,2025-03-14T14:00,18.6,37.3,100.3,32.2
0,Mexico City,2025-03-14T15:00,17.9,37,105.6,33.3
0,Mexico City,2025-03-14T16:00,18.9,37,95.3,31.6
0,Mexico City,2025-03-14T17:00,19.8,37.2,87.5,30.1
0,Mexico City,2025-03-14T18:00,19.2,36.6,90.8,31.2
0,Mexico City,2025-03-14T19:00,18.5,36,94.4,32.3
0,Mexico City,2025-03-14T20:00,20.1,36.1,79.1,29.7
0,Mexico City,2025-03-14T21:00,22.4,36.4,62.7,26.7
0,Mexico City,2025-03-14T22:00,26.2,37,41.2,22.8
0,Mexico City,2025-03-14T23:00,30.4,37.7,23.7,19.6
0,Mexico City,2025-03-15T00:00,33.3,37.8,13.3,17.9
0,Mexico City,2025-03-15T01:00,35.2,37.9,7.6,17
0,Mexico City,2025-03-15T02:00,36.7,37.8,3,16.3
0,Mexico City,2025-03-15T03:00,38,38.3,0.7,15.7
0,Mexico City,2025-03-15T04:00,40.3,40.3,0,14.8
0,Mexico City,2025-03-15T05:00,40.2,42.2,4.7,14.8
0,Mexico City,2025-03-15T06:00,38,43.2,13.7,15.7
0,Mexico City,2025-03-15T07:00,34,42.5,25,17.6
0,Mexico City,2025-03-15T08:00,29.7,41.4,39,20.1
0,Mexico City,2025-03-15T09:00,26.7,40.1,50.2,22.4
0,Mexico City,2025-03-15T10:00,25.1,39.4,56.8,23.8
0,Mexico City,2025-03-15T11:00,23.9,39,62.7,25
0,Mexico City,2025-03-15T12:00,22.9,38.7,68.7,26.1
0,Mexico City,2025-03-15T13:00,21.5,38.1,76.5,27.7
0,Mexico City,2025-03-15T14:00,20.5,37.5,82.9,29.1
0,Mexico City,2025-03-15T15:00,21,37.1,76.3,28.5
0,Mexico City,2025-03-15T16:00,23.4,37.4,59.7,25.6
0,Mexico City,2025-03-15T17:00,25.6,37.9,48,23.4
0,Mexico City,2025-03-15T18:00,26.6,38.2,43.5,22.5
0,Mexico City,2025-03-15T19:00,26.1,38,45.6,22.9
0,Mexico City,2025-03-15T20:00,27.5,38,37.7,21.7
0,Mexico City,2025-03-15T21:00,29.1,37.9,30,20.5
0,Mexico City,2025-03-15T22:00,30.6,37.7,23.1,19.5
0,Mexico City,2025-03-15T23:00,32.6,38.1,17,18.3
0,Mexico City,2025-03-16T00:00,34.7,38.7,11.5,17.2
0,Mexico City,2025-03-16T01:00,35.4,38.2,7.9,16.9
0,Mexico City,2025-03-16T02:00,35,38.4,9.5,17.1
0,Mexico City,2025-03-16T03:00,37.3,38.3,2.7,16
0,Mexico City,2025-03-16T04:00,39.1,38.6,0,15.3
0,Mexico City,2025-03-16T05:00,39.7,40.1,0.8,15
0,Mexico City,2025-03-16T06:00,39,41.6,6.6,15.3
0,Mexico City,2025-03-16T07:00,38.5,41.7,8.3,15.5
0,Mexico City,2025-03-16T08:00,36.2,41.6,14.7,16.5
0,Mexico City,2025-03-16T09:00,34.3,41.3,20.6,17.4
0,Mexico City,2025-03-16T10:00,32.1,40.7,26.9,18.6
0,Mexico City,2025-03-16T11:00,30.5,40.2,32,19.6
0,Mexico City,2025-03-16T12:00,29.1,39.9,37,20.5
0,Mexico City,2025-03-16T13:00,27.6,39.5,42.8,21.6
0,Mexico City,2025-03-16T14:00,26.9,39,44.5,22.2
0,Mexico City,2025-03-16T15:00,28.1,38.6,37.6,21.3
0,Mexico City,2025-03-16T16:00,29.1,38.7,32.6,20.5
0,Mexico City,2025-03-16T17:00,29.7,38.8,30.3,20.1
0,Mexico City,2025-03-16T18:00,30.1,38.9,29.4,19.9
0,Mexico City,2025-03-16T19:00,28.6,38.7,35,20.9
0,Mexico City,2025-03-16T20:00,29,38.8,33.8,20.6
0,Mexico City,2025-03-16T21:00,30.3,38.8,28.1,19.7
0,Mexico City,2025-03-16T22:00,32.3,38.6,19.5,18.5
0,Mexico City,2025-03-16T23:00,34.8,38.7,10.9,17.2
0,Mexico City,2025-03-17T00:00,36.8,38.8,5.4,16.2
0,Mexico City,2025-03-17T01:00,37.3,39,4.4,16
0,Mexico City,2025-03-17T02:00,38,39.3,3.4,15.7
0,Mexico City,2025-03-17T03:00,40,39.3,0,14.9
0,Mexico City,2025-03-17T04:00,42.1,40.6,0,14.2
0,Mexico City,2025-03-17T05:00,41.4,41.5,0.3,14.4
0,Mexico City,2025-03-17T06:00,39.3,41.5,5.5,15.2
0,Mexico City,2025-03-17T07:00,38.1,41,7.4,15.7
0,Mexico City,2025-03-17T08:00,37.1,40.9,10.1,16.1
0,Mexico City,2025-03-17T09:00,36.2,41.1,13.4,16.5
0,Mexico City,2025-03-17T10:00,35,41,17.1,17.1
0,Mexico City,2025-03-17T11:00,33.6,40.9,21.9,17.8
0,Mexico City,2025-03-17T12:00,32.1,40.7,26.6,18.6
0,Mexico City,2025-03-17T13:00,30.8,40.2,30.5,19.4
0,Mexico City,2025-03-17T14:00,30.4,39.9,31.3,19.7
0,Mexico City,2025-03-17T15:00,30.7,39.6,28.8,19.4
0,Mexico City,2025-03-17T16:00,31.3,39.5,26.1,19.1
0,Mexico City,2025-03-17T17:00,31.6,39.6,25.4,18.9
0,Mexico City,2025-03-17T18:00,30.9,39.5,27.7,19.3
0,Mexico City,2025-03-17T19:00,29.7,39.1,31.5,20.1
0,Mexico City,2025-03-17T20:00,31,39.3,26.7,19.3
0,Mexico City,2025-03-17T21:00,32.5,39.6,21.7,18.4
0,Mexico City,2025-03-17T22:00,35.4,40.2,13.5,16.9
0,Mexico City,2025-03-17T23:00,38.5,41,6.5,15.5
0,Mexico City,2025-03-18T00:00,41.7,42.6,2.2,14.3
0,Mexico City,2025-03-18T01:00,41.3,40.9,0,14.5
0,Mexico City,2025-03-18T02:00,40.4,39.5,0,14.8
0,Mexico City,2025-03-18T03:00,42.8,41.2,0,14
0,Mexico City,2025-03-18T04:00,43.9,42.9,0,13.6
0,Mexico City,2025-03-18T05:00,35.1,41.9,19.3,17
0,Mexico City,2025-03-18T06:00,24.1,38.6,59.9,24.8
0,Mexico City,2025-03-18T07:00,18.7,36.6,95.2,31.9
0,Mexico City,2025-03-18T08:00,17.5,36.5,108.5,34.2
0,Mexico City,2025-03-18T09:00,19.4,37.4,92.7,30.9
0,Mexico City,2025-03-18T10:00,22.3,38.4,72.2,26.8
0,Mexico City,2025-03-18T11:00,23.8,38.7,62,25.1
0,Mexico City,2025-03-18T12:00,24.1,38.5,59.6,24.8
0,Mexico City,2025-03-18T13:00,22.6,37.9,67.4,26.4
0,Mexico City,2025-03-18T14:00,20.9,37.2,77.5,28.6
0,Mexico City,2025-03-18T15:00,21,36.8,74.9,28.4
0,Mexico City,2025-03-18T16:00,22.2,37,66.2,26.9
0,Mexico City,2025-03-18T17:00,21.7,37.2,71.2,27.5
0,Mexico City,2025-03-18T18:00,19.7,36.5,85.5,30.4
0,Mexico City,2025-03-18T19:00,19.6,35.9,83.3,30.5
0,Mexico City,2025-03-18T20:00,23.3,36.6,57.1,25.7
0,Mexico City,2025-03-18T21:00,27.3,37,35.5,21.9
0,Mexico City,2025-03-18T22:00,31.7,37.8,19.1,18.8
0,Mexico City,2025-03-18T23:00,35.2,38.2,8.6,17
0,Mexico City,2025-03-19T00:00,37,38,2.6,16.2
0,Mexico City,2025-03-19T01:00,37.6,37.7,0.4,15.9
0,Mexico City,2025-03-19T02:00,38.6,38.1,0,15.5
0,Mexico City,2025-03-19T03:00,41.8,40.4,0,14.3
0,Mexico City,2025-03-19T04:00,44.5,43,0,13.4
0,Mexico City,2025-03-19T05:00,36,41.3,14.5,16.6
0,Mexico City,2025-03-19T06:00,26.3,38.9,47.5,22.7
0,Mexico City,2025-03-19T07:00,21.5,37.3,73.1,27.8
0,Mexico City,2025-03-19T08:00,20.8,37.1,78.5,28.8
0,Mexico City,2025-03-19T09:00,24.2,38,56.8,24.7
0,Mexico City,2025-03-19T10:00,26.3,38.4,45.9,22.7
0,Mexico City,2025-03-19T11:00,26.7,38.6,44.4,22.4
0,Mexico City,2025-03-19T12:00,26.7,38.4,44,22.4
0,Mexico City,2025-03-19T13:00,25.3,37.8,49.1,23.6
0,Mexico City,2025-03-19T14:00,23.6,37.2,57.9,25.4
0,Mexico City,2025-03-19T15:00,24,37.2,54.8,24.9
0,Mexico City,2025-03-19T16:00,25.6,37.6,46.5,23.3
0,Mexico City,2025-03-19T17:00,25.3,38,50.4,23.7
0,Mexico City,2025-03-19T18:00,22.7,37.3,63.9,26.3
0,Mexico City,2025-03-19T19:00,21.8,36.5,67.3,27.4
0,Mexico City,2025-03-19T20:00,24.8,36.6,47.5,24.1
0,Mexico City,2025-03-19T21:00,28.6,37.1,29.6,20.9
0,Mexico City,2025-03-19T22:00,31.9,37.5,17.8,18.8
0,Mexico City,2025-03-19T23:00,34.3,37.7,9.7,17.4
0,Mexico City,2025-03-20T00:00,34.4,38,10.4,17.4
0,Mexico City,2025-03-20T01:00,34.7,39.5,14,17.2
0,Mexico City,2025-03-20T02:00,38.7,38.4,0,15.5
0,Mexico City,2025-03-20T03:00,40.6,39.6,0,14.7
0,Mexico City,2025-03-20T04:00,42.8,41.9,0,14
0,Mexico City,2025-03-20T05:00,35.2,41,16.5,17
0,Mexico City,2025-03-20T06:00,24.7,38.4,55.5,24.2
0,Mexico City,2025-03-20T07:00,19.5,36.7,87.7,30.6
0,Mexico City,2025-03-20T08:00,18.2,36.4,99.1,32.7
0,Mexico City,2025-03-20T09:00,19.9,37,85.7,30
0,Mexico City,2025-03-20T10:00,21.7,37.6,73.3,27.6
0,Mexico City,2025-03-20T11:00,22.6,37.8,67.4,26.5
0,Mexico City,2025-03-20T12:00,22.9,37.9,65.2,26
0,Mexico City,2025-03-20T13:00,21.4,37.4,74.2,27.9
0,Mexico City,2025-03-20T14:00,19.3,36.7,90.1,31
0,Mexico City,2025-03-20T15:00,19.3,36.6,89.3,30.9
0,Mexico City,2025-03-20T16:00,20.6,36.7,77.6,29
0,Mexico City,2025-03-20T17:00,20.3,36.9,81.5,29.4
0,Mexico City,2025-03-20T18:00,18.1,36,98.5,33
0,Mexico City,2025-03-20T19:00,17.7,35.5,100.6,33.8
0,Mexico City,2025-03-20T20:00,20.5,35.8,74.6,29.2
0,Mexico City,2025-03-20T21:00,25,36.6,46.2,23.9
0,Mexico City,2025-03-20T22:00,29.6,37.4,26.2,20.2
0,Mexico City,2025-03-20T23:00,33.6,37.8,12.4,17.8
0,Mexico City,2025-03-21T00:00,36,37.7,4.6,16.6
0,Mexico City,2025-03-21T01:00,37.1,37.4,0.6,16.1
0,Mexico City,2025-03-21T02:00,38.1,37.6,0,15.7
0,Mexico City,2025-03-21T03:00,40.2,38.8,0,14.8
0,Mexico City,2025-03-21T04:00,42.4,41.4,0,14.1
0,Mexico City,2025-03-21T05:00,35.9,41.2,14.6,16.6
0,Mexico City,2025-03-21T06:00,27.2,39.1,44,22
0,Mexico City,2025-03-21T07:00,23.2,37.9,63.3,25.8
0,Mexico City,2025-03-21T08:00,21.9,37.6,71.8,27.3
0,Mexico City,2025-03-21T09:00,23.2,38,63.6,25.7
0,Mexico City,2025-03-21T10:00,24.1,38.4,59,24.8
0,Mexico City,2025-03-21T11:00,23.6,38.5,63.4,25.4
0,Mexico City,2025-03-21T12:00,22.7,38.3,68.3,26.3
0,Mexico City,2025-03-21T13:00,21.5,38,76.5,27.8
0,Mexico City,2025-03-21T14:00,19.3,37.1,92.1,31
0,Mexico City,2025-03-21T15:00,18.1,36.7,101.7,32.9
0,Mexico City,2025-03-21T16:00,18.6,36.7,96.5,32.1
0,Mexico City,2025-03-21T17:00,19.2,36.8,91.1,31.1
0,Mexico City,2025-03-21T18:00,17.4,36,105.9,34.2
0,Mexico City,2025-03-21T19:00,16.6,35.5,113.3,36
0,Mexico City,2025-03-21T20:00,18.9,35.8,89.3,31.6
0,Mexico City,2025-03-21T21:00,22.7,36.2,59.5,26.3
0,Mexico City,2025-03-21T22:00,27,37,36.6,22.1
0,Mexico City,2025-03-21T23:00,31,37.6,21.2,19.3
0,Mexico City,2025-03-22T00:00,33.2,38.3,15.2,18
0,Mexico City,2025-03-22T01:00,33.6,39.4,17.1,17.8
0,Mexico City,2025-03-22T02:00,35,38.5,10,17.1
0,Mexico City,2025-03-22T03:00,37.6,38.3,1.8,15.9
0,Mexico City,2025-03-22T04:00,39.6,39.5,0,15.1
0,Mexico City,2025-03-22T05:00,39.4,40.9,3.7,15.2
0,Mexico City,2025-03-22T06:00,37.8,42,11.1,15.8
0,Mexico City,2025-03-22T07:00,34.6,41.5,19.9,17.3
0,Mexico City,2025-03-22T08:00,31.1,40.6,30.4,19.2
0,Mexico City,2025-03-22T09:00,28.5,39.8,39.3,21
0,Mexico City,2025-03-22T10:00,26.9,39.3,46,22.2
0,Mexico City,2025-03-22T11:00,26,39.1,50.5,23
0,Mexico City,2025-03-22T12:00,24.7,38.8,56.7,24.2
0,Mexico City,2025-03-22T13:00,22.3,38.1,70.5,26.8
0,Mexico City,2025-03-22T14:00,20.5,37.5,82.2,29.1
0,Mexico City,2025-03-22T15:00,20.6,37.2,79.9,28.9
0,Mexico City,2025-03-22T16:00,22.9,37.2,62.2,26.1
0,Mexico City,2025-03-22T17:00,26.1,37.8,44.6,22.9
0,Mexico City,2025-03-22T18:00,27.2,38.2,40.2,22
0,Mexico City,2025-03-22T19:00,25.4,38.1,49.9,23.5
0,Mexico City,2025-03-22T20:00,25.7,37.8,47,23.3
0,Mexico City,2025-03-22T21:00,28.4,37.7,32.7,21
0,Mexico City,2025-03-22T22:00,30.4,37.8,24.5,19.7
0,Mexico City,2025-03-22T23:00,31.9,38.1,19.4,18.7
0,Mexico City,2025-03-23T00:00,34.2,38.9,13.8,17.5
0,Mexico City,2025-03-23T01:00,35.8,38.7,8,16.7
0,Mexico City,2025-03-23T02:00,36.7,37.9,3.1,16.3
0,Mexico City,2025-03-23T03:00,37.6,37.8,0.5,15.9
0,Mexico City,2025-03-23T04:00,39.3,38.8,0,15.2
0,Mexico City,2025-03-23T05:00,39.7,40.1,1,15
0,Mexico City,2025-03-23T06:00,39.2,41.1,4.6,15.2
0,Mexico City,2025-03-23T07:00,38.6,41.3,7,15.5
0,Mexico City,2025-03-23T08:00,36.4,40.9,12.3,16.4
0,Mexico City,2025-03-23T09:00,34.2,40.5,18.4,17.5
0,Mexico City,2025-03-23T10:00,32.3,39.9,23.5,18.5
0,Mexico City,2025-03-23T11:00,30.9,39.6,28.2,19.4
0,Mexico City,2025-03-23T12:00,29.9,39.7,32.7,20
0,Mexico City,2025-03-23T13:00,28.5,39.4,38.4,21
0,Mexico City,2025-03-23T14:00,27.5,39.3,42.7,21.7
0,Mexico City,2025-03-23T15:00,28,39,39.1,21.3
0,Mexico City,2025-03-23T16:00,28.5,38.8,35.9,20.9
0,Mexico City,2025-03-23T17:00,28.6,39.1,36.5,20.9
0,Mexico City,2025-03-23T18:00,28.1,39.1,39.2,21.3
0,Mexico City,2025-03-23T19:00,27.2,38.7,42.1,22
0,Mexico City,2025-03-23T20:00,29.6,38.8,31.2,20.2
0,Mexico City,2025-03-23T21:00,31.8,38.7,21.8,18.8
0,Mexico City,2025-03-23T22:00,33,38.8,17.4,18.1
0,Mexico City,2025-03-23T23:00,33.9,39.3,15.8,17.6
0,Mexico City,2025-03-24T00:00,35.1,40.1,14.1,17
0,Mexico City,2025-03-24T01:00,38.2,39,2,15.6
0,Mexico City,2025-03-24T02:00,38.5,38.3,0,15.5
0,Mexico City,2025-03-24T03:00,42.3,40.9,0,14.1
0,Mexico City,2025-03-24T04:00,43.4,42.8,0,13.8
0,Mexico City,2025-03-24T05:00,35.1,41.8,18.9,17
0,Mexico City,2025-03-24T06:00,24.8,38.7,55.8,24.1
0,Mexico City,2025-03-24T07:00,19.7,36.7,85.9,30.3
0,Mexico City,2025-03-24T08:00,19.1,36.8,92.1,31.2
0,Mexico City,2025-03-24T09:00,21.9,37.7,71.7,27.3
0,Mexico City,2025-03-24T10:00,24.8,38.5,55.2,24.1
0,Mexico City,2025-03-24T11:00,25.7,38.6,50,23.3
0,Mexico City,2025-03-24T12:00,25.8,38.6,49.8,23.2
0,Mexico City,2025-03-24T13:00,24,38.1,58.4,24.9
0,Mexico City,2025-03-24T14:00,22,37.3,69.5,27.2
0,Mexico City,2025-03-24T15:00,22,37,68.4,27.2
0,Mexico City,2025-03-24T16:00,23.2,37.3,60.5,25.7
0,Mexico City,2025-03-24T17:00,22.8,37.3,63.5,26.2
0,Mexico City,2025-03-24T18:00,21,36.8,74.8,28.4
0,Mexico City,2025-03-24T19:00,21.1,36.3,72.3,28.4
0,Mexico City,2025-03-24T20:00,24.4,36.6,49.9,24.5
0,Mexico City,2025-03-24T21:00,28.6,37.2,30.3,20.9
0,Mexico City,2025-03-24T22:00,32,37.6,17.3,18.7
0,Mexico City,2025-03-24T23:00,35,37.8,8,17.1
0,Mexico City,2025-03-25T00:00,37.2,37.8,1.6,16.1
0,Mexico City,2025-03-25T01:00,37.8,37.7,0,15.8
0,Mexico City,2025-03-25T02:00,39.1,38.6,0,15.3
0,Mexico City,2025-03-25T03:00,42.4,41,0,14.1
0,Mexico City,2025-03-25T04:00,43.7,42.5,0,13.7
0,Mexico City,2025-03-25T05:00,35,41.1,17.1,17.1
0,Mexico City,2025-03-25T06:00,24.6,38.4,56,24.3
0,Mexico City,2025-03-25T07:00,19.1,36.5,90.7,31.2
0,Mexico City,2025-03-25T08:00,18,36.3,101.4,33.2
0,Mexico City,2025-03-25T09:00,20.1,37.2,84.9,29.7
0,Mexico City,2025-03-25T10:00,23.1,38,64.4,25.9
0,Mexico City,2025-03-25T11:00,24.2,38.2,57.4,24.6
0,Mexico City,2025-03-25T12:00,24.5,38.3,56,24.4
0,Mexico City,2025-03-25T13:00,22.9,37.8,64.7,26.1
0,Mexico City,2025-03-25T14:00,20.6,36.9,79,29
0,Mexico City,2025-03-25T15:00,20.8,36.8,76.4,28.7
0,Mexico City,2025-03-25T16:00,21.9,37.2,69.4,27.3
0,Mexico City,2025-03-25T17:00,20.9,37.3,78.4,28.6
0,Mexico City,2025-03-25T18:00,17.8,36.2,102.9,33.6
0,Mexico City,2025-03-25T19:00,16.7,35.5,112.1,35.8
0,Mexico City,2025-03-25T20:00,18.3,35.4,93,32.6
0,Mexico City,2025-03-25T21:00,21.3,35.8,68.1,28.1
0,Mexico City,2025-03-25T22:00,25.7,36.7,42.7,23.3
0,Mexico City,2025-03-25T23:00,31.4,37.7,19.9,19
0,Mexico City,2025-03-26T00:00,34.1,37.9,10.9,17.5
0,Mexico City,2025-03-26T01:00,34.6,40.4,16.6,17.3
0,Mexico City,2025-03-26T02:00,39.1,40.2,2.7,15.3
0,Mexico City,2025-03-26T03:00,40.6,40,0,14.7
0,Mexico City,2025-03-26T04:00,42.8,42.1,0,13.9
0,Mexico City,2025-03-26T05:00,35,41.1,17.4,17.1
0,Mexico City,2025-03-26T06:00,24.8,38.5,55.4,24.1
0,Mexico City,2025-03-26T07:00,19.3,36.7,89.4,30.9
0,Mexico City,2025-03-26T08:00,18.1,36.5,101.8,33.1
0,Mexico City,2025-03-26T09:00,20.1,37.4,85.8,29.7
0,Mexico City,2025-03-26T10:00,22.9,38.1,66.3,26.1
0,Mexico City,2025-03-26T11:00,24.2,38.4,58.7,24.7
0,Mexico City,2025-03-26T12:00,24.2,38.6,59.2,24.7
0,Mexico City,2025-03-26T13:00,22.2,37.6,69.4,26.9
0,Mexico City,2025-03-26T14:00,19.6,37,88.4,30.5
0,Mexico City,2025-03-26T15:00,18.7,36.5,95.1,32
0,Mexico City,2025-03-26T16:00,18.4,36.3,96.7,32.5
0,Mexico City,2025-03-26T17:00,19.5,36.7,88.2,30.7
0,Mexico City,2025-03-26T18:00,18.4,36.2,95.9,32.4
0,Mexico City,2025-03-26T19:00,18.5,35.7,92.9,32.3
0,Mexico City,2025-03-26T20:00,22.3,36.8,65.3,26.9
0,Mexico City,2025-03-26T21:00,26.2,36.8,40.2,22.8
0,Mexico City,2025-03-26T22:00,30.2,37.3,23.4,19.8
0,Mexico City,2025-03-26T23:00,33.7,37.6,11.6,17.7
0,Mexico City,2025-03-27T00:00,36.7,37.9,3.1,16.3
0,Mexico City,2025-03-27T01:00,37.6,37.5,0,15.9
0,Mexico City,2025-03-27T02:00,38.5,37.8,0,15.5
0,Mexico City,2025-03-27T03:00,41.3,39.9,0,14.5
0,Mexico City,2025-03-27T04:00,42.8,42.1,0,13.9
0,Mexico City,2025-03-27T05:00,35.1,41.1,17,17
0,Mexico City,2025-03-27T06:00,25,38.5,53.7,23.9
0,Mexico City,2025-03-27T07:00,19.6,36.8,87.1,30.4
0,Mexico City,2025-03-27T08:00,18.2,36.5,100.2,32.8
0,Mexico City,2025-03-27T09:00,20.1,37.4,85.6,29.7
0,Mexico City,2025-03-27T10:00,22.5,38,68.3,26.5
0,Mexico City,2025-03-27T11:00,23.4,38.1,62.1,25.5
0,Mexico City,2025-03-27T12:00,23.3,38,63,25.7
0,Mexico City,2025-03-27T13:00,21.5,37.5,73.8,27.7
0,Mexico City,2025-03-27T14:00,19.7,36.8,87,30.4
0,Mexico City,2025-03-27T15:00,19.6,36.6,86.4,30.5
0,Mexico City,2025-03-27T16:00,20.7,36.9,77.8,28.9
0,Mexico City,2025-03-27T17:00,20,37,84.6,29.8
0,Mexico City,2025-03-27T18:00,17.5,36.1,105.1,34
0,Mexico City,2025-03-27T19:00,16.1,35.2,118,37
0,Mexico City,2025-03-27T20:00,18.2,35.5,95,32.8
0,Mexico City,2025-03-27T21:00,22.1,36,62.8,27.1
0,Mexico City,2025-03-27T22:00,26.6,36.9,38.5,22.5
0,Mexico City,2025-03-27T23:00,31.2,37.8,21,19.1
0,Mexico City,2025-03-28T00:00,32.8,38.4,17,18.2
0,Mexico City,2025-03-28T01:00,33.6,39,16.1,17.8
0,Mexico City,2025-03-28T02:00,37.7,38.3,1.6,15.8
0,Mexico City,2025-03-28T03:00,39.8,39,0,15
0,Mexico City,2025-03-28T04:00,41.6,41.2,0,14.4
0,Mexico City,2025-03-28T05:00,35.5,41,15.2,16.8
0,Mexico City,2025-03-28T06:00,27.7,39.3,41.7,21.5
0,Mexico City,2025-03-28T07:00,23.8,38.2,60.8,25.2
0,Mexico City,2025-03-28T08:00,22,37.7,71.3,27.2
0,Mexico City,2025-03-28T09:00,22.5,37.7,67.7,26.6
0,Mexico City,2025-03-28T10:00,23.5,38.4,63.3,25.4
0,Mexico City,2025-03-28T11:00,23.2,38.3,65.1,25.8
0,Mexico City,2025-03-28T12:00,22.2,38.2,72,27
0,Mexico City,2025-03-28T13:00,20.6,37.7,82.7,29
0,Mexico City,2025-03-28T14:00,18.7,37.1,98.3,32
0,Mexico City,2025-03-28T15:00,17.9,37.8,111,33.4
0,Mexico City,2025-03-28T16:00,18.3,36.4,98.8,32.7
0,Mexico City,2025-03-28T17:00,18.7,36.4,94.1,31.9
0,Mexico City,2025-03-28T18:00,17.8,36,101.7,33.5
0,Mexico City,2025-03-28T19:00,17,35.5,108.7,35.2
0,Mexico City,2025-03-28T20:00,18.6,35.5,90.6,32.1
0,Mexico City,2025-03-28T21:00,21.8,36,65.1,27.5
0,Mexico City,2025-03-28T22:00,25.4,36.4,43.4,23.6
0,Mexico City,2025-03-28T23:00,29.6,37.3,25.7,20.2
0,Mexico City,2025-03-29T00:00,32.5,37.8,16.4,18.4
0,Mexico City,2025-03-29T01:00,33.3,38.8,16.4,17.9
0,Mexico City,2025-03-29T02:00,36.2,37.9,4.7,16.5
0,Mexico City,2025-03-29T03:00,37.5,37.9,1,15.9
0,Mexico City,2025-03-29T04:00,39.4,39.3,0,15.2
0,Mexico City,2025-03-29T05:00,38.7,40.8,5.6,15.5
0,Mexico City,2025-03-29T06:00,37.2,42,12.7,16
0,Mexico City,2025-03-29T07:00,33.1,41.5,25.1,18
0,Mexico City,2025-03-29T08:00,29.4,40.4,37.4,20.3
0,Mexico City,2025-03-29T09:00,27.2,39.8,46.4,22
0,Mexico City,2025-03-29T10:00,25.5,39.3,54.3,23.5
0,Mexico City,2025-03-29T11:00,24.1,38.9,61.1,24.8
0,Mexico City,2025-03-29T12:00,23,38.5,67.1,25.9
0,Mexico City,2025-03-29T13:00,21.3,37.8,76.9,28
0,Mexico City,2025-03-29T14:00,20.5,37.3,81.9,29.2
0,Mexico City,2025-03-29T15:00,21.1,36.8,74.7,28.4
0,Mexico City,2025-03-29T16:00,23.3,37.1,58.6,25.6
0,Mexico City,2025-03-29T17:00,25.5,37.7,47.7,23.5
0,Mexico City,2025-03-29T18:00,26,37.8,45.2,23
0,Mexico City,2025-03-29T19:00,25,37.6,50.3,23.9
0,Mexico City,2025-03-29T20:00,26,37.7,44.7,23
0,Mexico City,2025-03-29T21:00,26.9,37.6,39.8,22.2
0,Mexico City,2025-03-29T22:00,28.7,37.6,31,20.8
0,Mexico City,2025-03-29T23:00,31.6,37.8,19.7,18.9
0,Mexico City,2025-03-30T00:00,34.1,37.9,11,17.5
0,Mexico City,2025-03-30T01:00,35.5,37.8,6.2,16.8
0,Mexico City,2025-03-30T02:00,36.5,37.6,3,16.4
0,Mexico City,2025-03-30T03:00,37.6,37.9,0.7,15.9
0,Mexico City,2025-03-30T04:00,38.9,38.6,0,15.3
0,Mexico City,2025-03-30T05:00,39.7,40.4,1.6,15
0,Mexico City,2025-03-30T06:00,39.1,41.3,5.8,15.3
0,Mexico City,2025-03-30T07:00,37.7,41.1,9,15.9
0,Mexico City,2025-03-30T08:00,35.3,40.7,15.3,16.9
0,Mexico City,2025-03-30T09:00,33.2,40.3,21.2,18
0,Mexico City,2025-03-30T10:00,30.9,39.5,27.8,19.3
0,Mexico City,2025-03-30T11:00,29.8,39.4,32.1,20.1
0,Mexico City,2025-03-30T12:00,28.6,39.2,37.2,20.9
0,Mexico City,2025-03-30T13:00,27.5,39.2,42.6,21.7
0,Mexico City,2025-03-30T14:00,26.8,39,45,22.3
0,Mexico City,2025-03-30T15:00,27.6,38.7,40.3,21.7
0,Mexico City,2025-03-30T16:00,28.7,38.8,34.8,20.8
0,Mexico City,2025-03-30T17:00,29.2,39.1,33.9,20.5
0,Mexico City,2025-03-30T18:00,28,39.1,39.7,21.4
0,Mexico City,2025-03-30T19:00,26.1,38.7,48.4,22.9
0,Mexico City,2025-03-30T20:00,27,38.7,43.1,22.1
0,Mexico City,2025-03-30T21:00,29.7,39.1,31.4,20.1
0,Mexico City,2025-03-30T22:00,32.6,39.7,21.5,18.3
0,Mexico City,2025-03-30T23:00,34.9,39.4,12.6,17.1
0,Mexico City,2025-03-31T00:00,34.1,39.7,16.3,17.5
0,Mexico City,2025-03-31T01:00,37.3,39.9,6.9,16
0,Mexico City,2025-03-31T02:00,38.5,38.8,0.7,15.5
0,Mexico City,2025-03-31T03:00,41.5,40.3,0,14.4
0,Mexico City,2025-03-31T04:00,43.3,42.5,0,13.8
0,Mexico City,2025-03-31T05:00,35.1,41.6,18.4,17
0,Mexico City,2025-03-31T06:00,24.8,38.6,55.3,24.1
0,Mexico City,2025-03-31T07:00,19.8,36.8,85.4,30.2
0,Mexico City,2025-03-31T08:00,19,36.8,92.9,31.4
0,Mexico City,2025-03-31T09:00,22.1,37.8,70.8,27
0,Mexico City,2025-03-31T10:00,25.6,38.8,51.2,23.3
0,Mexico City,2025-03-31T11:00,26.4,38.8,46.6,22.6
0,Mexico City,2025-03-31T12:00,25.6,38.6,50.7,23.3
0,Mexico City,2025-03-31T13:00,23.5,37.9,60.8,25.4
0,Mexico City,2025-03-31T14:00,21.9,37.3,70.7,27.3
0,Mexico City,2025-03-31T15:00,21.8,37.1,69.8,27.4
0,Mexico City,2025-03-31T16:00,22.7,37,62.5,26.3
0,Mexico City,2025-03-31T17:00,22.6,37.2,64.7,26.5
0,Mexico City,2025-03-31T18:00,20.6,36.5,76.5,28.9
0,Mexico City,2025-03-31T19:00,20.2,36.1,77.9,29.5
0,Mexico City,2025-03-31T20:00,23.1,36.3,56.9,25.9
0,Mexico City,2025-03-31T21:00,26.8,36.9,37.4,22.3
0,Mexico City,2025-03-31T22:00,30.7,37.4,21.9,19.5
0,Mexico City,2025-03-31T23:00,34.7,37.9,9.2,17.2
0,Mexico City,2025-04-01T00:00,37,38,2.6,16.1
0,Mexico City,2025-04-01T01:00,37.7,37.8,0.2,15.8
0,Mexico City,2025-04-01T02:00,39.4,38.7,0,15.2
0,Mexico City,2025-04-01T03:00,41.7,40.5,0,14.3
0,Mexico City,2025-04-01T04:00,42.9,42.4,0,13.9
0,Mexico City,2025-04-01T05:00,34.8,40.9,17.4,17.2
0,Mexico City,2025-04-01T06:00,24.4,38.2,56.5,24.5
0,Mexico City,2025-04-01T07:00,18.9,36.5,92.4,31.5
0,Mexico City,2025-04-01T08:00,17.7,36.3,105.1,33.8
0,Mexico City,2025-04-01T09:00,19.7,37,87.2,30.3
0,Mexico City,2025-04-01T10:00,22.7,37.9,66.8,26.3
0,Mexico City,2025-04-01T11:00,23.6,38.1,60.9,25.3
0,Mexico City,2025-04-01T12:00,23.6,37.8,60.2,25.3
0,Mexico City,2025-04-01T13:00,22.5,37.6,67.1,26.6
0,Mexico City,2025-04-01T14:00,20.5,36.7,79.3,29.2
0,Mexico City,2025-04-01T15:00,20.8,36.7,75.9,28.7
0,Mexico City,2025-04-01T16:00,21.8,36.9,69.2,27.4
0,Mexico City,2025-04-01T17:00,20.8,37,77.4,28.7
0,Mexico City,2025-04-01T18:00,18.6,36.2,93.9,32.1
0,Mexico City,2025-04-01T19:00,18.5,35.5,91.5,32.3
0,Mexico City,2025-04-01T20:00,22.1,36,62.5,27
0,Mexico City,2025-04-01T21:00,26.1,36.6,40.3,22.9
0,Mexico City,2025-04-01T22:00,30.4,37.5,23.4,19.7
0,Mexico City,2025-04-01T23:00,34.6,37.8,9.4,17.3
0,Mexico City,2025-04-02T00:00,36.3,37.4,3,16.4
0,Mexico City,2025-04-02T01:00,37.4,37.7,0.7,16
0,Mexico City,2025-04-02T02:00,38.4,37.8,0,15.6
0,Mexico City,2025-04-02T03:00,40.9,39.7,0,14.6
0,Mexico City,2025-04-02T04:00,43.9,42.5,0,13.6
0,Mexico City,2025-04-02T05:00,36.7,41.6,13.1,16.3
0,Mexico City,2025-04-02T06:00,27.2,39.1,43.8,22
0,Mexico City,2025-04-02T07:00,22.3,37.5,67.5,26.8
0,Mexico City,2025-04-02T08:00,22.2,37.4,68.7,27
0,Mexico City,2025-04-02T09:00,25.6,38.2,49.1,23.4
0,Mexico City,2025-04-02T10:00,27.1,38.5,42.2,22.1
0,Mexico City,2025-04-02T11:00,27.1,38.3,41.4,22.1
0,Mexico City,2025-04-02T12:00,27.4,38.5,40.5,21.8
0,Mexico City,2025-04-02T13:00,26,38,46.1,23
0,Mexico City,2025-04-02T14:00,24.5,37.4,52.5,24.4
0,Mexico City,2025-04-02T15:00,25,37.4,49.4,23.9
0,Mexico City,2025-04-02T16:00,26.3,37.7,43.2,22.7
0,Mexico City,2025-04-02T17:00,25.7,37.9,47.2,23.2
0,Mexico City,2025-04-02T18:00,23.4,37.2,59.2,25.6
0,Mexico City,2025-04-02T19:00,22.2,36.6,64.3,26.9
0,Mexico City,2025-04-02T20:00,24.7,36.5,47.5,24.2
0,Mexico City,2025-04-02T21:00,28.3,37,30.4,21.1
0,Mexico City,2025-04-02T22:00,30.9,37.4,21.1,19.3
0,Mexico City,2025-04-02T23:00,31.5,38.4,21.7,19
0,Mexico City,2025-04-03T00:00,35.5,39.3,10.6,16.8
0,Mexico City,2025-04-03T01:00,37.5,37.8,0.8,15.9
0,Mexico City,2025-04-03T02:00,38.7,38.1,0,15.5
0,Mexico City,2025-04-03T03:00,41.2,40,0,14.5
0,Mexico City,2025-04-03T04:00,43.2,42.2,0,13.8
0,Mexico City,2025-04-03T05:00,35.4,41.2,16.5,16.9
0,Mexico City,2025-04-03T06:00,25.4,38.7,52.1,23.5
0,Mexico City,2025-04-03T07:00,19.3,36.8,89.9,30.9
0,Mexico City,2025-04-03T08:00,17.9,36.5,104,33.4
0,Mexico City,2025-04-03T09:00,19.2,37,92.7,31.1
0,Mexico City,2025-04-03T10:00,21.2,37.6,77.7,28.2
0,Mexico City,2025-04-03T11:00,22,37.7,71.5,27.2
0,Mexico City,2025-04-03T12:00,22,37.9,71.8,27.1
0,Mexico City,2025-04-03T13:00,20.5,37.4,82.1,29.1
0,Mexico City,2025-04-03T14:00,18.5,36.8,98.4,32.2
0,Mexico City,2025-04-03T15:00,18.4,36.5,98.1,32.5
0,Mexico City,2025-04-03T16:00,19.6,36.7,87.1,30.5
0,Mexico City,2025-04-03T17:00,19.2,36.8,91.1,31.1
0,Mexico City,2025-04-03T18:00,16.9,36,112.9,35.4
0,Mexico City,2025-04-03T19:00,16.1,35.5,119.9,37.1
0,Mexico City,2025-04-03T20:00,18.2,35.6,95.1,32.8
0,Mexico City,2025-04-03T21:00,22.4,36,60.9,26.7
0,Mexico City,2025-04-03T22:00,26.6,36.7,37.8,22.4
0,Mexico City,2025-04-03T23:00,30.1,38,26.3,19.9
0,Mexico City,2025-04-04T00:00,33.4,39,16.8,17.9
0,Mexico City,2025-04-04T01:00,36.3,37.9,4.2,16.4
0,Mexico City,2025-04-04T02:00,38,37.8,0,15.7
0,Mexico City,2025-04-04T03:00,40.5,39.3,0,14.7
0,Mexico City,2025-04-04T04:00,42.3,41.6,0,14.1
0,Mexico City,2025-04-04T05:00,35.9,41.3,14.9,16.6
0,Mexico City,2025-04-04T06:00,26.7,39,46.2,22.4
0,Mexico City,2025-04-04T07:00,21,37.1,75.9,28.4
0,Mexico City,2025-04-04T08:00,19.7,36.9,87.2,30.3
0,Mexico City,2025-04-04T09:00,21.4,37.6,75.6,28
0,Mexico City,2025-04-04T10:00,23,38.1,65.4,26
0,Mexico City,2025-04-04T11:00,23.4,38.2,63,25.5
0,Mexico City,2025-04-04T12:00,22.8,38.2,67.3,26.2
0,Mexico City,2025-04-04T13:00,20.6,37.5,82.4,29.1
0,Mexico City,2025-04-04T14:00,17.7,36.6,106.4,33.7
0,Mexico City,2025-04-04T15:00,16.6,36.1,117.2,36.1
0,Mexico City,2025-04-04T16:00,17.9,36.2,102.4,33.4
0,Mexico City,2025-04-04T17:00,19,36.4,91.4,31.4
0,Mexico City,2025-04-04T18:00,18.3,35.9,95.5,32.6
0,Mexico City,2025-04-04T19:00,18,35.5,97.1,33.2
0,Mexico City,2025-04-04T20:00,19.8,35.7,79.9,30.2
0,Mexico City,2025-04-04T21:00,22.6,36.1,59.4,26.4
0,Mexico City,2025-04-04T22:00,26.3,36.6,39.2,22.7
0,Mexico City,2025-04-04T23:00,30.4,37.7,23.9,19.7
0,Mexico City,2025-04-05T00:00,33.6,37.6,11.9,17.8
0,Mexico City,2025-04-05T01:00,35.1,37.2,6,17
0,Mexico City,2025-04-05T02:00,36.3,37.4,2.8,16.4
0,Mexico City,2025-04-05T03:00,38.1,38.1,0,15.7
0,Mexico City,2025-04-05T04:00,39.8,39.5,0,15
0,Mexico City,2025-04-05T05:00,39.6,41.2,3.9,15.1
0,Mexico City,2025-04-05T06:00,38.1,42.1,10.6,15.7
0,Mexico City,2025-04-05T07:00,34,41.6,22.2,17.6
0,Mexico City,2025-04-05T08:00,29.9,40.6,35.7,20
0,Mexico City,2025-04-05T09:00,27,39.7,46.6,22.1
0,Mexico City,2025-04-05T10:00,25.5,39.1,53.5,23.5
0,Mexico City,2025-04-05T11:00,24.6,38.9,57.9,24.3
0,Mexico City,2025-04-05T12:00,23.7,38.7,63.5,25.2
0,Mexico City,2025-04-05T13:00,22,38,72.5,27.1
0,Mexico City,2025-04-05T14:00,20.8,37.3,79.4,28.7
0,Mexico City,2025-04-05T15:00,21.4,37.1,72.7,27.9
0,Mexico City,2025-04-05T16:00,23.6,37.3,57.7,25.3
0,Mexico City,2025-04-05T17:00,25.5,37.5,46.9,23.4
0,Mexico City,2025-04-05T18:00,26,37.8,45.1,23
0,Mexico City,2025-04-05T19:00,24.6,37.8,53.3,24.3
0,Mexico City,2025-04-05T20:00,25.7,37.6,46.1,23.2
0,Mexico City,2025-04-05T21:00,28.2,37.7,33.7,21.2
0,Mexico City,2025-04-05T22:00,29.6,37.7,27.5,20.2
0,Mexico City,2025-04-05T23:00,31.2,38.1,22.1,19.1
0,Mexico City,2025-04-06T00:00,32.8,37.9,15.5,18.2
0,Mexico City,2025-04-06T01:00,34.2,37.5,9.6,17.5
0,Mexico City,2025-04-06T02:00,35.3,37.3,5.6,16.9
0,Mexico City,2025-04-06T03:00,37.1,37.8,1.7,16.1
0,Mexico City,2025-04-06T04:00,39.1,38.8,0,15.3
0,Mexico City,2025-04-06T05:00,39.7,40.3,1.4,15.1
0,Mexico City,2025-04-06T06:00,39.7,41.7,5,15
0,Mexico City,2025-04-06T07:00,38,41.4,8.9,15.7
0,Mexico City,2025-04-06T08:00,35.7,41,14.5,16.7
0,Mexico City,2025-04-06T09:00,33.5,40.4,20.4,17.8
0,Mexico City,2025-04-06T10:00,31.5,39.9,26.7,19
0,Mexico City,2025-04-06T11:00,30.3,39.6,30.7,19.7
0,Mexico City,2025-04-06T12:00,29.1,39.7,36.1,20.5
0,Mexico City,2025-04-06T13:00,27.9,39.6,41.7,21.4
0,Mexico City,2025-04-06T14:00,27,39.2,45.4,22.2
0,Mexico City,2025-04-06T15:00,27.6,38.8,40.5,21.6
0,Mexico City,2025-04-06T16:00,28.9,38.8,33.9,20.6
0,Mexico City,2025-04-06T17:00,29.3,38.8,32.6,20.4
0,Mexico City,2025-04-06T18:00,28.6,38.8,35.3,20.9
0,Mexico City,2025-04-06T19:00,27.5,38.6,40.4,21.7
0,Mexico City,2025-04-06T20:00,28.4,38.7,36.1,21
0,Mexico City,2025-04-06T21:00,30.3,39.1,29.1,19.7
0,Mexico City,2025-04-06T22:00,32.2,39.1,21.2,18.5
0,Mexico City,2025-04-06T23:00,34.9,38.7,10.8,17.1
0,Mexico City,2025-04-07T00:00,37.2,38.4,3.3,16.1
0,Mexico City,2025-04-07T01:00,37.6,38,0.9,15.9
0,Mexico City,2025-04-07T02:00,38.2,37.9,0,15.6
0,Mexico City,2025-04-07T03:00,42.1,40.7,0,14.2
0,Mexico City,2025-04-07T04:00,42.9,43.1,0.5,13.9
0,Mexico City,2025-04-07T05:00,34.5,41.6,20.3,17.3
0,Mexico City,2025-04-07T06:00,24.9,38.8,55.7,24
0,Mexico City,2025-04-07T07:00,19.3,36.7,90.2,31
0,Mexico City,2025-04-07T08:00,18.2,36.6,101,32.8
0,Mexico City,2025-04-07T09:00,20.7,37.5,81,28.9
0,Mexico City,2025-04-07T10:00,23.9,38.4,60.6,25
0,Mexico City,2025-04-07T11:00,25.3,38.5,52.3,23.6
0,Mexico City,2025-04-07T12:00,25.7,38.7,50.4,23.3
0,Mexico City,2025-04-07T13:00,24,37.8,57.8,24.9
0,Mexico City,2025-04-07T14:00,22,37.2,68.8,27.1
0,Mexico City,2025-04-07T15:00,22,36.9,67.9,27.2
0,Mexico City,2025-04-07T16:00,22.9,37,61.5,26.1
0,Mexico City,2025-04-07T17:00,22.6,37.3,65.2,26.5
0,Mexico City,2025-04-07T18:00,20.7,36.7,77.2,28.9
0,Mexico City,2025-04-07T19:00,20.5,36.2,76.6,29.2
0,Mexico City,2025-04-07T20:00,23.6,36.4,54.5,25.4
0,Mexico City,2025-04-07T21:00,27.5,37,34.4,21.7
0,Mexico City,2025-04-07T22:00,31.4,37.5,19.6,19
0,Mexico City,2025-04-07T23:00,34.5,37.5,8.4,17.3
0,Mexico City,2025-04-08T00:00,37.5,38.2,1.8,15.9
0,Mexico City,2025-04-08T01:00,38.4,38.1,0,15.6
0,Mexico City,2025-04-08T02:00,39,38.3,0,15.3
0,Mexico City,2025-04-08T03:00,41.7,40.6,0,14.3
0,Mexico City,2025-04-08T04:00,43.3,42.4,0,13.8
0,Mexico City,2025-04-08T05:00,35.1,41,16.9,17
0,Mexico City,2025-04-08T06:00,25.2,38.6,52.8,23.7
0,Mexico City,2025-04-08T07:00,19.1,36.5,91.2,31.3
0,Mexico City,2025-04-08T08:00,17.5,36.1,105.8,34.1
0,Mexico City,2025-04-08T09:00,20,37.2,85.4,29.8
0,Mexico City,2025-04-08T10:00,22.8,38.1,66.7,26.2
0,Mexico City,2025-04-08T11:00,23.7,38.2,60.7,25.2
0,Mexico City,2025-04-08T12:00,23.6,38.1,61.2,25.3
0,Mexico City,2025-04-08T13:00,21.8,37.5,71.3,27.4
0,Mexico City,2025-04-08T14:00,19.7,36.6,85.5,30.3
0,Mexico City,2025-04-08T15:00,19.8,36.4,84,30.2
0,Mexico City,2025-04-08T16:00,21,36.7,74.2,28.4
0,Mexico City,2025-04-08T17:00,20.8,37,77.8,28.8
0,Mexico City,2025-04-08T18:00,18.6,36.2,94,32.1
0,Mexico City,2025-04-08T19:00,18.5,35.7,92.9,32.3
0,Mexico City,2025-04-08T20:00,21.5,36,67.2,27.8
0,Mexico City,2025-04-08T21:00,26.1,36.6,40,22.9
0,Mexico City,2025-04-08T22:00,31.1,37.4,20.3,19.2
0,Mexico City,2025-04-08T23:00,34.8,38,9.1,17.2
0,Mexico City,2025-04-09T00:00,36.4,38.8,6.7,16.4
0,Mexico City,2025-04-09T01:00,37.9,37.8,0,15.8
0,Mexico City,2025-04-09T02:00,39.4,38.7,0,15.1
0,Mexico City,2025-04-09T03:00,41.6,40.6,0,14.4
0,Mexico City,2025-04-09T04:00,43.6,42.6,0,13.7
0,Mexico City,2025-04-09T05:00,35.7,41.1,15.1,16.7
0,Mexico City,2025-04-09T06:00,25.4,38.5,51.4,23.5
0,Mexico City,2025-04-09T07:00,19.4,36.6,88.8,30.8
0,Mexico City,2025-04-09T08:00,17.8,36.4,104.8,33.6
0,Mexico City,2025-04-09T09:00,19.6,37.2,88.9,30.4
0,Mexico City,2025-04-09T10:00,21.9,38,73,27.2
0,Mexico City,2025-04-09T11:00,22.9,38.1,65.9,26.1
0,Mexico City,2025-04-09T12:00,23.1,38,64.5,25.9
0,Mexico City,2025-04-09T13:00,21.8,37.4,71.4,27.4
0,Mexico City,2025-04-09T14:00,19.7,36.6,85,30.3
0,Mexico City,2025-04-09T15:00,19.8,36.5,83.9,30.2
0,Mexico City,2025-04-09T16:00,21.2,36.9,74.1,28.2
0,Mexico City,2025-04-09T17:00,20.9,37,76.9,28.6
0,Mexico City,2025-04-09T18:00,18.9,36.4,92.6,31.7
0,Mexico City,2025-04-09T19:00,18.4,35.7,93.3,32.4
0,Mexico City,2025-04-09T20:00,21.6,35.9,66.1,27.7
0,Mexico City,2025-04-09T21:00,26.1,36.8,40.8,22.9
0,Mexico City,2025-04-09T22:00,30.4,37.3,22.7,19.7
0,Mexico City,2025-04-09T23:00,33.6,38,13,17.8
0,Mexico City,2025-04-10T00:00,36.1,37.5,4,16.6
0,Mexico City,2025-04-10T01:00,37,37.3,0.8,16.1
0,Mexico City,2025-04-10T02:00,38.6,38,0,15.5
0,Mexico City,2025-04-10T03:00,40.9,39.9,0,14.6
0,Mexico City,2025-04-10T04:00,42.7,42.2,0,14
0,Mexico City,2025-04-10T05:00,35.4,41.1,16,16.9
0,Mexico City,2025-04-10T06:00,25.9,38.6,48.9,23.1
0,Mexico City,2025-04-10T07:00,19.9,36.8,84.8,30
0,Mexico City,2025-04-10T08:00,18.3,36.5,99.8,32.7
0,Mexico City,2025-04-10T09:00,20.3,37.3,83.7,29.5
0,Mexico City,2025-04-10T10:00,22.8,38.2,67.1,26.2
0,Mexico City,2025-04-10T11:00,23.4,38.2,63,25.5
0,Mexico City,2025-04-10T12:00,22.8,37.9,66.2,26.2
0,Mexico City,2025-04-10T13:00,21.2,37.5,76.2,28.1
0,Mexico City,2025-04-10T14:00,19.3,36.6,89.9,31
0,Mexico City,2025-04-10T15:00,19.1,36.5,90.4,31.2
0,Mexico City,2025-04-10T16:00,20.3,36.7,80.9,29.5
0,Mexico City,2025-04-10T17:00,19.5,36.7,87.9,30.6
0,Mexico City,2025-04-10T18:00,17.8,36.2,103.1,33.6
0,Mexico City,2025-04-10T19:00,17.4,35.6,103.4,34.2
0,Mexico City,2025-04-10T20:00,20.2,35.7,77,29.6
0,Mexico City,2025-04-10T21:00,23.7,36.2,52.1,25.2
0,Mexico City,2025-04-10T22:00,28,36.9,31.6,21.3
0,Mexico City,2025-04-10T23:00,32.6,37.8,16.2,18.4
0,Mexico City,2025-04-11T00:00,35.4,37.5,5.9,16.9
0,Mexico City,2025-04-11T01:00,36.9,37.4,1.3,16.2
0,Mexico City,2025-04-11T02:00,38.4,37.9,0,15.5
0,Mexico City,2025-04-11T03:00,41,39.7,0,14.6
0,Mexico City,2025-04-11T04:00,42.3,41.8,0,14.1
0,Mexico City,2025-04-11T05:00,36.9,41.7,12.8,16.2
0,Mexico City,2025-04-11T06:00,28,39.4,40.5,21.3
0,Mexico City,2025-04-11T07:00,22.6,37.5,65.9,26.5
0,Mexico City,2025-04-11T08:00,21.3,37.5,75.4,28
0,Mexico City,2025-04-11T09:00,22.4,38,69,26.6
0,Mexico City,2025-04-11T10:00,23.4,38.2,63,25.5
0,Mexico City,2025-04-11T11:00,23.6,38.4,62.4,25.3
0,Mexico City,2025-04-11T12:00,23,38.4,66.7,26
0,Mexico City,2025-04-11T13:00,21.3,37.9,77.3,28
0,Mexico City,2025-04-11T14:00,18.8,36.8,95,31.7
0,Mexico City,2025-04-11T15:00,17.6,36.1,105.3,34
0,Mexico City,2025-04-11T16:00,18.1,36.3,99.6,32.9
0,Mexico City,2025-04-11T17:00,19,36.3,90.7,31.4
0,Mexico City,2025-04-11T18:00,18.6,35.9,92.5,32.1
0,Mexico City,2025-04-11T19:00,18.4,35.5,93,32.5
0,Mexico City,2025-04-11T20:00,20.5,35.7,73.7,29.1
0,Mexico City,2025-04-11T21:00,23.7,36.4,53.1,25.2
0,Mexico City,2025-04-11T22:00,27.3,37,35.5,21.9
0,Mexico City,2025-04-11T23:00,31,37.6,21.3,19.3
0,Mexico City,2025-04-12T00:00,34.2,37.7,10.3,17.5
0,Mexico City,2025-04-12T01:00,35.8,37.6,5,16.7
0,Mexico City,2025-04-12T02:00,37.1,37.8,1.8,16.1
0,Mexico City,2025-04-12T03:00,38.9,38.7,0,15.4
0,Mexico City,2025-04-12T04:00,40.8,40.5,0,14.6
0,Mexico City,2025-04-12T05:00,40.4,42.2,4.3,14.8
0,Mexico City,2025-04-12T06:00,38.8,43.2,11.3,15.4
0,Mexico City,2025-04-12T07:00,34.5,42.4,22.7,17.3
0,Mexico City,2025-04-12T08:00,30.3,41.1,35.7,19.7
0,Mexico City,2025-04-12T09:00,27,40,47.9,22.1
0,Mexico City,2025-04-12T10:00,25.2,39.2,55.4,23.7
0,Mexico City,2025-04-12T11:00,24.7,39.1,58.4,24.2
0,Mexico City,2025-04-12T12:00,23.6,38.5,63.4,25.4
0,Mexico City,2025-04-12T13:00,22.2,38,71.1,26.9
0,Mexico City,2025-04-12T14:00,21,37.4,77.4,28.4
0,Mexico City,2025-04-12T15:00,21.6,37.1,71.4,27.7
0,Mexico City,2025-04-12T16:00,23.4,37.3,59,25.5
0,Mexico City,2025-04-12T17:00,25.1,37.3,48.6,23.8
0,Mexico City,2025-04-12T18:00,25.9,37.5,44.6,23
0,Mexico City,2025-04-12T19:00,25.7,37.7,46.7,23.3
0,Mexico City,2025-04-12T20:00,26.7,37.5,40.3,22.4
0,Mexico City,2025-04-12T21:00,28.6,37.5,30.9,20.9
0,Mexico City,2025-04-12T22:00,29.6,37.4,26.2,20.2
0,Mexico City,2025-04-12T23:00,30.4,37.6,23.5,19.7
0,Mexico City,2025-04-13T00:00,33.2,38,14.5,18
0,Mexico City,2025-04-13T01:00,35.8,37.6,5.1,16.7
0,Mexico City,2025-04-13T02:00,36.9,37.7,2,16.2
0,Mexico City,2025-04-13T03:00,38.6,38.5,0,15.5
0,Mexico City,2025-04-13T04:00,40.3,39.6,0,14.8
0,Mexico City,2025-04-13T05:00,40.5,41.1,1.3,14.7
0,Mexico City,2025-04-13T06:00,38.9,41.8,7.3,15.3
0,Mexico City,2025-04-13T07:00,38.8,42.4,9.1,15.4
0,Mexico City,2025-04-13T08:00,36.2,41.8,15.3,16.5
0,Mexico City,2025-04-13T09:00,34.1,41,20.2,17.5
0,Mexico City,2025-04-13T10:00,31.6,40.2,27.2,18.9
0,Mexico City,2025-04-13T11:00,30.3,40.1,32.4,19.7
0,Mexico City,2025-04-13T12:00,29.3,40.1,36.6,20.4
0,Mexico City,2025-04-13T13:00,28.1,39.6,41,21.3
0,Mexico City,2025-04-13T14:00,27.1,38.8,43.2,22.1
0,Mexico City,2025-04-13T15:00,27.8,38.5,38,21.5
0,Mexico City,2025-04-13T16:00,28.7,38.5,33.8,20.8
0,Mexico City,2025-04-13T17:00,29.1,38.9,33.2,20.5
0,Mexico City,2025-04-13T18:00,28.7,38.7,34.6,20.8
0,Mexico City,2025-04-13T19:00,27.7,38.5,38.7,21.5
0,Mexico City,2025-04-13T20:00,28.8,38.6,34,20.8
0,Mexico City,2025-04-13T21:00,30.4,38.5,26.5,19.7
0,Mexico City,2025-04-13T22:00,31.5,38.2,21.1,19
0,Mexico City,2025-04-13T23:00,32.8,38.3,16.7,18.2
0,Mexico City,2025-04-14T00:00,35.1,38.7,10.4,17
0,Mexico City,2025-04-14T01:00,37,38,2.6,16.1
0,Mexico City,2025-04-14T02:00,37.5,37.8,0.7,15.9
0,Mexico City,2025-04-14T03:00,41.4,40.6,0,14.4
0,Mexico City,2025-04-14T04:00,44,42.9,0,13.6
0,Mexico City,2025-04-14T05:00,38.7,42.5,9.9,15.5
0,Mexico City,2025-04-14T06:00,33,41.3,25,18.1
0,Mexico City,2025-04-14T07:00,28.4,40,40.7,21
0,Mexico City,2025-04-14T08:00,25.2,38.8,53.8,23.7
0,Mexico City,2025-04-14T09:00,25.7,39,51.7,23.3
0,Mexico City,2025-04-14T10:00,26.2,39.3,49.8,22.8
0,Mexico City,2025-04-14T11:00,26.1,39.2,49.9,22.9
0,Mexico City,2025-04-14T12:00,25.7,39.1,51.6,23.2
0,Mexico City,2025-04-14T13:00,25.1,38.7,54.2,23.8
0,Mexico City,2025-04-14T14:00,24.3,38,55.9,24.6
0,Mexico City,2025-04-14T15:00,24.3,37.5,54.1,24.6
0,Mexico City,2025-04-14T16:00,25.2,37.7,49.7,23.7
0,Mexico City,2025-04-14T17:00,24.4,37.7,54.5,24.5
0,Mexico City,2025-04-14T18:00,21.9,36.8,67.6,27.2
0,Mexico City,2025-04-14T19:00,21.3,36.2,69.6,28
0,Mexico City,2025-04-14T20:00,24.6,36.7,48.7,24.3
0,Mexico City,2025-04-14T21:00,28.7,37.2,29.3,20.8
0,Mexico City,2025-04-14T22:00,31.9,37.5,17.3,18.7
0,Mexico City,2025-04-14T23:00,34.8,37.7,8.4,17.2
0,Mexico City,2025-04-15T00:00,37,37.8,2.1,16.1
0,Mexico City,2025-04-15T01:00,38,37.9,0,15.7
0,Mexico City,2025-04-15T02:00,39.3,38.7,0,15.2
0,Mexico City,2025-04-15T03:00,42,40.9,0,14.2
0,Mexico City,2025-04-15T04:00,43.8,42.7,0,13.6
0,Mexico City,2025-04-15T05:00,38.7,41.8,7.9,15.4
0,Mexico City,2025-04-15T06:00,33.7,41.1,21.9,17.7
0,Mexico City,2025-04-15T07:00,28.1,39.6,40.6,21.3
0,Mexico City,2025-04-15T08:00,24.3,38.3,57.7,24.6
0,Mexico City,2025-04-15T09:00,24.4,38.5,57.4,24.5
0,Mexico City,2025-04-15T10:00,25.3,39,53.8,23.6
0,Mexico City,2025-04-15T11:00,25.2,39.1,55.2,23.8
0,Mexico City,2025-04-15T12:00,24.4,38.7,58.9,24.5
0,Mexico City,2025-04-15T13:00,23.6,38.3,62.3,25.3
0,Mexico City,2025-04-15T14:00,22.9,37.6,63.9,26.1
0,Mexico City,2025-04-15T15:00,23.3,37.5,60.9,25.7
0,Mexico City,2025-04-15T16:00,23.8,37.7,58.4,25.2
0,Mexico City,2025-04-15T17:00,22.8,37.5,64.1,26.2
0,Mexico City,2025-04-15T18:00,20.6,36.5,77,29
0,Mexico City,2025-04-15T19:00,20,36.1,79.8,29.8
0,Mexico City,2025-04-15T20:00,22.8,36.3,59,26.2
0,Mexico City,2025-04-15T21:00,27.3,37.1,35.5,21.9
0,Mexico City,2025-04-15T22:00,31.4,37.8,20.3,19
0,Mexico City,2025-04-15T23:00,33.8,38.2,12.8,17.7
0,Mexico City,2025-04-16T00:00,36.3,38.8,6.9,16.5
0,Mexico City,2025-04-16T01:00,37.8,37.9,0.3,15.8
0,Mexico City,2025-04-16T02:00,38.7,38.1,0,15.4
0,Mexico City,2025-04-16T03:00,40.8,39.8,0,14.6
0,Mexico City,2025-04-16T04:00,43.7,42.8,0,13.7
0,Mexico City,2025-04-16T05:00,39.6,42.6,7.5,15.1
0,Mexico City,2025-04-16T06:00,35.4,41.9,18.3,16.9
0,Mexico City,2025-04-16T07:00,29.9,40.3,34.7,20
0,Mexico City,2025-04-16T08:00,26,39.1,50.3,23
0,Mexico City,2025-04-16T09:00,25.6,39,52.5,23.4
0,Mexico City,2025-04-16T10:00,25.3,39.1,54.4,23.6
0,Mexico City,2025-04-16T11:00,24.8,39,57.3,24.1
0,Mexico City,2025-04-16T12:00,24.2,39,61.3,24.7
0,Mexico City,2025-04-16T13:00,23.3,38.5,65.3,25.7
0,Mexico City,2025-04-16T14:00,22.7,38,67,26.3
0,Mexico City,2025-04-16T15:00,22.2,37.5,68.8,26.9
0,Mexico City,2025-04-16T16:00,23,37.6,63.5,26
0,Mexico City,2025-04-16T17:00,23.1,37.8,63.9,25.9
0,Mexico City,2025-04-16T18:00,21.4,37.1,72.9,27.9
0,Mexico City,2025-04-16T19:00,21.4,36.8,71.9,27.9
0,Mexico City,2025-04-16T20:00,24.3,37.2,53.3,24.6
0,Mexico City,2025-04-16T21:00,27.5,37.6,36.3,21.7
0,Mexico City,2025-04-16T22:00,30.4,37.8,24.5,19.7
0,Mexico City,2025-04-16T23:00,33.3,38.2,14.6,17.9
0,Mexico City,2025-04-17T00:00,35.3,37.9,7.2,16.9
0,Mexico City,2025-04-17T01:00,37.2,37.9,1.9,16.1
0,Mexico City,2025-04-17T02:00,38.7,38.2,0,15.4
0,Mexico City,2025-04-17T03:00,41,40,0,14.6
0,Mexico City,2025-04-17T04:00,44,43.4,0,13.6
0,Mexico City,2025-04-17T05:00,41.3,44.7,8.3,14.5
0,Mexico City,2025-04-17T06:00,38,44.5,17,15.7
0,Mexico City,2025-04-17T07:00,34.6,43.4,25.4,17.3
0,Mexico City,2025-04-17T08:00,31.1,41.6,33.6,19.2
0,Mexico City,2025-04-17T09:00,29.9,40.9,36.5,20
0,Mexico City,2025-04-17T10:00,29.4,40.5,37.4,20.3
0,Mexico City,2025-04-17T11:00,28.8,40.2,39.3,20.7
0,Mexico City,2025-04-17T12:00,28.1,39.8,41.5,21.3
0,Mexico City,2025-04-17T13:00,27,39.2,44.7,22.1
0,Mexico City,2025-04-17T14:00,26.4,38.3,44.9,22.6
0,Mexico City,2025-04-17T15:00,27.5,38,38,21.7
0,Mexico City,2025-04-17T16:00,29.4,38.1,29.7,20.4
0,Mexico City,2025-04-17T17:00,29.5,38.2,29.4,20.3
0,Mexico City,2025-04-17T18:00,28.8,37.9,31.5,20.7
0,Mexico City,2025-04-17T19:00,28.3,37.6,32.6,21.1
0,Mexico City,2025-04-17T20:00,29.6,37.6,26.8,20.2
0,Mexico City,2025-04-17T21:00,30.4,37.3,22.7,19.6
0,Mexico City,2025-04-17T22:00,32,37.5,17.2,18.7
0,Mexico City,2025-04-17T23:00,34,37.7,10.9,17.6
0,Mexico City,2025-04-18T00:00,35.6,37.1,4.3,16.8
0,Mexico City,2025-04-18T01:00,36.7,36.9,0.7,16.3
0,Mexico City,2025-04-18T02:00,37.8,37.3,0,15.8
0,Mexico City,2025-04-18T03:00,40,38.5,0,14.9
0,Mexico City,2025-04-18T04:00,42.5,40.9,0,14.1
0,Mexico City,2025-04-18T05:00,42.6,42.7,0.2,14
0,Mexico City,2025-04-18T06:00,41.8,43.3,3.5,14.3
0,Mexico City,2025-04-18T07:00,39.5,42.7,8.1,15.1
0,Mexico City,2025-04-18T08:00,37.9,42.2,11.4,15.8
0,Mexico City,2025-04-18T09:00,36.6,41.6,13.6,16.3
0,Mexico City,2025-04-18T10:00,35.3,41,15.9,16.9
0,Mexico City,2025-04-18T11:00,34.4,40.3,17.1,17.4
0,Mexico City,2025-04-18T12:00,33.5,40,19.2,17.8
0,Mexico City,2025-04-18T13:00,32.6,39.7,21.5,18.3
0,Mexico City,2025-04-18T14:00,31.8,38.9,22.3,18.8
0,Mexico City,2025-04-18T15:00,31.9,38.4,20.3,18.7
0,Mexico City,2025-04-18T16:00,32.6,38.2,17.2,18.3
0,Mexico City,2025-04-18T17:00,32.5,38.4,18.2,18.4
0,Mexico City,2025-04-18T18:00,32,38.6,20.4,18.7
0,Mexico City,2025-04-18T19:00,30.7,38.2,24.4,19.5
0,Mexico City,2025-04-18T20:00,30.9,38.1,23.3,19.4
0,Mexico City,2025-04-18T21:00,31.8,37.8,18.7,18.8
0,Mexico City,2025-04-18T22:00,32.7,37.6,14.8,18.3
0,Mexico City,2025-04-18T23:00,34.2,37.7,10.2,17.5
0,Mexico City,2025-04-19T00:00,35.7,37.2,4.3,16.7
0,Mexico City,2025-04-19T01:00,36.6,37,0.9,16.3
0,Mexico City,2025-04-19T02:00,37.4,37,0,16
0,Mexico City,2025-04-19T03:00,39.1,38,0,15.3
0,Mexico City,2025-04-19T04:00,41.1,39.7,0,14.5
0,Mexico City,2025-04-19T05:00,41,41.2,0.4,14.6
0,Mexico City,2025-04-19T06:00,41.1,42.1,2.2,14.5
0,Mexico City,2025-04-19T07:00,39.2,41.9,6.9,15.2
0,Mexico City,2025-04-19T08:00,37.4,41.5,10.7,16
0,Mexico City,2025-04-19T09:00,36.1,41.2,14.1,16.5
0,Mexico City,2025-04-19T10:00,34.4,40.6,18,17.4
0,Mexico City,2025-04-19T11:00,33.3,40.4,21.3,17.9
0,Mexico City,2025-04-19T12:00,32.1,40.4,25.5,18.6
0,Mexico City,2025-04-19T13:00,30.8,40,30,19.4
0,Mexico City,2025-04-19T14:00,29.9,39.5,32,20
0,Mexico City,2025-04-19T15:00,30.4,39.3,29.1,19.6
0,Mexico City,2025-04-19T16:00,31.9,39,22.4,18.7
0,Mexico City,2025-04-19T17:00,31.7,38.7,22.1,18.9
0,Mexico City,2025-04-19T18:00,31.8,39.2,23.1,18.8
0,Mexico City,2025-04-19T19:00,29.6,38.9,31.4,20.2
0,Mexico City,2025-04-19T20:00,30.4,38.9,27.9,19.7
0,Mexico City,2025-04-19T21:00,31.9,39,22.3,18.8
0,Mexico City,2025-04-19T22:00,33,39.1,18.3,18.1
0,Mexico City,2025-04-19T23:00,34.6,38.6,11.4,17.3
0,Mexico City,2025-04-20T00:00,36,38,5.5,16.6
0,Mexico City,2025-04-20T01:00,36.4,37.2,2.4,16.4
0,Mexico City,2025-04-20T02:00,37.2,37.1,0,16
0,Mexico City,2025-04-20T03:00,38.5,37.8,0,15.5
0,Mexico City,2025-04-20T04:00,40.6,39.4,0,14.7
0,Mexico City,2025-04-20T05:00,40.8,40.6,0,14.6
0,Mexico City,2025-04-20T06:00,42.1,42.4,0.6,14.2
0,Mexico City,2025-04-20T07:00,41.9,43.5,3.9,14.3
0,Mexico City,2025-04-20T08:00,40.1,43.7,8.9,14.9
0,Mexico City,2025-04-20T09:00,37.2,42.4,13.9,16.1
0,Mexico City,2025-04-20T10:00,35.5,41.7,17.5,16.8
0,Mexico City,2025-04-20T11:00,33.8,41.1,21.5,17.7
0,Mexico City,2025-04-20T12:00,32.4,40.7,25.5,18.4
0,Mexico City,2025-04-20T13:00,30.7,40.1,30.4,19.4
0,Mexico City,2025-04-20T14:00,29.9,39.4,32,20
0,Mexico City,2025-04-20T15:00,30,39.3,31,19.9
0,Mexico City,2025-04-20T16:00,30.6,39.3,28.2,19.5
0,Mexico City,2025-04-20T17:00,30.3,39.1,29,19.7
0,Mexico City,2025-04-20T18:00,29.5,39,31.9,20.2
0,Mexico City,2025-04-20T19:00,28.4,38.7,36.3,21.1
0,Mexico City,2025-04-20T20:00,29.7,39,31.3,20.1
0,Mexico City,2025-04-20T21:00,31.4,39.3,25.2,19
0,Mexico City,2025-04-20T22:00,33.1,40,20.8,18.1
0,Mexico City,2025-04-20T23:00,35.7,40.7,13.8,16.7
0,Mexico City,2025-04-21T00:00,38.5,41.4,7.6,15.5
0,Mexico City,2025-04-21T01:00,40.9,41.5,1.4,14.6
0,Mexico City,2025-04-21T02:00,41.2,40.8,0,14.5
0,Mexico City,2025-04-21T03:00,43.1,41.7,0,13.9
0,Mexico City,2025-04-21T04:00,44,43.6,0,13.6
0,Mexico City,2025-04-21T05:00,37.6,42.8,13.8,15.9
0,Mexico City,2025-04-21T06:00,31.2,41.4,32.6,19.2
0,Mexico City,2025-04-21T07:00,27,39.9,47.3,22.1
0,Mexico City,2025-04-21T08:00,24.4,38.8,58.8,24.5
0,Mexico City,2025-04-21T09:00,26.1,39.3,50.3,22.9
0,Mexico City,2025-04-21T10:00,27.5,39.8,44.7,21.7
0,Mexico City,2025-04-21T11:00,28.1,40.1,42.9,21.3
0,Mexico City,2025-04-21T12:00,27.3,39.6,45.3,21.9
0,Mexico City,2025-04-21T13:00,26,39.1,50.4,23
0,Mexico City,2025-04-21T14:00,25.1,38.5,53.5,23.8
0,Mexico City,2025-04-21T15:00,25.3,38.3,51.5,23.6
0,Mexico City,2025-04-21T16:00,25.1,38.1,51.8,23.8
0,Mexico City,2025-04-21T17:00,23.9,37.6,57.7,25.1
0,Mexico City,2025-04-21T18:00,20.5,36.8,79.4,29.2
0,Mexico City,2025-04-21T19:00,21.4,36.5,70.3,27.9
0,Mexico City,2025-04-21T20:00,24.9,37.3,49.4,24
0,Mexico City,2025-04-21T21:00,29.3,37.9,29.6,20.4
0,Mexico City,2025-04-21T22:00,32.7,38.3,16.8,18.2
0,Mexico City,2025-04-21T23:00,35.7,38.5,7.8,16.7
0,Mexico City,2025-04-22T00:00,37.8,38.8,2.4,15.8
0,Mexico City,2025-04-22T01:00,38.6,38.7,0.2,15.5
0,Mexico City,2025-04-22T02:00,39.7,39.3,0,15
0,Mexico City,2025-04-22T03:00,42.5,41.6,0,14.1
0,Mexico City,2025-04-22T04:00,43.5,42.9,0,13.7
0,Mexico City,2025-04-22T05:00,37.5,41.8,11.3,15.9
0,Mexico City,2025-04-22T06:00,31.5,40.7,29.4,19
0,Mexico City,2025-04-22T07:00,25.9,39,50.4,23.1
0,Mexico City,2025-04-22T08:00,22.2,37.8,69.9,26.9
0,Mexico City,2025-04-22T09:00,22.5,38.1,68.9,26.5
0,Mexico City,2025-04-22T10:00,24.3,38.7,59.2,24.6
0,Mexico City,2025-04-22T11:00,25,38.7,54.8,23.9
0,Mexico City,2025-04-22T12:00,24.8,38.4,54.6,24.1
0,Mexico City,2025-04-22T13:00,23.9,38,58.8,25
0,Mexico City,2025-04-22T14:00,23.3,37.6,61.5,25.7
0,Mexico City,2025-04-22T15:00,23.5,37.4,59.1,25.5
0,Mexico City,2025-04-22T16:00,23.7,37.5,58.3,25.3
0,Mexico City,2025-04-22T17:00,21.2,36.9,74.1,28.2
0,Mexico City,2025-04-22T18:00,19.3,36.2,87.6,31
0,Mexico City,2025-04-22T19:00,19.3,35.8,84.6,30.9
0,Mexico City,2025-04-22T20:00,23,36.1,56.6,25.9
0,Mexico City,2025-04-22T21:00,27.7,37,33.8,21.6
0,Mexico City,2025-04-22T22:00,31.6,37.7,19.3,18.9
0,Mexico City,2025-04-22T23:00,34.4,37.7,9.6,17.4
0,Mexico City,2025-04-23T00:00,36.6,37.8,3.1,16.3
0,Mexico City,2025-04-23T01:00,37.9,38,0.2,15.8
0,Mexico City,2025-04-23T02:00,38.6,38.3,0,15.5
0,Mexico City,2025-04-23T03:00,41,40.1,0,14.6
0,Mexico City,2025-04-23T04:00,42.9,41.9,0,13.9
0,Mexico City,2025-04-23T05:00,37.7,41.7,10.5,15.8
0,Mexico City,2025-04-23T06:00,31.6,40.6,28.6,18.9
0,Mexico City,2025-04-23T07:00,26,39,50.1,23
0,Mexico City,2025-04-23T08:00,22.3,37.9,69.6,26.7
0,Mexico City,2025-04-23T09:00,22.9,38.2,66.7,26.1
0,Mexico City,2025-04-23T10:00,24.2,38.5,59.2,24.7
0,Mexico City,2025-04-23T11:00,24.4,38.5,57.6,24.5
0,Mexico City,2025-04-23T12:00,24.1,38.4,59.4,24.8
0,Mexico City,2025-04-23T13:00,23.2,37.9,63.3,25.8
0,Mexico City,2025-04-23T14:00,22.8,37.8,65.5,26.2
0,Mexico City,2025-04-23T15:00,23,37.5,62.6,25.9
0,Mexico City,2025-04-23T16:00,23.4,37.6,60.1,25.5
0,Mexico City,2025-04-23T17:00,22.3,37.6,68.5,26.8
0,Mexico City,2025-04-23T18:00,19.4,36.7,89.6,30.9
0,Mexico City,2025-04-23T19:00,18,36.1,100,33.2
0,Mexico City,2025-04-23T20:00,20.1,35.9,78.1,29.7
0,Mexico City,2025-04-23T21:00,25.4,36.8,44.6,23.5
0,Mexico City,2025-04-23T22:00,30,37.6,25.2,19.9
0,Mexico City,2025-04-23T23:00,32.6,38.6,18.3,18.3
0,Mexico City,2025-04-24T00:00,34.3,39.8,16,17.4
0,Mexico City,2025-04-24T01:00,36.7,38.6,5,16.3
0,Mexico City,2025-04-24T02:00,37.9,37.9,0,15.7
0,Mexico City,2025-04-24T03:00,40.6,39.8,0,14.7
0,Mexico City,2025-04-24T04:00,43.7,42.9,0,13.7
0,Mexico City,2025-04-24T05:00,38.8,42.2,8.7,15.4
0,Mexico City,2025-04-24T06:00,33.6,41,21.9,17.8
0,Mexico City,2025-04-24T07:00,28.8,39.7,37.8,20.8
0,Mexico City,2025-04-24T08:00,25,38.7,54.3,23.9
0,Mexico City,2025-04-24T09:00,26.1,38.8,48.7,22.9
0,Mexico City,2025-04-24T10:00,27.3,39.1,43.3,21.9
0,Mexico City,2025-04-24T11:00,27,38.9,43.7,22.1
0,Mexico City,2025-04-24T12:00,27,38.9,44,22.1
0,Mexico City,2025-04-24T13:00,26.2,38.5,46.5,22.8
0,Mexico City,2025-04-24T14:00,25.9,38.1,47.2,23.1
0,Mexico City,2025-04-24T15:00,26.3,38.1,44.7,22.7
0,Mexico City,2025-04-24T16:00,26.9,38.2,42,22.2
0,Mexico City,2025-04-24T17:00,25.8,38.2,47.9,23.1
0,Mexico City,2025-04-24T18:00,23.8,37.6,57.8,25.1
0,Mexico City,2025-04-24T19:00,23.3,36.9,58.2,25.6
0,Mexico City,2025-04-24T20:00,25.7,37,44.2,23.3
0,Mexico City,2025-04-24T21:00,28.8,37.4,29.9,20.7
0,Mexico City,2025-04-24T22:00,31.1,37.7,21.4,19.2
0,Mexico City,2025-04-24T23:00,33.5,37.9,13,17.8
0,Mexico City,2025-04-25T00:00,36,38,5.5,16.6
0,Mexico City,2025-04-25T01:00,36.9,37.4,1.3,16.2
0,Mexico City,2025-04-25T02:00,37.8,37.4,0,15.8
0,Mexico City,2025-04-25T03:00,39.7,38.8,0,15
0,Mexico City,2025-04-25T04:00,41.9,41.2,0,14.2
0,Mexico City,2025-04-25T05:00,38.2,41.6,9,15.6
0,Mexico City,2025-04-25T06:00,33.1,40.9,23.3,18
0,Mexico City,2025-04-25T07:00,28.1,39.5,40.7,21.3
0,Mexico City,2025-04-25T08:00,24.1,38.4,59.4,24.8
0,Mexico City,2025-04-25T09:00,23.4,38.3,63.3,25.5
0,Mexico City,2025-04-25T10:00,23.5,38.5,63.6,25.4
0,Mexico City,2025-04-25T11:00,23.5,38.6,64.1,25.4
0,Mexico City,2025-04-25T12:00,22.8,38.5,68.4,26.2
0,Mexico City,2025-04-25T13:00,21.8,38,74.3,27.4
0,Mexico City,2025-04-25T14:00,20.3,37.5,84.1,29.4
0,Mexico City,2025-04-25T15:00,19.2,37,92.3,31.1
0,Mexico City,2025-04-25T16:00,19.8,37,86.7,30.2
0,Mexico City,2025-04-25T17:00,19.9,36.8,84.5,30
0,Mexico City,2025-04-25T18:00,18.9,36.2,91.8,31.7
0,Mexico City,2025-04-25T19:00,18.2,35.7,95.6,32.8
0,Mexico City,2025-04-25T20:00,19.8,35.8,80.7,30.2
0,Mexico City,2025-04-25T21:00,23,36.3,58,26
0,Mexico City,2025-04-25T22:00,26.6,36.9,38.7,22.5
0,Mexico City,2025-04-25T23:00,30.6,37.6,22.8,19.5
0,Mexico City,2025-04-26T00:00,33.4,37.8,13,17.9
0,Mexico City,2025-04-26T01:00,34.4,37.5,8.9,17.4
0,Mexico City,2025-04-26T02:00,36.2,37.4,3.3,16.5
0,Mexico City,2025-04-26T03:00,37.6,37.8,0.4,15.9
0,Mexico City,2025-04-26T04:00,39.7,39.4,0,15.1
0,Mexico City,2025-04-26T05:00,39.3,40.9,4.1,15.2
0,Mexico City,2025-04-26T06:00,38.6,42.1,9,15.5
0,Mexico City,2025-04-26T07:00,35.1,41.6,18.5,17
0,Mexico City,2025-04-26T08:00,31.5,40.8,29.6,19
0,Mexico City,2025-04-26T09:00,28.7,39.9,38.9,20.8
0,Mexico City,2025-04-26T10:00,27,39.4,45.4,22.1
0,Mexico City,2025-04-26T11:00,26,39,50,23
0,Mexico City,2025-04-26T12:00,24.9,38.9,55.9,24
0,Mexico City,2025-04-26T13:00,23,38.3,66.4,26
0,Mexico City,2025-04-26T14:00,21.8,37.7,72.6,27.4
0,Mexico City,2025-04-26T15:00,22.6,37.5,65.9,26.5
0,Mexico City,2025-04-26T16:00,24.5,37.6,53.1,24.4
0,Mexico City,2025-04-26T17:00,25.7,37.8,46.8,23.2
0,Mexico City,2025-04-26T18:00,26.2,38,45,22.8
0,Mexico City,2025-04-26T19:00,24.9,37.8,51.8,24
0,Mexico City,2025-04-26T20:00,25.3,37.7,49.2,23.7
0,Mexico City,2025-04-26T21:00,27.9,37.7,35.1,21.4
0,Mexico City,2025-04-26T22:00,30,37.8,25.8,19.9
0,Mexico City,2025-04-26T23:00,31.6,38.1,20.5,18.9
0,Mexico City,2025-04-27T00:00,31.9,38.3,19.9,18.7
0,Mexico City,2025-04-27T01:00,34.2,37.8,10.6,17.5
0,Mexico City,2025-04-27T02:00,36.2,37.7,4.1,16.5
0,Mexico City,2025-04-27T03:00,37.6,37.9,0.9,15.9
0,Mexico City,2025-04-27T04:00,38.9,38.6,0,15.3
0,Mexico City,2025-04-27T05:00,39.3,39.7,0.8,15.2
0,Mexico City,2025-04-27T06:00,40.4,41.6,2.8,14.8
0,Mexico City,2025-04-27T07:00,38.5,41.6,8,15.5
0,Mexico City,2025-04-27T08:00,36,40.9,13.6,16.6
0,Mexico City,2025-04-27T09:00,33.5,40.3,20.2,17.8
0,Mexico City,2025-04-27T10:00,31.4,39.9,27,19
0,Mexico City,2025-04-27T11:00,30,39.8,32.4,19.9
0,Mexico City,2025-04-27T12:00,28.3,39.4,39.1,21.1
0,Mexico City,2025-04-27T13:00,26.7,39,45.6,22.4
0,Mexico City,2025-04-27T14:00,26.2,38.7,47.6,22.8
0,Mexico City,2025-04-27T15:00,26.6,38.4,44.2,22.4
0,Mexico City,2025-04-27T16:00,27.8,38.5,38.2,21.5
0,Mexico City,2025-04-27T17:00,28.6,38.5,34.4,20.9
0,Mexico City,2025-04-27T18:00,27.9,38.5,37.9,21.4
0,Mexico City,2025-04-27T19:00,26.1,38.1,45.8,22.9
0,Mexico City,2025-04-27T20:00,26.8,38.1,41.9,22.3
0,Mexico City,2025-04-27T21:00,29.4,38.3,30.2,20.3
0,Mexico City,2025-04-27T22:00,31.9,38.5,20.6,18.8
0,Mexico City,2025-04-27T23:00,33.8,38.7,14.5,17.7
0,Mexico City,2025-04-28T00:00,34.5,39.4,14.1,17.3
0,Mexico City,2025-04-28T01:00,36.9,38.6,4.4,16.2
0,Mexico City,2025-04-28T02:00,38.4,38.5,0.3,15.6
0,Mexico City,2025-04-28T03:00,42,40.6,0,14.2
0,Mexico City,2025-04-28T04:00,42.8,42.7,0,14
0,Mexico City,2025-04-28T05:00,34.7,41.5,19.7,17.2
0,Mexico City,2025-04-28T06:00,25.1,38.8,54.4,23.8
0,Mexico City,2025-04-28T07:00,19.4,36.8,89.2,30.8
0,Mexico City,2025-04-28T08:00,18.7,36.7,96.3,32
0,Mexico City,2025-04-28T09:00,21.5,37.8,75.4,27.8
0,Mexico City,2025-04-28T10:00,24.5,38.4,56.5,24.4
0,Mexico City,2025-04-28T11:00,25.6,38.6,50.6,23.3
0,Mexico City,2025-04-28T12:00,25.5,38.6,51.3,23.4
0,Mexico City,2025-04-28T13:00,23.9,38,59,25
0,Mexico City,2025-04-28T14:00,22,37.3,69.4,27.2
0,Mexico City,2025-04-28T15:00,21.7,37,70.3,27.5
0,Mexico City,2025-04-28T16:00,22.5,37.1,64.7,26.6
0,Mexico City,2025-04-28T17:00,21.9,37,68.7,27.3
0,Mexico City,2025-04-28T18:00,19.8,36.2,83.1,30.2
0,Mexico City,2025-04-28T19:00,19.5,35.9,83.7,30.7
0,Mexico City,2025-04-28T20:00,22.6,36.2,60,26.4
0,Mexico City,2025-04-28T21:00,26.8,36.9,37.4,22.3
0,Mexico City,2025-04-28T22:00,30.6,37.4,21.8,19.5
0,Mexico City,2025-04-28T23:00,34.1,37.7,10.4,17.5
0,Mexico City,2025-04-29T00:00,36.7,37.7,2.5,16.3
0,Mexico City,2025-04-29T01:00,38.1,37.8,0,15.7
0,Mexico City,2025-04-29T02:00,39.7,38.8,0,15
0,Mexico City,2025-04-29T03:00,41.5,40.5,0,14.4
0,Mexico City,2025-04-29T04:00,43.4,42.8,0,13.8
0,Mexico City,2025-04-29T05:00,35.6,41.1,15.3,16.8
0,Mexico City,2025-04-29T06:00,25.7,38.6,50.5,23.3
0,Mexico City,2025-04-29T07:00,19.3,36.6,89.3,30.9
0,Mexico City,2025-04-29T08:00,17.6,36.3,105.8,33.9
0,Mexico City,2025-04-29T09:00,19.6,37,88.8,30.5
0,Mexico City,2025-04-29T10:00,22.4,38,69.6,26.7
0,Mexico City,2025-04-29T11:00,22.6,38.2,69.1,26.5
0,Mexico City,2025-04-29T12:00,22.5,37.7,67.4,26.6
0,Mexico City,2025-04-29T13:00,21.8,37.5,71.5,27.3
0,Mexico City,2025-04-29T14:00,20,36.8,84.4,29.9
0,Mexico City,2025-04-29T15:00,19.9,36.5,83.4,30.1
0,Mexico City,2025-04-29T16:00,20.3,36.5,79.5,29.5
0,Mexico City,2025-04-29T17:00,19,36.4,91.3,31.4
0,Mexico City,2025-04-29T18:00,17.4,35.8,106.2,34.4
0,Mexico City,2025-04-29T19:00,17.3,35.3,103.6,34.5
0,Mexico City,2025-04-29T20:00,20.2,35.8,76.8,29.5
0,Mexico City,2025-04-29T21:00,24.2,36.3,49.5,24.7
0,Mexico City,2025-04-29T22:00,28.9,37.1,28.1,20.6
0,Mexico City,2025-04-29T23:00,34,37.7,11,17.6
0,Mexico City,2025-04-30T00:00,36.4,37.6,3.3,16.4
0,Mexico City,2025-04-30T01:00,37.5,37.5,0.1,15.9
0,Mexico City,2025-04-30T02:00,38.9,38.3,0,15.4
0,Mexico City,2025-04-30T03:00,41.5,40.2,0,14.4
0,Mexico City,2025-04-30T04:00,43.1,42.2,0,13.9
0,Mexico City,2025-04-30T05:00,36,41.1,13.9,16.6
0,Mexico City,2025-04-30T06:00,26.4,38.9,47.3,22.7
0,Mexico City,2025-04-30T07:00,20,36.8,83.6,29.8
0,Mexico City,2025-04-30T08:00,18.1,36.5,101.5,33.1
0,Mexico City,2025-04-30T09:00,19.4,36.9,90.3,30.8
0,Mexico City,2025-04-30T10:00,21.8,37.7,73.1,27.4
0,Mexico City,2025-04-30T11:00,22.8,37.9,66.2,26.2
0,Mexico City,2025-04-30T12:00,22.1,37.6,70,27
0,Mexico City,2025-04-30T13:00,20.5,37.3,82.1,29.2
0,Mexico City,2025-04-30T14:00,18.2,36.7,101.2,32.8
0,Mexico City,2025-04-30T15:00,17.9,36.4,103.1,33.4
0,Mexico City,2025-04-30T16:00,18.9,36.5,92.7,31.5
0,Mexico City,2025-04-30T17:00,18.4,36.6,98.2,32.4
0,Mexico City,2025-04-30T18:00,16.6,36,115.7,35.9
0,Mexico City,2025-04-30T19:00,16.4,35.5,116,36.4
0,Mexico City,2025-04-30T20:00,18.5,35.8,93.2,32.3
0,Mexico City,2025-04-30T21:00,21.9,36.2,65.2,27.3
0,Mexico City,2025-04-30T22:00,26.5,36.8,39,22.6
0,Mexico City,2025-04-30T23:00,32.1,37.8,17.6,18.6
0,Mexico City,2025-05-01T00:00,35.1,37.6,7,17
0,Mexico City,2025-05-01T01:00,36.7,37.5,2.2,16.3
0,Mexico City,2025-05-01T02:00,38,37.7,0,15.7
0,Mexico City,2025-05-01T03:00,40.1,39,0,14.9
0,Mexico City,2025-05-01T04:00,43.4,41.8,0,13.8
0,Mexico City,2025-05-01T05:00,42.5,43.1,1.5,14.1
0,Mexico City,2025-05-01T06:00,41.3,44,6.6,14.5
0,Mexico City,2025-05-01T07:00,39.1,43.2,10.5,15.3
0,Mexico City,2025-05-01T08:00,37,42.2,14.1,16.2
0,Mexico City,2025-05-01T09:00,34.6,41.1,18.8,17.3
0,Mexico City,2025-05-01T10:00,32.4,40.4,24.5,18.4
0,Mexico City,2025-05-01T11:00,30.6,39.7,29.7,19.6
0,Mexico City,2025-05-01T12:00,30,39.4,31.3,19.9
0,Mexico City,2025-05-01T13:00,29.2,39,33.4,20.5
0,Mexico City,2025-05-01T14:00,28.8,38.4,33.4,20.8
0,Mexico City,2025-05-01T15:00,28.9,37.8,30.5,20.7
0,Mexico City,2025-05-01T16:00,29.1,37.6,28.9,20.5
0,Mexico City,2025-05-01T17:00,29.3,37.9,29.5,20.4
0,Mexico City,2025-05-01T18:00,28.9,38.1,32,20.7
0,Mexico City,2025-05-01T19:00,28.7,37.5,30.6,20.8
0,Mexico City,2025-05-01T20:00,29.6,37.3,25.9,20.2
0,Mexico City,2025-05-01T21:00,30.6,37.5,22.4,19.5
0,Mexico City,2025-05-01T22:00,32.1,38,18.2,18.6
0,Mexico City,2025-05-01T23:00,34.8,38.5,10.6,17.2
0,Mexico City,2025-05-02T00:00,36.2,37.4,3.2,16.5
0,Mexico City,2025-05-02T01:00,37,37.2,0.3,16.1
0,Mexico City,2025-05-02T02:00,38.2,37.5,0,15.6
0,Mexico City,2025-05-02T03:00,40.2,39,0,14.9
0,Mexico City,2025-05-02T04:00,42.3,41.2,0,14.1
0,Mexico City,2025-05-02T05:00,37.7,41.6,10.1,15.8
0,Mexico City,2025-05-02T06:00,31.4,40,27.2,19
0,Mexico City,2025-05-02T07:00,27.6,38.7,40.4,21.7
0,Mexico City,2025-05-02T08:00,25.9,38.4,48.2,23.1
0,Mexico City,2025-05-02T09:00,26.1,38.5,47.3,22.9
0,Mexico City,2025-05-02T10:00,25.9,38.7,49.1,23.1
0,Mexico City,2025-05-02T11:00,25.3,38.7,52.8,23.6
0,Mexico City,2025-05-02T12:00,24.3,38.4,57.6,24.6
0,Mexico City,2025-05-02T13:00,22.5,37.8,67.4,26.5
0,Mexico City,2025-05-02T14:00,20.8,37.3,79.4,28.8
0,Mexico City,2025-05-02T15:00,19.9,36.9,84.6,30
0,Mexico City,2025-05-02T16:00,20.8,36.7,76.5,28.8
0,Mexico City,2025-05-02T17:00,21,36.6,73.9,28.4
0,Mexico City,2025-05-02T18:00,20.4,36.2,77.7,29.3
0,Mexico City,2025-05-02T19:00,20.2,35.9,76.8,29.5
0,Mexico City,2025-05-02T20:00,22.8,36.2,58.5,26.2
0,Mexico City,2025-05-02T21:00,26.3,36.8,39.4,22.7
0,Mexico City,2025-05-02T22:00,29.1,37.1,27.6,20.5
0,Mexico City,2025-05-02T23:00,31.9,37.5,17.6,18.7
0,Mexico City,2025-05-03T00:00,34.6,37.4,8.3,17.3
0,Mexico City,2025-05-03T01:00,35.7,37.3,4.4,16.7
0,Mexico City,2025-05-03T02:00,36.6,37.1,1.3,16.3
0,Mexico City,2025-05-03T03:00,37.8,37.6,0,15.8
0,Mexico City,2025-05-03T04:00,39.7,39.3,0,15.1
0,Mexico City,2025-05-03T05:00,39.7,41,3.1,15
0,Mexico City,2025-05-03T06:00,38.7,42,8.4,15.4
0,Mexico City,2025-05-03T07:00,34.9,41.4,18.7,17.1
0,Mexico City,2025-05-03T08:00,31.3,40.6,29.5,19.1
0,Mexico City,2025-05-03T09:00,29,40,37.9,20.6
0,Mexico City,2025-05-03T10:00,27.1,39.4,45.2,22
0,Mexico City,2025-05-03T11:00,26,39.1,50.2,23
0,Mexico City,2025-05-03T12:00,24.5,38.7,57.5,24.4
0,Mexico City,2025-05-03T13:00,23.1,38.2,65.2,25.9
0,Mexico City,2025-05-03T14:00,22.1,37.7,70.1,27
0,Mexico City,2025-05-03T15:00,22.8,37.3,63.4,26.2
0,Mexico City,2025-05-03T16:00,24.8,37.4,50.8,24.1
0,Mexico City,2025-05-03T17:00,26.7,37.7,41,22.4
0,Mexico City,2025-05-03T18:00,27.3,37.9,38.5,21.9
0,Mexico City,2025-05-03T19:00,26.7,37.8,41.6,22.4
0,Mexico City,2025-05-03T20:00,27.1,37.9,39.6,22
0,Mexico City,2025-05-03T21:00,28.8,38,32,20.8
0,Mexico City,2025-05-03T22:00,30.9,37.7,22,19.3
0,Mexico City,2025-05-03T23:00,32.8,37.8,15.3,18.2
0,Mexico City,2025-05-04T00:00,34.5,37.7,9.3,17.3
0,Mexico City,2025-05-04T01:00,35.5,37.3,5.2,16.8
0,Mexico City,2025-05-04T02:00,36.7,37.5,2.1,16.3
0,Mexico City,2025-05-04T03:00,37.8,37.9,0.2,15.8
0,Mexico City,2025-05-04T04:00,39.4,39,0,15.2
0,Mexico City,2025-05-04T05:00,39.5,39.9,0.8,15.1
0,Mexico City,2025-05-04T06:00,40,41.1,2.8,14.9
0,Mexico City,2025-05-04T07:00,38.5,41.3,7.2,15.5
0,Mexico City,2025-05-04T08:00,36.2,40.9,12.9,16.5
0,Mexico City,2025-05-04T09:00,34.8,40.9,17.5,17.2
0,Mexico City,2025-05-04T10:00,32.9,40.4,22.7,18.1
0,Mexico City,2025-05-04T11:00,31.4,40.2,28,19
0,Mexico City,2025-05-04T12:00,29.7,40,34.4,20.1
0,Mexico City,2025-05-04T13:00,27.7,39.3,41.9,21.6
0,Mexico City,2025-05-04T14:00,27.5,39.1,42.1,21.7
0,Mexico City,2025-05-04T15:00,28.4,39.2,37.9,21
0,Mexico City,2025-05-04T16:00,28.5,39.4,37.9,20.9
0,Mexico City,2025-05-04T17:00,28.9,39.1,35,20.7
0,Mexico City,2025-05-04T18:00,29.8,39.3,31.6,20
0,Mexico City,2025-05-04T19:00,28.1,39.1,39,21.3
0,Mexico City,2025-05-04T20:00,28.8,38.7,34.1,20.7
0,Mexico City,2025-05-04T21:00,31,39.1,26.1,19.3
0,Mexico City,2025-05-04T22:00,33.1,39.6,19.6,18.1
0,Mexico City,2025-05-04T23:00,36,40.2,11.4,16.6
0,Mexico City,2025-05-05T00:00,38.8,41.1,5.9,15.4
0,Mexico City,2025-05-05T01:00,38.5,40.4,4.8,15.5
0,Mexico City,2025-05-05T02:00,39.4,39,0,15.2
0,Mexico City,2025-05-05T03:00,41.7,40.5,0,14.3
0,Mexico City,2025-05-05T04:00,43.4,42.5,0,13.8
0,Mexico City,2025-05-05T05:00,38.8,42.3,8.9,15.4
0,Mexico City,2025-05-05T06:00,33.1,41.1,24,18
0,Mexico City,2025-05-05T07:00,28,39.3,40.2,21.3
0,Mexico City,2025-05-05T08:00,26.5,38.8,46.2,22.5
0,Mexico City,2025-05-05T09:00,27.8,39,40,21.5
0,Mexico City,2025-05-05T10:00,28.1,39,38.7,21.2
0,Mexico City,2025-05-05T11:00,26.8,38.7,44,22.3
0,Mexico City,2025-05-05T12:00,26.5,38.9,46.9,22.6
0,Mexico City,2025-05-05T13:00,25.8,38.7,49.5,23.1
0,Mexico City,2025-05-05T14:00,25.1,38.3,52.1,23.8
0,Mexico City,2025-05-05T15:00,25.5,38,49.2,23.5
0,Mexico City,2025-05-05T16:00,26,37.9,45.7,23
0,Mexico City,2025-05-05T17:00,24.7,37.9,53,24.2
0,Mexico City,2025-05-05T18:00,22.4,37.3,66.2,26.7
0,Mexico City,2025-05-05T19:00,22.6,36.9,63.4,26.5
0,Mexico City,2025-05-05T20:00,26.1,37.3,42.6,22.9
0,Mexico City,2025-05-05T21:00,29.6,37.8,27.7,20.2
0,Mexico City,2025-05-05T22:00,32.3,38,17.7,18.5
0,Mexico City,2025-05-05T23:00,35.3,38,7.8,16.9
0,Mexico City,2025-05-06T00:00,37.5,38.1,1.7,15.9
0,Mexico City,2025-05-06T01:00,38.1,38,0,15.7
0,Mexico City,2025-05-06T02:00,39.1,38.7,0,15.3
0,Mexico City,2025-05-06T03:00,41.3,40.5,0,14.5
0,Mexico City,2025-05-06T04:00,42.9,42.4,0,13.9
0,Mexico City,2025-05-06T05:00,35.1,41.1,16.9,17
0,Mexico City,2025-05-06T06:00,25,38.6,54.5,23.9
0,Mexico City,2025-05-06T07:00,18.7,36.5,94.8,32
0,Mexico City,2025-05-06T08:00,17,36.2,112.7,35.2
0,Mexico City,2025-05-06T09:00,18.3,36.5,99,32.7
0,Mexico City,2025-05-06T10:00,20.9,37.4,78.9,28.7
0,Mexico City,2025-05-06T11:00,22.4,37.7,67.8,26.6
0,Mexico City,2025-05-06T12:00,22.9,37.5,63.4,26
0,Mexico City,2025-05-06T13:00,22,37.2,69.1,27.2
0,Mexico City,2025-05-06T14:00,20.3,36.7,80.9,29.5
0,Mexico City,2025-05-06T15:00,20.3,36.4,79.3,29.5
0,Mexico City,2025-05-06T16:00,20.8,36.5,74.8,28.7
0,Mexico City,2025-05-06T17:00,20.1,36.4,80.9,29.7
0,Mexico City,2025-05-06T18:00,18.4,35.9,95.2,32.5
0,Mexico City,2025-05-06T19:00,18.3,35.6,93.9,32.6
0,Mexico City,2025-05-06T20:00,21.4,36,67.9,27.9
0,Mexico City,2025-05-06T21:00,25.7,36.6,42.2,23.2
0,Mexico City,2025-05-06T22:00,30.3,37.2,22.9,19.7
0,Mexico City,2025-05-06T23:00,34.4,37.6,9.3,17.4
0,Mexico City,2025-05-07T00:00,36.7,37.7,2.6,16.3
0,Mexico City,2025-05-07T01:00,37.8,37.8,0,15.8
0,Mexico City,2025-05-07T02:00,39,38.5,0,15.3
0,Mexico City,2025-05-07T03:00,41,40.1,0,14.6
0,Mexico City,2025-05-07T04:00,42.9,42.1,0,13.9
0,Mexico City,2025-05-07T05:00,36,41.1,14.2,16.6
0,Mexico City,2025-05-07T06:00,25.7,38.7,50.6,23.2
0,Mexico City,2025-05-07T07:00,18.9,36.6,93.3,31.6
0,Mexico City,2025-05-07T08:00,17.2,36.3,110.8,34.8
0,Mexico City,2025-05-07T09:00,18.7,36.7,96.5,32
0,Mexico City,2025-05-07T10:00,21.2,37.6,77.3,28.2
0,Mexico City,2025-05-07T11:00,22.2,37.7,69.4,26.9
0,Mexico City,2025-05-07T12:00,22.8,37.7,65.3,26.2
0,Mexico City,2025-05-07T13:00,21.4,37.2,73.8,27.9
0,Mexico City,2025-05-07T14:00,19.6,37.3,89.9,30.5
0,Mexico City,2025-05-07T15:00,19.5,36.7,88.1,30.7
0,Mexico City,2025-05-07T16:00,20.2,36.4,79.9,29.5
0,Mexico City,2025-05-07T17:00,19.5,36.5,86.8,30.6
0,Mexico City,2025-05-07T18:00,17.4,35.7,105,34.4
0,Mexico City,2025-05-07T19:00,17.3,35.2,103.1,34.5
0,Mexico City,2025-05-07T20:00,20,35.4,76.7,29.9
0,Mexico City,2025-05-07T21:00,24,36.1,50.1,24.9
0,Mexico City,2025-05-07T22:00,28.6,36.9,28.9,20.9
0,Mexico City,2025-05-07T23:00,33.6,37.7,12.2,17.8
0,Mexico City,2025-05-08T00:00,36.8,37.9,2.8,16.2
0,Mexico City,2025-05-08T01:00,37.4,37.5,0.1,16
0,Mexico City,2025-05-08T02:00,38.3,37.8,0,15.6
0,Mexico City,2025-05-08T03:00,41.2,40,0,14.5
0,Mexico City,2025-05-08T04:00,42.3,41.7,0,14.1
0,Mexico City,2025-05-08T05:00,35.5,41,15.4,16.8
0,Mexico City,2025-05-08T06:00,26.1,38.8,48.7,22.9
0,Mexico City,2025-05-08T07:00,19.7,36.8,86.2,30.3
0,Mexico City,2025-05-08T08:00,18.2,36.4,100.2,32.9
0,Mexico City,2025-05-08T09:00,19.7,37,87.9,30.4
0,Mexico City,2025-05-08T10:00,21.5,37.5,74.3,27.8
0,Mexico City,2025-05-08T11:00,22.3,37.6,68.6,26.8
0,Mexico City,2025-05-08T12:00,22.1,37.5,69.4,27
0,Mexico City,2025-05-08T13:00,20.9,37,77.1,28.6
0,Mexico City,2025-05-08T14:00,18.8,36.4,93.3,31.8
0,Mexico City,2025-05-08T15:00,17.3,36,108.1,34.6
0,Mexico City,2025-05-08T16:00,17.9,35.9,100.9,33.5
0,Mexico City,2025-05-08T17:00,17.2,35.8,107.4,34.6
0,Mexico City,2025-05-08T18:00,16.7,35.6,112.5,35.7
0,Mexico City,2025-05-08T19:00,17.2,35.3,105.2,34.8
0,Mexico City,2025-05-08T20:00,20.2,35.7,76.3,29.5
0,Mexico City,2025-05-08T21:00,24.3,36.3,49.1,24.6
0,Mexico City,2025-05-08T22:00,28.5,37,29.8,21
0,Mexico City,2025-05-08T23:00,32.7,37.6,14.9,18.3
0,Mexico City,2025-05-09T00:00,35.5,37.9,6.8,16.8
0,Mexico City,2025-05-09T01:00,37.3,37.9,1.6,16
0,Mexico City,2025-05-09T02:00,38.2,37.7,0,15.7
0,Mexico City,2025-05-09T03:00,39.7,38.8,0,15
0,Mexico City,2025-05-09T04:00,41.7,41.2,0,14.3
0,Mexico City,2025-05-09T05:00,36.2,41.1,13.4,16.5
0,Mexico City,2025-05-09T06:00,28.5,39.3,37.8,21
0,Mexico City,2025-05-09T07:00,23.5,37.5,59.5,25.4
0,Mexico City,2025-05-09T08:00,22.3,37.4,67,26.7
0,Mexico City,2025-05-09T09:00,24,37.9,58.1,24.9
0,Mexico City,2025-05-09T10:00,24.1,38,57.7,24.8
0,Mexico City,2025-05-09T11:00,23.3,38,62.7,25.6
0,Mexico City,2025-05-09T12:00,22,37.7,70.9,27.1
0,Mexico City,2025-05-09T13:00,20.2,37.3,84.7,29.6
0,Mexico City,2025-05-09T14:00,17.6,36.6,107.1,33.9
0,Mexico City,2025-05-09T15:00,16.1,36,123.4,37.1
0,Mexico City,2025-05-09T16:00,17.3,36.1,109.2,34.6
0,Mexico City,2025-05-09T17:00,18.2,36.2,98.3,32.8
0,Mexico City,2025-05-09T18:00,16.2,35.4,117.8,36.8
0,Mexico City,2025-05-09T19:00,16.1,35.1,117.1,37
0,Mexico City,2025-05-09T20:00,19,35.7,87.2,31.4
0,Mexico City,2025-05-09T21:00,22.5,36,60.1,26.6
0,Mexico City,2025-05-09T22:00,25.7,36.6,42.4,23.2
0,Mexico City,2025-05-09T23:00,28.9,37.4,28.9,20.6
0,Mexico City,2025-05-10T00:00,32.3,37.9,17.4,18.5
0,Mexico City,2025-05-10T01:00,34.4,38,10.4,17.4
0,Mexico City,2025-05-10T02:00,36.5,37.8,3.5,16.4
0,Mexico City,2025-05-10T03:00,38.1,38.1,0,15.7
0,Mexico City,2025-05-10T04:00,40.2,39.8,0,14.9
0,Mexico City,2025-05-10T05:00,39.5,40.8,3.1,15.1
0,Mexico City,2025-05-10T06:00,38.7,41.7,7.8,15.5
0,Mexico City,2025-05-10T07:00,35.6,41.3,16,16.8
0,Mexico City,2025-05-10T08:00,32.5,40.6,24.7,18.4
0,Mexico City,2025-05-10T09:00,29.5,39.6,34.1,20.2
0,Mexico City,2025-05-10T10:00,27.7,39.1,41,21.6
0,Mexico City,2025-05-10T11:00,26.7,38.7,44.6,22.4
0,Mexico City,2025-05-10T12:00,25.7,38.5,50,23.3
0,Mexico City,2025-05-10T13:00,23.4,38.1,62.4,25.5
0,Mexico City,2025-05-10T14:00,21.8,37.6,72.1,27.4
0,Mexico City,2025-05-10T15:00,22.1,37,67.2,27.1
0,Mexico City,2025-05-10T16:00,25.1,36.9,46.9,23.8
0,Mexico City,2025-05-10T17:00,27.1,37.4,38,22.1
0,Mexico City,2025-05-10T18:00,28.9,38,31.2,20.7
0,Mexico City,2025-05-10T19:00,28.2,38,34.7,21.2
0,Mexico City,2025-05-10T20:00,28.5,38,33.4,21
0,Mexico City,2025-05-10T21:00,29.7,37.8,27.1,20.1
0,Mexico City,2025-05-10T22:00,30.9,38,22.9,19.3
0,Mexico City,2025-05-10T23:00,31.9,38.1,19.1,18.7
0,Mexico City,2025-05-11T00:00,33.9,38.4,13.2,17.6
0,Mexico City,2025-05-11T01:00,35.4,37.2,5.1,16.9
0,Mexico City,2025-05-11T02:00,36.6,37.1,1.4,16.3
0,Mexico City,2025-05-11T03:00,37.9,37.6,0,15.8
0,Mexico City,2025-05-11T04:00,40,39,0,14.9
0,Mexico City,2025-05-11T05:00,41.6,41.4,0,14.3
0,Mexico City,2025-05-11T06:00,39.8,42.4,6.5,15
0,Mexico City,2025-05-11T07:00,36.8,41.2,11.9,16.2
0,Mexico City,2025-05-11T08:00,34.7,40.8,17.5,17.2
0,Mexico City,2025-05-11T09:00,33.1,40.5,22.2,18
0,Mexico City,2025-05-11T10:00,32.4,40,23.5,18.5
0,Mexico City,2025-05-11T11:00,31.7,39.7,25.3,18.9
0,Mexico City,2025-05-11T12:00,30.6,39.7,29.4,19.5
0,Mexico City,2025-05-11T13:00,29,39.6,36.6,20.6
0,Mexico City,2025-05-11T14:00,28.1,39.2,39.1,21.3
0,Mexico City,2025-05-11T15:00,28.5,38.6,35.2,21
0,Mexico City,2025-05-11T16:00,29.6,38.7,30.6,20.2
0,Mexico City,2025-05-11T17:00,30,39.2,30.4,19.9
0,Mexico City,2025-05-11T18:00,29.7,39,31.4,20.1
0,Mexico City,2025-05-11T19:00,28.7,38.7,34.6,20.8
0,Mexico City,2025-05-11T20:00,29.2,38.5,31.8,20.5
0,Mexico City,2025-05-11T21:00,30.8,38.8,25.8,19.4
0,Mexico City,2025-05-11T22:00,32.7,39,19.1,18.3
0,Mexico City,2025-05-11T23:00,35.5,38.8,9,16.8
0,Mexico City,2025-05-12T00:00,37.3,38.5,3.2,16
0,Mexico City,2025-05-12T01:00,37.8,38.2,0.9,15.8
0,Mexico City,2025-05-12T02:00,39.3,38.9,0,15.2
0,Mexico City,2025-05-12T03:00,43,41.3,0,13.9
0,Mexico City,2025-05-12T04:00,43.9,43.4,0,13.6
0,Mexico City,2025-05-12T05:00,36,42,16.6,16.6
0,Mexico City,2025-05-12T06:00,26.2,39.1,49.2,22.8
0,Mexico City,2025-05-12T07:00,20.1,36.8,83,29.7
0,Mexico City,2025-05-12T08:00,18.5,36.5,97.6,32.4
0,Mexico City,2025-05-12T09:00,20.8,37.5,79.6,28.7
0,Mexico City,2025-05-12T10:00,24.1,38.3,58.8,24.8
0,Mexico City,2025-05-12T11:00,25.6,38.4,49.8,23.4
0,Mexico City,2025-05-12T12:00,25.2,38.3,51.3,23.7
0,Mexico City,2025-05-12T13:00,23.7,37.8,59.4,25.2
0,Mexico City,2025-05-12T14:00,21.7,37.1,70.9,27.6
0,Mexico City,2025-05-12T15:00,21.7,36.7,69,27.6
0,Mexico City,2025-05-12T16:00,23.2,37.2,60.2,25.7
0,Mexico City,2025-05-12T17:00,22.7,37.4,64.5,26.3
0,Mexico City,2025-05-12T18:00,20.4,36.5,78.6,29.3
0,Mexico City,2025-05-12T19:00,20.6,36.1,75.1,29
0,Mexico City,2025-05-12T20:00,23.8,36.3,52.5,25.2
0,Mexico City,2025-05-12T21:00,27.4,37,34.5,21.8
0,Mexico City,2025-05-12T22:00,31.1,37.6,20.8,19.2
0,Mexico City,2025-05-12T23:00,34.9,37.7,7.9,17.1
0,Mexico City,2025-05-13T00:00,37,37.7,2,16.2
0,Mexico City,2025-05-13T01:00,38.2,37.9,0,15.6
0,Mexico City,2025-05-13T02:00,39.8,38.7,0,15
0,Mexico City,2025-05-13T03:00,42.3,40.6,0,14.1
0,Mexico City,2025-05-13T04:00,43.8,42.3,0,13.6
0,Mexico City,2025-05-13T05:00,36,41.1,14.1,16.6
0,Mexico City,2025-05-13T06:00,26.1,38.8,48.4,22.9
0,Mexico City,2025-05-13T07:00,19.4,36.6,88.6,30.9
0,Mexico City,2025-05-13T08:00,17.6,36.1,105.4,34
0,Mexico City,2025-05-13T09:00,19.5,36.9,89.1,30.7
0,Mexico City,2025-05-13T10:00,22.2,37.8,69.9,26.9
0,Mexico City,2025-05-13T11:00,23.8,38,59.8,25.1
0,Mexico City,2025-05-13T12:00,24,38,57.9,24.9
0,Mexico City,2025-05-13T13:00,22.6,37.6,65.9,26.4
0,Mexico City,2025-05-13T14:00,20.7,36.7,77,28.9
0,Mexico City,2025-05-13T15:00,21,36.6,74.2,28.5
0,Mexico City,2025-05-13T16:00,22,36.8,67,27.2
0,Mexico City,2025-05-13T17:00,21.2,36.9,73.6,28.2
0,Mexico City,2025-05-13T18:00,19.6,36.3,85.5,30.6
0,Mexico City,2025-05-13T19:00,19.7,35.8,80.8,30.3
0,Mexico City,2025-05-13T20:00,23.1,36.3,56.7,25.8
0,Mexico City,2025-05-13T21:00,26.9,36.6,35.8,22.2
0,Mexico City,2025-05-13T22:00,31,37.4,20.6,19.3
0,Mexico City,2025-05-13T23:00,34.6,37.8,9.1,17.3
0,Mexico City,2025-05-14T00:00,36.8,37.5,2.1,16.3
0,Mexico City,2025-05-14T01:00,37.8,37.6,0,15.8
0,Mexico City,2025-05-14T02:00,38.7,37.9,0,15.4
0,Mexico City,2025-05-14T03:00,41.1,39.8,0,14.5
0,Mexico City,2025-05-14T04:00,43.3,42.2,0,13.8
0,Mexico City,2025-05-14T05:00,36.4,41.3,13.4,16.4
0,Mexico City,2025-05-14T06:00,26.5,38.9,46.7,22.6
0,Mexico City,2025-05-14T07:00,19.7,36.6,85.3,30.3
0,Mexico City,2025-05-14T08:00,17.8,36.4,103.6,33.5
0,Mexico City,2025-05-14T09:00,19.9,37.1,86.5,30.1
0,Mexico City,2025-05-14T10:00,22.6,38,68.3,26.5
0,Mexico City,2025-05-14T11:00,23.6,38,61.1,25.3
0,Mexico City,2025-05-14T12:00,23.4,37.9,61.8,25.5
0,Mexico City,2025-05-14T13:00,22.1,37.5,69.2,27
0,Mexico City,2025-05-14T14:00,20.5,36.9,79.5,29.1
0,Mexico City,2025-05-14T15:00,20.6,36.5,77.2,29
0,Mexico City,2025-05-14T16:00,21.3,36.7,71.9,28
0,Mexico City,2025-05-14T17:00,19,36.6,92.6,31.5
0,Mexico City,2025-05-14T18:00,16.9,35.7,111.2,35.4
0,Mexico City,2025-05-14T19:00,17.3,35.4,104.3,34.6
0,Mexico City,2025-05-14T20:00,20.6,35.7,73.5,29
0,Mexico City,2025-05-14T21:00,25.3,36.5,44.2,23.6
0,Mexico City,2025-05-14T22:00,29.8,37.3,25,20.1
0,Mexico City,2025-05-14T23:00,33.4,37.7,13,17.9
0,Mexico City,2025-05-15T00:00,35.7,37.6,5.2,16.7
0,Mexico City,2025-05-15T01:00,37.2,37.5,0.9,16.1
0,Mexico City,2025-05-15T02:00,38.5,38,0,15.5
0,Mexico City,2025-05-15T03:00,41.8,40.4,0,14.3
0,Mexico City,2025-05-15T04:00,43.5,42.6,0,13.7
0,Mexico City,2025-05-15T05:00,37.8,41.9,11,15.8
0,Mexico City,2025-05-15T06:00,31,40.7,31.2,19.3
0,Mexico City,2025-05-15T07:00,24.1,38.5,59.8,24.8
0,Mexico City,2025-05-15T08:00,21.1,37.6,78.1,28.4
0,Mexico City,2025-05-15T09:00,22.2,37.8,70,26.9
0,Mexico City,2025-05-15T10:00,23.5,38.3,62.6,25.4
0,Mexico City,2025-05-15T11:00,23.4,38.3,63.6,25.6
0,Mexico City,2025-05-15T12:00,22.8,38.1,66.6,26.2
0,Mexico City,2025-05-15T13:00,22.4,37.8,69,26.7
0,Mexico City,2025-05-15T14:00,21.9,37.4,70.5,27.3
0,Mexico City,2025-05-15T15:00,21.9,37.1,68.6,27.2
0,Mexico City,2025-05-15T16:00,22.4,37.1,65.1,26.6
0,Mexico City,2025-05-15T17:00,21.2,37.2,75.3,28.2
0,Mexico City,2025-05-15T18:00,18.5,36.4,96.6,32.3
0,Mexico City,2025-05-15T19:00,18,35.8,98.4,33.1
0,Mexico City,2025-05-15T20:00,21.7,36.1,66.4,27.6
0,Mexico City,2025-05-15T21:00,27,36.8,36.6,22.2
0,Mexico City,2025-05-15T22:00,29.8,37.5,25.6,20
0,Mexico City,2025-05-15T23:00,32.4,38.1,17.5,18.5
0,Mexico City,2025-05-16T00:00,34.9,37.6,7.6,17.1
0,Mexico City,2025-05-16T01:00,36.1,37.2,3,16.5
0,Mexico City,2025-05-16T02:00,37.4,37.5,0.3,16
0,Mexico City,2025-05-16T03:00,39.4,38.7,0,15.2
0,Mexico City,2025-05-16T04:00,41.8,41.4,0,14.3
0,Mexico City,2025-05-16T05:00,36.9,41.5,12.5,16.2
0,Mexico City,2025-05-16T06:00,29.5,39.9,35.2,20.3
0,Mexico City,2025-05-16T07:00,23.9,38,58.6,25
0,Mexico City,2025-05-16T08:00,21.6,37.5,73.6,27.7
0,Mexico City,2025-05-16T09:00,22.3,37.7,68.4,26.7
0,Mexico City,2025-05-16T10:00,22.6,38,67.4,26.4
0,Mexico City,2025-05-16T11:00,21.8,37.7,72.9,27.5
0,Mexico City,2025-05-16T12:00,20.9,37.4,78.6,28.6
0,Mexico City,2025-05-16T13:00,19.7,37.2,88.4,30.3
0,Mexico City,2025-05-16T14:00,17.9,36.7,104.7,33.4
0,Mexico City,2025-05-16T15:00,17.1,36.4,112.2,34.9
0,Mexico City,2025-05-16T16:00,18.6,36.5,95.9,32.1
0,Mexico City,2025-05-16T17:00,19.5,36.7,87.7,30.6
0,Mexico City,2025-05-16T18:00,19.2,36.2,88.7,31.2
0,Mexico City,2025-05-16T19:00,19.4,35.9,84.9,30.8
0,Mexico City,2025-05-16T20:00,21.4,36.1,68.2,27.9
0,Mexico City,2025-05-16T21:00,24.9,36.6,47,24
0,Mexico City,2025-05-16T22:00,28.1,36.9,31.6,21.3
0,Mexico City,2025-05-16T23:00,30.8,37.4,21.4,19.4
0,Mexico City,2025-05-17T00:00,33.8,37.8,11.8,17.7
0,Mexico City,2025-05-17T01:00,35.4,37.9,7,16.9
0,Mexico City,2025-05-17T02:00,36.5,38.1,4.3,16.4
0,Mexico City,2025-05-17T03:00,37.8,38.3,1.1,15.8
0,Mexico City,2025-05-17T04:00,39.8,39.7,0,15
0,Mexico City,2025-05-17T05:00,39.3,40.9,4,15.2
0,Mexico City,2025-05-17T06:00,38.7,42.2,9.2,15.5
0,Mexico City,2025-05-17T07:00,33.7,41.4,22.8,17.7
0,Mexico City,2025-05-17T08:00,29.9,40.5,35.5,20
0,Mexico City,2025-05-17T09:00,27.5,39.8,44.6,21.7
0,Mexico City,2025-05-17T10:00,25.5,39.1,53.1,23.4
0,Mexico City,2025-05-17T11:00,24.7,38.8,57.2,24.2
0,Mexico City,2025-05-17T12:00,23.5,38.6,64.1,25.5
0,Mexico City,2025-05-17T13:00,21.8,37.8,73.1,27.4
0,Mexico City,2025-05-17T14:00,20.6,37.2,79.8,28.9
0,Mexico City,2025-05-17T15:00,21.7,37,70.6,27.6
0,Mexico City,2025-05-17T16:00,23.6,37.2,57,25.3
0,Mexico City,2025-05-17T17:00,24.6,37.3,51.5,24.3
0,Mexico City,2025-05-17T18:00,24,37.4,55.6,24.9
0,Mexico City,2025-05-17T19:00,24.7,37.7,52.2,24.1
0,Mexico City,2025-05-17T20:00,26.7,37.8,41,22.3
0,Mexico City,2025-05-17T21:00,28.8,37.8,31,20.7
0,Mexico City,2025-05-17T22:00,30.7,37.9,23.4,19.5
0,Mexico City,2025-05-17T23:00,32.7,38,16.3,18.3
0,Mexico City,2025-05-18T00:00,34.5,38,9.9,17.3
0,Mexico City,2025-05-18T01:00,35.4,38.2,7.7,16.9
0,Mexico City,2025-05-18T02:00,36.9,38.7,4.8,16.2
0,Mexico City,2025-05-18T03:00,37.8,38.2,1,15.8
0,Mexico City,2025-05-18T04:00,39.2,39,0,15.2
0,Mexico City,2025-05-18T05:00,39.9,40.5,1.5,15
0,Mexico City,2025-05-18T06:00,39.7,41.6,4.6,15
0,Mexico City,2025-05-18T07:00,37.9,41.5,9.5,15.8
0,Mexico City,2025-05-18T08:00,35.4,40.6,14.8,16.9
0,Mexico City,2025-05-18T09:00,33.8,40.4,19.7,17.7
0,Mexico City,2025-05-18T10:00,31.6,39.9,26.4,18.9
0,Mexico City,2025-05-18T11:00,30.2,39.5,30.8,19.8
0,Mexico City,2025-05-18T12:00,28.9,39.6,36.7,20.6
0,Mexico City,2025-05-18T13:00,27.1,39.2,44.4,22
0,Mexico City,2025-05-18T14:00,26.7,39.1,45.9,22.3
0,Mexico City,2025-05-18T15:00,27,38.8,43.9,22.2
0,Mexico City,2025-05-18T16:00,26.4,38.8,46.8,22.6
0,Mexico City,2025-05-18T17:00,27.5,38.7,40.9,21.8
0,Mexico City,2025-05-18T18:00,28.5,39,36.7,21
0,Mexico City,2025-05-18T19:00,28.9,38.9,34.2,20.6
0,Mexico City,2025-05-18T20:00,31,39.2,26.7,19.3
0,Mexico City,2025-05-18T21:00,31.9,39.1,22.7,18.8
0,Mexico City,2025-05-18T22:00,32.8,39.5,20.6,18.2
0,Mexico City,2025-05-18T23:00,35.5,39.1,9.9,16.8
0,Mexico City,2025-05-19T00:00,37.7,38.7,2.7,15.9
0,Mexico City,2025-05-19T01:00,37.9,38.5,1.5,15.7
0,Mexico City,2025-05-19T02:00,38.8,38.8,0,15.4
0,Mexico City,2025-05-19T03:00,42.4,41.1,0,14.1
0,Mexico City,2025-05-19T04:00,43.6,42.9,0,13.7
0,Mexico City,2025-05-19T05:00,35.3,41.6,17.7,16.9
0,Mexico City,2025-05-19T06:00,26,39.1,49.9,23
0,Mexico City,2025-05-19T07:00,19.9,36.7,84.2,30.1
0,Mexico City,2025-05-19T08:00,18.4,36.5,97.6,32.4
0,Mexico City,2025-05-19T09:00,20.8,37.2,78.4,28.7
0,Mexico City,2025-05-19T10:00,24,38.2,58.9,24.9
0,Mexico City,2025-05-19T11:00,25.4,38.4,50.6,23.5
0,Mexico City,2025-05-19T12:00,25.5,38.3,50,23.4
0,Mexico City,2025-05-19T13:00,24.1,38,57.4,24.8
0,Mexico City,2025-05-19T14:00,22.1,37.1,68,27.1
0,Mexico City,2025-05-19T15:00,22.7,37.2,63.3,26.3
0,Mexico City,2025-05-19T16:00,23.9,37.3,55.6,25
0,Mexico City,2025-05-19T17:00,22.7,37.3,64.1,26.4
0,Mexico City,2025-05-19T18:00,19,36.3,91.1,31.5
0,Mexico City,2025-05-19T19:00,19.1,35.7,86.5,31.2
0,Mexico City,2025-05-19T20:00,22.9,36.2,58.1,26.1
0,Mexico City,2025-05-19T21:00,27.2,36.7,34.5,21.9
0,Mexico City,2025-05-19T22:00,31.1,37.4,20.1,19.2
0,Mexico City,2025-05-19T23:00,35.1,37.8,7.6,17
0,Mexico City,2025-05-20T00:00,37.2,37.7,1.4,16.1
0,Mexico City,2025-05-20T01:00,37.3,37.2,0,16
0,Mexico City,2025-05-20T02:00,38.9,38.4,0,15.3
0,Mexico City,2025-05-20T03:00,41.2,40.2,0,14.5
0,Mexico City,2025-05-20T04:00,43.3,42.4,0,13.8
0,Mexico City,2025-05-20T05:00,36.1,41.1,13.8,16.5
0,Mexico City,2025-05-20T06:00,26.2,38.7,47.8,22.8
0,Mexico City,2025-05-20T07:00,19.4,36.4,87.6,30.8
0,Mexico City,2025-05-20T08:00,17.5,36,105.9,34.2
0,Mexico City,2025-05-20T09:00,19.3,36.8,90.1,30.9
0,Mexico City,2025-05-20T10:00,22.1,37.6,69.9,27
0,Mexico City,2025-05-20T11:00,23.2,37.8,62.7,25.7
0,Mexico City,2025-05-20T12:00,23.5,37.7,60.4,25.5
0,Mexico City,2025-05-20T13:00,22.3,37.4,67.5,26.8
0,Mexico City,2025-05-20T14:00,20.7,36.8,78,28.9
0,Mexico City,2025-05-20T15:00,21,36.7,74.8,28.5
0,Mexico City,2025-05-20T16:00,21.9,36.8,67.6,27.3
0,Mexico City,2025-05-20T17:00,20.7,36.8,77.7,28.9
0,Mexico City,2025-05-20T18:00,17.6,35.9,103.1,33.9
0,Mexico City,2025-05-20T19:00,17.5,35.3,101.3,34.1
0,Mexico City,2025-05-20T20:00,21.2,35.8,68.4,28.1
0,Mexico City,2025-05-20T21:00,25.6,36.3,41.8,23.4
0,Mexico City,2025-05-20T22:00,30.1,37.1,23.1,19.8
0,Mexico City,2025-05-20T23:00,34.1,37.3,9.5,17.5
0,Mexico City,2025-05-21T00:00,36.3,37.4,3,16.5
0,Mexico City,2025-05-21T01:00,37.6,37.7,0.2,15.9
0,Mexico City,2025-05-21T02:00,38.6,38,0,15.5
0,Mexico City,2025-05-21T03:00,40.9,39.9,0,14.6
0,Mexico City,2025-05-21T04:00,43.3,42.3,0,13.8
0,Mexico City,2025-05-21T05:00,36.3,41.1,13.2,16.4
0,Mexico City,2025-05-21T06:00,26.6,38.8,45.8,22.5
0,Mexico City,2025-05-21T07:00,19.9,36.7,84.6,30.1
0,Mexico City,2025-05-21T08:00,18.1,36.4,100.7,33
0,Mexico City,2025-05-21T09:00,20.2,37.2,84,29.6
0,Mexico City,2025-05-21T10:00,22.4,37.9,69.3,26.7
0,Mexico City,2025-05-21T11:00,22.5,37.9,67.8,26.5
0,Mexico City,2025-05-21T12:00,22.1,37.7,70.2,27
0,Mexico City,2025-05-21T13:00,20.9,37.3,78.2,28.6
0,Mexico City,2025-05-21T14:00,19.2,36.7,91.1,31.2
0,Mexico City,2025-05-21T15:00,19.2,36.3,88.9,31.1
0,Mexico City,2025-05-21T16:00,20.3,36.5,79.9,29.5
0,Mexico City,2025-05-21T17:00,19,36.7,93.1,31.5
0,Mexico City,2025-05-21T18:00,16.1,35.6,120.9,37.1
0,Mexico City,2025-05-21T19:00,17.2,35.5,106.1,34.8
0,Mexico City,2025-05-21T20:00,20.6,35.8,73.6,29
0,Mexico City,2025-05-21T21:00,25.4,36.5,43.6,23.5
0,Mexico City,2025-05-21T22:00,28.2,36.9,30.7,21.2
0,Mexico City,2025-05-21T23:00,31.9,37,15.9,18.7
0,Mexico City,2025-05-22T00:00,35.1,37.5,6.6,17
0,Mexico City,2025-05-22T01:00,36.8,37.2,1.1,16.2
0,Mexico City,2025-05-22T02:00,37.9,37.6,0,15.8
0,Mexico City,2025-05-22T03:00,41,40.1,0,14.5
0,Mexico City,2025-05-22T04:00,42.6,42,0,14
0,Mexico City,2025-05-22T05:00,35.2,40.8,15.7,17
0,Mexico City,2025-05-22T06:00,26.4,38.7,46.8,22.7
0,Mexico City,2025-05-22T07:00,20,36.8,83.7,29.9
0,Mexico City,2025-05-22T08:00,18.3,36.5,99.4,32.7
0,Mexico City,2025-05-22T09:00,20.2,37,83.3,29.6
0,Mexico City,2025-05-22T10:00,22.3,37.7,68.9,26.8
0,Mexico City,2025-05-22T11:00,22.8,37.8,65.2,26.2
0,Mexico City,2025-05-22T12:00,22.2,37.6,69.1,26.9
0,Mexico City,2025-05-22T13:00,21.2,37.3,75.9,28.2
0,Mexico City,2025-05-22T14:00,19.9,36.8,85.2,30.1
0,Mexico City,2025-05-22T15:00,20,36.5,82.3,29.9
0,Mexico City,2025-05-22T16:00,20.2,36.6,80.9,29.6
0,Mexico City,2025-05-22T17:00,18.3,36.5,98.8,32.6
0,Mexico City,2025-05-22T18:00,16.2,35.6,119.7,36.9
0,Mexico City,2025-05-22T19:00,16.9,35.5,109.9,35.4
0,Mexico City,2025-05-22T20:00,21.1,35.9,69.5,28.3
0,Mexico City,2025-05-22T21:00,26.4,36.5,38.1,22.7
0,Mexico City,2025-05-22T22:00,29.3,37.1,26.7,20.4
0,Mexico City,2025-05-22T23:00,32.5,37.8,16.2,18.4
0,Mexico City,2025-05-23T00:00,35.3,37.6,6.4,16.9
0,Mexico City,2025-05-23T01:00,36.8,37.2,1,16.2
0,Mexico City,2025-05-23T02:00,37.8,37.3,0,15.8
0,Mexico City,2025-05-23T03:00,40.2,38.9,0,14.9
0,Mexico City,2025-05-23T04:00,42.4,41.4,0,14.1
0,Mexico City,2025-05-23T05:00,36.1,40.9,13.4,16.6
0,Mexico City,2025-05-23T06:00,28.2,39.2,38.8,21.2
0,Mexico City,2025-05-23T07:00,22.5,37.4,65.8,26.5
0,Mexico City,2025-05-23T08:00,21.3,37.3,74.9,28.1
0,Mexico City,2025-05-23T09:00,22.8,37.7,65.4,26.2
0,Mexico City,2025-05-23T10:00,24,38.1,58.8,24.9
0,Mexico City,2025-05-23T11:00,23.9,38,58.9,25
0,Mexico City,2025-05-23T12:00,23.1,37.9,63.8,25.8
0,Mexico City,2025-05-23T13:00,21.4,37.5,74.8,27.9
0,Mexico City,2025-05-23T14:00,19,37,94,31.4
0,Mexico City,2025-05-23T15:00,18.2,36.6,101.1,32.8
0,Mexico City,2025-05-23T16:00,19.8,36.8,85.8,30.2
0,Mexico City,2025-05-23T17:00,20.5,36.8,79.5,29.2
0,Mexico City,2025-05-23T18:00,19.2,36,87.5,31.2
0,Mexico City,2025-05-23T19:00,18.9,35.7,88.7,31.6
0,Mexico City,2025-05-23T20:00,20.6,35.8,73.5,29
0,Mexico City,2025-05-23T21:00,23.6,36.2,52.9,25.3
0,Mexico City,2025-05-23T22:00,26.8,36.5,36,22.3
0,Mexico City,2025-05-23T23:00,30.3,37.4,23.1,19.7
0,Mexico City,2025-05-24T00:00,33.1,37.3,12.7,18
0,Mexico City,2025-05-24T01:00,34.3,37.2,8.3,17.4
0,Mexico City,2025-05-24T02:00,35.9,37.3,3.9,16.7
0,Mexico City,2025-05-24T03:00,37.6,37.8,0.5,15.9
0,Mexico City,2025-05-24T04:00,39.6,39.4,0,15.1
0,Mexico City,2025-05-24T05:00,39.3,41,4.1,15.2
0,Mexico City,2025-05-24T06:00,38,42,10.5,15.7
0,Mexico City,2025-05-24T07:00,34.3,41.3,20.3,17.4
0,Mexico City,2025-05-24T08:00,30,40.2,33.9,19.9
0,Mexico City,2025-05-24T09:00,27.1,39.5,45.6,22
0,Mexico City,2025-05-24T10:00,25.7,39.1,52.1,23.3
0,Mexico City,2025-05-24T11:00,24.8,38.7,55.9,24.1
0,Mexico City,2025-05-24T12:00,23.7,38.4,62.2,25.3
0,Mexico City,2025-05-24T13:00,21.9,37.9,72.9,27.3
0,Mexico City,2025-05-24T14:00,20.6,37.3,81,29
0,Mexico City,2025-05-24T15:00,21.2,37.1,74.9,28.2
0,Mexico City,2025-05-24T16:00,23.1,37.1,60.2,25.8
0,Mexico City,2025-05-24T17:00,25.6,37.5,46.2,23.3
0,Mexico City,2025-05-24T18:00,26.4,37.6,42.4,22.7
0,Mexico City,2025-05-24T19:00,26.6,37.8,41.8,22.4
0,Mexico City,2025-05-24T20:00,27.1,37.9,39.7,22
0,Mexico City,2025-05-24T21:00,28.6,37.6,31.2,20.9
0,Mexico City,2025-05-24T22:00,30.1,37.5,24.4,19.8
0,Mexico City,2025-05-24T23:00,32.5,37.7,15.9,18.4
0,Mexico City,2025-05-25T00:00,34.6,37.8,9.2,17.3
0,Mexico City,2025-05-25T01:00,35.8,37.7,5.4,16.7
0,Mexico City,2025-05-25T02:00,36.7,37.8,3,16.3
0,Mexico City,2025-05-25T03:00,37.4,37.9,1.1,16
0,Mexico City,2025-05-25T04:00,38.2,38.4,0.7,15.7
0,Mexico City,2025-05-25T05:00,39.1,40,2.3,15.3
0,Mexico City,2025-05-25T06:00,36.9,40.6,10,16.2
0,Mexico City,2025-05-25T07:00,34.8,40.1,15.1,17.1
0,Mexico City,2025-05-25T08:00,33.4,39.7,19,17.9
0,Mexico City,2025-05-25T09:00,32.8,39.8,21.4,18.2
0,Mexico City,2025-05-25T10:00,31,39.4,27.1,19.3
0,Mexico City,2025-05-25T11:00,29.7,39,31.5,20.1
0,Mexico City,2025-05-25T12:00,28.4,39.1,37.6,21
0,Mexico City,2025-05-25T13:00,26.9,39.1,45.5,22.3
0,Mexico City,2025-05-25T14:00,26,38.6,48.2,23
0,Mexico City,2025-05-25T15:00,27.8,38.9,39.6,21.5
0,Mexico City,2025-05-25T16:00,28.4,38.8,36.6,21
0,Mexico City,2025-05-25T17:00,26.3,38.7,47.2,22.7
0,Mexico City,2025-05-25T18:00,26.6,38.8,45.7,22.5
0,Mexico City,2025-05-25T19:00,28.5,38.7,35.7,21
0,Mexico City,2025-05-25T20:00,30.5,38.8,27.1,19.6
0,Mexico City,2025-05-25T21:00,31.4,38.8,23.2,19
0,Mexico City,2025-05-25T22:00,32.1,39.3,22.4,18.6
0,Mexico City,2025-05-25T23:00,34.8,39.1,12.1,17.1
0,Mexico City,2025-05-26T00:00,36.9,38.7,4.8,16.2
0,Mexico City,2025-05-26T01:00,38,38.5,1.3,15.7
0,Mexico City,2025-05-26T02:00,38.8,38.5,0,15.4
0,Mexico City,2025-05-26T03:00,41.6,40.5,0,14.4
0,Mexico City,2025-05-26T04:00,42.6,42.4,0,14
0,Mexico City,2025-05-26T05:00,35.5,41.6,16.8,16.8
0,Mexico City,2025-05-26T06:00,26.8,39.1,46,22.3
0,Mexico City,2025-05-26T07:00,20.7,36.9,78.4,28.9
0,Mexico City,2025-05-26T08:00,19.3,36.7,89.7,31
0,Mexico City,2025-05-26T09:00,21.7,37.4,72.4,27.5
0,Mexico City,2025-05-26T10:00,24.3,38,56.1,24.6
0,Mexico City,2025-05-26T11:00,25.6,38.4,49.7,23.3
0,Mexico City,2025-05-26T12:00,25.4,38.3,50.6,23.6
0,Mexico City,2025-05-26T13:00,23.6,37.7,59.2,25.3
0,Mexico City,2025-05-26T14:00,21.1,36.9,74.9,28.4
0,Mexico City,2025-05-26T15:00,18.8,36.5,93.7,31.8
0,Mexico City,2025-05-26T16:00,18.7,36.1,92.7,31.9
0,Mexico City,2025-05-26T17:00,18.5,36.2,96,32.4
0,Mexico City,2025-05-26T18:00,17.6,35.7,102.9,34
0,Mexico City,2025-05-26T19:00,18.7,35.7,90.4,31.9
0,Mexico City,2025-05-26T20:00,22.2,35.9,61.5,26.9
0,Mexico City,2025-05-26T21:00,26.7,36.9,37.7,22.3
0,Mexico City,2025-05-26T22:00,30.8,37.5,21.7,19.4
0,Mexico City,2025-05-26T23:00,34.4,37.6,9.1,17.3
0,Mexico City,2025-05-27T00:00,36.2,37.5,3.3,16.5
0,Mexico City,2025-05-27T01:00,36.9,37.6,1.9,16.2
0,Mexico City,2025-05-27T02:00,39.5,39.1,0,15.1
0,Mexico City,2025-05-27T03:00,42,41,0,14.2
0,Mexico City,2025-05-27T04:00,43.4,42.7,0,13.7
0,Mexico City,2025-05-27T05:00,36.2,41.5,14.7,16.5
0,Mexico City,2025-05-27T06:00,26.2,38.7,47.7,22.8
0,Mexico City,2025-05-27T07:00,19.6,36.6,86.4,30.5
0,Mexico City,2025-05-27T08:00,17.9,36.3,101.7,33.3
0,Mexico City,2025-05-27T09:00,20.2,37.1,83.9,29.7
0,Mexico City,2025-05-27T10:00,23.1,37.9,64.3,25.9
0,Mexico City,2025-05-27T11:00,24.1,38,57.9,24.8
0,Mexico City,2025-05-27T12:00,24,38,57.9,24.9
0,Mexico City,2025-05-27T13:00,22.9,37.7,64.6,26.1
0,Mexico City,2025-05-27T14:00,20.8,37,77.8,28.8
0,Mexico City,2025-05-27T15:00,19.6,36.4,85.3,30.4
0,Mexico City,2025-05-27T16:00,20.7,36.5,76.3,28.9
0,Mexico City,2025-05-27T17:00,20,36.5,81.9,29.8
0,Mexico City,2025-05-27T18:00,18.2,35.7,95.8,32.8
0,Mexico City,2025-05-27T19:00,18.6,35.5,90.6,32.2
0,Mexico City,2025-05-27T20:00,22.4,36.1,61,26.7
0,Mexico City,2025-05-27T21:00,25.8,36.5,41.3,23.2
0,Mexico City,2025-05-27T22:00,29.5,37.3,26,20.2
0,Mexico City,2025-05-27T23:00,33.1,37.4,12.7,18
0,Mexico City,2025-05-28T00:00,35.3,37.4,5.8,16.9
0,Mexico City,2025-05-28T01:00,36.4,37.2,2.1,16.4
0,Mexico City,2025-05-28T02:00,37.5,37.7,0.4,15.9
0,Mexico City,2025-05-28T03:00,41,40.3,0,14.5
0,Mexico City,2025-05-28T04:00,43.1,42.1,0,13.9
0,Mexico City,2025-05-28T05:00,36.5,41.4,13.2,16.4
0,Mexico City,2025-05-28T06:00,27.1,39,43.6,22
0,Mexico City,2025-05-28T07:00,20.3,36.9,81.6,29.5
0,Mexico City,2025-05-28T08:00,18.6,36.5,96.1,32.1
0,Mexico City,2025-05-28T09:00,20.7,37.3,79.6,28.8
0,Mexico City,2025-05-28T10:00,22.5,38,68.6,26.6
0,Mexico City,2025-05-28T11:00,21.2,37.5,76.7,28.2
0,Mexico City,2025-05-28T12:00,20.7,37.3,79.4,28.8
0,Mexico City,2025-05-28T13:00,19.6,36.9,88.6,30.6
0,Mexico City,2025-05-28T14:00,18.1,36.5,101.3,33
0,Mexico City,2025-05-28T15:00,17.8,36,102.1,33.6
0,Mexico City,2025-05-28T16:00,18.2,36.1,97.9,32.8
0,Mexico City,2025-05-28T17:00,18.3,36.5,99,32.7
0,Mexico City,2025-05-28T18:00,16.7,35.6,113,35.8
0,Mexico City,2025-05-28T19:00,16.8,35.3,109.8,35.6
0,Mexico City,2025-05-28T20:00,20,35.7,78.7,29.9
0,Mexico City,2025-05-28T21:00,24.9,36.4,45.9,24
0,Mexico City,2025-05-28T22:00,29.4,37.1,26.2,20.3
0,Mexico City,2025-05-28T23:00,31.8,37.5,17.6,18.8
0,Mexico City,2025-05-29T00:00,32.7,37.5,14.5,18.3
0,Mexico City,2025-05-29T01:00,33.1,37,11.8,18.1
0,Mexico City,2025-05-29T02:00,34.1,37.2,9.3,17.5
0,Mexico City,2025-05-29T03:00,36.6,39.6,8.1,16.3
0,Mexico City,2025-05-29T04:00,37.6,41.8,10.9,15.9
0,Mexico City,2025-05-29T05:00,32.7,40.8,24.7,18.3
0,Mexico City,2025-05-29T06:00,25,38.6,54.1,23.9
0,Mexico City,2025-05-29T07:00,19.3,36.5,89,31
0,Mexico City,2025-05-29T08:00,17.6,36,104.5,34
0,Mexico City,2025-05-29T09:00,19.4,36.8,89.2,30.8
0,Mexico City,2025-05-29T10:00,21.5,37.6,74.2,27.7
0,Mexico City,2025-05-29T11:00,21.9,37.6,71.9,27.3
0,Mexico City,2025-05-29T12:00,21.8,37.7,72.2,27.4
0,Mexico City,2025-05-29T13:00,20.9,37.5,79,28.6
0,Mexico City,2025-05-29T14:00,18.9,36.7,93.8,31.6
0,Mexico City,2025-05-29T15:00,18.9,36.3,91.5,31.6
0,Mexico City,2025-05-29T16:00,20.1,36.5,81.6,29.8
0,Mexico City,2025-05-29T17:00,19.8,36.5,83.8,30.1
0,Mexico City,2025-05-29T18:00,17.8,35.9,100.8,33.5
0,Mexico City,2025-05-29T19:00,17.4,35.4,103.3,34.3
0,Mexico City,2025-05-29T20:00,18.9,35.5,86.9,31.5
0,Mexico City,2025-05-29T21:00,22.4,36,60.4,26.6
0,Mexico City,2025-05-29T22:00,27.4,36.9,34.7,21.8
0,Mexico City,2025-05-29T23:00,32.4,37.6,16.2,18.5
0,Mexico City,2025-05-30T00:00,35,37.6,7.4,17.1
0,Mexico City,2025-05-30T01:00,35.6,38.4,7.8,16.8
0,Mexico City,2025-05-30T02:00,38.1,39.6,3.9,15.7
0,Mexico City,2025-05-30T03:00,40.6,39.6,0,14.7
0,Mexico City,2025-05-30T04:00,42.2,41.6,0,14.1
0,Mexico City,2025-05-30T05:00,37,41.5,12.1,16.2
0,Mexico City,2025-05-30T06:00,30.4,40.1,31.6,19.6
0,Mexico City,2025-05-30T07:00,25.6,38.6,50.5,23.3
0,Mexico City,2025-05-30T08:00,23.4,38,62.2,25.6
0,Mexico City,2025-05-30T09:00,23.8,38.1,59.5,25.1
0,Mexico City,2025-05-30T10:00,24.4,38.5,57.7,24.5
0,Mexico City,2025-05-30T11:00,24.2,38.5,59.1,24.7
0,Mexico City,2025-05-30T12:00,23.9,38.5,60.7,25
0,Mexico City,2025-05-30T13:00,22.1,37.9,71.2,27
0,Mexico City,2025-05-30T14:00,19.8,37.1,87.2,30.2
0,Mexico City,2025-05-30T15:00,18.3,36.5,99.2,32.7
0,Mexico City,2025-05-30T16:00,19,36.6,92.1,31.4
0,Mexico City,2025-05-30T17:00,20.3,36.8,81.1,29.5
0,Mexico City,2025-05-30T18:00,20.4,36.6,79.3,29.3
0,Mexico City,2025-05-30T19:00,20.2,36,78,29.6
0,Mexico City,2025-05-30T20:00,22.1,36.3,63.9,27
0,Mexico City,2025-05-30T21:00,24.8,36.5,47.4,24.1
0,Mexico City,2025-05-30T22:00,27.3,36.7,34.4,21.9
0,Mexico City,2025-05-30T23:00,30.4,37.2,22.3,19.7
0,Mexico City,2025-05-31T00:00,33.4,37.4,11.8,17.9
0,Mexico City,2025-05-31T01:00,35.3,37.2,5.4,16.9
0,Mexico City,2025-05-31T02:00,36.8,37.6,2.2,16.3
0,Mexico City,2025-05-31T03:00,38.2,38.2,0,15.6
0,Mexico City,2025-05-31T04:00,39.9,39.6,0,15
0,Mexico City,2025-05-31T05:00,39.5,40.9,3.6,15.1
0,Mexico City,2025-05-31T06:00,38.1,41.9,9.9,15.7
0,Mexico City,2025-05-31T07:00,34.6,41.4,19.7,17.3
0,Mexico City,2025-05-31T08:00,30.6,40.4,32,19.5
0,Mexico City,2025-05-31T09:00,27.9,39.8,42.6,21.4
0,Mexico City,2025-05-31T10:00,25.7,39,51.8,23.3
0,Mexico City,2025-05-31T11:00,24.7,38.8,56.9,24.2
0,Mexico City,2025-05-31T12:00,23.2,38.4,65.4,25.7
0,Mexico City,2025-05-31T13:00,22.1,37.8,70.9,27.1
0,Mexico City,2025-05-31T14:00,21.3,37.2,74.3,28
0,Mexico City,2025-05-31T15:00,19.3,36.5,89.1,31
0,Mexico City,2025-05-31T16:00,18.5,35.8,92.8,32.3
0,Mexico City,2025-05-31T17:00,19.7,35.8,81.3,30.3
0,Mexico City,2025-05-31T18:00,21.3,36.2,69.7,28.1
0,Mexico City,2025-05-31T19:00,22.1,36.6,65,27
0,Mexico City,2025-05-31T20:00,23.2,36.9,58.9,25.8
0,Mexico City,2025-05-31T21:00,25.2,36.9,46.2,23.7
0,Mexico City,2025-05-31T22:00,28.2,37.3,32.2,21.2
0,Mexico City,2025-05-31T23:00,30.1,37.8,25.4,19.9
0,Mexico City,2025-06-01T00:00,32.5,38.4,18.2,18.4
0,Mexico City,2025-06-01T01:00,35.1,38,8.2,17
0,Mexico City,2025-06-01T02:00,36.5,37.9,3.6,16.4
0,Mexico City,2025-06-01T03:00,37.8,38.1,0.8,15.8
0,Mexico City,2025-06-01T04:00,39.5,39.3,0,15.1
0,Mexico City,2025-06-01T05:00,39.9,40.4,1.3,15
0,Mexico City,2025-06-01T06:00,40.2,41.8,3.9,14.9
0,Mexico City,2025-06-01T07:00,38.3,41.2,7.6,15.6
0,Mexico City,2025-06-01T08:00,36,40.5,12.5,16.6
0,Mexico City,2025-06-01T09:00,34,40.1,17.9,17.6
0,Mexico City,2025-06-01T10:00,31.9,39.7,24.2,18.7
0,Mexico City,2025-06-01T11:00,30.6,39.4,28.9,19.5
0,Mexico City,2025-06-01T12:00,29.1,39.5,35.3,20.5
0,Mexico City,2025-06-01T13:00,27.8,39.4,41.3,21.5
0,Mexico City,2025-06-01T14:00,27.1,39.2,44.6,22.1
0,Mexico City,2025-06-01T15:00,27.2,38.8,42.6,22
0,Mexico City,2025-06-01T16:00,26.8,38.5,43.6,22.3
0,Mexico City,2025-06-01T17:00,27.2,38.8,42.6,22
0,Mexico City,2025-06-01T18:00,27.5,38.7,41,21.8
0,Mexico City,2025-06-01T19:00,27.1,38.6,42.2,22
0,Mexico City,2025-06-01T20:00,29,38.8,33.4,20.6
0,Mexico City,2025-06-01T21:00,30.3,38.6,27.4,19.7
0,Mexico City,2025-06-01T22:00,30.1,38.9,29.2,19.8
0,Mexico City,2025-06-01T23:00,32.1,38.9,21,18.6
0,Mexico City,2025-06-02T00:00,35.4,39,10,16.9
0,Mexico City,2025-06-02T01:00,37.2,38.3,2.9,16.1
0,Mexico City,2025-06-02T02:00,38.7,38.7,0,15.4
0,Mexico City,2025-06-02T03:00,41.8,40.6,0,14.3
0,Mexico City,2025-06-02T04:00,43,42.7,0,13.9
0,Mexico City,2025-06-02T05:00,35.3,41.6,17.7,16.9
0,Mexico City,2025-06-02T06:00,27,39.2,44.9,22.1
0,Mexico City,2025-06-02T07:00,20.7,36.9,77.8,28.8
0,Mexico City,2025-06-02T08:00,19.5,36.9,88.8,30.6
0,Mexico City,2025-06-02T09:00,22.4,37.7,67.6,26.6
0,Mexico City,2025-06-02T10:00,25.5,38.4,50.4,23.4
0,Mexico City,2025-06-02T11:00,26.2,38.6,47,22.8
0,Mexico City,2025-06-02T12:00,25.9,38.5,48.6,23.1
0,Mexico City,2025-06-02T13:00,24.3,38,56.1,24.6
0,Mexico City,2025-06-02T14:00,22.5,37.3,65.5,26.5
0,Mexico City,2025-06-02T15:00,22.7,37.1,63.5,26.4
0,Mexico City,2025-06-02T16:00,23,37.2,61.3,25.9
0,Mexico City,2025-06-02T17:00,21.4,37,72.5,27.9
0,Mexico City,2025-06-02T18:00,18.5,36.1,94.8,32.3
0,Mexico City,2025-06-02T19:00,16.5,35.1,112.4,36.2
0,Mexico City,2025-06-02T20:00,17.3,34.7,100.5,34.6
0,Mexico City,2025-06-02T21:00,19.5,34.7,77.4,30.6
0,Mexico City,2025-06-02T22:00,22.8,35.3,54.3,26.2
0,Mexico City,2025-06-02T23:00,27.6,35.9,29.8,21.6
0,Mexico City,2025-06-03T00:00,32,36.7,14.6,18.7
0,Mexico City,2025-06-03T01:00,34.6,37,6.8,17.3
0,Mexico City,2025-06-03T02:00,35.9,37.6,4.6,16.6
0,Mexico City,2025-06-03T03:00,38.3,39.4,2.7,15.6
0,Mexico City,2025-06-03T04:00,39.2,41,4.7,15.2
0,Mexico City,2025-06-03T05:00,33.7,40.3,19.4,17.7
0,Mexico City,2025-06-03T06:00,26.1,38.6,48.1,22.9
0,Mexico City,2025-06-03T07:00,19.5,36.3,86.2,30.7
0,Mexico City,2025-06-03T08:00,17.9,36.1,101.4,33.4
0,Mexico City,2025-06-03T09:00,19.9,36.8,84.7,30
0,Mexico City,2025-06-03T10:00,22.6,37.6,65.9,26.4
0,Mexico City,2025-06-03T11:00,23.9,37.7,57.8,25
0,Mexico City,2025-06-03T12:00,24.2,37.8,56.2,24.7
0,Mexico City,2025-06-03T13:00,22.9,37.6,63.6,26
0,Mexico City,2025-06-03T14:00,20.7,36.7,76.6,28.8
0,Mexico City,2025-06-03T15:00,20.9,36.6,74.8,28.6
0,Mexico City,2025-06-03T16:00,21.7,36.7,69.3,27.6
0,Mexico City,2025-06-03T17:00,20.9,36.7,75.2,28.6
0,Mexico City,2025-06-03T18:00,19.5,36,85,30.7
0,Mexico City,2025-06-03T19:00,19,35.6,87.1,31.4
0,Mexico City,2025-06-03T20:00,22.4,36.3,62.1,26.7
0,Mexico City,2025-06-03T21:00,27.6,37.2,34.4,21.6
0,Mexico City,2025-06-03T22:00,30.9,37.2,20.5,19.4
0,Mexico City,2025-06-03T23:00,34.1,37.3,9.4,17.5
0,Mexico City,2025-06-04T00:00,36.4,37.2,2.1,16.4
0,Mexico City,2025-06-04T01:00,37,37,0,16.2
0,Mexico City,2025-06-04T02:00,38.7,38.2,0,15.4
0,Mexico City,2025-06-04T03:00,42.2,40.7,0,14.2
0,Mexico City,2025-06-04T04:00,43.3,42.4,0,13.8
0,Mexico City,2025-06-04T05:00,36.1,41.1,13.9,16.5
0,Mexico City,2025-06-04T06:00,27.3,39.1,42.8,21.8
0,Mexico City,2025-06-04T07:00,20.2,36.8,81.4,29.5
0,Mexico City,2025-06-04T08:00,18,36.4,101.3,33.1
0,Mexico City,2025-06-04T09:00,19.9,37.2,86,30
0,Mexico City,2025-06-04T10:00,22.5,37.8,67.7,26.5
0,Mexico City,2025-06-04T11:00,23.7,38,60.3,25.2
0,Mexico City,2025-06-04T12:00,23.5,37.9,60.7,25.4
0,Mexico City,2025-06-04T13:00,22.1,37.5,69.4,27
0,Mexico City,2025-06-04T14:00,20.4,36.8,80.3,29.3
0,Mexico City,2025-06-04T15:00,20.2,36.6,80.7,29.5
0,Mexico City,2025-06-04T16:00,20.4,36.7,79.4,29.2
0,Mexico City,2025-06-04T17:00,20.7,36.9,78.2,28.9
0,Mexico City,2025-06-04T18:00,19.1,36.1,89,31.3
0,Mexico City,2025-06-04T19:00,19.1,35.6,86,31.2
0,Mexico City,2025-06-04T20:00,22.6,36,59.5,26.5
0,Mexico City,2025-06-04T21:00,26.9,36.6,36,22.2
0,Mexico City,2025-06-04T22:00,30.4,37,21.8,19.7
0,Mexico City,2025-06-04T23:00,33.8,37.4,10.5,17.7
0,Mexico City,2025-06-05T00:00,35.4,37.2,5,16.9
0,Mexico City,2025-06-05T01:00,36.7,36.8,0.5,16.3
0,Mexico City,2025-06-05T02:00,37.8,37.4,0,15.8
0,Mexico City,2025-06-05T03:00,40.5,39.5,0,14.7
0,Mexico City,2025-06-05T04:00,42.6,41.8,0,14
0,Mexico City,2025-06-05T05:00,36.2,41.1,13.5,16.5
0,Mexico City,2025-06-05T06:00,27.4,39,42.4,21.8
0,Mexico City,2025-06-05T07:00,20.2,36.7,81,29.5
0,Mexico City,2025-06-05T08:00,18.5,36.3,96.7,32.4
0,Mexico City,2025-06-05T09:00,20.3,37.1,82.2,29.4
0,Mexico City,2025-06-05T10:00,22.5,37.8,68,26.6
0,Mexico City,2025-06-05T11:00,23.4,37.9,61.5,25.5
0,Mexico City,2025-06-05T12:00,23.5,38,61,25.4
0,Mexico City,2025-06-05T13:00,22.1,37.4,69.5,27.1
0,Mexico City,2025-06-05T14:00,20.4,36.8,80.5,29.3
0,Mexico City,2025-06-05T15:00,20.4,36.5,78.7,29.3
0,Mexico City,2025-06-05T16:00,21.8,36.7,68.6,27.4
0,Mexico City,2025-06-05T17:00,21.2,36.8,73.1,28.1
0,Mexico City,2025-06-05T18:00,19.3,36.1,86.3,30.9
0,Mexico City,2025-06-05T19:00,19.3,35.8,85,30.9
0,Mexico City,2025-06-05T20:00,22,36,63.3,27.1
0,Mexico City,2025-06-05T21:00,25.9,36.5,41.1,23.1
0,Mexico City,2025-06-05T22:00,29.5,37.1,25.6,20.2
0,Mexico City,2025-06-05T23:00,33.1,37.6,13.5,18.1
0,Mexico City,2025-06-06T00:00,35.5,37.4,5.3,16.8
0,Mexico City,2025-06-06T01:00,36.8,37.3,1.5,16.2
0,Mexico City,2025-06-06T02:00,38,37.5,0,15.7
0,Mexico City,2025-06-06T03:00,40.3,39,0,14.8
0,Mexico City,2025-06-06T04:00,42.1,41.1,0,14.2
0,Mexico City,2025-06-06T05:00,36.6,41.2,12.5,16.3
0,Mexico City,2025-06-06T06:00,28.9,39.4,36,20.6
0,Mexico City,2025-06-06T07:00,22.9,37.3,63.1,26.1
0,Mexico City,2025-06-06T08:00,21.6,37.3,72.5,27.7
0,Mexico City,2025-06-06T09:00,23.2,37.7,62.7,25.8
0,Mexico City,2025-06-06T10:00,24.4,38.1,56.2,24.5
0,Mexico City,2025-06-06T11:00,24.4,38.3,56.7,24.5
0,Mexico City,2025-06-06T12:00,23.9,38.2,59.8,25
0,Mexico City,2025-06-06T13:00,21.8,37.8,72.9,27.4
0,Mexico City,2025-06-06T14:00,18.8,36.9,95.8,31.7
0,Mexico City,2025-06-06T15:00,17.8,36.6,104.6,33.5
0,Mexico City,2025-06-06T16:00,19,36.5,91.7,31.4
0,Mexico City,2025-06-06T17:00,20,36.7,83.4,29.9
0,Mexico City,2025-06-06T18:00,18.7,36,92,31.9
0,Mexico City,2025-06-06T19:00,19.1,35.8,86.9,31.2
0,Mexico City,2025-06-06T20:00,21.7,36.2,66.7,27.6
0,Mexico City,2025-06-06T21:00,24.3,36.3,49,24.6
0,Mexico City,2025-06-06T22:00,27.6,36.8,33.1,21.6
0,Mexico City,2025-06-06T23:00,31,37.5,20.8,19.3
0,Mexico City,2025-06-07T00:00,34,37.5,10.3,17.6
0,Mexico City,2025-06-07T01:00,35.6,37.4,5,16.8
0,Mexico City,2025-06-07T02:00,36.5,37.4,2.3,16.4
0,Mexico City,2025-06-07T03:00,38.2,38.3,0.1,15.6
0,Mexico City,2025-06-07T04:00,40,39.7,0,14.9
0,Mexico City,2025-06-07T05:00,39.8,41.1,3.2,15
0,Mexico City,2025-06-07T06:00,38.3,41.9,9.4,15.6
0,Mexico City,2025-06-07T07:00,34.1,41.3,21.1,17.5
0,Mexico City,2025-06-07T08:00,30.1,40.3,33.9,19.9
0,Mexico City,2025-06-07T09:00,27.2,39.4,44.8,22
0,Mexico City,2025-06-07T10:00,25.7,38.9,51.3,23.3
0,Mexico City,2025-06-07T11:00,24.6,38.6,56.6,24.3
0,Mexico City,2025-06-07T12:00,23.6,38.3,61.9,25.3
0,Mexico City,2025-06-07T13:00,22.2,37.8,69.9,26.9
0,Mexico City,2025-06-07T14:00,21.1,37.3,76.2,28.3
0,Mexico City,2025-06-07T15:00,22,37,67.7,27.1
0,Mexico City,2025-06-07T16:00,24.4,37,51.6,24.5
0,Mexico City,2025-06-07T17:00,26.6,37.4,40.5,22.4
0,Mexico City,2025-06-07T18:00,27,37.7,39.5,22.2
0,Mexico City,2025-06-07T19:00,26.3,37.7,43,22.7
0,Mexico City,2025-06-07T20:00,26.7,37.6,40.7,22.4
0,Mexico City,2025-06-07T21:00,28.2,37.4,32.8,21.2
0,Mexico City,2025-06-07T22:00,29.8,37.4,25.4,20
0,Mexico City,2025-06-07T23:00,32.1,37.6,17,18.6
0,Mexico City,2025-06-08T00:00,34.3,37.7,9.8,17.4
0,Mexico City,2025-06-08T01:00,35.5,37.5,5.6,16.8
0,Mexico City,2025-06-08T02:00,36.5,37.7,3.2,16.4
0,Mexico City,2025-06-08T03:00,38,38.2,0.4,15.7
0,Mexico City,2025-06-08T04:00,39,38.6,0,15.3
0,Mexico City,2025-06-08T05:00,40,40.3,0.7,14.9
0,Mexico City,2025-06-08T06:00,39.3,41,4.2,15.2
0,Mexico City,2025-06-08T07:00,37.9,41,8.1,15.8
0,Mexico City,2025-06-08T08:00,35.5,40.5,14,16.8
0,Mexico City,2025-06-08T09:00,33,40,21.2,18.1
0,Mexico City,2025-06-08T10:00,31.4,39.7,26.2,19
0,Mexico City,2025-06-08T11:00,30.5,39.4,29.3,19.6
0,Mexico City,2025-06-08T12:00,29.5,39.5,34,20.3
0,Mexico City,2025-06-08T13:00,28,39.3,40.3,21.4
0,Mexico City,2025-06-08T14:00,27,38.7,43.1,22.1
0,Mexico City,2025-06-08T15:00,28.2,38.8,37.5,21.2
0,Mexico City,2025-06-08T16:00,29.4,38.8,31.9,20.3
0,Mexico City,2025-06-08T17:00,29.5,39,31.9,20.2
0,Mexico City,2025-06-08T18:00,29,38.9,34,20.6
0,Mexico City,2025-06-08T19:00,27.7,38.4,38.7,21.6
0,Mexico City,2025-06-08T20:00,28.4,38.6,35.8,21.1
0,Mexico City,2025-06-08T21:00,30.1,38.4,27.6,19.9
0,Mexico City,2025-06-08T22:00,32.7,38.7,18.4,18.3
0,Mexico City,2025-06-08T23:00,35.2,38.6,9.6,17
0,Mexico City,2025-06-09T00:00,36.8,38.2,3.6,16.2
0,Mexico City,2025-06-09T01:00,37,37.7,1.7,16.1
0,Mexico City,2025-06-09T02:00,37.8,37.7,0,15.8
0,Mexico City,2025-06-09T03:00,41.4,40.3,0,14.4
0,Mexico City,2025-06-09T04:00,43.6,42.9,0,13.7
0,Mexico City,2025-06-09T05:00,36.2,41.8,15.3,16.5
0,Mexico City,2025-06-09T06:00,27.3,39.1,43.1,21.9
0,Mexico City,2025-06-09T07:00,20.7,36.8,77.7,28.9
0,Mexico City,2025-06-09T08:00,19.1,36.6,90.8,31.2
0,Mexico City,2025-06-09T09:00,21.9,37.5,71,27.3
0,Mexico City,2025-06-09T10:00,24.7,38.1,54.4,24.2
0,Mexico City,2025-06-09T11:00,25.8,38.4,48.6,23.2
0,Mexico City,2025-06-09T12:00,25.6,38.3,49.3,23.3
0,Mexico City,2025-06-09T13:00,24.3,37.9,55.7,24.6
0,Mexico City,2025-06-09T14:00,22.7,37.1,63.4,26.4
0,Mexico City,2025-06-09T15:00,22.8,36.7,61,26.2
0,Mexico City,2025-06-09T16:00,23.9,37,54.8,25
0,Mexico City,2025-06-09T17:00,22.9,37.2,62.2,26.1
0,Mexico City,2025-06-09T18:00,20.5,36.2,76.3,29.2
0,Mexico City,2025-06-09T19:00,20.8,36,72.9,28.7
0,Mexico City,2025-06-09T20:00,24.4,36.4,49.1,24.5
0,Mexico City,2025-06-09T21:00,28.9,37.1,28.1,20.7
0,Mexico City,2025-06-09T22:00,32.1,37.5,16.7,18.6
0,Mexico City,2025-06-09T23:00,35,37.5,7.3,17.1
0,Mexico City,2025-06-10T00:00,37,37.7,1.9,16.1
0,Mexico City,2025-06-10T01:00,37.8,37.7,0,15.8
0,Mexico City,2025-06-10T02:00,38.7,38.4,0,15.4
0,Mexico City,2025-06-10T03:00,42,40.8,0,14.2
0,Mexico City,2025-06-10T04:00,43.5,42.7,0,13.7
0,Mexico City,2025-06-10T05:00,36.5,41.3,13,16.4
0,Mexico City,2025-06-10T06:00,27.3,38.9,42.2,21.9
0,Mexico City,2025-06-10T07:00,20.2,36.5,80.9,29.6
0,Mexico City,2025-06-10T08:00,18.3,36.1,97.6,32.7
0,Mexico City,2025-06-10T09:00,20.2,36.9,82.6,29.6
0,Mexico City,2025-06-10T10:00,22.6,37.7,66.6,26.5
0,Mexico City,2025-06-10T11:00,23.5,37.9,61,25.4
0,Mexico City,2025-06-10T12:00,23.7,37.8,59.7,25.2
0,Mexico City,2025-06-10T13:00,22.5,37.5,66.1,26.5
0,Mexico City,2025-06-10T14:00,20.9,36.9,76.5,28.6
0,Mexico City,2025-06-10T15:00,21.4,36.7,71.2,27.9
0,Mexico City,2025-06-10T16:00,22.7,37,62.6,26.3
0,Mexico City,2025-06-10T17:00,21.7,37,70.6,27.6
0,Mexico City,2025-06-10T18:00,18.7,35.9,92.3,32
0,Mexico City,2025-06-10T19:00,18.4,35.4,92.4,32.5
0,Mexico City,2025-06-10T20:00,21.1,35.9,70.2,28.4
0,Mexico City,2025-06-10T21:00,25.6,36.8,43.3,23.3
0,Mexico City,2025-06-10T22:00,30.1,37.3,23.5,19.8
0,Mexico City,2025-06-10T23:00,34,37.8,11.2,17.6
0,Mexico City,2025-06-11T00:00,36.3,37.5,3.1,16.4
0,Mexico City,2025-06-11T01:00,36.5,36.8,0.9,16.4
0,Mexico City,2025-06-11T02:00,37.4,37.7,0.9,16
0,Mexico City,2025-06-11T03:00,39.8,40.3,1.3,15
0,Mexico City,2025-06-11T04:00,42.1,42.3,0.4,14.2
0,Mexico City,2025-06-11T05:00,35.9,41.3,15,16.6
0,Mexico City,2025-06-11T06:00,27.3,39,42.6,21.9
0,Mexico City,2025-06-11T07:00,20.3,36.7,80.6,29.4
0,Mexico City,2025-06-11T08:00,18.4,36.5,98.2,32.5
0,Mexico City,2025-06-11T09:00,19.7,37,86.9,30.3
0,Mexico City,2025-06-11T10:00,22.6,37.8,67.1,26.5
0,Mexico City,2025-06-11T11:00,24.1,38.1,57.6,24.8
0,Mexico City,2025-06-11T12:00,23.6,37.9,60.2,25.3
0,Mexico City,2025-06-11T13:00,22.2,37.5,68.8,27
0,Mexico City,2025-06-11T14:00,20.1,36.8,82.7,29.7
0,Mexico City,2025-06-11T15:00,20.3,36.6,80,29.4
0,Mexico City,2025-06-11T16:00,21.6,36.8,70,27.6
0,Mexico City,2025-06-11T17:00,20.9,36.9,76.6,28.6
0,Mexico City,2025-06-11T18:00,18.9,36.1,90.4,31.6
0,Mexico City,2025-06-11T19:00,19.3,35.6,84.6,31
0,Mexico City,2025-06-11T20:00,22.9,36,57,26.1
0,Mexico City,2025-06-11T21:00,27.3,36.6,33.9,21.9
0,Mexico City,2025-06-11T22:00,30.7,37.3,21.4,19.4
0,Mexico City,2025-06-11T23:00,31.6,37.2,17.7,18.9
0,Mexico City,2025-06-12T00:00,33.1,37,11.7,18
0,Mexico City,2025-06-12T01:00,35.3,37,4.9,16.9
0,Mexico City,2025-06-12T02:00,37,37.9,2.2,16.1
0,Mexico City,2025-06-12T03:00,39.5,39.7,0.6,15.1
0,Mexico City,2025-06-12T04:00,41.6,42,1,14.4
0,Mexico City,2025-06-12T05:00,35.7,41.2,15.6,16.7
0,Mexico City,2025-06-12T06:00,27.4,39,42.5,21.8
0,Mexico City,2025-06-12T07:00,20.4,36.6,79.5,29.3
0,Mexico City,2025-06-12T08:00,18.7,36.4,95,32
0,Mexico City,2025-06-12T09:00,20.5,37,80.3,29.2
0,Mexico City,2025-06-12T10:00,22.7,37.7,66.1,26.4
0,Mexico City,2025-06-12T11:00,23.4,37.8,61.3,25.5
0,Mexico City,2025-06-12T12:00,23.3,37.9,62.5,25.7
0,Mexico City,2025-06-12T13:00,21.6,37.4,72.6,27.6
0,Mexico City,2025-06-12T14:00,17.7,36.4,105.1,33.8
0,Mexico City,2025-06-12T15:00,16.5,35.4,114.6,36.3
0,Mexico City,2025-06-12T16:00,17.8,35.6,99.7,33.6
0,Mexico City,2025-06-12T17:00,18.3,35.9,96.2,32.7
0,Mexico City,2025-06-12T18:00,17.2,35.5,106.5,34.8
0,Mexico City,2025-06-12T19:00,17,35.2,106.7,35.1
0,Mexico City,2025-06-12T20:00,17.6,34.7,97.1,34
0,Mexico City,2025-06-12T21:00,20.2,35,72.9,29.6
0,Mexico City,2025-06-12T22:00,24.4,35.7,46.4,24.5
0,Mexico City,2025-06-12T23:00,29.6,37,24.9,20.2
0,Mexico City,2025-06-13T00:00,32.7,37.5,14.8,18.3
0,Mexico City,2025-06-13T01:00,34.8,37.6,8,17.1
0,Mexico City,2025-06-13T02:00,36.3,37.7,3.6,16.4
0,Mexico City,2025-06-13T03:00,38.9,39.2,0.7,15.3
0,Mexico City,2025-06-13T04:00,40.7,41.5,1.9,14.7
0,Mexico City,2025-06-13T05:00,35.4,41,15.8,16.9
0,Mexico City,2025-06-13T06:00,28.4,39.3,38.2,21
0,Mexico City,2025-06-13T07:00,22.7,37.5,65.2,26.4
0,Mexico City,2025-06-13T08:00,21.7,37.3,71.3,27.5
0,Mexico City,2025-06-13T09:00,23.6,37.8,59.7,25.3
0,Mexico City,2025-06-13T10:00,25,38.3,53,23.9
0,Mexico City,2025-06-13T11:00,24.4,38.3,56.9,24.5
0,Mexico City,2025-06-13T12:00,23.6,38.2,61.6,25.3
0,Mexico City,2025-06-13T13:00,21.5,37.7,75.3,27.8
0,Mexico City,2025-06-13T14:00,18.7,37,97.5,32
0,Mexico City,2025-06-13T15:00,17.8,36.6,105.6,33.6
0,Mexico City,2025-06-13T16:00,19,36.6,92.6,31.5
0,Mexico City,2025-06-13T17:00,19.3,36.5,88.9,31
0,Mexico City,2025-06-13T18:00,16.3,35.4,117.1,36.7
0,Mexico City,2025-06-13T19:00,16.9,35,107.3,35.5
0,Mexico City,2025-06-13T20:00,20.1,35.7,77.7,29.8
0,Mexico City,2025-06-13T21:00,24.3,36.3,49.4,24.6
0,Mexico City,2025-06-13T22:00,27.4,36.8,34.3,21.8
0,Mexico City,2025-06-13T23:00,29.3,37.1,26.5,20.4
0,Mexico City,2025-06-14T00:00,31.6,37.3,18.1,18.9
0,Mexico City,2025-06-14T01:00,33.9,37.3,10,17.6
0,Mexico City,2025-06-14T02:00,34.9,37.4,7.3,17.1
0,Mexico City,2025-06-14T03:00,37,38.3,3.4,16.1
0,Mexico City,2025-06-14T04:00,38.6,39.8,3.1,15.5
0,Mexico City,2025-06-14T05:00,38,40.9,7.5,15.7
0,Mexico City,2025-06-14T06:00,36.9,41.7,12.8,16.2
0,Mexico City,2025-06-14T07:00,33.4,41.3,23.8,17.9
0,Mexico City,2025-06-14T08:00,29.1,40.1,37.8,20.5
0,Mexico City,2025-06-14T09:00,26.7,39.4,47.8,22.4
0,Mexico City,2025-06-14T10:00,25,38.8,54.9,23.9
0,Mexico City,2025-06-14T11:00,24.2,38.6,59.4,24.7
0,Mexico City,2025-06-14T12:00,22.2,38.1,71.7,26.9
0,Mexico City,2025-06-14T13:00,19.6,37.2,89.3,30.4
0,Mexico City,2025-06-14T14:00,19.2,36.9,91.8,31.1
0,Mexico City,2025-06-14T15:00,20.2,36.7,81.1,29.6
0,Mexico City,2025-06-14T16:00,22.9,36.9,61.1,26.1
0,Mexico City,2025-06-14T17:00,25.3,37.1,46.7,23.6
0,Mexico City,2025-06-14T18:00,26.2,37.4,42.7,22.8
0,Mexico City,2025-06-14T19:00,25.3,37.5,48.2,23.6
0,Mexico City,2025-06-14T20:00,26.4,37.5,42,22.6
0,Mexico City,2025-06-14T21:00,28.2,37.4,32.9,21.2
0,Mexico City,2025-06-14T22:00,29.2,37.4,27.9,20.4
0,Mexico City,2025-06-14T23:00,31.3,37.6,20.3,19.1
0,Mexico City,2025-06-15T00:00,32.9,37.5,13.8,18.2
0,Mexico City,2025-06-15T01:00,33.9,37.4,10.3,17.6
0,Mexico City,2025-06-15T02:00,34.9,37.6,7.8,17.1
0,Mexico City,2025-06-15T03:00,36.3,37.9,4.2,16.4
0,Mexico City,2025-06-15T04:00,37.7,38.8,2.8,15.8
0,Mexico City,2025-06-15T05:00,36.4,40,9.8,16.4
0,Mexico City,2025-06-15T06:00,38.2,40.7,6.3,15.6
0,Mexico City,2025-06-15T07:00,36.8,40.6,10.2,16.2
0,Mexico City,2025-06-15T08:00,35,40.3,15.2,17.1
0,Mexico City,2025-06-15T09:00,33,40.2,21.8,18.1
0,Mexico City,2025-06-15T10:00,31.7,40,26.2,18.9
0,Mexico City,2025-06-15T11:00,30.6,39.8,30,19.6
0,Mexico City,2025-06-15T12:00,29.6,39.8,34.3,20.2
0,Mexico City,2025-06-15T13:00,26.7,39.5,47.9,22.4
0,Mexico City,2025-06-15T14:00,25.9,39.1,50.7,23.1
0,Mexico City,2025-06-15T15:00,27.4,38.7,41,21.8
0,Mexico City,2025-06-15T16:00,29.7,38.6,30,20.1
0,Mexico City,2025-06-15T17:00,30.3,38.9,28.3,19.7
0,Mexico City,2025-06-15T18:00,28.7,38.9,35.4,20.8
0,Mexico City,2025-06-15T19:00,28,38.8,38.2,21.3
0,Mexico City,2025-06-15T20:00,28,38.7,38.1,21.3
0,Mexico City,2025-06-15T21:00,28.4,38.4,35.1,21
0,Mexico City,2025-06-15T22:00,30.3,38.5,27,19.7
0,Mexico City,2025-06-15T23:00,33.7,38.6,14.3,17.7
0,Mexico City,2025-06-16T00:00,37,38.6,4.4,16.2
0,Mexico City,2025-06-16T01:00,37.3,37.9,1.5,16
0,Mexico City,2025-06-16T02:00,38.3,38.2,0,15.6
0,Mexico City,2025-06-16T03:00,42.2,40.9,0,14.1
0,Mexico City,2025-06-16T04:00,43.4,43,0,13.8
0,Mexico City,2025-06-16T05:00,36.3,41.9,15.2,16.5
0,Mexico City,2025-06-16T06:00,27.2,39.4,44.3,21.9
0,Mexico City,2025-06-16T07:00,21,36.8,74.7,28.4
0,Mexico City,2025-06-16T08:00,20,36.8,84.3,29.9
0,Mexico City,2025-06-16T09:00,22.9,37.8,64.9,26.1
0,Mexico City,2025-06-16T10:00,26,38.6,48.2,23
0,Mexico City,2025-06-16T11:00,26.5,38.7,45.7,22.5
0,Mexico City,2025-06-16T12:00,25.3,38.2,51,23.6
0,Mexico City,2025-06-16T13:00,22.1,37.6,69.6,27
0,Mexico City,2025-06-16T14:00,17.3,36,107.3,34.5
0,Mexico City,2025-06-16T15:00,17.3,35.5,105,34.5
0,Mexico City,2025-06-16T16:00,19.3,36,85.8,30.9
0,Mexico City,2025-06-16T17:00,17.9,35.8,99.4,33.3
0,Mexico City,2025-06-16T18:00,15.5,34.8,123.6,38.4
0,Mexico City,2025-06-16T19:00,16.3,34.8,113.8,36.8
0,Mexico City,2025-06-16T20:00,20.2,35.8,77.2,29.6
0,Mexico City,2025-06-16T21:00,25.5,36.6,43.4,23.4
0,Mexico City,2025-06-16T22:00,30.1,37.2,23.4,19.8
0,Mexico City,2025-06-16T23:00,34,37.4,9.9,17.6
0,Mexico City,2025-06-17T00:00,36.7,37.8,2.9,16.3
0,Mexico City,2025-06-17T01:00,37.6,37.9,0.7,15.9
0,Mexico City,2025-06-17T02:00,38.9,38.7,0,15.4
0,Mexico City,2025-06-17T03:00,41.2,40.7,0,14.5
0,Mexico City,2025-06-17T04:00,42.9,42.9,0.1,13.9
0,Mexico City,2025-06-17T05:00,35.4,41.1,16,16.9
0,Mexico City,2025-06-17T06:00,26.4,38.8,47,22.7
0,Mexico City,2025-06-17T07:00,19,36.3,90.2,31.4
0,Mexico City,2025-06-17T08:00,16.8,35.8,113.3,35.6
0,Mexico City,2025-06-17T09:00,18.4,36.6,98.2,32.4
0,Mexico City,2025-06-17T10:00,21.8,37.7,72.5,27.4
0,Mexico City,2025-06-17T11:00,23.9,38.1,59.1,25
0,Mexico City,2025-06-17T12:00,23.6,37.7,59.4,25.3
0,Mexico City,2025-06-17T13:00,20.6,37.1,80.4,29.1
0,Mexico City,2025-06-17T14:00,19.4,36.7,89,30.8
0,Mexico City,2025-06-17T15:00,20.2,36.7,81.1,29.5
0,Mexico City,2025-06-17T16:00,21.7,36.8,69.4,27.5
0,Mexico City,2025-06-17T17:00,21.2,36.9,73.4,28.1
0,Mexico City,2025-06-17T18:00,18.5,36.2,95.6,32.3
0,Mexico City,2025-06-17T19:00,17.8,35.5,99.2,33.6
0,Mexico City,2025-06-17T20:00,21.5,36.1,67.9,27.9
0,Mexico City,2025-06-17T21:00,26.1,36.6,39.9,22.9
0,Mexico City,2025-06-17T22:00,30.8,37.2,20.9,19.4
0,Mexico City,2025-06-17T23:00,34.5,37.7,9.4,17.3
0,Mexico City,2025-06-18T00:00,36.7,37.7,2.8,16.3
0,Mexico City,2025-06-18T01:00,37.5,37.7,0.4,15.9
0,Mexico City,2025-06-18T02:00,38.1,38,0,15.7
0,Mexico City,2025-06-18T03:00,39.9,40.1,0.3,15
0,Mexico City,2025-06-18T04:00,41.4,42.1,1.6,14.4
0,Mexico City,2025-06-18T05:00,35.6,41.2,15.6,16.8
0,Mexico City,2025-06-18T06:00,27.4,39,42.2,21.8
0,Mexico City,2025-06-18T07:00,20.2,36.7,81.4,29.6
0,Mexico City,2025-06-18T08:00,18.1,36.3,100.7,33.1
0,Mexico City,2025-06-18T09:00,19.4,36.9,90.1,30.8
0,Mexico City,2025-06-18T10:00,21.3,37.5,75.5,28
0,Mexico City,2025-06-18T11:00,21.9,37.6,71.8,27.3
0,Mexico City,2025-06-18T12:00,21.3,37.5,75.7,28
0,Mexico City,2025-06-18T13:00,20,37.1,85.4,29.9
0,Mexico City,2025-06-18T14:00,18.7,36.7,95.4,31.9
0,Mexico City,2025-06-18T15:00,18.9,36.4,92.8,31.7
0,Mexico City,2025-06-18T16:00,20.3,36.7,80.7,29.5
0,Mexico City,2025-06-18T17:00,20.3,36.7,80.6,29.4
0,Mexico City,2025-06-18T18:00,18.7,35.9,92.3,32
0,Mexico City,2025-06-18T19:00,19.1,35.6,85.7,31.2
0,Mexico City,2025-06-18T20:00,22.6,35.9,58.1,26.4
0,Mexico City,2025-06-18T21:00,27.5,36.7,33.4,21.8
0,Mexico City,2025-06-18T22:00,31.1,37.4,20.4,19.2
0,Mexico City,2025-06-18T23:00,34.3,37.9,10.4,17.4
0,Mexico City,2025-06-19T00:00,36.3,37.5,3.2,16.4
0,Mexico City,2025-06-19T01:00,37.1,37.3,0.6,16.1
0,Mexico City,2025-06-19T02:00,38.9,38.3,0,15.4
0,Mexico City,2025-06-19T03:00,41,39.9,0,14.6
0,Mexico City,2025-06-19T04:00,43.2,42.4,0,13.8
0,Mexico City,2025-06-19T05:00,36.6,41.2,12.4,16.3
0,Mexico City,2025-06-19T06:00,28.4,39.1,37.6,21.1
0,Mexico City,2025-06-19T07:00,21.6,36.9,70.9,27.7
0,Mexico City,2025-06-19T08:00,19.3,36.5,89.5,31
0,Mexico City,2025-06-19T09:00,20.7,37.1,78.8,28.8
0,Mexico City,2025-06-19T10:00,23.2,37.9,63,25.7
0,Mexico City,2025-06-19T11:00,23.8,38,59.2,25.1
0,Mexico City,2025-06-19T12:00,22.9,37.7,64.3,26.1
0,Mexico City,2025-06-19T13:00,22,37.5,70.5,27.2
0,Mexico City,2025-06-19T14:00,20.6,37,79.1,29
0,Mexico City,2025-06-19T15:00,20.9,36.7,75.4,28.6
0,Mexico City,2025-06-19T16:00,21.3,36.8,72.5,28
0,Mexico City,2025-06-19T17:00,21,36.7,74.7,28.5
0,Mexico City,2025-06-19T18:00,19.2,36,87.6,31.2
0,Mexico City,2025-06-19T19:00,20,35.8,78.5,29.9
0,Mexico City,2025-06-19T20:00,23.3,36.1,54.6,25.6
0,Mexico City,2025-06-19T21:00,27.5,36.7,33.4,21.7
0,Mexico City,2025-06-19T22:00,30.6,37.1,21.2,19.6
0,Mexico City,2025-06-19T23:00,33.4,37.6,12.5,17.9
0,Mexico City,2025-06-20T00:00,35.3,37.4,5.9,16.9
0,Mexico City,2025-06-20T01:00,37,37.5,1.5,16.2
0,Mexico City,2025-06-20T02:00,37.5,37.2,0,15.9
0,Mexico City,2025-06-20T03:00,40.1,38.8,0,14.9
0,Mexico City,2025-06-20T04:00,41.9,41.3,0,14.3
0,Mexico City,2025-06-20T05:00,36.5,41,12.4,16.4
0,Mexico City,2025-06-20T06:00,28.5,39.2,37.6,21
0,Mexico City,2025-06-20T07:00,22.8,37.3,63.4,26.2
0,Mexico City,2025-06-20T08:00,21.9,37.3,70.2,27.3
0,Mexico City,2025-06-20T09:00,23.9,37.9,58.2,25
0,Mexico City,2025-06-20T10:00,24.7,38.3,55,24.2
0,Mexico City,2025-06-20T11:00,24.4,38.3,56.7,24.5
0,Mexico City,2025-06-20T12:00,23.6,38.1,61.4,25.3
0,Mexico City,2025-06-20T13:00,21.4,37.7,75.7,27.9
0,Mexico City,2025-06-20T14:00,18,36.7,103.5,33.1
0,Mexico City,2025-06-20T15:00,16.7,36.1,116.1,35.9
0,Mexico City,2025-06-20T16:00,18.1,36.1,99.1,33
0,Mexico City,2025-06-20T17:00,20,36.6,82.6,29.9
0,Mexico City,2025-06-20T18:00,19.7,36.2,83.4,30.3
0,Mexico City,2025-06-20T19:00,20,35.9,79.1,29.9
0,Mexico City,2025-06-20T20:00,22.7,36.2,59.5,26.4
0,Mexico City,2025-06-20T21:00,25.7,36.5,42,23.3
0,Mexico City,2025-06-20T22:00,28.2,36.9,30.5,21.2
0,Mexico City,2025-06-20T23:00,30.7,37.4,21.6,19.5
0,Mexico City,2025-06-21T00:00,33.4,37.8,13,17.9
0,Mexico City,2025-06-21T01:00,35.1,37.2,6.1,17
0,Mexico City,2025-06-21T02:00,36.2,37.4,3.5,16.5
0,Mexico City,2025-06-21T03:00,37.4,37.8,1,16
0,Mexico City,2025-06-21T04:00,39.4,39.3,0,15.1
0,Mexico City,2025-06-21T05:00,39.1,40.6,3.7,15.3
0,Mexico City,2025-06-21T06:00,38.1,41.6,9.4,15.7
0,Mexico City,2025-06-21T07:00,34.9,41.2,17.8,17.1
0,Mexico City,2025-06-21T08:00,31.2,40.3,28.9,19.1
0,Mexico City,2025-06-21T09:00,28.3,39.5,39.4,21.1
0,Mexico City,2025-06-21T10:00,26.7,39,46.3,22.4
0,Mexico City,2025-06-21T11:00,25.6,38.7,51.1,23.4
0,Mexico City,2025-06-21T12:00,23.9,38.2,59.9,25
0,Mexico City,2025-06-21T13:00,21.9,37.6,72,27.3
0,Mexico City,2025-06-21T14:00,20.3,37.1,82.5,29.4
0,Mexico City,2025-06-21T15:00,19.6,36.6,86.4,30.4
0,Mexico City,2025-06-21T16:00,21.7,36.7,68.8,27.5
0,Mexico City,2025-06-21T17:00,23.8,37.3,56.3,25.1
0,Mexico City,2025-06-21T18:00,23.5,37.2,58.3,25.5
0,Mexico City,2025-06-21T19:00,23.4,37.1,58.7,25.6
0,Mexico City,2025-06-21T20:00,24.7,37.2,50.5,24.2
0,Mexico City,2025-06-21T21:00,26.4,37,40,22.6
0,Mexico City,2025-06-21T22:00,28.3,37.1,31,21.1
0,Mexico City,2025-06-21T23:00,29.7,37.5,25.9,20.1
0,Mexico City,2025-06-22T00:00,32,37.7,17.9,18.7
0,Mexico City,2025-06-22T01:00,33.7,37.6,11.6,17.7
0,Mexico City,2025-06-22T02:00,35.2,37.4,6.3,17
0,Mexico City,2025-06-22T03:00,36.6,38,3.8,16.3
0,Mexico City,2025-06-22T04:00,38,38.8,2.1,15.7
0,Mexico City,2025-06-22T05:00,38.7,39.9,3.2,15.5
0,Mexico City,2025-06-22T06:00,38.9,41.5,6.5,15.4
0,Mexico City,2025-06-22T07:00,36.3,40.8,12.3,16.5
0,Mexico City,2025-06-22T08:00,33.8,40.3,18.9,17.7
0,Mexico City,2025-06-22T09:00,32.1,39.9,24.3,18.6
0,Mexico City,2025-06-22T10:00,30.7,39.4,28.3,19.5
0,Mexico City,2025-06-22T11:00,30.2,39.2,29.8,19.8
0,Mexico City,2025-06-22T12:00,29.1,39.1,34.6,20.6
0,Mexico City,2025-06-22T13:00,23.7,38.2,60.8,25.2
0,Mexico City,2025-06-22T14:00,21.4,37.5,75.1,27.9
0,Mexico City,2025-06-22T15:00,22.8,37.7,65.4,26.2
0,Mexico City,2025-06-22T16:00,25.2,38.1,50.9,23.7
0,Mexico City,2025-06-22T17:00,27.5,38.6,40.4,21.8
0,Mexico City,2025-06-22T18:00,28.6,38.8,35.3,20.9
0,Mexico City,2025-06-22T19:00,28.5,38.4,34.7,21
0,Mexico City,2025-06-22T20:00,29.3,38.4,30.8,20.4
0,Mexico City,2025-06-22T21:00,30.8,38.2,23.9,19.4
0,Mexico City,2025-06-22T22:00,31.9,38.1,19.5,18.7
0,Mexico City,2025-06-22T23:00,34.6,38.4,11,17.3
0,Mexico City,2025-06-23T00:00,36,37.8,5,16.6
0,Mexico City,2025-06-23T01:00,36,37.5,4,16.6
0,Mexico City,2025-06-23T02:00,36.2,38.1,5.2,16.5
0,Mexico City,2025-06-23T03:00,40.5,41,1.2,14.7
0,Mexico City,2025-06-23T04:00,41.4,42.8,3.5,14.4
0,Mexico City,2025-06-23T05:00,34.5,41.5,20.2,17.3
0,Mexico City,2025-06-23T06:00,26.5,39.3,48.1,22.6
0,Mexico City,2025-06-23T07:00,19.7,36.6,85.5,30.3
0,Mexico City,2025-06-23T08:00,17,36,110.8,35
0,Mexico City,2025-06-23T09:00,18.5,36.6,97.6,32.3
0,Mexico City,2025-06-23T10:00,22,37.5,70.7,27.2
0,Mexico City,2025-06-23T11:00,24.7,38.3,55.2,24.2
0,Mexico City,2025-06-23T12:00,25.5,38.3,49.9,23.4
0,Mexico City,2025-06-23T13:00,24.4,37.9,55.1,24.5
0,Mexico City,2025-06-23T14:00,22.8,37.4,63.6,26.2
0,Mexico City,2025-06-23T15:00,23,37.1,61.1,26
0,Mexico City,2025-06-23T16:00,23.8,37.2,55.8,25.1
0,Mexico City,2025-06-23T17:00,22.6,37,63.9,26.5
0,Mexico City,2025-06-23T18:00,20,36.2,80.9,29.9
0,Mexico City,2025-06-23T19:00,20.6,36,74.5,29
0,Mexico City,2025-06-23T20:00,24.4,36.2,48.3,24.5
0,Mexico City,2025-06-23T21:00,28.8,36.9,28.1,20.8
0,Mexico City,2025-06-23T22:00,31.4,37.4,18.9,19
0,Mexico City,2025-06-23T23:00,33.6,37.4,11.3,17.8
0,Mexico City,2025-06-24T00:00,36,37.6,4.6,16.6
0,Mexico City,2025-06-24T01:00,36.6,37.7,2.9,16.3
0,Mexico City,2025-06-24T02:00,38.6,39,1,15.5
0,Mexico City,2025-06-24T03:00,40.9,40.6,0,14.6
0,Mexico City,2025-06-24T04:00,43.2,42.8,0,13.8
0,Mexico City,2025-06-24T05:00,35.7,41.3,15.5,16.7
0,Mexico City,2025-06-24T06:00,27.2,39,43.3,22
0,Mexico City,2025-06-24T07:00,20.5,36.8,79,29.1
0,Mexico City,2025-06-24T08:00,18.1,36.2,99.7,33
0,Mexico City,2025-06-24T09:00,19.4,36.7,88.5,30.7
0,Mexico City,2025-06-24T10:00,21.4,37.4,74.9,28
0,Mexico City,2025-06-24T11:00,21.7,37.5,73,27.6
0,Mexico City,2025-06-24T12:00,20.9,37.2,77.9,28.6
0,Mexico City,2025-06-24T13:00,20.4,37.2,81.7,29.2
0,Mexico City,2025-06-24T14:00,19.2,36.6,90.4,31.1
0,Mexico City,2025-06-24T15:00,19.2,36.4,89.5,31.2
0,Mexico City,2025-06-24T16:00,20.5,36.7,78.4,29.1
0,Mexico City,2025-06-24T17:00,20.3,36.8,80.6,29.4
0,Mexico City,2025-06-24T18:00,19,36.2,90.2,31.4
0,Mexico City,2025-06-24T19:00,19.4,35.7,83.5,30.8
0,Mexico City,2025-06-24T20:00,22.6,36,58.9,26.4
0,Mexico City,2025-06-24T21:00,27,36.6,35.3,22.1
0,Mexico City,2025-06-24T22:00,31,37.1,19.9,19.3
0,Mexico City,2025-06-24T23:00,34.6,37.6,8.7,17.3
0,Mexico City,2025-06-25T00:00,36.6,37.5,2.4,16.3
0,Mexico City,2025-06-25T01:00,37,37.4,1.1,16.2
0,Mexico City,2025-06-25T02:00,38.1,37.9,0,15.7
0,Mexico City,2025-06-25T03:00,40.1,39.5,0,14.9
0,Mexico City,2025-06-25T04:00,42.8,42.2,0,14
0,Mexico City,2025-06-25T05:00,36.1,41.1,14,16.6
0,Mexico City,2025-06-25T06:00,28.5,39.4,38,20.9
0,Mexico City,2025-06-25T07:00,21.6,37.1,71.9,27.7
0,Mexico City,2025-06-25T08:00,19.3,36.6,89.1,31
0,Mexico City,2025-06-25T09:00,21,37.3,76.8,28.4
0,Mexico City,2025-06-25T10:00,23.1,38,64.4,25.9
0,Mexico City,2025-06-25T11:00,23.9,38,59.1,25
0,Mexico City,2025-06-25T12:00,23.9,38,58.9,25
0,Mexico City,2025-06-25T13:00,22.5,37.5,66,26.5
0,Mexico City,2025-06-25T14:00,20.5,37,80,29.1
0,Mexico City,2025-06-25T15:00,20.7,36.7,77.3,28.9
0,Mexico City,2025-06-25T16:00,21.1,36.9,74.8,28.4
0,Mexico City,2025-06-25T17:00,18.2,36.3,99.5,32.9
0,Mexico City,2025-06-25T18:00,14.2,34.7,143.6,42
0,Mexico City,2025-06-25T19:00,13.8,34.3,148.3,43.4
0,Mexico City,2025-06-25T20:00,16.3,34.7,111.9,36.6
0,Mexico City,2025-06-25T21:00,21.4,35.8,66.7,27.9
0,Mexico City,2025-06-25T22:00,27.6,36.9,33.8,21.7
0,Mexico City,2025-06-25T23:00,32.3,37.5,16,18.5
0,Mexico City,2025-06-26T00:00,32.9,38.2,16.1,18.1
0,Mexico City,2025-06-26T01:00,37,38.9,4.9,16.1
0,Mexico City,2025-06-26T02:00,38.1,38.1,0.1,15.7
0,Mexico City,2025-06-26T03:00,40.6,40.1,0,14.7
0,Mexico City,2025-06-26T04:00,42.2,42.3,0.2,14.2
0,Mexico City,2025-06-26T05:00,35.5,41.2,16,16.8
0,Mexico City,2025-06-26T06:00,28.2,39.3,39.4,21.2
0,Mexico City,2025-06-26T07:00,21.7,37,70.5,27.5
0,Mexico City,2025-06-26T08:00,19.5,36.7,87.5,30.6
0,Mexico City,2025-06-26T09:00,21.2,37.2,75.2,28.2
0,Mexico City,2025-06-26T10:00,22.8,37.8,65.7,26.2
0,Mexico City,2025-06-26T11:00,22.9,37.8,65.2,26.1
0,Mexico City,2025-06-26T12:00,22.8,37.7,65.7,26.3
0,Mexico City,2025-06-26T13:00,21.7,37.4,72.4,27.5
0,Mexico City,2025-06-26T14:00,20,37,84.5,29.8
0,Mexico City,2025-06-26T15:00,20,36.7,83.1,29.9
0,Mexico City,2025-06-26T16:00,20.9,36.7,75.7,28.6
0,Mexico City,2025-06-26T17:00,19.2,36.6,90.3,31.1
0,Mexico City,2025-06-26T18:00,17.1,35.8,108.7,34.9
0,Mexico City,2025-06-26T19:00,16.2,35.1,116.5,37
0,Mexico City,2025-06-26T20:00,18.1,35.2,94.8,33.1
0,Mexico City,2025-06-26T21:00,21.9,35.9,64.1,27.3
0,Mexico City,2025-06-26T22:00,26.9,36.8,36.8,22.2
0,Mexico City,2025-06-26T23:00,31.9,37.6,17.5,18.7
0,Mexico City,2025-06-27T00:00,34.8,37.5,7.7,17.2
0,Mexico City,2025-06-27T01:00,36.2,37.6,3.7,16.5
0,Mexico City,2025-06-27T02:00,36.8,37.2,0.9,16.2
0,Mexico City,2025-06-27T03:00,39.2,38.7,0,15.2
0,Mexico City,2025-06-27T04:00,41.2,41.1,0,14.5
0,Mexico City,2025-06-27T05:00,36.8,41.4,12.2,16.2
0,Mexico City,2025-06-27T06:00,31.1,40.1,29.1,19.2
0,Mexico City,2025-06-27T07:00,25.5,38.5,50.5,23.4
0,Mexico City,2025-06-27T08:00,22.8,37.6,64.7,26.2
0,Mexico City,2025-06-27T09:00,23.3,37.8,62.5,25.7
0,Mexico City,2025-06-27T10:00,24.4,38.3,57.1,24.5
0,Mexico City,2025-06-27T11:00,23.6,38.1,61.4,25.3
0,Mexico City,2025-06-27T12:00,22.4,37.9,68.8,26.6
0,Mexico City,2025-06-27T13:00,21.2,37.6,77.4,28.2
0,Mexico City,2025-06-27T14:00,19.2,37.1,93.2,31.1
0,Mexico City,2025-06-27T15:00,17.8,36.6,104.8,33.5
0,Mexico City,2025-06-27T16:00,17.9,36.3,102.3,33.4
0,Mexico City,2025-06-27T17:00,17.7,36.1,103.3,33.7
0,Mexico City,2025-06-27T18:00,16.1,35.3,119.3,37.2
0,Mexico City,2025-06-27T19:00,16,35.1,118.6,37.3
0,Mexico City,2025-06-27T20:00,17.9,35.3,96.5,33.3
0,Mexico City,2025-06-27T21:00,21.3,35.6,67,28
0,Mexico City,2025-06-27T22:00,25.2,36.2,43.3,23.7
0,Mexico City,2025-06-27T23:00,29,37,27.2,20.6
0,Mexico City,2025-06-28T00:00,31.9,37,15.9,18.7
0,Mexico City,2025-06-28T01:00,33.2,37.4,12.5,18
0,Mexico City,2025-06-28T02:00,34.7,38,9.3,17.2
0,Mexico City,2025-06-28T03:00,36.8,37.8,2.7,16.2
0,Mexico City,2025-06-28T04:00,38.8,39.2,1.1,15.4
0,Mexico City,2025-06-28T05:00,38.5,40.4,5,15.5
0,Mexico City,2025-06-28T06:00,38,41.7,9.6,15.7
0,Mexico City,2025-06-28T07:00,34.8,41.3,18.6,17.1
0,Mexico City,2025-06-28T08:00,30.9,40.4,30.6,19.3
0,Mexico City,2025-06-28T09:00,28.1,39.5,40.5,21.3
0,Mexico City,2025-06-28T10:00,26.3,39,48.2,22.7
0,Mexico City,2025-06-28T11:00,25.1,38.8,54.2,23.8
0,Mexico City,2025-06-28T12:00,23.6,38.3,62.1,25.3
0,Mexico City,2025-06-28T13:00,21.6,37.8,74.6,27.6
0,Mexico City,2025-06-28T14:00,20.5,37.2,81.2,29.1
0,Mexico City,2025-06-28T15:00,21.4,37,73,28
0,Mexico City,2025-06-28T16:00,22.1,37,67.2,27.1
0,Mexico City,2025-06-28T17:00,21.3,36.7,71.7,28
0,Mexico City,2025-06-28T18:00,21.9,36.8,67.8,27.3
0,Mexico City,2025-06-28T19:00,22.9,37.2,62,26.1
0,Mexico City,2025-06-28T20:00,24.7,37.2,50.5,24.2
0,Mexico City,2025-06-28T21:00,27.1,37.2,37.4,22.1
0,Mexico City,2025-06-28T22:00,29.2,37.3,27.4,20.4
0,Mexico City,2025-06-28T23:00,31.3,37.4,19.6,19.1
0,Mexico City,2025-06-29T00:00,32.9,37.4,13.5,18.1
0,Mexico City,2025-06-29T01:00,33,37.8,14.5,18.1
0,Mexico City,2025-06-29T02:00,35.1,37.8,7.4,17
0,Mexico City,2025-06-29T03:00,36.5,37.7,3.3,16.4
0,Mexico City,2025-06-29T04:00,38.2,38.7,1.4,15.7
0,Mexico City,2025-06-29T05:00,38.8,39.8,2.4,15.4
0,Mexico City,2025-06-29T06:00,39.7,41.1,3.5,15.1
0,Mexico City,2025-06-29T07:00,38.2,41.1,7.4,15.6
0,Mexico City,2025-06-29T08:00,35.7,40.3,12.8,16.7
0,Mexico City,2025-06-29T09:00,33.6,39.9,18.6,17.8
0,Mexico City,2025-06-29T10:00,31.2,39.4,26.2,19.1
0,Mexico City,2025-06-29T11:00,29.7,39,31.4,20.1
0,Mexico City,2025-06-29T12:00,28.7,39,35.7,20.8
0,Mexico City,2025-06-29T13:00,27.3,39,42.5,21.9
0,Mexico City,2025-06-29T14:00,26.5,38.9,46.3,22.5
0,Mexico City,2025-06-29T15:00,26.8,38.5,43.4,22.3
0,Mexico City,2025-06-29T16:00,25.4,38.1,49.7,23.5
0,Mexico City,2025-06-29T17:00,23.2,37.7,62.1,25.7
0,Mexico City,2025-06-29T18:00,23.9,38,58.5,25
0,Mexico City,2025-06-29T19:00,24.6,37.9,53.6,24.3
0,Mexico City,2025-06-29T20:00,24.9,38,52.2,24
0,Mexico City,2025-06-29T21:00,25.6,37.6,46.6,23.3
0,Mexico City,2025-06-29T22:00,26.5,37.2,40.1,22.5
0,Mexico City,2025-06-29T23:00,29.1,37.1,27.4,20.5
0,Mexico City,2025-06-30T00:00,31.5,37.1,17.8,19
0,Mexico City,2025-06-30T01:00,33.3,37.3,11.8,17.9
0,Mexico City,2025-06-30T02:00,35.9,38.1,6,16.6
0,Mexico City,2025-06-30T03:00,38.6,39.5,2.2,15.5
0,Mexico City,2025-06-30T04:00,40.3,42.1,4.6,14.8
0,Mexico City,2025-06-30T05:00,34.6,41.6,20.2,17.3
0,Mexico City,2025-06-30T06:00,27.8,39.6,42.2,21.5
0,Mexico City,2025-06-30T07:00,21.4,37.1,72.8,27.9
0,Mexico City,2025-06-30T08:00,19.5,36.7,87.7,30.6
0,Mexico City,2025-06-30T09:00,21.7,37.5,73,27.6
0,Mexico City,2025-06-30T10:00,24.2,38.3,57.7,24.7
0,Mexico City,2025-06-30T11:00,25.1,38.4,52.9,23.8
0,Mexico City,2025-06-30T12:00,24.4,38.2,56.3,24.5
0,Mexico City,2025-06-30T13:00,23.1,37.8,63.3,25.9
0,Mexico City,2025-06-30T14:00,21.7,37.2,70.9,27.5
0,Mexico City,2025-06-30T15:00,21.8,37,69.5,27.4
0,Mexico City,2025-06-30T16:00,22.1,36.9,66.7,27
0,Mexico City,2025-06-30T17:00,20.5,36.8,79.5,29.2
0,Mexico City,2025-06-30T18:00,18.9,36,90.8,31.7
0,Mexico City,2025-06-30T19:00,19.3,35.7,84.5,30.9
0,Mexico City,2025-06-30T20:00,22.9,36.2,58,26.1
0,Mexico City,2025-06-30T21:00,27,36.8,36.3,22.1
0,Mexico City,2025-06-30T22:00,31.1,37.3,19.9,19.2
0,Mexico City,2025-06-30T23:00,33.8,37.6,10.9,17.7
