Region index,Region label,Time,Speed [kmh],Free flow speed [kmh],Congestion level [%],Travel time per 10 km [min]
0,Paris,2025-01-01T00:00,18.7,28.7,53.2,32
0,Paris,2025-01-01T01:00,17,28.4,67.2,35.2
0,Paris,2025-01-01T02:00,18.7,28,49.8,32
0,Paris,2025-01-01T03:00,22.1,28.1,27.2,27
0,Paris,2025-01-01T04:00,24.2,28.1,16.1,24.7
0,Paris,2025-01-01T05:00,25.7,28.3,10.2,23.3
0,Paris,2025-01-01T06:00,27.1,28.7,6,22.1
0,Paris,2025-01-01T07:00,28.9,29.4,1.8,20.7
0,Paris,2025-01-01T08:00,29.6,29.7,0.2,20.2
0,Paris,2025-01-01T09:00,29.1,29.4,1,20.6
0,Paris,2025-01-01T10:00,28.4,29.3,3.2,21
0,Paris,2025-01-01T11:00,26.5,29.1,9.6,22.5
0,Paris,2025-01-01T12:00,25.1,28.8,14.5,23.8
0,Paris,2025-01-01T13:00,24.4,28.4,16.2,24.5
0,Paris,2025-01-01T14:00,24,28.9,20.1,24.9
0,Paris,2025-01-01T15:00,23,29,26.2,26
0,Paris,2025-01-01T16:00,22.1,29.1,31.7,27.1
0,Paris,2025-01-01T17:00,21.3,28.9,35.9,28.1
0,Paris,2025-01-01T18:00,20.9,28.6,36.8,28.6
0,Paris,2025-01-01T19:00,21.9,27.9,27.4,27.3
0,Paris,2025-01-01T20:00,23,27.7,20.1,26
0,Paris,2025-01-01T21:00,24.2,27.7,14.6,24.7
0,Paris,2025-01-01T22:00,25,27.7,10.8,23.9
0,Paris,2025-01-01T23:00,25.9,27.7,6.8,23
0,Paris,2025-01-02T00:00,26.8,27.4,2.1,22.3
0,Paris,2025-01-02T01:00,27.5,27.2,0,21.7
0,Paris,2025-01-02T02:00,28.2,27.4,0,21.2
0,Paris,2025-01-02T03:00,29.3,28.2,0,20.4
0,Paris,2025-01-02T04:00,32.1,30.3,0,18.6
0,Paris,2025-01-02T05:00,31.6,30.7,0,18.9
0,Paris,2025-01-02T06:00,30.2,31.5,4.4,19.8
0,Paris,2025-01-02T07:00,28,32,14.2,21.3
0,Paris,2025-01-02T08:00,26.1,31.7,21.2,22.9
0,Paris,2025-01-02T09:00,23.8,30.1,26.5,25.1
0,Paris,2025-01-02T10:00,22.2,29.2,31.2,26.9
0,Paris,2025-01-02T11:00,20.9,28.8,37.5,28.6
0,Paris,2025-01-02T12:00,20.4,28.5,39.3,29.2
0,Paris,2025-01-02T13:00,20.1,28.2,40.1,29.7
0,Paris,2025-01-02T14:00,20,28.4,42,29.9
0,Paris,2025-01-02T15:00,19.7,28.8,46.2,30.4
0,Paris,2025-01-02T16:00,18.7,28.7,53.5,32
0,Paris,2025-01-02T17:00,18.3,28.5,56.1,32.7
0,Paris,2025-01-02T18:00,18.7,28.5,52.1,31.9
0,Paris,2025-01-02T19:00,19.7,28,41.5,30.3
0,Paris,2025-01-02T20:00,21.8,27.6,26.2,27.4
0,Paris,2025-01-02T21:00,22.5,27,20,26.6
0,Paris,2025-01-02T22:00,22.9,27,18,26.1
0,Paris,2025-01-02T23:00,23.9,27.2,13.3,25
0,Paris,2025-01-03T00:00,25.4,26.9,6,23.6
0,Paris,2025-01-03T01:00,26.3,26.5,1,22.8
0,Paris,2025-01-03T02:00,27.1,26.3,0,22.1
0,Paris,2025-01-03T03:00,27.7,26.5,0,21.6
0,Paris,2025-01-03T04:00,30.4,28.7,0,19.7
0,Paris,2025-01-03T05:00,30.6,29.5,0,19.5
0,Paris,2025-01-03T06:00,30,31,3.3,19.9
0,Paris,2025-01-03T07:00,27.9,31.6,12.9,21.4
0,Paris,2025-01-03T08:00,26.3,31.2,18.6,22.7
0,Paris,2025-01-03T09:00,23.7,30.3,27.6,25.2
0,Paris,2025-01-03T10:00,22,29.4,33.5,27.2
0,Paris,2025-01-03T11:00,20.7,28.9,39.3,28.9
0,Paris,2025-01-03T12:00,20.3,28.8,41.4,29.4
0,Paris,2025-01-03T13:00,21.1,28.7,35.9,28.4
0,Paris,2025-01-03T14:00,20.4,28.6,40.1,29.3
0,Paris,2025-01-03T15:00,19.4,28.6,47.5,30.8
0,Paris,2025-01-03T16:00,18.1,28.5,57.1,33
0,Paris,2025-01-03T17:00,17.6,28.3,60.5,33.9
0,Paris,2025-01-03T18:00,17.6,28.3,60.6,34
0,Paris,2025-01-03T19:00,19,28.1,47.6,31.5
0,Paris,2025-01-03T20:00,20.9,27.8,33.2,28.7
0,Paris,2025-01-03T21:00,21.8,27.4,25.2,27.4
0,Paris,2025-01-03T22:00,22.1,27.3,23.3,27
0,Paris,2025-01-03T23:00,22.7,27.6,21.5,26.4
0,Paris,2025-01-04T00:00,24.2,27.3,12.6,24.6
0,Paris,2025-01-04T01:00,25.2,27,7.3,23.8
0,Paris,2025-01-04T02:00,25.8,26.4,2.3,23.2
0,Paris,2025-01-04T03:00,26.6,26.4,0,22.4
0,Paris,2025-01-04T04:00,28.2,27.3,0,21.2
0,Paris,2025-01-04T05:00,29.6,28.6,0,20.2
0,Paris,2025-01-04T06:00,29.4,29.4,0,20.3
0,Paris,2025-01-04T07:00,29,30.2,3.9,20.6
0,Paris,2025-01-04T08:00,28,30,7.3,21.4
0,Paris,2025-01-04T09:00,26.2,29.6,13,22.8
0,Paris,2025-01-04T10:00,24.5,29.4,19.8,24.4
0,Paris,2025-01-04T11:00,23.2,29.3,26.2,25.8
0,Paris,2025-01-04T12:00,22,28.9,31,27.2
0,Paris,2025-01-04T13:00,21.8,28.5,30.8,27.4
0,Paris,2025-01-04T14:00,21.4,28.6,34,28
0,Paris,2025-01-04T15:00,19.8,28.6,44.2,30.1
0,Paris,2025-01-04T16:00,19.4,28.7,48.2,30.9
0,Paris,2025-01-04T17:00,19.2,28.7,49.7,31.2
0,Paris,2025-01-04T18:00,18.5,28.5,53.8,32.3
0,Paris,2025-01-04T19:00,18.4,28,51.9,32.4
0,Paris,2025-01-04T20:00,20.2,27.9,37.6,29.5
0,Paris,2025-01-04T21:00,21.9,27.7,26.5,27.3
0,Paris,2025-01-04T22:00,22.2,27.5,23.7,26.9
0,Paris,2025-01-04T23:00,22.6,27.8,22.7,26.4
0,Paris,2025-01-05T00:00,24.1,27.9,15.4,24.8
0,Paris,2025-01-05T01:00,25.1,27.4,9.2,23.8
0,Paris,2025-01-05T02:00,25.6,26.8,4.6,23.3
0,Paris,2025-01-05T03:00,26.1,26.5,1.3,22.9
0,Paris,2025-01-05T04:00,27.4,27,0,21.8
0,Paris,2025-01-05T05:00,29,28.1,0,20.6
0,Paris,2025-01-05T06:00,29.9,29.2,0,20
0,Paris,2025-01-05T07:00,29.7,29.8,0.1,20.1
0,Paris,2025-01-05T08:00,29.3,30,2.5,20.4
0,Paris,2025-01-05T09:00,27.5,29.8,8.4,21.7
0,Paris,2025-01-05T10:00,25.7,29.4,14.2,23.2
0,Paris,2025-01-05T11:00,24.2,29.3,21,24.7
0,Paris,2025-01-05T12:00,22.9,29.2,27.2,26.1
0,Paris,2025-01-05T13:00,22.9,29,26.6,26.1
0,Paris,2025-01-05T14:00,22.2,29,30.6,27
0,Paris,2025-01-05T15:00,21,28.9,37.5,28.4
0,Paris,2025-01-05T16:00,20.2,28.9,42.8,29.5
0,Paris,2025-01-05T17:00,20,28.8,44,29.9
0,Paris,2025-01-05T18:00,20.6,28.7,38.8,29
0,Paris,2025-01-05T19:00,22.2,28.2,26.9,27
0,Paris,2025-01-05T20:00,23.6,28,18.2,25.3
0,Paris,2025-01-05T21:00,24.5,27.9,13.7,24.4
0,Paris,2025-01-05T22:00,25.1,27.8,10.7,23.8
0,Paris,2025-01-05T23:00,26,27.8,6.9,22.9
0,Paris,2025-01-06T00:00,27,27.7,2.6,22.2
0,Paris,2025-01-06T01:00,27.1,26.7,0,22.1
0,Paris,2025-01-06T02:00,28,27,0,21.4
0,Paris,2025-01-06T03:00,28.8,27.6,0,20.7
0,Paris,2025-01-06T04:00,31.8,30,0,18.8
0,Paris,2025-01-06T05:00,32.2,31.1,0,18.5
0,Paris,2025-01-06T06:00,29.4,32.3,9.5,20.3
0,Paris,2025-01-06T07:00,24.3,32.1,31.6,24.6
0,Paris,2025-01-06T08:00,19.6,30.4,55.4,30.6
0,Paris,2025-01-06T09:00,20.1,29.7,47.8,29.7
0,Paris,2025-01-06T10:00,20.8,29.2,40.4,28.8
0,Paris,2025-01-06T11:00,20.9,28.7,37.5,28.7
0,Paris,2025-01-06T12:00,21.7,28.5,31.5,27.6
0,Paris,2025-01-06T13:00,22.1,28.5,29.1,27
0,Paris,2025-01-06T14:00,21.9,28.5,30.2,27.3
0,Paris,2025-01-06T15:00,21.3,28.7,34.6,28.1
0,Paris,2025-01-06T16:00,20.2,28.5,41.2,29.6
0,Paris,2025-01-06T17:00,20.3,28.9,42.6,29.5
0,Paris,2025-01-06T18:00,20.3,28.8,41.7,29.4
0,Paris,2025-01-06T19:00,21.3,28.4,33.1,28
0,Paris,2025-01-06T20:00,23.7,27.8,17.3,25.3
0,Paris,2025-01-06T21:00,24.4,27.2,11.5,24.5
0,Paris,2025-01-06T22:00,25.4,27.4,7.9,23.6
0,Paris,2025-01-06T23:00,26.6,27.8,4.3,22.4
0,Paris,2025-01-07T00:00,27.2,27.3,0.3,22
0,Paris,2025-01-07T01:00,27.5,26.6,0,21.7
0,Paris,2025-01-07T02:00,27.7,26.6,0,21.6
0,Paris,2025-01-07T03:00,28.8,27.6,0,20.7
0,Paris,2025-01-07T04:00,30.7,29.1,0,19.5
0,Paris,2025-01-07T05:00,31.8,30.9,0,18.8
0,Paris,2025-01-07T06:00,29.2,32,9.3,20.4
0,Paris,2025-01-07T07:00,23.8,31.6,32.6,25.1
0,Paris,2025-01-07T08:00,18.6,30.1,61.1,32.1
0,Paris,2025-01-07T09:00,19.5,29.6,51.2,30.6
0,Paris,2025-01-07T10:00,19.8,29,46,30.1
0,Paris,2025-01-07T11:00,19.4,28.4,46.4,30.8
0,Paris,2025-01-07T12:00,19.5,28.3,44.9,30.7
0,Paris,2025-01-07T13:00,19,27.8,46.1,31.5
0,Paris,2025-01-07T14:00,19.7,28.2,43.3,30.3
0,Paris,2025-01-07T15:00,19.8,28.2,42.2,30.1
0,Paris,2025-01-07T16:00,19.4,28.3,46.3,30.9
0,Paris,2025-01-07T17:00,18.8,28.4,50.6,31.7
0,Paris,2025-01-07T18:00,18.9,28.5,50.6,31.6
0,Paris,2025-01-07T19:00,20.1,28.1,39.8,29.8
0,Paris,2025-01-07T20:00,22.8,27.7,21.5,26.2
0,Paris,2025-01-07T21:00,23.3,26.9,15.2,25.7
0,Paris,2025-01-07T22:00,23.5,26.5,12.9,25.4
0,Paris,2025-01-07T23:00,24.8,26.7,7.9,24.1
0,Paris,2025-01-08T00:00,25.6,26.3,2.4,23.3
0,Paris,2025-01-08T01:00,26.3,25.9,0,22.7
0,Paris,2025-01-08T02:00,26.8,25.8,0,22.3
0,Paris,2025-01-08T03:00,27.6,26.3,0,21.7
0,Paris,2025-01-08T04:00,30,28.5,0,19.9
0,Paris,2025-01-08T05:00,31.2,30.2,0,19.2
0,Paris,2025-01-08T06:00,29.4,32,8.7,20.3
0,Paris,2025-01-08T07:00,24,31.7,32,24.9
0,Paris,2025-01-08T08:00,19,30.1,58.6,31.5
0,Paris,2025-01-08T09:00,19.3,29.5,53,31
0,Paris,2025-01-08T10:00,19.6,29,48,30.5
0,Paris,2025-01-08T11:00,18.6,28.7,53.6,32
0,Paris,2025-01-08T12:00,18.3,28.3,54.3,32.6
0,Paris,2025-01-08T13:00,19.2,28.4,48.2,31.2
0,Paris,2025-01-08T14:00,18.9,28.3,49.9,31.7
0,Paris,2025-01-08T15:00,17.9,28,56,33.4
0,Paris,2025-01-08T16:00,17,27.7,62.5,35.1
0,Paris,2025-01-08T17:00,17.3,27.9,60.9,34.5
0,Paris,2025-01-08T18:00,17.6,28.1,59.4,33.9
0,Paris,2025-01-08T19:00,19.4,28.1,44.9,30.8
0,Paris,2025-01-08T20:00,22.4,27.8,23.9,26.7
0,Paris,2025-01-08T21:00,23.4,27,14.9,25.5
0,Paris,2025-01-08T22:00,23.5,26.7,13.6,25.5
0,Paris,2025-01-08T23:00,24.5,26.9,10.1,24.4
0,Paris,2025-01-09T00:00,25.5,26.7,4.6,23.5
0,Paris,2025-01-09T01:00,26.3,26,0,22.7
0,Paris,2025-01-09T02:00,26.3,25.5,0,22.7
0,Paris,2025-01-09T03:00,27.3,26.1,0,21.9
0,Paris,2025-01-09T04:00,29.3,28,0,20.4
0,Paris,2025-01-09T05:00,30.3,29.7,0,19.7
0,Paris,2025-01-09T06:00,29.4,32.3,9.8,20.3
0,Paris,2025-01-09T07:00,23.4,31.5,34.2,25.5
0,Paris,2025-01-09T08:00,17.2,29.6,71.5,34.7
0,Paris,2025-01-09T09:00,17.4,29,66.7,34.4
0,Paris,2025-01-09T10:00,18.3,28.7,56.7,32.7
0,Paris,2025-01-09T11:00,18.6,28.6,53.7,32.1
0,Paris,2025-01-09T12:00,18,28.1,56,33.2
0,Paris,2025-01-09T13:00,19,28,47.1,31.4
0,Paris,2025-01-09T14:00,19.4,28.2,45,30.8
0,Paris,2025-01-09T15:00,19,28.2,48.2,31.4
0,Paris,2025-01-09T16:00,18.2,28.1,54.5,32.9
0,Paris,2025-01-09T17:00,17.3,28.1,61.6,34.5
0,Paris,2025-01-09T18:00,17.3,28,62.1,34.6
0,Paris,2025-01-09T19:00,18.8,27.9,48.7,31.9
0,Paris,2025-01-09T20:00,21.7,27.5,26.7,27.6
0,Paris,2025-01-09T21:00,22.9,27,17.7,26.1
0,Paris,2025-01-09T22:00,23.6,27.1,14.7,25.3
0,Paris,2025-01-09T23:00,24.1,27.4,13.3,24.8
0,Paris,2025-01-10T00:00,25.7,27.2,5.9,23.2
0,Paris,2025-01-10T01:00,25.8,26,0.8,23.1
0,Paris,2025-01-10T02:00,25.8,25.5,0,23.1
0,Paris,2025-01-10T03:00,26.6,25.9,0,22.5
0,Paris,2025-01-10T04:00,28.7,27.4,0,20.8
0,Paris,2025-01-10T05:00,30.3,29.5,0,19.7
0,Paris,2025-01-10T06:00,29,31.9,9.8,20.6
0,Paris,2025-01-10T07:00,24.7,31.6,27.7,24.2
0,Paris,2025-01-10T08:00,21.4,30.4,42,27.9
0,Paris,2025-01-10T09:00,21.2,29.9,40.7,28.2
0,Paris,2025-01-10T10:00,20.5,29.3,42.7,29.2
0,Paris,2025-01-10T11:00,20.1,28.9,43.3,29.7
0,Paris,2025-01-10T12:00,20.1,28.6,42.1,29.7
0,Paris,2025-01-10T13:00,21.1,28.6,35.6,28.4
0,Paris,2025-01-10T14:00,20.8,28.6,37.7,28.8
0,Paris,2025-01-10T15:00,19.6,28.7,46,30.5
0,Paris,2025-01-10T16:00,18.2,28.1,54.2,32.8
0,Paris,2025-01-10T17:00,18.6,28.5,53.1,32.2
0,Paris,2025-01-10T18:00,18.3,28.4,54.3,32.6
0,Paris,2025-01-10T19:00,18.8,27.9,48.2,31.8
0,Paris,2025-01-10T20:00,20.6,27.8,34.7,29
0,Paris,2025-01-10T21:00,21.5,27.1,26,27.8
0,Paris,2025-01-10T22:00,22.2,27.2,22.7,27
0,Paris,2025-01-10T23:00,22.5,27.5,22.3,26.6
0,Paris,2025-01-11T00:00,23.8,27.5,15.4,25.1
0,Paris,2025-01-11T01:00,24.5,26.7,9.2,24.4
0,Paris,2025-01-11T02:00,24.1,25.6,6.4,24.8
0,Paris,2025-01-11T03:00,25.5,25.9,1.6,23.4
0,Paris,2025-01-11T04:00,26.6,26.3,0,22.5
0,Paris,2025-01-11T05:00,28,27.6,0,21.3
0,Paris,2025-01-11T06:00,28.6,28.7,0.5,20.9
0,Paris,2025-01-11T07:00,28.8,30.3,5.2,20.7
0,Paris,2025-01-11T08:00,28.1,30.7,9.2,21.3
0,Paris,2025-01-11T09:00,26.1,30.2,15.9,22.9
0,Paris,2025-01-11T10:00,23.9,29.5,23.2,25
0,Paris,2025-01-11T11:00,22.5,29.2,29.7,26.5
0,Paris,2025-01-11T12:00,21.3,29,36.2,28.1
0,Paris,2025-01-11T13:00,21.6,28.8,33.3,27.6
0,Paris,2025-01-11T14:00,21.4,29,35.2,27.9
0,Paris,2025-01-11T15:00,20.3,29,42.6,29.4
0,Paris,2025-01-11T16:00,19.4,28.9,49,30.9
0,Paris,2025-01-11T17:00,19.3,29,50.3,31
0,Paris,2025-01-11T18:00,18.6,28.7,54.8,32.2
0,Paris,2025-01-11T19:00,18.4,28.3,53.3,32.4
0,Paris,2025-01-11T20:00,20,28.1,40.5,29.9
0,Paris,2025-01-11T21:00,21.3,27.5,28.6,28
0,Paris,2025-01-11T22:00,21.9,27.4,25,27.2
0,Paris,2025-01-11T23:00,22.5,28,24.2,26.6
0,Paris,2025-01-12T00:00,23.2,28.2,21.6,25.8
0,Paris,2025-01-12T01:00,23.9,27.6,15.1,25
0,Paris,2025-01-12T02:00,23.9,26.6,11.2,25
0,Paris,2025-01-12T03:00,25,26.2,5,23.9
0,Paris,2025-01-12T04:00,26.4,26.5,0.3,22.7
0,Paris,2025-01-12T05:00,28,27.4,0,21.3
0,Paris,2025-01-12T06:00,29,28.6,0,20.6
0,Paris,2025-01-12T07:00,29.8,29.9,0.4,20.1
0,Paris,2025-01-12T08:00,29.6,30.4,3,20.2
0,Paris,2025-01-12T09:00,27.5,30.1,9.5,21.7
0,Paris,2025-01-12T10:00,25.7,29.6,15.2,23.2
0,Paris,2025-01-12T11:00,24.2,29.6,22.1,24.7
0,Paris,2025-01-12T12:00,22.8,29.6,30,26.2
0,Paris,2025-01-12T13:00,22.7,29,27.9,26.4
0,Paris,2025-01-12T14:00,22.1,29,31,27
0,Paris,2025-01-12T15:00,21,29,38.1,28.5
0,Paris,2025-01-12T16:00,20.4,29,42.5,29.4
0,Paris,2025-01-12T17:00,19.4,28.7,47.9,30.8
0,Paris,2025-01-12T18:00,18.5,28.3,52.7,32.2
0,Paris,2025-01-12T19:00,19.6,28.3,44.3,30.5
0,Paris,2025-01-12T20:00,22.9,28.4,24.1,26.1
0,Paris,2025-01-12T21:00,24.9,28.1,13.1,24
0,Paris,2025-01-12T22:00,26.2,28.5,8.8,22.8
0,Paris,2025-01-12T23:00,27.2,29.3,7.8,22
0,Paris,2025-01-13T00:00,27.8,28.1,1.3,21.5
0,Paris,2025-01-13T01:00,27.8,27.2,0,21.5
0,Paris,2025-01-13T02:00,28,26.9,0,21.4
0,Paris,2025-01-13T03:00,29,27.6,0,20.6
0,Paris,2025-01-13T04:00,32.2,30,0,18.6
0,Paris,2025-01-13T05:00,32.4,31.2,0,18.5
0,Paris,2025-01-13T06:00,29,31.9,9.8,20.6
0,Paris,2025-01-13T07:00,23.3,31.6,35.8,25.7
0,Paris,2025-01-13T08:00,18.5,29.9,61.6,32.3
0,Paris,2025-01-13T09:00,19.3,29.7,53.9,31
0,Paris,2025-01-13T10:00,20.1,29.2,45,29.7
0,Paris,2025-01-13T11:00,19.9,28.8,44.6,30.1
0,Paris,2025-01-13T12:00,20.3,28.4,40,29.4
0,Paris,2025-01-13T13:00,20.7,28.4,37.4,28.9
0,Paris,2025-01-13T14:00,20.5,28.5,39,29.2
0,Paris,2025-01-13T15:00,20,28.6,42.6,29.8
0,Paris,2025-01-13T16:00,18.6,28.3,51.8,32.1
0,Paris,2025-01-13T17:00,18.3,28.3,54.6,32.7
0,Paris,2025-01-13T18:00,18.2,28.3,55.1,32.8
0,Paris,2025-01-13T19:00,19.9,28.4,42.6,30
0,Paris,2025-01-13T20:00,23.3,28,20,25.6
0,Paris,2025-01-13T21:00,23.9,27.1,13.1,25
0,Paris,2025-01-13T22:00,24.3,27.1,11.8,24.6
0,Paris,2025-01-13T23:00,25.6,27.2,6.3,23.4
0,Paris,2025-01-14T00:00,26.2,26.6,1.3,22.8
0,Paris,2025-01-14T01:00,26.4,25.9,0,22.7
0,Paris,2025-01-14T02:00,27.3,26.2,0,21.9
0,Paris,2025-01-14T03:00,28.6,27.2,0,20.9
0,Paris,2025-01-14T04:00,30.5,28.9,0,19.6
0,Paris,2025-01-14T05:00,31.8,30.7,0,18.8
0,Paris,2025-01-14T06:00,29.4,32,8.9,20.3
0,Paris,2025-01-14T07:00,23.1,31.4,35.9,25.9
0,Paris,2025-01-14T08:00,17.4,29.7,70.1,34.3
0,Paris,2025-01-14T09:00,17.5,29.3,66.8,34.1
0,Paris,2025-01-14T10:00,19,28.9,52.3,31.5
0,Paris,2025-01-14T11:00,18.4,28.6,55.1,32.5
0,Paris,2025-01-14T12:00,18.2,28.2,55.2,32.9
0,Paris,2025-01-14T13:00,19.2,28.3,46.9,31.1
0,Paris,2025-01-14T14:00,19.4,28.5,46.6,30.8
0,Paris,2025-01-14T15:00,18.4,28.3,53.7,32.5
0,Paris,2025-01-14T16:00,17.3,28,62.1,34.6
0,Paris,2025-01-14T17:00,16.5,27.7,68.1,36.3
0,Paris,2025-01-14T18:00,16.8,27.9,65.7,35.5
0,Paris,2025-01-14T19:00,18.7,28.1,50,32
0,Paris,2025-01-14T20:00,22,27.8,26,27.1
0,Paris,2025-01-14T21:00,23.4,27.1,15.9,25.5
0,Paris,2025-01-14T22:00,23.2,26.8,15.5,25.8
0,Paris,2025-01-14T23:00,23.9,26.7,11.8,25
0,Paris,2025-01-15T00:00,25.1,26.2,4.1,23.8
0,Paris,2025-01-15T01:00,25.8,25.5,0,23.2
0,Paris,2025-01-15T02:00,26.5,25.4,0,22.5
0,Paris,2025-01-15T03:00,27.4,26.1,0,21.8
0,Paris,2025-01-15T04:00,29.4,27.8,0,20.3
0,Paris,2025-01-15T05:00,31.3,30.2,0,19.1
0,Paris,2025-01-15T06:00,29.2,32.1,9.9,20.4
0,Paris,2025-01-15T07:00,23.3,31.7,35.6,25.6
0,Paris,2025-01-15T08:00,18.1,29.9,65.2,33
0,Paris,2025-01-15T09:00,18.3,29.4,60.8,32.7
0,Paris,2025-01-15T10:00,19.3,29.2,51.2,31
0,Paris,2025-01-15T11:00,18.5,28.8,55.4,32.3
0,Paris,2025-01-15T12:00,18.6,28.4,53.1,32.2
0,Paris,2025-01-15T13:00,19.4,28.5,46.6,30.8
0,Paris,2025-01-15T14:00,19.4,28.5,46.5,30.7
0,Paris,2025-01-15T15:00,18.5,28.4,52.9,32.2
0,Paris,2025-01-15T16:00,16.6,27.6,65.7,35.9
0,Paris,2025-01-15T17:00,16.2,27.6,70.5,37
0,Paris,2025-01-15T18:00,16.6,27.8,67.5,36
0,Paris,2025-01-15T19:00,18,27.8,54,33.1
0,Paris,2025-01-15T20:00,21,27.4,30.2,28.4
0,Paris,2025-01-15T21:00,23.1,27.2,17.5,25.9
0,Paris,2025-01-15T22:00,23.2,26.8,15.6,25.8
0,Paris,2025-01-15T23:00,22.7,26,14.7,26.3
0,Paris,2025-01-16T00:00,24,25.5,6.1,24.9
0,Paris,2025-01-16T01:00,24.6,24.7,0.3,24.3
0,Paris,2025-01-16T02:00,25.6,24.7,0,23.4
0,Paris,2025-01-16T03:00,26.2,25,0,22.8
0,Paris,2025-01-16T04:00,29.3,27.7,0,20.4
0,Paris,2025-01-16T05:00,30.8,29.8,0,19.4
0,Paris,2025-01-16T06:00,28.7,31.8,10.6,20.8
0,Paris,2025-01-16T07:00,23.1,31.4,35.8,25.9
0,Paris,2025-01-16T08:00,18,29.9,65.7,33.2
0,Paris,2025-01-16T09:00,17.8,29.5,65.5,33.6
0,Paris,2025-01-16T10:00,19,29.3,54.3,31.5
0,Paris,2025-01-16T11:00,18.5,28.7,54.5,32.3
0,Paris,2025-01-16T12:00,18.4,28.3,53.2,32.4
0,Paris,2025-01-16T13:00,19,28.3,48.7,31.4
0,Paris,2025-01-16T14:00,18.9,28.3,49.9,31.6
0,Paris,2025-01-16T15:00,17.9,28.2,56.9,33.3
0,Paris,2025-01-16T16:00,16.8,28,65.7,35.5
0,Paris,2025-01-16T17:00,15.7,27.6,75.2,38
0,Paris,2025-01-16T18:00,15.9,27.7,73.7,37.5
0,Paris,2025-01-16T19:00,17.5,27.7,57.9,34.1
0,Paris,2025-01-16T20:00,20,27.1,35.7,29.9
0,Paris,2025-01-16T21:00,22.1,26.9,21.8,27.1
0,Paris,2025-01-16T22:00,23.4,27.5,17.4,25.5
0,Paris,2025-01-16T23:00,24,27.7,15.3,24.9
0,Paris,2025-01-17T00:00,25.2,27.2,7.9,23.7
0,Paris,2025-01-17T01:00,25.8,26.4,2.4,23.2
0,Paris,2025-01-17T02:00,25.8,25.7,0,23.1
0,Paris,2025-01-17T03:00,26.5,25.7,0,22.6
0,Paris,2025-01-17T04:00,29.2,27.8,0,20.5
0,Paris,2025-01-17T05:00,30.5,29.6,0,19.6
0,Paris,2025-01-17T06:00,28.2,31.2,10.8,21.2
0,Paris,2025-01-17T07:00,22.6,31,37,26.4
0,Paris,2025-01-17T08:00,19.4,29.9,54,30.9
0,Paris,2025-01-17T09:00,20.2,29.6,46.7,29.6
0,Paris,2025-01-17T10:00,19.9,29.2,46.1,30
0,Paris,2025-01-17T11:00,19.5,28.9,47.8,30.6
0,Paris,2025-01-17T12:00,19.4,28.6,47.4,30.8
0,Paris,2025-01-17T13:00,19.5,28.2,44.2,30.6
0,Paris,2025-01-17T14:00,17.6,27.5,55.3,33.9
0,Paris,2025-01-17T15:00,16.1,27.1,67.9,37
0,Paris,2025-01-17T16:00,16,27.7,73,37.3
0,Paris,2025-01-17T17:00,16.5,27.8,68.4,36.2
0,Paris,2025-01-17T18:00,16.8,27.7,64.5,35.5
0,Paris,2025-01-17T19:00,17.7,27.6,55.4,33.7
0,Paris,2025-01-17T20:00,19.5,27.5,40.4,30.6
0,Paris,2025-01-17T21:00,20.6,26.9,30.6,29
0,Paris,2025-01-17T22:00,21.5,26.9,25.4,27.8
0,Paris,2025-01-17T23:00,22.1,27.4,23.9,27
0,Paris,2025-01-18T00:00,23.2,27.2,17.3,25.8
0,Paris,2025-01-18T01:00,23.9,26.6,11.2,25
0,Paris,2025-01-18T02:00,23.8,25.7,8,25.1
0,Paris,2025-01-18T03:00,25.5,26,1.8,23.4
0,Paris,2025-01-18T04:00,26.7,26.4,0,22.4
0,Paris,2025-01-18T05:00,28.3,27.8,0,21.1
0,Paris,2025-01-18T06:00,28.8,28.9,0.5,20.8
0,Paris,2025-01-18T07:00,28.9,30.3,4.6,20.7
0,Paris,2025-01-18T08:00,27.9,30.6,9.6,21.4
0,Paris,2025-01-18T09:00,26.1,30.1,15.4,22.9
0,Paris,2025-01-18T10:00,24,29.6,23.2,24.9
0,Paris,2025-01-18T11:00,22.7,29.3,29.1,26.3
0,Paris,2025-01-18T12:00,21.3,28.8,35,28
0,Paris,2025-01-18T13:00,21.8,28.8,31.7,27.4
0,Paris,2025-01-18T14:00,21.3,28.9,35.1,28
0,Paris,2025-01-18T15:00,20.2,28.9,43.2,29.6
0,Paris,2025-01-18T16:00,19.1,28.5,49,31.3
0,Paris,2025-01-18T17:00,19.1,28.7,50.1,31.3
0,Paris,2025-01-18T18:00,18.5,28.6,53.9,32.2
0,Paris,2025-01-18T19:00,18,28.1,56.5,33.3
0,Paris,2025-01-18T20:00,19,27.7,45.7,31.5
0,Paris,2025-01-18T21:00,20.2,27,33.6,29.5
0,Paris,2025-01-18T22:00,21.3,27.2,27.6,28.1
0,Paris,2025-01-18T23:00,21.6,28,29.8,27.7
0,Paris,2025-01-19T00:00,22.5,27.9,24.2,26.6
0,Paris,2025-01-19T01:00,23.5,27.6,17.1,25.4
0,Paris,2025-01-19T02:00,23.3,26.4,13.1,25.6
0,Paris,2025-01-19T03:00,25.1,26.3,4.8,23.8
0,Paris,2025-01-19T04:00,26.6,26.8,0.8,22.5
0,Paris,2025-01-19T05:00,28.1,27.8,0,21.2
0,Paris,2025-01-19T06:00,29.6,29.1,0,20.2
0,Paris,2025-01-19T07:00,29.9,30,0.2,20
0,Paris,2025-01-19T08:00,29.9,30.7,2.6,20
0,Paris,2025-01-19T09:00,28.1,30.3,8.1,21.3
0,Paris,2025-01-19T10:00,26,30.1,15.9,23
0,Paris,2025-01-19T11:00,24.3,30,23.3,24.6
0,Paris,2025-01-19T12:00,22,29.5,34.1,27.2
0,Paris,2025-01-19T13:00,22.3,28.8,29,26.8
0,Paris,2025-01-19T14:00,21.7,28.8,32.9,27.6
0,Paris,2025-01-19T15:00,20.3,28.9,42.4,29.4
0,Paris,2025-01-19T16:00,19,28.6,50.2,31.4
0,Paris,2025-01-19T17:00,18.6,28.6,53.1,32.1
0,Paris,2025-01-19T18:00,18.2,28.5,56.2,32.8
0,Paris,2025-01-19T19:00,20.1,28.4,41,29.7
0,Paris,2025-01-19T20:00,22.8,28.1,23.2,26.2
0,Paris,2025-01-19T21:00,24.1,27.8,15.4,24.8
0,Paris,2025-01-19T22:00,25.6,28.2,10.1,23.4
0,Paris,2025-01-19T23:00,27.2,28.7,5.6,22
0,Paris,2025-01-20T00:00,27.2,27.6,1.5,22
0,Paris,2025-01-20T01:00,27.7,26.9,0,21.6
0,Paris,2025-01-20T02:00,27.8,26.6,0,21.5
0,Paris,2025-01-20T03:00,29.1,27.6,0,20.5
0,Paris,2025-01-20T04:00,31.7,29.6,0,18.8
0,Paris,2025-01-20T05:00,32.6,31.2,0,18.3
0,Paris,2025-01-20T06:00,29.3,32.3,10,20.4
0,Paris,2025-01-20T07:00,23.4,31.7,35.7,25.6
0,Paris,2025-01-20T08:00,18.3,30,64.1,32.7
0,Paris,2025-01-20T09:00,19,29.7,56.2,31.5
0,Paris,2025-01-20T10:00,20.5,29.4,43.1,29.1
0,Paris,2025-01-20T11:00,20.2,28.7,42,29.6
0,Paris,2025-01-20T12:00,20.3,28.5,40.1,29.5
0,Paris,2025-01-20T13:00,21.1,28.6,35.3,28.3
0,Paris,2025-01-20T14:00,21,28.7,36.6,28.5
0,Paris,2025-01-20T15:00,20.1,28.7,42.3,29.7
0,Paris,2025-01-20T16:00,19.1,28.5,49.3,31.3
0,Paris,2025-01-20T17:00,18.3,28.2,54,32.6
0,Paris,2025-01-20T18:00,18.1,28.1,55,33
0,Paris,2025-01-20T19:00,20.2,28.3,39.8,29.6
0,Paris,2025-01-20T20:00,23,27.8,21,26
0,Paris,2025-01-20T21:00,23.9,27.1,13.1,25
0,Paris,2025-01-20T22:00,25.2,27.5,9.3,23.7
0,Paris,2025-01-20T23:00,26,27.5,5.7,23
0,Paris,2025-01-21T00:00,26.6,26.9,1.1,22.5
0,Paris,2025-01-21T01:00,27.1,26.4,0,22
0,Paris,2025-01-21T02:00,27.8,26.4,0,21.5
0,Paris,2025-01-21T03:00,28.7,27.3,0,20.9
0,Paris,2025-01-21T04:00,30.9,29.1,0,19.3
0,Paris,2025-01-21T05:00,32,30.7,0,18.6
0,Paris,2025-01-21T06:00,28.9,31.8,10.1,20.7
0,Paris,2025-01-21T07:00,22.6,31.3,38.5,26.5
0,Paris,2025-01-21T08:00,17.2,29.5,71.8,34.8
0,Paris,2025-01-21T09:00,18,29.4,63.2,33.2
0,Paris,2025-01-21T10:00,19.1,29.2,52.7,31.3
0,Paris,2025-01-21T11:00,18.2,28.6,57.5,32.9
0,Paris,2025-01-21T12:00,17.7,28.3,59.3,33.7
0,Paris,2025-01-21T13:00,18.6,28.3,51.8,32.1
0,Paris,2025-01-21T14:00,17.6,28.2,59.7,33.9
0,Paris,2025-01-21T15:00,17.4,28.4,62.8,34.3
0,Paris,2025-01-21T16:00,15.8,27.8,76,37.9
0,Paris,2025-01-21T17:00,15.2,27.6,81.4,39.3
0,Paris,2025-01-21T18:00,15.3,27.7,80.1,38.9
0,Paris,2025-01-21T19:00,16.6,27.6,65.8,36
0,Paris,2025-01-21T20:00,20.9,27.5,31.4,28.5
0,Paris,2025-01-21T21:00,22.5,26.7,18.7,26.5
0,Paris,2025-01-21T22:00,22.8,26.9,17.8,26.2
0,Paris,2025-01-21T23:00,23.4,26.8,14.5,25.6
0,Paris,2025-01-22T00:00,24.7,26.1,5.7,24.2
0,Paris,2025-01-22T01:00,25.4,25.3,0,23.5
0,Paris,2025-01-22T02:00,25.8,25,0,23.1
0,Paris,2025-01-22T03:00,26.8,25.6,0,22.3
0,Paris,2025-01-22T04:00,29.2,27.8,0,20.5
0,Paris,2025-01-22T05:00,30.8,29.7,0,19.4
0,Paris,2025-01-22T06:00,28.8,31.8,10.2,20.8
0,Paris,2025-01-22T07:00,22.5,31.1,38.3,26.6
0,Paris,2025-01-22T08:00,18,29.7,64.4,33.1
0,Paris,2025-01-22T09:00,18.3,29.3,59.7,32.6
0,Paris,2025-01-22T10:00,18.7,28.9,54.1,31.9
0,Paris,2025-01-22T11:00,18.5,28.6,54.6,32.3
0,Paris,2025-01-22T12:00,18.2,28.4,55.8,32.8
0,Paris,2025-01-22T13:00,18.3,28.2,53.5,32.6
0,Paris,2025-01-22T14:00,18.2,28.5,55.9,32.8
0,Paris,2025-01-22T15:00,16.8,28.3,68,35.6
0,Paris,2025-01-22T16:00,14.8,27.5,85.5,40.3
0,Paris,2025-01-22T17:00,13.3,27.1,103.2,44.9
0,Paris,2025-01-22T18:00,12.5,26.8,113.8,47.8
0,Paris,2025-01-22T19:00,12.8,26.4,105.2,46.6
0,Paris,2025-01-22T20:00,15.3,26.6,73.5,39.1
0,Paris,2025-01-22T21:00,20.9,27.1,29.8,28.6
0,Paris,2025-01-22T22:00,22.3,26.8,20.1,26.8
0,Paris,2025-01-22T23:00,22.1,27.5,24.2,27
0,Paris,2025-01-23T00:00,22.8,26.5,15.8,26.2
0,Paris,2025-01-23T01:00,25.3,25.8,1.9,23.6
0,Paris,2025-01-23T02:00,25.8,25.4,0,23.1
0,Paris,2025-01-23T03:00,26.9,25.8,0,22.2
0,Paris,2025-01-23T04:00,29.3,27.7,0,20.4
0,Paris,2025-01-23T05:00,30.6,29.7,0,19.5
0,Paris,2025-01-23T06:00,28.6,31.4,9.9,20.9
0,Paris,2025-01-23T07:00,22.8,31.2,37.1,26.2
0,Paris,2025-01-23T08:00,17.4,29.5,68.9,34.2
0,Paris,2025-01-23T09:00,16.6,28.7,72.4,35.9
0,Paris,2025-01-23T10:00,18.1,28.8,58.6,33
0,Paris,2025-01-23T11:00,18,28.3,57,33.1
0,Paris,2025-01-23T12:00,17.2,27.7,61.1,34.7
0,Paris,2025-01-23T13:00,17.8,28.2,57.8,33.5
0,Paris,2025-01-23T14:00,18,28.4,57.2,33.2
0,Paris,2025-01-23T15:00,17.3,28.2,63.4,34.6
0,Paris,2025-01-23T16:00,16.2,28,72.1,36.8
0,Paris,2025-01-23T17:00,14.7,27.6,87.2,40.6
0,Paris,2025-01-23T18:00,14.5,27.4,88.7,41.1
0,Paris,2025-01-23T19:00,15.4,27.2,75.8,38.7
0,Paris,2025-01-23T20:00,19.4,27.2,40,30.8
0,Paris,2025-01-23T21:00,21.8,27,23.5,27.4
0,Paris,2025-01-23T22:00,22.3,27.3,22.4,26.8
0,Paris,2025-01-23T23:00,23,27.5,19.2,26
0,Paris,2025-01-24T00:00,24.6,27.1,9.9,24.2
0,Paris,2025-01-24T01:00,26.3,27,2.8,22.7
0,Paris,2025-01-24T02:00,25.7,25.9,0.7,23.3
0,Paris,2025-01-24T03:00,26.2,25.9,0,22.8
0,Paris,2025-01-24T04:00,28.5,27.5,0,21
0,Paris,2025-01-24T05:00,30,29.4,0,19.9
0,Paris,2025-01-24T06:00,28.3,31.2,10.3,21.2
0,Paris,2025-01-24T07:00,23.7,31.2,31.6,25.3
0,Paris,2025-01-24T08:00,20.1,30.2,50,29.7
0,Paris,2025-01-24T09:00,18.8,29.1,54.2,31.7
0,Paris,2025-01-24T10:00,18.4,28.8,56.2,32.4
0,Paris,2025-01-24T11:00,18.3,28.8,56.9,32.6
0,Paris,2025-01-24T12:00,17.3,28.2,62.6,34.5
0,Paris,2025-01-24T13:00,17.8,28,57.1,33.5
0,Paris,2025-01-24T14:00,17.1,27.7,62,35
0,Paris,2025-01-24T15:00,16.8,27.9,65.8,35.5
0,Paris,2025-01-24T16:00,15.5,27.4,76.5,38.5
0,Paris,2025-01-24T17:00,15.5,27.5,76.5,38.4
0,Paris,2025-01-24T18:00,16.7,28.1,68.5,35.8
0,Paris,2025-01-24T19:00,18.6,29.1,56.8,32.2
0,Paris,2025-01-24T20:00,20,27.6,38,29.9
0,Paris,2025-01-24T21:00,20.6,26.9,30.5,29
0,Paris,2025-01-24T22:00,20.8,26.8,28.8,28.7
0,Paris,2025-01-24T23:00,20.8,27.1,30,28.7
0,Paris,2025-01-25T00:00,22,26.9,22.1,27.2
0,Paris,2025-01-25T01:00,22.8,26.3,15.1,26.2
0,Paris,2025-01-25T02:00,23.1,25.6,10.7,25.9
0,Paris,2025-01-25T03:00,24.4,25.7,5.1,24.5
0,Paris,2025-01-25T04:00,25.9,26.1,0.7,23.1
0,Paris,2025-01-25T05:00,27.7,27.6,0,21.5
0,Paris,2025-01-25T06:00,28.4,29,1.9,21
0,Paris,2025-01-25T07:00,28.5,30.4,6.3,20.9
0,Paris,2025-01-25T08:00,27.5,30.7,11.3,21.7
0,Paris,2025-01-25T09:00,25.5,30.1,17.7,23.4
0,Paris,2025-01-25T10:00,23.6,29.7,25.5,25.3
0,Paris,2025-01-25T11:00,21.9,29.1,32.8,27.3
0,Paris,2025-01-25T12:00,20.8,28.8,38,28.7
0,Paris,2025-01-25T13:00,20.2,28.4,40.4,29.5
0,Paris,2025-01-25T14:00,20,28.8,43.6,29.9
0,Paris,2025-01-25T15:00,18.3,28.5,55.7,32.6
0,Paris,2025-01-25T16:00,17.4,28.5,63.1,34.3
0,Paris,2025-01-25T17:00,16.8,28.3,68.2,35.6
0,Paris,2025-01-25T18:00,15.5,27.5,77.1,38.6
0,Paris,2025-01-25T19:00,15.2,27.2,78.6,39.2
0,Paris,2025-01-25T20:00,15.9,26.9,68.7,37.5
0,Paris,2025-01-25T21:00,18.4,27.1,46.6,32.4
0,Paris,2025-01-25T22:00,21,27.3,29.9,28.5
0,Paris,2025-01-25T23:00,20.9,28.1,34.6,28.6
0,Paris,2025-01-26T00:00,21.1,27.9,32.2,28.4
0,Paris,2025-01-26T01:00,22,27.4,24.1,27.1
0,Paris,2025-01-26T02:00,22.4,26.3,17,26.6
0,Paris,2025-01-26T03:00,24.6,26.3,7,24.3
0,Paris,2025-01-26T04:00,25.8,26.5,2.8,23.2
0,Paris,2025-01-26T05:00,27.3,27.3,0,21.9
0,Paris,2025-01-26T06:00,28.8,28.5,0,20.8
0,Paris,2025-01-26T07:00,29.1,29.4,1,20.5
0,Paris,2025-01-26T08:00,29.4,30.2,2.6,20.3
0,Paris,2025-01-26T09:00,27.3,29.7,8.7,21.9
0,Paris,2025-01-26T10:00,25.2,29.4,16.8,23.7
0,Paris,2025-01-26T11:00,23.4,29.3,25.3,25.6
0,Paris,2025-01-26T12:00,21.3,28.9,35.4,28
0,Paris,2025-01-26T13:00,21.2,28.4,33.8,28.2
0,Paris,2025-01-26T14:00,20.2,28.5,40.9,29.6
0,Paris,2025-01-26T15:00,19,28.5,49.6,31.4
0,Paris,2025-01-26T16:00,18.4,28.4,54.3,32.5
0,Paris,2025-01-26T17:00,18.5,28.6,54.1,32.3
0,Paris,2025-01-26T18:00,18.3,28.3,54.9,32.7
0,Paris,2025-01-26T19:00,19.4,27.9,43.3,30.7
0,Paris,2025-01-26T20:00,22,27.7,25.6,27.1
0,Paris,2025-01-26T21:00,23.6,27.7,17.4,25.3
0,Paris,2025-01-26T22:00,24.5,27.8,13.2,24.4
0,Paris,2025-01-26T23:00,25.3,27.6,8.8,23.6
0,Paris,2025-01-27T00:00,25.9,26.9,3.9,23.1
0,Paris,2025-01-27T01:00,26.3,26.1,0,22.7
0,Paris,2025-01-27T02:00,26.8,26.1,0,22.3
0,Paris,2025-01-27T03:00,28.4,26.9,0,21.1
0,Paris,2025-01-27T04:00,31,29,0,19.3
0,Paris,2025-01-27T05:00,31.7,30.6,0,18.8
0,Paris,2025-01-27T06:00,28,31.5,12.5,21.4
0,Paris,2025-01-27T07:00,22,31,41,27.2
0,Paris,2025-01-27T08:00,17.6,29.6,67.5,33.9
0,Paris,2025-01-27T09:00,18,29.3,62.6,33.2
0,Paris,2025-01-27T10:00,18.9,28.8,52.3,31.6
0,Paris,2025-01-27T11:00,18.9,28.5,50.6,31.7
0,Paris,2025-01-27T12:00,18.9,28.2,49.1,31.7
0,Paris,2025-01-27T13:00,20,28.2,41.2,29.9
0,Paris,2025-01-27T14:00,20,28.4,41.7,29.9
0,Paris,2025-01-27T15:00,19.8,28.4,43.7,30.3
0,Paris,2025-01-27T16:00,18.3,28,52.9,32.6
0,Paris,2025-01-27T17:00,17.8,27.9,56.1,33.5
0,Paris,2025-01-27T18:00,18.2,28,53.8,32.8
0,Paris,2025-01-27T19:00,19.8,27.9,40.5,30.2
0,Paris,2025-01-27T20:00,22.3,27.4,22.8,26.8
0,Paris,2025-01-27T21:00,23.2,26.7,15.3,25.8
0,Paris,2025-01-27T22:00,24.1,26.8,11.4,24.8
0,Paris,2025-01-27T23:00,25.2,26.9,6.7,23.7
0,Paris,2025-01-28T00:00,25.6,26.2,2.1,23.3
0,Paris,2025-01-28T01:00,26.4,25.9,0,22.6
0,Paris,2025-01-28T02:00,27,25.7,0,22.2
0,Paris,2025-01-28T03:00,27.9,26.3,0,21.5
0,Paris,2025-01-28T04:00,30.4,28.4,0,19.7
0,Paris,2025-01-28T05:00,31,30.3,0,19.2
0,Paris,2025-01-28T06:00,27.9,31.4,12.6,21.4
0,Paris,2025-01-28T07:00,21.7,30.9,42.4,27.5
0,Paris,2025-01-28T08:00,16.5,29.2,77.2,36.3
0,Paris,2025-01-28T09:00,15.9,28.6,80.2,37.7
0,Paris,2025-01-28T10:00,17.2,28.5,65.3,34.8
0,Paris,2025-01-28T11:00,17.8,28.4,59.4,33.6
0,Paris,2025-01-28T12:00,17.9,28.2,57.6,33.4
0,Paris,2025-01-28T13:00,18.8,28.3,49.9,31.7
0,Paris,2025-01-28T14:00,18.3,28.1,53,32.6
0,Paris,2025-01-28T15:00,18.1,28.2,55.5,33
0,Paris,2025-01-28T16:00,17,27.8,63.9,35.2
0,Paris,2025-01-28T17:00,16.4,27.8,69.3,36.4
0,Paris,2025-01-28T18:00,16.1,27.9,73.3,37.1
0,Paris,2025-01-28T19:00,17.4,27.6,59,34.4
0,Paris,2025-01-28T20:00,20.6,27.3,32.1,29
0,Paris,2025-01-28T21:00,22,26.6,20.8,27.2
0,Paris,2025-01-28T22:00,23.1,27.1,17.1,25.9
0,Paris,2025-01-28T23:00,23.7,26.9,13.2,25.2
0,Paris,2025-01-29T00:00,25.4,26.6,4.5,23.5
0,Paris,2025-01-29T01:00,25.8,25.7,0,23.2
0,Paris,2025-01-29T02:00,26.5,25.6,0,22.5
0,Paris,2025-01-29T03:00,27.7,26.2,0,21.6
0,Paris,2025-01-29T04:00,30.2,28.5,0,19.8
0,Paris,2025-01-29T05:00,31.3,30.4,0,19.1
0,Paris,2025-01-29T06:00,28.3,31.5,10.9,21.1
0,Paris,2025-01-29T07:00,22.2,31,39.2,26.9
0,Paris,2025-01-29T08:00,17.9,29.6,65,33.4
0,Paris,2025-01-29T09:00,17.9,29.1,62.1,33.4
0,Paris,2025-01-29T10:00,18.6,28.8,54.9,32.1
0,Paris,2025-01-29T11:00,18.3,28.4,55.5,32.7
0,Paris,2025-01-29T12:00,17.3,27.9,61.3,34.6
0,Paris,2025-01-29T13:00,17.7,28,57.8,33.7
0,Paris,2025-01-29T14:00,16.9,27.7,64.2,35.4
0,Paris,2025-01-29T15:00,16.2,27.7,71.1,37
0,Paris,2025-01-29T16:00,15.3,27.3,78.1,39
0,Paris,2025-01-29T17:00,14.5,27.1,86.3,41.2
0,Paris,2025-01-29T18:00,14.2,27.2,91.4,42.1
0,Paris,2025-01-29T19:00,15.2,27.1,77.7,39.3
0,Paris,2025-01-29T20:00,19.4,27.3,40.5,30.8
0,Paris,2025-01-29T21:00,22.4,26.9,20.1,26.7
0,Paris,2025-01-29T22:00,23.3,27,15.9,25.7
0,Paris,2025-01-29T23:00,23.3,27.1,16.3,25.7
0,Paris,2025-01-30T00:00,24.4,26.4,8,24.5
0,Paris,2025-01-30T01:00,25.1,25.4,1,23.8
0,Paris,2025-01-30T02:00,26.2,25.5,0,22.8
0,Paris,2025-01-30T03:00,27.2,26,0,22
0,Paris,2025-01-30T04:00,30.2,28.4,0,19.8
0,Paris,2025-01-30T05:00,31.2,30.1,0,19.2
0,Paris,2025-01-30T06:00,28.9,31.4,8.6,20.7
0,Paris,2025-01-30T07:00,21.8,30.6,40.1,27.4
0,Paris,2025-01-30T08:00,17.7,29.5,66.9,33.8
0,Paris,2025-01-30T09:00,17.5,29.1,66.2,34.2
0,Paris,2025-01-30T10:00,18.1,28.8,58.8,33
0,Paris,2025-01-30T11:00,18.1,28.6,57.4,33
0,Paris,2025-01-30T12:00,17.7,28,58.4,33.8
0,Paris,2025-01-30T13:00,18.5,28,50.8,32.2
0,Paris,2025-01-30T14:00,18.5,28.1,51.7,32.3
0,Paris,2025-01-30T15:00,18.2,28.1,54.5,32.9
0,Paris,2025-01-30T16:00,17.1,27.9,63,35
0,Paris,2025-01-30T17:00,16.3,27.7,69.5,36.6
0,Paris,2025-01-30T18:00,16,27.6,71.9,37.3
0,Paris,2025-01-30T19:00,17,27.5,62.1,35.2
0,Paris,2025-01-30T20:00,19.7,27.2,38.3,30.4
0,Paris,2025-01-30T21:00,21.4,26.6,24.3,27.9
0,Paris,2025-01-30T22:00,22.6,27.2,20.4,26.5
0,Paris,2025-01-30T23:00,22.9,27.3,18.8,26.1
0,Paris,2025-01-31T00:00,24.1,26.4,9.7,24.8
0,Paris,2025-01-31T01:00,24.7,25.8,4.2,24.2
0,Paris,2025-01-31T02:00,25.2,25.3,0,23.7
0,Paris,2025-01-31T03:00,26,25.5,0,23
0,Paris,2025-01-31T04:00,28.8,27.4,0,20.8
0,Paris,2025-01-31T05:00,30.6,29.4,0,19.5
0,Paris,2025-01-31T06:00,28.5,31.3,9.9,21
0,Paris,2025-01-31T07:00,23.5,30.8,31.2,25.5
0,Paris,2025-01-31T08:00,20.1,30,49.1,29.8
0,Paris,2025-01-31T09:00,19.8,29.8,50,30.1
0,Paris,2025-01-31T10:00,19.2,29,50.9,31.1
0,Paris,2025-01-31T11:00,18.4,28.3,54.1,32.5
0,Paris,2025-01-31T12:00,18.8,28.5,51.6,31.9
0,Paris,2025-01-31T13:00,19.7,28.4,43.9,30.3
0,Paris,2025-01-31T14:00,19.2,28.4,47.7,31.1
0,Paris,2025-01-31T15:00,16.8,28,66.5,35.6
0,Paris,2025-01-31T16:00,15.4,27.4,78.2,38.9
0,Paris,2025-01-31T17:00,15.2,27.3,80,39.4
0,Paris,2025-01-31T18:00,15.1,27.5,81.6,39.5
0,Paris,2025-01-31T19:00,16.4,27.5,67.7,36.4
0,Paris,2025-01-31T20:00,19.2,28.6,49,31.2
0,Paris,2025-01-31T21:00,21.8,28.7,31.5,27.4
0,Paris,2025-01-31T22:00,21.3,27,26.5,28.1
0,Paris,2025-01-31T23:00,22,27.4,24.8,27.2
0,Paris,2025-02-01T00:00,23.4,27.8,18.5,25.5
0,Paris,2025-02-01T01:00,23.3,26.5,13.7,25.7
0,Paris,2025-02-01T02:00,23.2,25.8,10.8,25.7
0,Paris,2025-02-01T03:00,24.9,25.8,3.4,24
0,Paris,2025-02-01T04:00,26.3,26.4,0.1,22.7
0,Paris,2025-02-01T05:00,27.8,27.5,0,21.5
0,Paris,2025-02-01T06:00,28.7,28.9,0.8,20.8
0,Paris,2025-02-01T07:00,28.4,30.1,5.9,21
0,Paris,2025-02-01T08:00,27.6,30.6,10.9,21.7
0,Paris,2025-02-01T09:00,25.1,30,19.2,23.8
0,Paris,2025-02-01T10:00,23.1,29.6,27.9,25.9
0,Paris,2025-02-01T11:00,21.4,29,35.6,27.9
0,Paris,2025-02-01T12:00,20.1,28.8,43,29.7
0,Paris,2025-02-01T13:00,20.4,28.7,40.4,29.3
0,Paris,2025-02-01T14:00,19.7,28.6,45.3,30.4
0,Paris,2025-02-01T15:00,17.9,28.4,58.7,33.4
0,Paris,2025-02-01T16:00,17.5,28.3,61.5,34.1
0,Paris,2025-02-01T17:00,17.4,28.4,63.1,34.4
0,Paris,2025-02-01T18:00,16.7,28.2,69.2,35.9
0,Paris,2025-02-01T19:00,16.3,27.7,69.6,36.6
0,Paris,2025-02-01T20:00,17.5,27.4,55.9,34.1
0,Paris,2025-02-01T21:00,20,27.5,37.3,29.9
0,Paris,2025-02-01T22:00,21.2,27.8,30.9,28.2
0,Paris,2025-02-01T23:00,21.5,28.4,31.9,27.8
0,Paris,2025-02-02T00:00,22.3,28.9,29.6,26.8
0,Paris,2025-02-02T01:00,22.5,27.5,22.5,26.6
0,Paris,2025-02-02T02:00,22.5,26.2,16.3,26.5
0,Paris,2025-02-02T03:00,24.4,26.2,7.3,24.5
0,Paris,2025-02-02T04:00,26.2,26.6,1.8,22.8
0,Paris,2025-02-02T05:00,27.7,27.5,0,21.5
0,Paris,2025-02-02T06:00,29.1,28.7,0,20.5
0,Paris,2025-02-02T07:00,29.6,29.7,0.2,20.2
0,Paris,2025-02-02T08:00,29.4,30.1,2.3,20.3
0,Paris,2025-02-02T09:00,26.8,29.9,11.4,22.3
0,Paris,2025-02-02T10:00,23.7,29.4,24,25.3
0,Paris,2025-02-02T11:00,21.4,29.4,37.3,27.9
0,Paris,2025-02-02T12:00,20.2,29.3,44.8,29.6
0,Paris,2025-02-02T13:00,20.9,29,38.5,28.6
0,Paris,2025-02-02T14:00,20.5,29,41.5,29.2
0,Paris,2025-02-02T15:00,19.4,29,49.1,30.8
0,Paris,2025-02-02T16:00,18.8,28.8,53.5,31.9
0,Paris,2025-02-02T17:00,17.8,28.5,60,33.6
0,Paris,2025-02-02T18:00,17.8,28.4,59.6,33.6
0,Paris,2025-02-02T19:00,19.1,28,46.5,31.3
0,Paris,2025-02-02T20:00,22.1,28.2,27.6,27.1
0,Paris,2025-02-02T21:00,24,27.9,16.4,24.9
0,Paris,2025-02-02T22:00,24.9,27.8,11.2,24
0,Paris,2025-02-02T23:00,26.1,27.8,6.4,22.9
0,Paris,2025-02-03T00:00,27.1,27.6,1.5,22
0,Paris,2025-02-03T01:00,27.2,26.8,0,21.9
0,Paris,2025-02-03T02:00,27.9,26.7,0,21.4
0,Paris,2025-02-03T03:00,28.8,27.3,0,20.8
0,Paris,2025-02-03T04:00,31.3,29.4,0,19.1
0,Paris,2025-02-03T05:00,32.3,30.8,0,18.5
0,Paris,2025-02-03T06:00,29.2,31.8,8.6,20.5
0,Paris,2025-02-03T07:00,22.4,31.1,38.7,26.7
0,Paris,2025-02-03T08:00,17,29.3,71.8,35.1
0,Paris,2025-02-03T09:00,16.6,28.8,73,36
0,Paris,2025-02-03T10:00,18,28.8,59.9,33.2
0,Paris,2025-02-03T11:00,19.5,28.7,47.1,30.7
0,Paris,2025-02-03T12:00,20,28.5,42.2,29.9
0,Paris,2025-02-03T13:00,20.6,28.5,37.8,29
0,Paris,2025-02-03T14:00,20.2,28.4,40.9,29.6
0,Paris,2025-02-03T15:00,18.1,28,54.4,33
0,Paris,2025-02-03T16:00,16.5,27.3,65.6,36.2
0,Paris,2025-02-03T17:00,16.3,27.5,68.4,36.6
0,Paris,2025-02-03T18:00,16.5,28.2,70.2,36.1
0,Paris,2025-02-03T19:00,18,27.9,54.8,33.2
0,Paris,2025-02-03T20:00,22.3,28,25.8,26.9
0,Paris,2025-02-03T21:00,23.8,27.1,14.1,25.1
0,Paris,2025-02-03T22:00,24.9,27.3,9.7,24
0,Paris,2025-02-03T23:00,25.8,27.4,6,23.1
0,Paris,2025-02-04T00:00,26.4,26.8,1.4,22.6
0,Paris,2025-02-04T01:00,26.9,26.3,0,22.2
0,Paris,2025-02-04T02:00,27.6,26.3,0,21.6
0,Paris,2025-02-04T03:00,29.2,27.7,0,20.4
0,Paris,2025-02-04T04:00,31.3,29.5,0,19.1
0,Paris,2025-02-04T05:00,31.8,30.8,0,18.8
0,Paris,2025-02-04T06:00,28.8,31.7,10.2,20.8
0,Paris,2025-02-04T07:00,22,31.1,41.6,27.2
0,Paris,2025-02-04T08:00,16.8,29.5,74.9,35.5
0,Paris,2025-02-04T09:00,17,29.1,70.4,35.1
0,Paris,2025-02-04T10:00,18.1,28.7,58,32.9
0,Paris,2025-02-04T11:00,18.4,28.5,55.2,32.5
0,Paris,2025-02-04T12:00,18.4,28.2,53.4,32.5
0,Paris,2025-02-04T13:00,19.3,28.3,46.6,31
0,Paris,2025-02-04T14:00,18.8,28.2,49.9,31.8
0,Paris,2025-02-04T15:00,18.5,28.4,53.8,32.4
0,Paris,2025-02-04T16:00,17.7,28.1,58.8,33.7
0,Paris,2025-02-04T17:00,16.7,27.8,66.4,35.8
0,Paris,2025-02-04T18:00,16.8,27.9,66.1,35.6
0,Paris,2025-02-04T19:00,18.5,27.9,50.9,32.4
0,Paris,2025-02-04T20:00,21.5,27.6,28.2,27.8
0,Paris,2025-02-04T21:00,22.9,26.9,17.2,26.1
0,Paris,2025-02-04T22:00,23.1,26.7,15.6,25.9
0,Paris,2025-02-04T23:00,23.6,26.5,12.2,25.3
0,Paris,2025-02-05T00:00,24.9,26.4,5.9,24
0,Paris,2025-02-05T01:00,25.7,25.6,0,23.2
0,Paris,2025-02-05T02:00,26.3,25.5,0,22.7
0,Paris,2025-02-05T03:00,27.7,26.5,0,21.6
0,Paris,2025-02-05T04:00,30.1,28.6,0,19.8
0,Paris,2025-02-05T05:00,31.2,30.4,0,19.1
0,Paris,2025-02-05T06:00,28.8,31.8,10.4,20.8
0,Paris,2025-02-05T07:00,22.3,31.2,39.7,26.7
0,Paris,2025-02-05T08:00,18,29.7,65.2,33.2
0,Paris,2025-02-05T09:00,18.6,29.3,57.6,32.1
0,Paris,2025-02-05T10:00,19.3,29,50.3,31
0,Paris,2025-02-05T11:00,18.9,28.6,51.4,31.6
0,Paris,2025-02-05T12:00,18.6,28.3,52.1,32.2
0,Paris,2025-02-05T13:00,19.8,28.4,43,30.1
0,Paris,2025-02-05T14:00,19.7,28.4,44,30.3
0,Paris,2025-02-05T15:00,19,28.3,48.3,31.4
0,Paris,2025-02-05T16:00,18.3,28.1,53.4,32.7
0,Paris,2025-02-05T17:00,17.2,27.8,61.3,34.8
0,Paris,2025-02-05T18:00,16.6,27.6,65.7,35.9
0,Paris,2025-02-05T19:00,17.5,27.3,55.3,34.1
0,Paris,2025-02-05T20:00,20.9,27.3,30.5,28.6
0,Paris,2025-02-05T21:00,22.6,26.8,18.6,26.5
0,Paris,2025-02-05T22:00,22.6,26.9,18.5,26.4
0,Paris,2025-02-05T23:00,23.5,26.8,14,25.4
0,Paris,2025-02-06T00:00,24.6,26.1,5.9,24.3
0,Paris,2025-02-06T01:00,25.3,25.3,0.1,23.6
0,Paris,2025-02-06T02:00,25.9,25.2,0,23
0,Paris,2025-02-06T03:00,27.1,25.8,0,22.1
0,Paris,2025-02-06T04:00,30,28.4,0,19.9
0,Paris,2025-02-06T05:00,31.2,30.1,0,19.1
0,Paris,2025-02-06T06:00,28.7,31.7,10.1,20.8
0,Paris,2025-02-06T07:00,22.8,31.2,36.8,26.3
0,Paris,2025-02-06T08:00,18.1,29.6,63.2,33
0,Paris,2025-02-06T09:00,18,29,61.3,33.2
0,Paris,2025-02-06T10:00,18.4,28.8,56.8,32.5
0,Paris,2025-02-06T11:00,18,28.3,57.3,33.2
0,Paris,2025-02-06T12:00,18.1,28.1,54.8,33
0,Paris,2025-02-06T13:00,18.8,28,49,31.8
0,Paris,2025-02-06T14:00,18.8,28.2,49.9,31.9
0,Paris,2025-02-06T15:00,18.2,28.2,55,32.9
0,Paris,2025-02-06T16:00,17.1,27.8,62.4,34.9
0,Paris,2025-02-06T17:00,15.7,27.4,74.3,38.1
0,Paris,2025-02-06T18:00,16.4,27.6,68.4,36.5
0,Paris,2025-02-06T19:00,17.4,27.4,57.4,34.4
0,Paris,2025-02-06T20:00,20,27,34.8,29.9
0,Paris,2025-02-06T21:00,22.1,26.9,21.7,27
0,Paris,2025-02-06T22:00,22.6,27,19.7,26.5
0,Paris,2025-02-06T23:00,22.9,27.1,18.1,26.1
0,Paris,2025-02-07T00:00,24.3,26.8,10,24.6
0,Paris,2025-02-07T01:00,24.6,25.7,4.6,24.3
0,Paris,2025-02-07T02:00,25.1,25.3,0.6,23.8
0,Paris,2025-02-07T03:00,26.3,25.7,0,22.7
0,Paris,2025-02-07T04:00,29.2,27.8,0,20.5
0,Paris,2025-02-07T05:00,30.2,29.2,0,19.8
0,Paris,2025-02-07T06:00,27.6,31.1,12.4,21.6
0,Paris,2025-02-07T07:00,22.9,31,35.1,26.1
0,Paris,2025-02-07T08:00,19.5,29.9,53.2,30.7
0,Paris,2025-02-07T09:00,19.7,29.6,50.1,30.3
0,Paris,2025-02-07T10:00,19.6,29.1,47.8,30.4
0,Paris,2025-02-07T11:00,18.9,28.5,50.8,31.6
0,Paris,2025-02-07T12:00,18.6,28.1,50.7,32.1
0,Paris,2025-02-07T13:00,20,28.3,41,29.8
0,Paris,2025-02-07T14:00,19.7,28.4,44.6,30.4
0,Paris,2025-02-07T15:00,18.5,28.4,53.6,32.3
0,Paris,2025-02-07T16:00,17.6,28,59.1,34
0,Paris,2025-02-07T17:00,16.5,27.7,67.5,36.1
0,Paris,2025-02-07T18:00,17.1,27.9,62.9,34.9
0,Paris,2025-02-07T19:00,17,27.6,62.3,35.2
0,Paris,2025-02-07T20:00,18.1,27.5,52.1,33.1
0,Paris,2025-02-07T21:00,20,27.3,36.3,29.9
0,Paris,2025-02-07T22:00,21.1,27.2,28.4,28.3
0,Paris,2025-02-07T23:00,21.5,28,30.3,27.8
0,Paris,2025-02-08T00:00,22.3,27.7,24.3,26.9
0,Paris,2025-02-08T01:00,23.4,26.7,14.2,25.6
0,Paris,2025-02-08T02:00,23.4,25.9,10.6,25.5
0,Paris,2025-02-08T03:00,24.8,25.8,4.2,24.1
0,Paris,2025-02-08T04:00,26.6,26.6,0.1,22.5
0,Paris,2025-02-08T05:00,28.1,27.9,0,21.2
0,Paris,2025-02-08T06:00,28.6,29,1.3,20.9
0,Paris,2025-02-08T07:00,28.2,30.2,6.7,21.2
0,Paris,2025-02-08T08:00,27.4,30.4,11.1,21.8
0,Paris,2025-02-08T09:00,24.8,29.9,20.2,24.1
0,Paris,2025-02-08T10:00,22.8,29.2,28.3,26.2
0,Paris,2025-02-08T11:00,21.5,29.1,35.2,27.8
0,Paris,2025-02-08T12:00,20.6,28.8,39.6,29
0,Paris,2025-02-08T13:00,21.2,28.8,35.7,28.2
0,Paris,2025-02-08T14:00,20.2,28.9,42.7,29.5
0,Paris,2025-02-08T15:00,18.6,28.8,54.5,32.1
0,Paris,2025-02-08T16:00,18.4,28.8,56.3,32.5
0,Paris,2025-02-08T17:00,18.1,28.4,57,33.1
0,Paris,2025-02-08T18:00,18.4,28.6,55.4,32.5
0,Paris,2025-02-08T19:00,17.5,27.9,58.9,34.1
0,Paris,2025-02-08T20:00,17.5,27.3,55.1,34
0,Paris,2025-02-08T21:00,19.7,27.4,39,30.4
0,Paris,2025-02-08T22:00,20.7,27.4,32.3,28.9
0,Paris,2025-02-08T23:00,21,27.9,32.8,28.5
0,Paris,2025-02-09T00:00,21.4,28.1,31.1,27.9
0,Paris,2025-02-09T01:00,22,27.4,24.3,27.1
0,Paris,2025-02-09T02:00,22.4,26.3,17.6,26.7
0,Paris,2025-02-09T03:00,24.4,26.4,7.9,24.4
0,Paris,2025-02-09T04:00,25.9,26.5,2.3,23.1
0,Paris,2025-02-09T05:00,27.3,27.4,0,21.9
0,Paris,2025-02-09T06:00,29.1,28.7,0,20.6
0,Paris,2025-02-09T07:00,29.7,29.8,0.2,20.1
0,Paris,2025-02-09T08:00,29.7,30.5,2.7,20.1
0,Paris,2025-02-09T09:00,27.6,30.3,9.8,21.7
0,Paris,2025-02-09T10:00,24.8,29.5,18.6,24
0,Paris,2025-02-09T11:00,22.8,29,27.6,26.3
0,Paris,2025-02-09T12:00,20.9,28.7,37.2,28.6
0,Paris,2025-02-09T13:00,21.2,28.7,35.5,28.2
0,Paris,2025-02-09T14:00,21.1,28.8,36.5,28.3
0,Paris,2025-02-09T15:00,20,28.8,44.1,29.9
0,Paris,2025-02-09T16:00,19.5,28.9,48.1,30.7
0,Paris,2025-02-09T17:00,17.9,28.4,58.3,33.4
0,Paris,2025-02-09T18:00,16.9,28,65.3,35.3
0,Paris,2025-02-09T19:00,18.5,27.6,49.1,32.3
0,Paris,2025-02-09T20:00,21.1,27.7,30.7,28.3
0,Paris,2025-02-09T21:00,23.6,28.2,19.4,25.4
0,Paris,2025-02-09T22:00,25.1,28.1,12.1,23.8
0,Paris,2025-02-09T23:00,25.9,27.9,7.8,23.1
0,Paris,2025-02-10T00:00,26.6,27.4,3.1,22.5
0,Paris,2025-02-10T01:00,26.7,26.6,0,22.3
0,Paris,2025-02-10T02:00,27.4,26.5,0,21.8
0,Paris,2025-02-10T03:00,28.8,27.3,0,20.7
0,Paris,2025-02-10T04:00,31.1,29,0,19.2
0,Paris,2025-02-10T05:00,32.1,30.7,0,18.6
0,Paris,2025-02-10T06:00,29.1,32,9.8,20.5
0,Paris,2025-02-10T07:00,21.5,30.9,43.9,27.8
0,Paris,2025-02-10T08:00,15.4,29.1,88.9,38.9
0,Paris,2025-02-10T09:00,15.2,28.9,89.9,39.3
0,Paris,2025-02-10T10:00,17.3,29,67.2,34.5
0,Paris,2025-02-10T11:00,18.7,29,54.8,31.9
0,Paris,2025-02-10T12:00,18.5,28.6,55,32.4
0,Paris,2025-02-10T13:00,19,28.6,49.9,31.4
0,Paris,2025-02-10T14:00,18.8,28.6,51.3,31.7
0,Paris,2025-02-10T15:00,17.9,28.5,58.6,33.3
0,Paris,2025-02-10T16:00,16.2,27.8,71.5,36.9
0,Paris,2025-02-10T17:00,15.2,27.7,81.8,39.3
0,Paris,2025-02-10T18:00,15.5,27.8,78.6,38.5
0,Paris,2025-02-10T19:00,16.8,27.9,65.4,35.5
0,Paris,2025-02-10T20:00,20.9,27.6,31.9,28.6
0,Paris,2025-02-10T21:00,23.3,27.2,16.6,25.6
0,Paris,2025-02-10T22:00,24.3,27.3,12.3,24.6
0,Paris,2025-02-10T23:00,25.4,27.2,7.4,23.6
0,Paris,2025-02-11T00:00,26.2,26.7,2,22.8
0,Paris,2025-02-11T01:00,26.9,26.3,0,22.2
0,Paris,2025-02-11T02:00,27.9,26.5,0,21.4
0,Paris,2025-02-11T03:00,29.1,27.4,0,20.5
0,Paris,2025-02-11T04:00,31.8,29.9,0,18.8
0,Paris,2025-02-11T05:00,31.8,30.8,0,18.8
0,Paris,2025-02-11T06:00,28.3,31.4,10.8,21.1
0,Paris,2025-02-11T07:00,21.5,30.8,43.1,27.8
0,Paris,2025-02-11T08:00,16.1,29.2,81.1,37.1
0,Paris,2025-02-11T09:00,16.2,29,78.9,36.9
0,Paris,2025-02-11T10:00,17.6,28.9,64,34
0,Paris,2025-02-11T11:00,18.3,28.9,57.8,32.7
0,Paris,2025-02-11T12:00,18.3,28.5,55.4,32.7
0,Paris,2025-02-11T13:00,19.4,28.6,47.2,30.8
0,Paris,2025-02-11T14:00,19.1,28.4,48.5,31.2
0,Paris,2025-02-11T15:00,18.3,28.5,55.5,32.7
0,Paris,2025-02-11T16:00,17.9,28.3,58.4,33.5
0,Paris,2025-02-11T17:00,16.7,27.9,67,35.8
0,Paris,2025-02-11T18:00,15.9,27.7,74.2,37.6
0,Paris,2025-02-11T19:00,15.8,27.3,72,37.7
0,Paris,2025-02-11T20:00,19.6,27.3,39.4,30.5
0,Paris,2025-02-11T21:00,22.7,27,18.9,26.3
0,Paris,2025-02-11T22:00,23.9,27.3,14.5,25
0,Paris,2025-02-11T23:00,22.8,26.5,16.5,26.3
0,Paris,2025-02-12T00:00,23.8,25.5,6.9,25.1
0,Paris,2025-02-12T01:00,24.8,24.8,0.1,24.1
0,Paris,2025-02-12T02:00,25.6,24.8,0,23.3
0,Paris,2025-02-12T03:00,27,25.6,0,22.1
0,Paris,2025-02-12T04:00,28.9,27.4,0,20.7
0,Paris,2025-02-12T05:00,31.4,30.4,0,19
0,Paris,2025-02-12T06:00,28.8,31.9,10.8,20.7
0,Paris,2025-02-12T07:00,22.1,30.9,39.8,27
0,Paris,2025-02-12T08:00,17.4,29.1,67.1,34.3
0,Paris,2025-02-12T09:00,17.1,29.1,70.1,35
0,Paris,2025-02-12T10:00,18.6,29,55.6,32.1
0,Paris,2025-02-12T11:00,18.8,28.7,52.7,31.8
0,Paris,2025-02-12T12:00,18.7,28.4,51.7,32
0,Paris,2025-02-12T13:00,19.4,28.4,45.9,30.8
0,Paris,2025-02-12T14:00,19.3,28.4,46.9,30.9
0,Paris,2025-02-12T15:00,18.5,28.4,53.2,32.3
0,Paris,2025-02-12T16:00,17.3,27.9,61.3,34.5
0,Paris,2025-02-12T17:00,16.4,27.6,68.5,36.5
0,Paris,2025-02-12T18:00,16.1,27.6,71.5,37.1
0,Paris,2025-02-12T19:00,16.8,27.3,62,35.5
0,Paris,2025-02-12T20:00,20.1,27.3,35.6,29.7
0,Paris,2025-02-12T21:00,22.2,26.8,21,27
0,Paris,2025-02-12T22:00,21.5,26.5,23.4,27.8
0,Paris,2025-02-12T23:00,20.9,26.2,25.3,28.6
0,Paris,2025-02-13T00:00,23.1,25.8,11.5,25.8
0,Paris,2025-02-13T01:00,24.6,25.3,2.6,24.2
0,Paris,2025-02-13T02:00,25.4,24.8,0,23.5
0,Paris,2025-02-13T03:00,27,25.8,0,22.1
0,Paris,2025-02-13T04:00,29.6,28.3,0,20.2
0,Paris,2025-02-13T05:00,31.1,30.2,0,19.2
0,Paris,2025-02-13T06:00,28.6,31.7,11,20.9
0,Paris,2025-02-13T07:00,22.5,31.3,38.8,26.6
0,Paris,2025-02-13T08:00,17.5,29.5,68,34.1
0,Paris,2025-02-13T09:00,17.8,29.1,63.7,33.6
0,Paris,2025-02-13T10:00,18.5,29,56.1,32.2
0,Paris,2025-02-13T11:00,17.7,28.5,60.3,33.7
0,Paris,2025-02-13T12:00,17,28,64.3,35.1
0,Paris,2025-02-13T13:00,17.9,27.9,55.5,33.4
0,Paris,2025-02-13T14:00,18,28.1,55.6,33.2
0,Paris,2025-02-13T15:00,18.1,28.4,56.9,33
0,Paris,2025-02-13T16:00,16.9,28.1,66.2,35.4
0,Paris,2025-02-13T17:00,15.2,27.3,78.6,39.2
0,Paris,2025-02-13T18:00,14.7,27.2,84,40.5
0,Paris,2025-02-13T19:00,15.8,27.5,74,37.9
0,Paris,2025-02-13T20:00,18.7,27.3,45.9,32
0,Paris,2025-02-13T21:00,21.5,27.2,26.2,27.8
0,Paris,2025-02-13T22:00,21.1,27,27.8,28.3
0,Paris,2025-02-13T23:00,21.4,27,26.2,28
0,Paris,2025-02-14T00:00,23,26.4,14.6,26
0,Paris,2025-02-14T01:00,24.4,25.5,4.5,24.5
0,Paris,2025-02-14T02:00,24.7,25,1.1,24.2
0,Paris,2025-02-14T03:00,26.4,25.7,0,22.7
0,Paris,2025-02-14T04:00,29.1,27.8,0,20.5
0,Paris,2025-02-14T05:00,30.5,29.6,0,19.6
0,Paris,2025-02-14T06:00,28.7,31.6,9.8,20.8
0,Paris,2025-02-14T07:00,23.5,31.4,33.2,25.4
0,Paris,2025-02-14T08:00,20.5,30.2,47.1,29.1
0,Paris,2025-02-14T09:00,19.6,29.4,49.7,30.4
0,Paris,2025-02-14T10:00,18.9,28.9,52.8,31.7
0,Paris,2025-02-14T11:00,18.1,28.6,57.9,33.1
0,Paris,2025-02-14T12:00,17.9,28.4,58.1,33.3
0,Paris,2025-02-14T13:00,18.6,28.2,51.1,32.1
0,Paris,2025-02-14T14:00,18.5,28.5,53.4,32.2
0,Paris,2025-02-14T15:00,16.9,27.9,65.4,35.4
0,Paris,2025-02-14T16:00,16.1,27.8,71.9,37
0,Paris,2025-02-14T17:00,15.1,27.4,80.7,39.4
0,Paris,2025-02-14T18:00,14.9,27.5,83.7,40
0,Paris,2025-02-14T19:00,15.2,27.4,79.7,39.3
0,Paris,2025-02-14T20:00,17.1,27.5,60.6,35
0,Paris,2025-02-14T21:00,18.1,26.8,48.2,33
0,Paris,2025-02-14T22:00,19.4,27.2,40,30.7
0,Paris,2025-02-14T23:00,19.6,27.4,39.8,30.5
0,Paris,2025-02-15T00:00,20.8,27.4,31.7,28.8
0,Paris,2025-02-15T01:00,22.8,26.7,17,26.3
0,Paris,2025-02-15T02:00,23.3,25.9,11.1,25.7
0,Paris,2025-02-15T03:00,24.9,25.9,4.1,24
0,Paris,2025-02-15T04:00,26.9,26.9,0,22.2
0,Paris,2025-02-15T05:00,28.3,28.3,0,21.1
0,Paris,2025-02-15T06:00,28.8,29.3,1.6,20.7
0,Paris,2025-02-15T07:00,28.5,30.4,6.6,20.9
0,Paris,2025-02-15T08:00,27.9,30.7,10.1,21.4
0,Paris,2025-02-15T09:00,25.5,30.1,18,23.4
0,Paris,2025-02-15T10:00,23.5,29.7,26.3,25.5
0,Paris,2025-02-15T11:00,21.7,29.3,34.7,27.5
0,Paris,2025-02-15T12:00,20.8,29,38.8,28.7
0,Paris,2025-02-15T13:00,21.3,28.8,34.7,28
0,Paris,2025-02-15T14:00,20.2,28.8,42.4,29.6
0,Paris,2025-02-15T15:00,19.2,28.9,50,31.1
0,Paris,2025-02-15T16:00,19.1,29,51.5,31.3
0,Paris,2025-02-15T17:00,18.4,28.7,55.7,32.4
0,Paris,2025-02-15T18:00,18.1,28.5,57.9,33.1
0,Paris,2025-02-15T19:00,17.7,28.1,58.2,33.7
0,Paris,2025-02-15T20:00,18.8,27.8,47.7,31.8
0,Paris,2025-02-15T21:00,20.1,27.4,36.4,29.8
0,Paris,2025-02-15T22:00,20.9,27.4,31.2,28.6
0,Paris,2025-02-15T23:00,21.2,27.8,31,28.2
0,Paris,2025-02-16T00:00,21.7,27.8,27.5,27.5
0,Paris,2025-02-16T01:00,22.7,27.3,20,26.3
0,Paris,2025-02-16T02:00,23.2,26.5,14.1,25.8
0,Paris,2025-02-16T03:00,24.9,26.3,5.8,24
0,Paris,2025-02-16T04:00,26.5,26.9,1.5,22.6
0,Paris,2025-02-16T05:00,28.1,27.9,0,21.3
0,Paris,2025-02-16T06:00,29.3,29,0,20.4
0,Paris,2025-02-16T07:00,29.2,29.7,1.7,20.5
0,Paris,2025-02-16T08:00,29.6,30.3,2.3,20.2
0,Paris,2025-02-16T09:00,27,29.7,9.8,22.1
0,Paris,2025-02-16T10:00,24.9,29.5,18.2,24
0,Paris,2025-02-16T11:00,22.7,29.4,29.4,26.4
0,Paris,2025-02-16T12:00,21,29,37.9,28.5
0,Paris,2025-02-16T13:00,21.6,28.8,33.6,27.7
0,Paris,2025-02-16T14:00,20.7,28.8,39,28.9
0,Paris,2025-02-16T15:00,19.4,28.8,48.7,30.8
0,Paris,2025-02-16T16:00,19.1,28.9,51,31.3
0,Paris,2025-02-16T17:00,18.7,28.9,54.3,32
0,Paris,2025-02-16T18:00,18.2,28.4,56,32.9
0,Paris,2025-02-16T19:00,19.9,28.4,42.1,30
0,Paris,2025-02-16T20:00,22,28.2,28.3,27.2
0,Paris,2025-02-16T21:00,23.8,28.1,17.9,25.1
0,Paris,2025-02-16T22:00,24.9,28,12.2,24
0,Paris,2025-02-16T23:00,26.2,28.1,7.2,22.8
0,Paris,2025-02-17T00:00,27,27.7,2.5,22.1
0,Paris,2025-02-17T01:00,27.7,27.3,0,21.6
0,Paris,2025-02-17T02:00,28,27.1,0,21.3
0,Paris,2025-02-17T03:00,28.9,27.5,0,20.7
0,Paris,2025-02-17T04:00,32,29.9,0,18.6
0,Paris,2025-02-17T05:00,32.7,31.2,0,18.3
0,Paris,2025-02-17T06:00,29.2,31.9,8.9,20.4
0,Paris,2025-02-17T07:00,23.6,31.6,33.6,25.3
0,Paris,2025-02-17T08:00,20.9,30.3,44.7,28.5
0,Paris,2025-02-17T09:00,20.5,29.6,44,29.1
0,Paris,2025-02-17T10:00,20.8,29.3,40.8,28.8
0,Paris,2025-02-17T11:00,20.1,28.8,43.3,29.8
0,Paris,2025-02-17T12:00,20.4,28.5,40,29.4
0,Paris,2025-02-17T13:00,20.7,28.5,37.3,28.9
0,Paris,2025-02-17T14:00,21,28.8,37.2,28.5
0,Paris,2025-02-17T15:00,20.4,28.8,41.3,29.3
0,Paris,2025-02-17T16:00,19.2,28.5,48.4,31.1
0,Paris,2025-02-17T17:00,18.4,28.2,53.3,32.5
0,Paris,2025-02-17T18:00,19.2,28.5,48,31.1
0,Paris,2025-02-17T19:00,20.4,28.3,38.5,29.2
0,Paris,2025-02-17T20:00,22.8,27.8,21.9,26.2
0,Paris,2025-02-17T21:00,24,27.3,13.7,24.9
0,Paris,2025-02-17T22:00,25.1,27.8,10.8,23.8
0,Paris,2025-02-17T23:00,26,27.7,6.3,22.9
0,Paris,2025-02-18T00:00,26.9,27.3,1.3,22.2
0,Paris,2025-02-18T01:00,27.3,26.8,0,21.9
0,Paris,2025-02-18T02:00,28.3,27.1,0,21.1
0,Paris,2025-02-18T03:00,29.7,28.2,0,20.1
0,Paris,2025-02-18T04:00,32.2,30.2,0,18.6
0,Paris,2025-02-18T05:00,32.2,31.1,0,18.5
0,Paris,2025-02-18T06:00,28.1,31.4,11.7,21.3
0,Paris,2025-02-18T07:00,23.6,31.6,33.9,25.3
0,Paris,2025-02-18T08:00,19.9,30.7,54.1,30.1
0,Paris,2025-02-18T09:00,19.3,29.9,54.7,31
0,Paris,2025-02-18T10:00,19.8,29.4,48.2,30.2
0,Paris,2025-02-18T11:00,18.7,28.6,52.5,31.9
0,Paris,2025-02-18T12:00,19.4,28.4,46.2,30.7
0,Paris,2025-02-18T13:00,20.4,28.6,40.2,29.3
0,Paris,2025-02-18T14:00,19.9,28.7,44.2,30
0,Paris,2025-02-18T15:00,19.3,28.6,47.9,30.9
0,Paris,2025-02-18T16:00,18.1,28.3,55.5,32.9
0,Paris,2025-02-18T17:00,17.1,28.1,64.2,35
0,Paris,2025-02-18T18:00,16.8,28.3,67.7,35.5
0,Paris,2025-02-18T19:00,17.4,27.9,59.8,34.3
0,Paris,2025-02-18T20:00,21,27.7,31.6,28.4
0,Paris,2025-02-18T21:00,22.4,26.9,20,26.7
0,Paris,2025-02-18T22:00,22.8,27.2,19.3,26.2
0,Paris,2025-02-18T23:00,23.2,27.4,17.7,25.7
0,Paris,2025-02-19T00:00,24.7,26.8,8.6,24.2
0,Paris,2025-02-19T01:00,26.3,26.3,0,22.7
0,Paris,2025-02-19T02:00,26.9,26.1,0,22.2
0,Paris,2025-02-19T03:00,27.7,26.6,0,21.6
0,Paris,2025-02-19T04:00,30.9,29.3,0,19.4
0,Paris,2025-02-19T05:00,31.7,31,0,18.8
0,Paris,2025-02-19T06:00,28.8,31.6,9.7,20.7
0,Paris,2025-02-19T07:00,23.9,31.3,30.8,25
0,Paris,2025-02-19T08:00,21.2,30.3,42.6,28.2
0,Paris,2025-02-19T09:00,20.6,29.5,43.1,29
0,Paris,2025-02-19T10:00,20.2,29.3,44.8,29.6
0,Paris,2025-02-19T11:00,19.4,28.8,47.9,30.8
0,Paris,2025-02-19T12:00,18.4,27.9,51.7,32.6
0,Paris,2025-02-19T13:00,19.5,28,43.4,30.7
0,Paris,2025-02-19T14:00,18.3,28,53,32.7
0,Paris,2025-02-19T15:00,17.8,28.1,57.3,33.5
0,Paris,2025-02-19T16:00,17.8,28.1,57.3,33.5
0,Paris,2025-02-19T17:00,17.3,27.9,60.9,34.5
0,Paris,2025-02-19T18:00,17.4,28,60.9,34.4
0,Paris,2025-02-19T19:00,17.4,27.5,57.3,34.3
0,Paris,2025-02-19T20:00,20,27.4,37.3,29.9
0,Paris,2025-02-19T21:00,22.5,26.9,19.6,26.6
0,Paris,2025-02-19T22:00,23.5,27.3,16,25.5
0,Paris,2025-02-19T23:00,22.8,27.8,21.8,26.2
0,Paris,2025-02-20T00:00,24.4,26.9,10.2,24.5
0,Paris,2025-02-20T01:00,24.9,25.4,1.9,24
0,Paris,2025-02-20T02:00,25.5,24.9,0,23.4
0,Paris,2025-02-20T03:00,26.8,25.9,0,22.3
0,Paris,2025-02-20T04:00,29.7,28.2,0,20.1
0,Paris,2025-02-20T05:00,31.1,30.1,0,19.2
0,Paris,2025-02-20T06:00,28.8,31.6,9.6,20.7
0,Paris,2025-02-20T07:00,24.1,31.4,29.9,24.8
0,Paris,2025-02-20T08:00,21.4,30.4,42.2,27.9
0,Paris,2025-02-20T09:00,20.5,29.4,43.1,29.1
0,Paris,2025-02-20T10:00,19.9,29,45.8,30.1
0,Paris,2025-02-20T11:00,19.8,28.8,45.4,30.2
0,Paris,2025-02-20T12:00,19.4,28.2,45.3,30.8
0,Paris,2025-02-20T13:00,19.7,28.3,43.5,30.3
0,Paris,2025-02-20T14:00,19.8,28.5,43.9,30.2
0,Paris,2025-02-20T15:00,18.6,28.4,52.5,32.1
0,Paris,2025-02-20T16:00,17.1,28,63.8,35
0,Paris,2025-02-20T17:00,16.1,27.6,71.5,37.2
0,Paris,2025-02-20T18:00,16.2,27.7,71.3,37
0,Paris,2025-02-20T19:00,17.6,27.8,57.8,34
0,Paris,2025-02-20T20:00,20.8,27.7,33.4,28.8
0,Paris,2025-02-20T21:00,22.2,27.2,22.4,26.9
0,Paris,2025-02-20T22:00,22.6,27.1,20,26.4
0,Paris,2025-02-20T23:00,23.2,27.5,18.4,25.8
0,Paris,2025-02-21T00:00,24.4,26.7,9.4,24.5
0,Paris,2025-02-21T01:00,25,25.9,3.5,23.9
0,Paris,2025-02-21T02:00,25.3,25.5,0.4,23.6
0,Paris,2025-02-21T03:00,26.7,26,0,22.4
0,Paris,2025-02-21T04:00,29.7,28.3,0,20.1
0,Paris,2025-02-21T05:00,31,29.9,0,19.3
0,Paris,2025-02-21T06:00,29.3,31.7,8.1,20.4
0,Paris,2025-02-21T07:00,25.5,31.7,24,23.4
0,Paris,2025-02-21T08:00,23.9,31.1,29.9,25
0,Paris,2025-02-21T09:00,21.8,30,37.8,27.5
0,Paris,2025-02-21T10:00,19.7,29,47.1,30.3
0,Paris,2025-02-21T11:00,18.8,28.8,52.7,31.8
0,Paris,2025-02-21T12:00,18.9,28.6,50.7,31.6
0,Paris,2025-02-21T13:00,20.3,28.6,40.7,29.4
0,Paris,2025-02-21T14:00,19.5,28.6,46.7,30.6
0,Paris,2025-02-21T15:00,18.7,28.7,53.4,32
0,Paris,2025-02-21T16:00,18.4,28.4,53.9,32.4
0,Paris,2025-02-21T17:00,18.2,28.4,55.8,32.8
0,Paris,2025-02-21T18:00,18.3,28.4,55.3,32.7
0,Paris,2025-02-21T19:00,18.7,28,50,32
0,Paris,2025-02-21T20:00,20.7,28.8,39.1,28.9
0,Paris,2025-02-21T21:00,22.4,29.3,30.9,26.7
0,Paris,2025-02-21T22:00,21.1,27.4,29.5,28.3
0,Paris,2025-02-21T23:00,21.3,27.5,29.2,28.1
0,Paris,2025-02-22T00:00,22.2,27,21.8,26.9
0,Paris,2025-02-22T01:00,23.5,26.7,13.9,25.5
0,Paris,2025-02-22T02:00,23.6,26,9.9,25.3
0,Paris,2025-02-22T03:00,25,26.2,4.5,23.9
0,Paris,2025-02-22T04:00,26.9,27,0.2,22.2
0,Paris,2025-02-22T05:00,27.8,28.2,1.4,21.5
0,Paris,2025-02-22T06:00,28.3,29.3,3.4,21.1
0,Paris,2025-02-22T07:00,28.2,30.6,8.6,21.2
0,Paris,2025-02-22T08:00,27.7,30.6,10.4,21.6
0,Paris,2025-02-22T09:00,25.6,30.1,17.6,23.3
0,Paris,2025-02-22T10:00,23.6,29.8,25.7,25.3
0,Paris,2025-02-22T11:00,22.5,29.5,30.7,26.5
0,Paris,2025-02-22T12:00,21.2,28.9,36.1,28.2
0,Paris,2025-02-22T13:00,22.3,29,29.7,26.7
0,Paris,2025-02-22T14:00,21.7,29.2,34.2,27.5
0,Paris,2025-02-22T15:00,20.7,29.1,39.9,28.8
0,Paris,2025-02-22T16:00,20.6,29.1,41.1,29
0,Paris,2025-02-22T17:00,19.5,28.8,47.6,30.7
0,Paris,2025-02-22T18:00,18.9,28.8,52.4,31.6
0,Paris,2025-02-22T19:00,18.7,28.3,51.4,32
0,Paris,2025-02-22T20:00,19.8,27.9,40.7,30.2
0,Paris,2025-02-22T21:00,20.8,27.6,32.4,28.7
0,Paris,2025-02-22T22:00,21.3,27.8,30.6,28.1
0,Paris,2025-02-22T23:00,21.5,28.2,31,27.8
0,Paris,2025-02-23T00:00,22.1,27.8,25.6,27
0,Paris,2025-02-23T01:00,22.5,27.2,20.8,26.6
0,Paris,2025-02-23T02:00,23.2,26.6,14.2,25.7
0,Paris,2025-02-23T03:00,24.9,26.5,6.5,24
0,Paris,2025-02-23T04:00,26.6,26.8,1,22.5
0,Paris,2025-02-23T05:00,28.3,27.9,0,21.1
0,Paris,2025-02-23T06:00,29.7,29.3,0,20.1
0,Paris,2025-02-23T07:00,29.6,29.8,0.8,20.2
0,Paris,2025-02-23T08:00,29.2,30.2,3.6,20.5
0,Paris,2025-02-23T09:00,27.4,30,9.6,21.8
0,Paris,2025-02-23T10:00,25.6,29.8,16.4,23.3
0,Paris,2025-02-23T11:00,23.8,29.7,24.6,25.1
0,Paris,2025-02-23T12:00,22.3,29.2,30.9,26.8
0,Paris,2025-02-23T13:00,22.4,29,29.3,26.6
0,Paris,2025-02-23T14:00,21.3,29.1,36.1,28
0,Paris,2025-02-23T15:00,20,29.2,45.7,29.9
0,Paris,2025-02-23T16:00,19.4,29,49,30.8
0,Paris,2025-02-23T17:00,19,28.8,51.4,31.4
0,Paris,2025-02-23T18:00,19.1,28.6,50.1,31.4
0,Paris,2025-02-23T19:00,20,28.5,42.4,29.9
0,Paris,2025-02-23T20:00,22.6,28.5,26.1,26.5
0,Paris,2025-02-23T21:00,24.1,28.4,17.4,24.8
0,Paris,2025-02-23T22:00,24.9,28.2,13.1,24
0,Paris,2025-02-23T23:00,25.4,28.4,11.7,23.5
0,Paris,2025-02-24T00:00,26.9,27.8,3.4,22.2
0,Paris,2025-02-24T01:00,27.3,27,0,21.9
0,Paris,2025-02-24T02:00,27.6,26.9,0,21.7
0,Paris,2025-02-24T03:00,29.3,27.8,0,20.4
0,Paris,2025-02-24T04:00,32.3,30.2,0,18.5
0,Paris,2025-02-24T05:00,32.3,31,0,18.5
0,Paris,2025-02-24T06:00,29.5,32.1,8.6,20.3
0,Paris,2025-02-24T07:00,25.2,32.1,26.8,23.7
0,Paris,2025-02-24T08:00,22.9,31.1,35.5,26.1
0,Paris,2025-02-24T09:00,22,30.2,37.1,27.1
0,Paris,2025-02-24T10:00,21.5,29.4,36.3,27.7
0,Paris,2025-02-24T11:00,21,28.9,37.6,28.4
0,Paris,2025-02-24T12:00,20.8,28.5,37.1,28.7
0,Paris,2025-02-24T13:00,21,28.5,35.4,28.4
0,Paris,2025-02-24T14:00,20.3,28.8,41.5,29.4
0,Paris,2025-02-24T15:00,19.9,28.7,44.2,30.1
0,Paris,2025-02-24T16:00,19.7,28.7,45.4,30.3
0,Paris,2025-02-24T17:00,19.5,28.7,47.3,30.7
0,Paris,2025-02-24T18:00,20.1,28.8,43.3,29.8
0,Paris,2025-02-24T19:00,20.8,28.6,37.3,28.7
0,Paris,2025-02-24T20:00,22.7,27.7,22,26.4
0,Paris,2025-02-24T21:00,23.8,27.3,14.3,25.1
0,Paris,2025-02-24T22:00,24.4,27.4,12.4,24.5
0,Paris,2025-02-24T23:00,25.3,27.7,9.5,23.6
0,Paris,2025-02-25T00:00,26.9,27.3,1.4,22.2
0,Paris,2025-02-25T01:00,27.4,26.9,0,21.8
0,Paris,2025-02-25T02:00,27.8,26.7,0,21.5
0,Paris,2025-02-25T03:00,29,27.4,0,20.6
0,Paris,2025-02-25T04:00,31.7,29.9,0,18.8
0,Paris,2025-02-25T05:00,32.1,31,0,18.6
0,Paris,2025-02-25T06:00,29,31.8,9.5,20.6
0,Paris,2025-02-25T07:00,24.1,31.7,31.5,24.8
0,Paris,2025-02-25T08:00,21.3,30.8,44.3,28
0,Paris,2025-02-25T09:00,19,29.7,55.9,31.4
0,Paris,2025-02-25T10:00,18.6,29.1,56.3,32.2
0,Paris,2025-02-25T11:00,18,28.4,57.6,33.2
0,Paris,2025-02-25T12:00,18.1,28.2,56.2,33.1
0,Paris,2025-02-25T13:00,18.6,28.4,52.5,32.2
0,Paris,2025-02-25T14:00,18.4,28.3,54.1,32.5
0,Paris,2025-02-25T15:00,17.3,27.9,61.5,34.6
0,Paris,2025-02-25T16:00,16.6,27.8,66.9,36
0,Paris,2025-02-25T17:00,16.6,28.1,68.5,35.9
0,Paris,2025-02-25T18:00,16.6,28,69.1,36.1
0,Paris,2025-02-25T19:00,17.1,27.9,63.5,35
0,Paris,2025-02-25T20:00,20.7,27.7,33.9,28.9
0,Paris,2025-02-25T21:00,22.9,27.1,18.3,26.1
0,Paris,2025-02-25T22:00,23.7,27.3,15.2,25.3
0,Paris,2025-02-25T23:00,24.5,27.6,13,24.4
0,Paris,2025-02-26T00:00,26,27.1,4.1,23
0,Paris,2025-02-26T01:00,26.4,26.3,0,22.6
0,Paris,2025-02-26T02:00,26.8,26,0,22.3
0,Paris,2025-02-26T03:00,28.1,26.9,0,21.2
0,Paris,2025-02-26T04:00,30.7,29.1,0,19.5
0,Paris,2025-02-26T05:00,31.4,30.7,0,19
0,Paris,2025-02-26T06:00,29,31.7,9.3,20.6
0,Paris,2025-02-26T07:00,24.2,31.4,29.5,24.7
0,Paris,2025-02-26T08:00,21.2,30.8,45,28.2
0,Paris,2025-02-26T09:00,20.5,30.1,46.8,29.2
0,Paris,2025-02-26T10:00,20.1,29.4,46.5,29.8
0,Paris,2025-02-26T11:00,19.2,28.7,49.5,31.1
0,Paris,2025-02-26T12:00,19.4,28.5,46.5,30.8
0,Paris,2025-02-26T13:00,20.3,28.7,41.2,29.4
0,Paris,2025-02-26T14:00,19.4,28.5,46.3,30.7
0,Paris,2025-02-26T15:00,18.5,28.4,53.4,32.3
0,Paris,2025-02-26T16:00,17.3,28.2,63.1,34.6
0,Paris,2025-02-26T17:00,15.4,27.7,79.3,38.8
0,Paris,2025-02-26T18:00,14.9,27.7,85.7,40.2
0,Paris,2025-02-26T19:00,16.4,27.7,68.2,36.3
0,Paris,2025-02-26T20:00,20.8,27.8,34.1,28.8
0,Paris,2025-02-26T21:00,22.9,27.4,19.5,26.1
0,Paris,2025-02-26T22:00,24.1,27.9,15.7,24.8
0,Paris,2025-02-26T23:00,24.5,28,14.2,24.4
0,Paris,2025-02-27T00:00,25.4,27.4,7.8,23.5
0,Paris,2025-02-27T01:00,26.5,26.6,0.3,22.5
0,Paris,2025-02-27T02:00,26.8,26.2,0,22.3
0,Paris,2025-02-27T03:00,27.8,26.9,0,21.5
0,Paris,2025-02-27T04:00,31.5,29.8,0,19
0,Paris,2025-02-27T05:00,31.5,30.3,0,19
0,Paris,2025-02-27T06:00,29.1,31.7,8.9,20.5
0,Paris,2025-02-27T07:00,24.2,31.6,30.3,24.6
0,Paris,2025-02-27T08:00,21.4,30.8,43.8,28
0,Paris,2025-02-27T09:00,19.4,29.7,52.9,30.7
0,Paris,2025-02-27T10:00,19.4,29.2,50.3,30.8
0,Paris,2025-02-27T11:00,18.6,28.6,53.8,32.1
0,Paris,2025-02-27T12:00,18.6,28.2,51.3,32.1
0,Paris,2025-02-27T13:00,19.8,28.5,43.8,30.2
0,Paris,2025-02-27T14:00,19,28.5,49.6,31.4
0,Paris,2025-02-27T15:00,18.2,28.6,56.3,32.7
0,Paris,2025-02-27T16:00,17.1,28.2,64.5,34.9
0,Paris,2025-02-27T17:00,16,27.8,73.8,37.3
0,Paris,2025-02-27T18:00,15.9,28,75.1,37.5
0,Paris,2025-02-27T19:00,16.6,27.7,66.5,36
0,Paris,2025-02-27T20:00,19.8,27.7,39.6,30.2
0,Paris,2025-02-27T21:00,21.7,27.3,25.7,27.6
0,Paris,2025-02-27T22:00,21.7,27.1,25.1,27.6
0,Paris,2025-02-27T23:00,21.8,27.4,25.9,27.5
0,Paris,2025-02-28T00:00,24,26.8,11.4,24.8
0,Paris,2025-02-28T01:00,24.8,25.8,3.9,24.1
0,Paris,2025-02-28T02:00,25.2,25.2,0,23.7
0,Paris,2025-02-28T03:00,26.2,25.4,0,22.8
0,Paris,2025-02-28T04:00,28.9,27.5,0,20.6
0,Paris,2025-02-28T05:00,30.5,29.6,0,19.6
0,Paris,2025-02-28T06:00,28.9,31.6,9.4,20.7
0,Paris,2025-02-28T07:00,25.4,31.7,24.4,23.5
0,Paris,2025-02-28T08:00,23.1,30.8,33.1,25.8
0,Paris,2025-02-28T09:00,21.1,29.8,41.4,28.4
0,Paris,2025-02-28T10:00,20,29.2,45.6,29.8
0,Paris,2025-02-28T11:00,19.2,28.9,50.5,31.1
0,Paris,2025-02-28T12:00,19.4,28.8,48,30.8
0,Paris,2025-02-28T13:00,20.3,28.8,41.5,29.4
0,Paris,2025-02-28T14:00,20,28.9,44.1,29.9
0,Paris,2025-02-28T15:00,18.6,28.5,52.9,32.1
0,Paris,2025-02-28T16:00,17.4,28.3,62.7,34.4
0,Paris,2025-02-28T17:00,17.5,28.5,62.8,34.2
0,Paris,2025-02-28T18:00,17.8,28.5,59.9,33.6
0,Paris,2025-02-28T19:00,18.2,28.1,54.2,32.9
0,Paris,2025-02-28T20:00,20.2,27.9,37.9,29.6
0,Paris,2025-02-28T21:00,21.5,27.7,29,27.8
0,Paris,2025-02-28T22:00,21.8,27.6,26.3,27.4
0,Paris,2025-02-28T23:00,21.9,27.7,26.8,27.3
0,Paris,2025-03-01T00:00,23.3,27.4,17.3,25.6
0,Paris,2025-03-01T01:00,24,26.7,11.2,24.9
0,Paris,2025-03-01T02:00,24.3,25.9,6.9,24.6
0,Paris,2025-03-01T03:00,25.5,25.8,1.2,23.4
0,Paris,2025-03-01T04:00,27.5,26.7,0,21.7
0,Paris,2025-03-01T05:00,29.2,27.9,0,20.4
0,Paris,2025-03-01T06:00,28.9,29,0.3,20.6
0,Paris,2025-03-01T07:00,27.8,29.5,5.9,21.5
0,Paris,2025-03-01T08:00,27.3,30,9.5,21.9
0,Paris,2025-03-01T09:00,25.4,29.8,17.3,23.5
0,Paris,2025-03-01T10:00,23.4,29.4,25.2,25.5
0,Paris,2025-03-01T11:00,21.4,29,35.5,27.9
0,Paris,2025-03-01T12:00,21.1,28.6,35.3,28.3
0,Paris,2025-03-01T13:00,21.6,28.7,32.4,27.6
0,Paris,2025-03-01T14:00,20.9,28.7,37.4,28.7
0,Paris,2025-03-01T15:00,20,28.7,43.4,29.9
0,Paris,2025-03-01T16:00,20.3,29.1,43.3,29.4
0,Paris,2025-03-01T17:00,20.5,29.3,42.6,29.1
0,Paris,2025-03-01T18:00,20.9,29.3,39.9,28.5
0,Paris,2025-03-01T19:00,20.9,28.5,36.3,28.6
0,Paris,2025-03-01T20:00,21.4,27.7,29.1,27.9
0,Paris,2025-03-01T21:00,22.4,27.4,21.9,26.6
0,Paris,2025-03-01T22:00,22.7,27.7,22.2,26.4
0,Paris,2025-03-01T23:00,22.7,28.5,25.3,26.3
0,Paris,2025-03-02T00:00,23.3,27.7,18.7,25.6
0,Paris,2025-03-02T01:00,23.5,26.7,13.5,25.4
0,Paris,2025-03-02T02:00,24.4,26.2,7.4,24.5
0,Paris,2025-03-02T03:00,25.5,25.9,1.7,23.5
0,Paris,2025-03-02T04:00,27.2,26.6,0,22
0,Paris,2025-03-02T05:00,29,27.6,0,20.6
0,Paris,2025-03-02T06:00,29.5,28.6,0,20.2
0,Paris,2025-03-02T07:00,28.6,28.8,0.5,20.9
0,Paris,2025-03-02T08:00,28.7,29.7,3.6,20.9
0,Paris,2025-03-02T09:00,26.8,29.4,9.9,22.3
0,Paris,2025-03-02T10:00,24.6,29.2,18.6,24.3
0,Paris,2025-03-02T11:00,22.8,29.2,27.7,26.2
0,Paris,2025-03-02T12:00,21.4,28.8,34.6,27.9
0,Paris,2025-03-02T13:00,21.2,28.4,34.2,28.2
0,Paris,2025-03-02T14:00,19.9,28.5,42.7,30
0,Paris,2025-03-02T15:00,19,28.6,50.3,31.4
0,Paris,2025-03-02T16:00,18.9,28.9,52.5,31.6
0,Paris,2025-03-02T17:00,19,28.9,52,31.4
0,Paris,2025-03-02T18:00,20.3,28.9,42.2,29.4
0,Paris,2025-03-02T19:00,22.9,28.3,23.4,26
0,Paris,2025-03-02T20:00,24.2,28.3,16.8,24.7
0,Paris,2025-03-02T21:00,24.5,28.2,14.8,24.4
0,Paris,2025-03-02T22:00,25,28,11.8,23.9
0,Paris,2025-03-02T23:00,25.6,27.6,7.7,23.4
0,Paris,2025-03-03T00:00,25.9,27,4,23.1
0,Paris,2025-03-03T01:00,26.3,26.2,0,22.8
0,Paris,2025-03-03T02:00,27.2,26.2,0,22
0,Paris,2025-03-03T03:00,28.6,27.1,0,20.9
0,Paris,2025-03-03T04:00,31.3,29.5,0,19.1
0,Paris,2025-03-03T05:00,32.9,31.4,0,18.2
0,Paris,2025-03-03T06:00,29.3,32,8.9,20.4
0,Paris,2025-03-03T07:00,22.9,31.1,35.4,26.1
0,Paris,2025-03-03T08:00,17.6,29.5,67.4,33.9
0,Paris,2025-03-03T09:00,17.8,29,62.2,33.5
0,Paris,2025-03-03T10:00,18.7,28.7,53.4,32
0,Paris,2025-03-03T11:00,18.6,28.2,51.6,32.2
0,Paris,2025-03-03T12:00,19.2,28,46,31.2
0,Paris,2025-03-03T13:00,20,28.2,40.8,29.8
0,Paris,2025-03-03T14:00,19.5,28,43.2,30.6
0,Paris,2025-03-03T15:00,18.2,27.8,52.4,32.8
0,Paris,2025-03-03T16:00,16.7,27.5,64.4,35.7
0,Paris,2025-03-03T17:00,16.5,27.7,67.3,36.2
0,Paris,2025-03-03T18:00,18,28,55.1,33.1
0,Paris,2025-03-03T19:00,21.1,28,32.4,28.3
0,Paris,2025-03-03T20:00,23.6,27.6,16.8,25.3
0,Paris,2025-03-03T21:00,23.9,27.2,13.7,25
0,Paris,2025-03-03T22:00,24,27,12.6,24.9
0,Paris,2025-03-03T23:00,24.9,27,8.4,24
0,Paris,2025-03-04T00:00,25.8,26.4,2.4,23.2
0,Paris,2025-03-04T01:00,26.1,25.8,0,22.9
0,Paris,2025-03-04T02:00,27.2,26.2,0,22
0,Paris,2025-03-04T03:00,28.3,27,0,21.1
0,Paris,2025-03-04T04:00,31.3,29.5,0,19.1
0,Paris,2025-03-04T05:00,32.2,31,0,18.6
0,Paris,2025-03-04T06:00,28.2,31.6,12.1,21.2
0,Paris,2025-03-04T07:00,21.8,30.7,40.6,27.4
0,Paris,2025-03-04T08:00,16.7,29.3,74.7,35.7
0,Paris,2025-03-04T09:00,17,29,70,35
0,Paris,2025-03-04T10:00,17.9,28.6,59.3,33.4
0,Paris,2025-03-04T11:00,18,28.4,57.7,33.3
0,Paris,2025-03-04T12:00,17.9,28.1,56.2,33.3
0,Paris,2025-03-04T13:00,18.6,28.1,50.9,32.1
0,Paris,2025-03-04T14:00,18.4,28.1,52.2,32.4
0,Paris,2025-03-04T15:00,17.7,28.2,59.1,33.8
0,Paris,2025-03-04T16:00,16.5,27.8,67.8,36.2
0,Paris,2025-03-04T17:00,16,27.8,72.9,37.2
0,Paris,2025-03-04T18:00,16.7,27.8,66,35.8
0,Paris,2025-03-04T19:00,19.4,27.9,43.8,30.8
0,Paris,2025-03-04T20:00,22.4,27.5,22.6,26.7
0,Paris,2025-03-04T21:00,23.4,27.1,15.6,25.5
0,Paris,2025-03-04T22:00,23.1,26.7,15.7,25.9
0,Paris,2025-03-04T23:00,23.8,26.8,12.4,25.1
0,Paris,2025-03-05T00:00,24.6,26,5.6,24.3
0,Paris,2025-03-05T01:00,25.3,25.4,0.1,23.6
0,Paris,2025-03-05T02:00,26,25.2,0,23
0,Paris,2025-03-05T03:00,27.4,26,0,21.8
0,Paris,2025-03-05T04:00,30.3,28.5,0,19.7
0,Paris,2025-03-05T05:00,31.8,30.6,0,18.8
0,Paris,2025-03-05T06:00,27.7,31.5,13.4,21.5
0,Paris,2025-03-05T07:00,21.6,30.5,41,27.6
0,Paris,2025-03-05T08:00,17,29.1,71.3,35.2
0,Paris,2025-03-05T09:00,17,28.7,68.5,35.2
0,Paris,2025-03-05T10:00,18.1,29,60,33
0,Paris,2025-03-05T11:00,17,28.2,65.2,35.1
0,Paris,2025-03-05T12:00,16.9,28.2,66.5,35.4
0,Paris,2025-03-05T13:00,17.5,28.3,61.5,34.2
0,Paris,2025-03-05T14:00,17.3,28,61.6,34.5
0,Paris,2025-03-05T15:00,16.7,27.9,66.7,35.8
0,Paris,2025-03-05T16:00,16,27.7,72.4,37.3
0,Paris,2025-03-05T17:00,15.2,27.4,79.6,39.2
0,Paris,2025-03-05T18:00,15.2,27.4,79.2,39.2
0,Paris,2025-03-05T19:00,17.6,27.7,57.2,33.9
0,Paris,2025-03-05T20:00,21.1,27.7,30.7,28.3
0,Paris,2025-03-05T21:00,23,27.1,17.7,25.9
0,Paris,2025-03-05T22:00,22.5,26.9,19.6,26.6
0,Paris,2025-03-05T23:00,22.5,28,24.3,26.5
0,Paris,2025-03-06T00:00,24.6,27.2,10.4,24.3
0,Paris,2025-03-06T01:00,24.7,25.6,3.5,24.1
0,Paris,2025-03-06T02:00,25.4,25.3,0,23.6
0,Paris,2025-03-06T03:00,27.1,26.2,0,22
0,Paris,2025-03-06T04:00,29.9,28.3,0,20
0,Paris,2025-03-06T05:00,31.6,30.4,0,18.9
0,Paris,2025-03-06T06:00,27.5,31.5,14.4,21.7
0,Paris,2025-03-06T07:00,21.2,30.6,44,28.1
0,Paris,2025-03-06T08:00,16.5,29.3,76.9,36.1
0,Paris,2025-03-06T09:00,16.8,28.9,72,35.6
0,Paris,2025-03-06T10:00,17.4,28.6,63.9,34.3
0,Paris,2025-03-06T11:00,16.9,28.1,65.9,35.3
0,Paris,2025-03-06T12:00,16.8,27.7,65.1,35.6
0,Paris,2025-03-06T13:00,17.1,27.9,62.3,34.9
0,Paris,2025-03-06T14:00,16.7,27.6,64.8,35.7
0,Paris,2025-03-06T15:00,15.9,27.5,72.5,37.6
0,Paris,2025-03-06T16:00,14.8,27.2,84.3,40.5
0,Paris,2025-03-06T17:00,14.1,27.2,92.3,42.3
0,Paris,2025-03-06T18:00,14.6,27.2,85.3,40.8
0,Paris,2025-03-06T19:00,17.3,27.3,57.8,34.5
0,Paris,2025-03-06T20:00,20.8,27.3,31.4,28.8
0,Paris,2025-03-06T21:00,21.3,26.8,25.7,28.1
0,Paris,2025-03-06T22:00,20,26.1,30.3,29.8
0,Paris,2025-03-06T23:00,21.4,26.8,25.5,28
0,Paris,2025-03-07T00:00,23.2,26.3,13.1,25.7
0,Paris,2025-03-07T01:00,23.9,25.5,6.5,25
0,Paris,2025-03-07T02:00,24.4,24.9,1.9,24.5
0,Paris,2025-03-07T03:00,25.9,25.5,0,23
0,Paris,2025-03-07T04:00,29,27.5,0,20.6
0,Paris,2025-03-07T05:00,30.6,29.6,0,19.5
0,Paris,2025-03-07T06:00,28,31.6,12.5,21.3
0,Paris,2025-03-07T07:00,22.3,30.7,37.2,26.8
0,Paris,2025-03-07T08:00,19.1,29.7,55.7,31.3
0,Paris,2025-03-07T09:00,19.4,29.6,52.3,30.8
0,Paris,2025-03-07T10:00,17.3,28.3,63,34.5
0,Paris,2025-03-07T11:00,14.5,26.3,80.9,41.2
0,Paris,2025-03-07T12:00,13.6,25.5,87.4,43.9
0,Paris,2025-03-07T13:00,14.4,26,80.4,41.4
0,Paris,2025-03-07T14:00,13.9,25.7,84,42.9
0,Paris,2025-03-07T15:00,13.4,25.6,90.3,44.5
0,Paris,2025-03-07T16:00,13.5,26.3,94.8,44.3
0,Paris,2025-03-07T17:00,13.3,26.9,102.2,44.9
0,Paris,2025-03-07T18:00,13.9,27,94.4,43.1
0,Paris,2025-03-07T19:00,16.2,27.2,67.4,36.8
0,Paris,2025-03-07T20:00,19.7,27.6,40.2,30.4
0,Paris,2025-03-07T21:00,21.1,27.4,29.7,28.3
0,Paris,2025-03-07T22:00,21.3,27.3,27.8,28
0,Paris,2025-03-07T23:00,21.3,27.2,28,28.1
0,Paris,2025-03-08T00:00,22.5,27,19.8,26.6
0,Paris,2025-03-08T01:00,23,26.2,13.6,26
0,Paris,2025-03-08T02:00,23.5,25.7,9.3,25.5
0,Paris,2025-03-08T03:00,25.1,25.8,2.6,23.8
0,Paris,2025-03-08T04:00,27.5,26.9,0,21.8
0,Paris,2025-03-08T05:00,29.2,28.2,0,20.5
0,Paris,2025-03-08T06:00,28.3,29.2,3.1,21.1
0,Paris,2025-03-08T07:00,27.8,29.7,6.9,21.5
0,Paris,2025-03-08T08:00,26.7,29.9,12,22.4
0,Paris,2025-03-08T09:00,24.4,29.5,20.8,24.5
0,Paris,2025-03-08T10:00,21.9,28.9,32.2,27.3
0,Paris,2025-03-08T11:00,20.4,28.7,40.2,29.2
0,Paris,2025-03-08T12:00,19.7,28.4,43.6,30.3
0,Paris,2025-03-08T13:00,19.8,28.5,43.8,30.2
0,Paris,2025-03-08T14:00,18.7,28.3,51.1,31.9
0,Paris,2025-03-08T15:00,18.1,28.6,57.5,33
0,Paris,2025-03-08T16:00,17.5,28.5,62.5,34.1
0,Paris,2025-03-08T17:00,17.5,28.7,64.1,34.1
0,Paris,2025-03-08T18:00,17.6,28.6,62.3,34
0,Paris,2025-03-08T19:00,19.1,28.2,47.1,31.2
0,Paris,2025-03-08T20:00,19.9,27.3,36.7,30
0,Paris,2025-03-08T21:00,20.8,27.2,30.9,28.8
0,Paris,2025-03-08T22:00,21,27.4,30.4,28.5
0,Paris,2025-03-08T23:00,20.6,27.7,34.3,29
0,Paris,2025-03-09T00:00,20.9,27.6,31.8,28.6
0,Paris,2025-03-09T01:00,22.1,26.9,21.8,27
0,Paris,2025-03-09T02:00,22.8,26.4,15.4,26.2
0,Paris,2025-03-09T03:00,24.4,26.1,7,24.5
0,Paris,2025-03-09T04:00,26.6,26.8,0.8,22.5
0,Paris,2025-03-09T05:00,28.5,27.8,0,21
0,Paris,2025-03-09T06:00,28.1,28.6,1.9,21.3
0,Paris,2025-03-09T07:00,26.2,28.6,8.8,22.8
0,Paris,2025-03-09T08:00,26.3,29,10.2,22.7
0,Paris,2025-03-09T09:00,24.9,29.1,16.9,24
0,Paris,2025-03-09T10:00,22.9,29.2,27.1,26.1
0,Paris,2025-03-09T11:00,20.9,28.9,38.3,28.6
0,Paris,2025-03-09T12:00,19.1,28.5,49.1,31.3
0,Paris,2025-03-09T13:00,18.7,28.1,50,31.9
0,Paris,2025-03-09T14:00,17.9,28,55.7,33.3
0,Paris,2025-03-09T15:00,17.5,28,59.5,34.1
0,Paris,2025-03-09T16:00,18.3,28.5,55.8,32.7
0,Paris,2025-03-09T17:00,18.1,28.5,57.6,33.1
0,Paris,2025-03-09T18:00,18.7,28.4,51.7,32
0,Paris,2025-03-09T19:00,21.7,28.2,29.6,27.5
0,Paris,2025-03-09T20:00,23.4,28.1,19.9,25.6
0,Paris,2025-03-09T21:00,23.9,28,16.9,25
0,Paris,2025-03-09T22:00,24.2,27.9,14.9,24.7
0,Paris,2025-03-09T23:00,24.9,27.4,9.9,24
0,Paris,2025-03-10T00:00,25.4,26.6,4.8,23.5
0,Paris,2025-03-10T01:00,26.1,26.2,0.4,22.9
0,Paris,2025-03-10T02:00,26.6,26,0,22.4
0,Paris,2025-03-10T03:00,28,26.7,0,21.3
0,Paris,2025-03-10T04:00,31.5,29.4,0,19
0,Paris,2025-03-10T05:00,32,30.7,0,18.7
0,Paris,2025-03-10T06:00,27.9,31.3,12.2,21.4
0,Paris,2025-03-10T07:00,21.6,30.8,42.4,27.7
0,Paris,2025-03-10T08:00,16.5,29.1,76.1,36.2
0,Paris,2025-03-10T09:00,16.9,28.8,70.1,35.3
0,Paris,2025-03-10T10:00,17.9,28.5,59.1,33.5
0,Paris,2025-03-10T11:00,18.1,28.4,56.3,32.9
0,Paris,2025-03-10T12:00,18.6,28.2,51.5,32.1
0,Paris,2025-03-10T13:00,19.1,28.4,48.3,31.3
0,Paris,2025-03-10T14:00,18.9,28.2,48.9,31.6
0,Paris,2025-03-10T15:00,18.7,28.3,51.4,32
0,Paris,2025-03-10T16:00,17.9,28.1,56.9,33.4
0,Paris,2025-03-10T17:00,17.5,28,60,34.2
0,Paris,2025-03-10T18:00,19.4,28.4,46.4,30.8
0,Paris,2025-03-10T19:00,21.5,28,29.9,27.8
0,Paris,2025-03-10T20:00,23.2,27.5,18.5,25.8
0,Paris,2025-03-10T21:00,23.5,27.1,15,25.4
0,Paris,2025-03-10T22:00,24,27.4,14.2,24.9
0,Paris,2025-03-10T23:00,24.9,27.2,9.2,24
0,Paris,2025-03-11T00:00,25.3,26.3,3.8,23.6
0,Paris,2025-03-11T01:00,26.1,25.8,0,22.9
0,Paris,2025-03-11T02:00,27.1,26.1,0,22
0,Paris,2025-03-11T03:00,28.8,27.5,0,20.7
0,Paris,2025-03-11T04:00,32.4,30.3,0,18.4
0,Paris,2025-03-11T05:00,32.5,31.2,0,18.4
0,Paris,2025-03-11T06:00,28.4,31.6,11.2,21
0,Paris,2025-03-11T07:00,21.7,30.7,41.3,27.5
0,Paris,2025-03-11T08:00,16.9,29.4,73.5,35.4
0,Paris,2025-03-11T09:00,17,28.8,69.2,35.2
0,Paris,2025-03-11T10:00,17.6,28.4,61.5,34
0,Paris,2025-03-11T11:00,17.6,28.4,60.7,33.9
0,Paris,2025-03-11T12:00,17.7,28,57.8,33.7
0,Paris,2025-03-11T13:00,18,28,55.3,33.2
0,Paris,2025-03-11T14:00,17.8,27.8,56.3,33.6
0,Paris,2025-03-11T15:00,16.8,27.7,64.7,35.6
0,Paris,2025-03-11T16:00,16.5,27.8,68.2,36.2
0,Paris,2025-03-11T17:00,16.1,27.8,72.1,37.1
0,Paris,2025-03-11T18:00,17,27.8,63.8,35.2
0,Paris,2025-03-11T19:00,18.9,27.7,46.4,31.6
0,Paris,2025-03-11T20:00,21.9,27.6,25.8,27.3
0,Paris,2025-03-11T21:00,23.1,26.7,15.7,25.9
0,Paris,2025-03-11T22:00,23.2,26.7,15.2,25.8
0,Paris,2025-03-11T23:00,23.1,26.3,13.9,25.9
0,Paris,2025-03-12T00:00,23.6,26.5,12.3,25.4
0,Paris,2025-03-12T01:00,24.8,25.6,3,24.1
0,Paris,2025-03-12T02:00,25.9,25.4,0,23.1
0,Paris,2025-03-12T03:00,27.3,26.2,0,21.9
0,Paris,2025-03-12T04:00,30.3,28.6,0,19.7
0,Paris,2025-03-12T05:00,31.2,30.1,0,19.2
0,Paris,2025-03-12T06:00,28.2,31.5,11.5,21.2
0,Paris,2025-03-12T07:00,21.9,30.7,40.2,27.3
0,Paris,2025-03-12T08:00,18,29.5,63.7,33.2
0,Paris,2025-03-12T09:00,18.6,29.3,57.4,32.2
0,Paris,2025-03-12T10:00,18.5,28.8,55.7,32.4
0,Paris,2025-03-12T11:00,18.3,28.5,55.6,32.6
0,Paris,2025-03-12T12:00,17.8,28.3,58.7,33.5
0,Paris,2025-03-12T13:00,18.6,28.4,52.6,32.2
0,Paris,2025-03-12T14:00,18.5,28.3,53,32.3
0,Paris,2025-03-12T15:00,18,28.1,55.8,33.2
0,Paris,2025-03-12T16:00,17.8,28.1,57.8,33.7
0,Paris,2025-03-12T17:00,17.5,28,59.9,34.1
0,Paris,2025-03-12T18:00,18.5,28.1,51.8,32.3
0,Paris,2025-03-12T19:00,20.6,27.8,35,29
0,Paris,2025-03-12T20:00,22.3,27.3,22.4,26.8
0,Paris,2025-03-12T21:00,23,27,17.5,26
0,Paris,2025-03-12T22:00,22.9,27.1,18.5,26.1
0,Paris,2025-03-12T23:00,23.4,27,15.3,25.5
0,Paris,2025-03-13T00:00,24.4,26.5,8.7,24.5
0,Paris,2025-03-13T01:00,25,25.7,2.7,23.9
0,Paris,2025-03-13T02:00,25.9,25.5,0,23.1
0,Paris,2025-03-13T03:00,27.7,26.8,0,21.6
0,Paris,2025-03-13T04:00,30.8,29.5,0,19.4
0,Paris,2025-03-13T05:00,31.6,30.6,0,18.9
0,Paris,2025-03-13T06:00,27.3,31,13.5,21.9
0,Paris,2025-03-13T07:00,21.9,30.6,39.6,27.3
0,Paris,2025-03-13T08:00,17.1,29.2,71.1,35
0,Paris,2025-03-13T09:00,17.1,28.8,68.1,34.9
0,Paris,2025-03-13T10:00,18,28.5,58.2,33.2
0,Paris,2025-03-13T11:00,18.1,28.2,55.6,33
0,Paris,2025-03-13T12:00,18.4,28.1,53.1,32.6
0,Paris,2025-03-13T13:00,18.9,28.2,48.7,31.6
0,Paris,2025-03-13T14:00,18.5,28.1,52,32.4
0,Paris,2025-03-13T15:00,18.2,28.3,55.7,32.9
0,Paris,2025-03-13T16:00,16.7,27.7,65.8,35.8
0,Paris,2025-03-13T17:00,16.7,27.7,66.4,35.9
0,Paris,2025-03-13T18:00,17.3,27.9,60.9,34.5
0,Paris,2025-03-13T19:00,19.6,27.6,40.3,30.4
0,Paris,2025-03-13T20:00,21.9,27.2,24.2,27.3
0,Paris,2025-03-13T21:00,22.6,27.1,19.9,26.5
0,Paris,2025-03-13T22:00,22.7,27.4,20.8,26.4
0,Paris,2025-03-13T23:00,22.8,27.2,18.9,26.2
0,Paris,2025-03-14T00:00,24.1,26.5,9.8,24.8
0,Paris,2025-03-14T01:00,24.6,25.7,4.6,24.3
0,Paris,2025-03-14T02:00,25,25.2,1,23.9
0,Paris,2025-03-14T03:00,26.8,26,0,22.3
0,Paris,2025-03-14T04:00,30.5,28.8,0,19.6
0,Paris,2025-03-14T05:00,31.3,30.2,0,19.1
0,Paris,2025-03-14T06:00,28.1,31.2,10.9,21.3
0,Paris,2025-03-14T07:00,23.1,30.9,33.2,25.8
0,Paris,2025-03-14T08:00,20.1,29.9,48.6,29.7
0,Paris,2025-03-14T09:00,19.4,29.3,50.4,30.7
0,Paris,2025-03-14T10:00,18.5,28.5,53.9,32.3
0,Paris,2025-03-14T11:00,18.3,28.6,56.3,32.7
0,Paris,2025-03-14T12:00,18.2,28.3,55.5,32.9
0,Paris,2025-03-14T13:00,19.2,28.4,48.2,31.2
0,Paris,2025-03-14T14:00,18.3,28.1,53,32.6
0,Paris,2025-03-14T15:00,17.3,27.8,60.8,34.6
0,Paris,2025-03-14T16:00,17,27.7,63.2,35.2
0,Paris,2025-03-14T17:00,17.2,28,62.4,34.7
0,Paris,2025-03-14T18:00,18.1,28.1,55.6,33.1
0,Paris,2025-03-14T19:00,20.2,27.9,38.1,29.6
0,Paris,2025-03-14T20:00,21.5,27.5,28.1,27.8
0,Paris,2025-03-14T21:00,21.7,27.1,24.6,27.5
0,Paris,2025-03-14T22:00,21.5,27.1,26.1,27.8
0,Paris,2025-03-14T23:00,21.8,27.5,26.2,27.5
0,Paris,2025-03-15T00:00,22.8,27.1,18.7,26.2
0,Paris,2025-03-15T01:00,23.2,26.2,12.8,25.7
0,Paris,2025-03-15T02:00,23.5,25.6,8.6,25.4
0,Paris,2025-03-15T03:00,25.4,25.9,2,23.6
0,Paris,2025-03-15T04:00,27.5,26.8,0,21.7
0,Paris,2025-03-15T05:00,29.1,28.1,0,20.5
0,Paris,2025-03-15T06:00,28.2,28.7,1.6,21.2
0,Paris,2025-03-15T07:00,28,29.6,5.8,21.3
0,Paris,2025-03-15T08:00,27.5,30.1,9.4,21.7
0,Paris,2025-03-15T09:00,25.4,29.9,17.6,23.5
0,Paris,2025-03-15T10:00,22.5,28.8,27.9,26.6
0,Paris,2025-03-15T11:00,21.1,28.5,35.1,28.3
0,Paris,2025-03-15T12:00,20.8,28.6,37.4,28.8
0,Paris,2025-03-15T13:00,21.1,28.5,34.8,28.3
0,Paris,2025-03-15T14:00,19.8,28.3,42.6,30.1
0,Paris,2025-03-15T15:00,19.1,28.7,50,31.3
0,Paris,2025-03-15T16:00,19.2,28.8,49.8,31.2
0,Paris,2025-03-15T17:00,18.9,28.9,52.5,31.6
0,Paris,2025-03-15T18:00,18.6,28.8,54.9,32.1
0,Paris,2025-03-15T19:00,19.6,28.3,44,30.5
0,Paris,2025-03-15T20:00,20.6,27.3,32.4,29
0,Paris,2025-03-15T21:00,21.7,27.2,25.5,27.6
0,Paris,2025-03-15T22:00,22.1,27.7,25.1,27
0,Paris,2025-03-15T23:00,21.3,28.1,31.7,28.1
0,Paris,2025-03-16T00:00,22.1,28.1,26.9,27
0,Paris,2025-03-16T01:00,23.2,27.1,17,25.8
0,Paris,2025-03-16T02:00,23.7,26.4,11.5,25.2
0,Paris,2025-03-16T03:00,25.6,26.5,3.5,23.4
0,Paris,2025-03-16T04:00,27.3,26.8,0,21.9
0,Paris,2025-03-16T05:00,28.5,27.5,0,21
0,Paris,2025-03-16T06:00,28.6,28.2,0,20.9
0,Paris,2025-03-16T07:00,28.8,28.8,0.1,20.8
0,Paris,2025-03-16T08:00,28.9,29.7,2.8,20.7
0,Paris,2025-03-16T09:00,27.3,29.6,8.4,21.9
0,Paris,2025-03-16T10:00,25.2,29.2,16,23.7
0,Paris,2025-03-16T11:00,23.2,29.1,25,25.7
0,Paris,2025-03-16T12:00,21.7,28.7,32.1,27.5
0,Paris,2025-03-16T13:00,22,28.6,29.9,27.1
0,Paris,2025-03-16T14:00,20.9,28.6,36.6,28.6
0,Paris,2025-03-16T15:00,19.7,28.6,45.3,30.4
0,Paris,2025-03-16T16:00,19.3,28.8,48.8,30.9
0,Paris,2025-03-16T17:00,19.1,28.9,50.8,31.2
0,Paris,2025-03-16T18:00,19.2,28.6,48.9,31.2
0,Paris,2025-03-16T19:00,20.4,28.1,37.5,29.3
0,Paris,2025-03-16T20:00,23,28.1,21.9,26
0,Paris,2025-03-16T21:00,24.7,28.1,13.6,24.2
0,Paris,2025-03-16T22:00,24.8,28.3,14,24.1
0,Paris,2025-03-16T23:00,25.7,29.4,14,23.2
0,Paris,2025-03-17T00:00,26.4,27.6,4.5,22.7
0,Paris,2025-03-17T01:00,26.5,26.6,0.2,22.6
0,Paris,2025-03-17T02:00,27.4,26.7,0,21.8
0,Paris,2025-03-17T03:00,29.5,28.2,0,20.2
0,Paris,2025-03-17T04:00,32.6,30.4,0,18.3
0,Paris,2025-03-17T05:00,32.7,31.3,0,18.3
0,Paris,2025-03-17T06:00,28.3,31.5,11.4,21.1
0,Paris,2025-03-17T07:00,22.4,30.9,38.3,26.7
0,Paris,2025-03-17T08:00,17.6,29.4,66.7,33.9
0,Paris,2025-03-17T09:00,18.7,29.3,57,32
0,Paris,2025-03-17T10:00,19.4,28.9,48.5,30.7
0,Paris,2025-03-17T11:00,19.5,28.7,47,30.7
0,Paris,2025-03-17T12:00,19.5,28.2,44.7,30.7
0,Paris,2025-03-17T13:00,19.8,28.4,43.2,30.1
0,Paris,2025-03-17T14:00,19.8,28.3,42.9,30.2
0,Paris,2025-03-17T15:00,19.4,28.5,46.5,30.8
0,Paris,2025-03-17T16:00,18.6,28.4,53,32.2
0,Paris,2025-03-17T17:00,18.1,28.3,55.9,33
0,Paris,2025-03-17T18:00,18.7,28.4,51.7,31.9
0,Paris,2025-03-17T19:00,21.7,28.3,30.3,27.6
0,Paris,2025-03-17T20:00,23.5,27.7,17.7,25.4
0,Paris,2025-03-17T21:00,23.3,26.8,15,25.6
0,Paris,2025-03-17T22:00,21.4,26.1,22,27.9
0,Paris,2025-03-17T23:00,22.6,25.8,14.3,26.5
0,Paris,2025-03-18T00:00,24,25.2,4.8,24.9
0,Paris,2025-03-18T01:00,25.1,24.9,0,23.8
0,Paris,2025-03-18T02:00,26.2,25.2,0,22.8
0,Paris,2025-03-18T03:00,28,26.6,0,21.3
0,Paris,2025-03-18T04:00,30.4,28.5,0,19.7
0,Paris,2025-03-18T05:00,31.4,30.7,0,19
0,Paris,2025-03-18T06:00,27.4,31.3,14.2,21.8
0,Paris,2025-03-18T07:00,21.2,30.5,44,28.2
0,Paris,2025-03-18T08:00,16.4,29.2,78,36.4
0,Paris,2025-03-18T09:00,16.8,29,72.2,35.5
0,Paris,2025-03-18T10:00,18.2,28.9,58.7,32.9
0,Paris,2025-03-18T11:00,18.1,28.5,57.5,33.1
0,Paris,2025-03-18T12:00,18,28.2,56.5,33.1
0,Paris,2025-03-18T13:00,18.8,28.3,50.4,31.8
0,Paris,2025-03-18T14:00,18.7,28.2,50.6,31.9
0,Paris,2025-03-18T15:00,18,28.3,56.5,33.1
0,Paris,2025-03-18T16:00,17.1,28.1,64.2,35
0,Paris,2025-03-18T17:00,16.1,27.7,71.9,37.2
0,Paris,2025-03-18T18:00,16.9,28,65.3,35.4
0,Paris,2025-03-18T19:00,19.8,28.1,42,30.2
0,Paris,2025-03-18T20:00,22.4,27.6,22.9,26.6
0,Paris,2025-03-18T21:00,22.9,27,17.8,26.1
0,Paris,2025-03-18T22:00,21.7,26.3,21,27.5
0,Paris,2025-03-18T23:00,21.5,25.9,20.3,27.8
0,Paris,2025-03-19T00:00,23.6,25.5,7.9,25.4
0,Paris,2025-03-19T01:00,24.4,24.8,1.6,24.4
0,Paris,2025-03-19T02:00,25.4,24.8,0,23.5
0,Paris,2025-03-19T03:00,27.3,26,0,21.9
0,Paris,2025-03-19T04:00,29.8,28.1,0,20
0,Paris,2025-03-19T05:00,31.3,30.4,0,19.1
0,Paris,2025-03-19T06:00,27.9,31.5,12.7,21.4
0,Paris,2025-03-19T07:00,21.6,30.7,41.6,27.6
0,Paris,2025-03-19T08:00,17.8,29.6,65.4,33.5
0,Paris,2025-03-19T09:00,18.2,29.3,60.6,32.8
0,Paris,2025-03-19T10:00,18,28.7,59.1,33.1
0,Paris,2025-03-19T11:00,18.1,28.7,57.9,32.9
0,Paris,2025-03-19T12:00,17.9,28.1,57.1,33.4
0,Paris,2025-03-19T13:00,18.5,28.1,51.9,32.3
0,Paris,2025-03-19T14:00,18.3,28.2,54.1,32.6
0,Paris,2025-03-19T15:00,17.7,28.1,59,33.8
0,Paris,2025-03-19T16:00,16.9,27.9,64.5,35.3
0,Paris,2025-03-19T17:00,16,27.6,72.6,37.3
0,Paris,2025-03-19T18:00,16.3,27.7,69.6,36.6
0,Paris,2025-03-19T19:00,19.3,27.9,44.3,31
0,Paris,2025-03-19T20:00,22.2,27.6,24,26.9
0,Paris,2025-03-19T21:00,22.6,26.9,18.9,26.5
0,Paris,2025-03-19T22:00,20.7,25.9,25,28.9
0,Paris,2025-03-19T23:00,20.6,25.3,22.2,28.9
0,Paris,2025-03-20T00:00,22.3,24.8,11.3,26.8
0,Paris,2025-03-20T01:00,23.2,24,3.4,25.8
0,Paris,2025-03-20T02:00,24.4,24,0,24.5
0,Paris,2025-03-20T03:00,26.2,24.9,0,22.8
0,Paris,2025-03-20T04:00,29.3,27.5,0,20.4
0,Paris,2025-03-20T05:00,30.4,29.5,0,19.7
0,Paris,2025-03-20T06:00,27.9,31.5,12.8,21.4
0,Paris,2025-03-20T07:00,21.9,30.6,39.9,27.3
0,Paris,2025-03-20T08:00,17.4,29.3,68.5,34.4
0,Paris,2025-03-20T09:00,17.6,29.1,65.3,34
0,Paris,2025-03-20T10:00,17.9,28.7,59.7,33.3
0,Paris,2025-03-20T11:00,17.9,28.3,57.9,33.4
0,Paris,2025-03-20T12:00,17.9,28,56.4,33.4
0,Paris,2025-03-20T13:00,19,28.3,48.8,31.5
0,Paris,2025-03-20T14:00,18.6,28.3,51.9,32.1
0,Paris,2025-03-20T15:00,17.5,27.9,59,34.1
0,Paris,2025-03-20T16:00,16.6,27.9,67.9,36
0,Paris,2025-03-20T17:00,15.5,27.5,77.6,38.7
0,Paris,2025-03-20T18:00,15.9,27.6,72.9,37.5
0,Paris,2025-03-20T19:00,18.5,27.6,48.9,32.3
0,Paris,2025-03-20T20:00,21.8,27.5,26.4,27.5
0,Paris,2025-03-20T21:00,22.2,26.9,20.9,26.9
0,Paris,2025-03-20T22:00,21.1,26.2,24.2,28.3
0,Paris,2025-03-20T23:00,21.5,26.3,22,27.8
0,Paris,2025-03-21T00:00,22.5,25.6,13.9,26.6
0,Paris,2025-03-21T01:00,23.2,24.8,7,25.8
0,Paris,2025-03-21T02:00,24,24.4,1.5,24.9
0,Paris,2025-03-21T03:00,25.7,25,0,23.3
0,Paris,2025-03-21T04:00,29.1,27.4,0,20.6
0,Paris,2025-03-21T05:00,30.5,29.5,0,19.6
0,Paris,2025-03-21T06:00,27.8,31,11.6,21.5
0,Paris,2025-03-21T07:00,23.3,30.8,32.1,25.7
0,Paris,2025-03-21T08:00,20.2,29.8,47.2,29.5
0,Paris,2025-03-21T09:00,20,29.5,47,29.9
0,Paris,2025-03-21T10:00,19.3,28.9,49.5,30.9
0,Paris,2025-03-21T11:00,19,28.6,50.5,31.5
0,Paris,2025-03-21T12:00,19.2,28.4,47.7,31.1
0,Paris,2025-03-21T13:00,19.4,28.2,45.6,30.8
0,Paris,2025-03-21T14:00,19.1,28.3,47.9,31.3
0,Paris,2025-03-21T15:00,18.2,28.3,55.2,32.8
0,Paris,2025-03-21T16:00,17.7,28.1,58.3,33.7
0,Paris,2025-03-21T17:00,17.3,27.9,60.9,34.4
0,Paris,2025-03-21T18:00,17.3,28,62,34.6
0,Paris,2025-03-21T19:00,18.4,27.5,49.7,32.5
0,Paris,2025-03-21T20:00,20.3,27.2,33.8,29.4
0,Paris,2025-03-21T21:00,21.2,27,26.9,28.1
0,Paris,2025-03-21T22:00,20.9,27.2,29.6,28.5
0,Paris,2025-03-21T23:00,21.3,27.3,28.4,28.1
0,Paris,2025-03-22T00:00,21.8,26.8,23.1,27.5
0,Paris,2025-03-22T01:00,23.1,26.3,13.7,25.8
0,Paris,2025-03-22T02:00,23.5,25.5,8.5,25.4
0,Paris,2025-03-22T03:00,25.1,25.7,2.3,23.8
0,Paris,2025-03-22T04:00,27.5,26.8,0,21.7
0,Paris,2025-03-22T05:00,28.3,27.7,0,21.1
0,Paris,2025-03-22T06:00,27.8,28.5,2.1,21.5
0,Paris,2025-03-22T07:00,28,29.7,5.9,21.3
0,Paris,2025-03-22T08:00,26.9,30.1,11.9,22.2
0,Paris,2025-03-22T09:00,24.6,29.7,20.9,24.3
0,Paris,2025-03-22T10:00,22.5,29.2,29.9,26.6
0,Paris,2025-03-22T11:00,21.1,28.7,36.1,28.4
0,Paris,2025-03-22T12:00,20.6,28.5,38.1,29
0,Paris,2025-03-22T13:00,21.1,28.7,36.1,28.3
0,Paris,2025-03-22T14:00,19.6,28.6,45.6,30.5
0,Paris,2025-03-22T15:00,18.6,28.5,53.1,32.1
0,Paris,2025-03-22T16:00,18.7,28.8,53.7,31.9
0,Paris,2025-03-22T17:00,17.8,28.7,60.8,33.5
0,Paris,2025-03-22T18:00,16.1,28,74.1,37.2
0,Paris,2025-03-22T19:00,18.3,27.9,52.6,32.7
0,Paris,2025-03-22T20:00,20.4,27.4,33.8,29.2
0,Paris,2025-03-22T21:00,21.4,27.1,26.9,28
0,Paris,2025-03-22T22:00,21.4,27.3,27.9,28
0,Paris,2025-03-22T23:00,21.3,27.7,30,28
0,Paris,2025-03-23T00:00,22.4,27.9,24.6,26.7
0,Paris,2025-03-23T01:00,23.2,27.2,17.1,25.7
0,Paris,2025-03-23T02:00,23.5,26.3,12,25.5
0,Paris,2025-03-23T03:00,25.3,26.3,3.7,23.6
0,Paris,2025-03-23T04:00,27.1,26.7,0,22
0,Paris,2025-03-23T05:00,28.4,27.5,0,21.1
0,Paris,2025-03-23T06:00,28.8,28.3,0,20.7
0,Paris,2025-03-23T07:00,29,29,0,20.6
0,Paris,2025-03-23T08:00,27.9,29,4,21.4
0,Paris,2025-03-23T09:00,26.1,29.3,12.4,22.9
0,Paris,2025-03-23T10:00,23.4,28.9,23.1,25.5
0,Paris,2025-03-23T11:00,21.7,28.8,32.4,27.5
0,Paris,2025-03-23T12:00,21.1,28.8,36.4,28.4
0,Paris,2025-03-23T13:00,21.7,28.5,31.4,27.6
0,Paris,2025-03-23T14:00,20.9,28.6,37.1,28.7
0,Paris,2025-03-23T15:00,19.1,28.5,48.5,31.2
0,Paris,2025-03-23T16:00,19.2,28.6,48.4,31
0,Paris,2025-03-23T17:00,18.9,28.6,50.9,31.6
0,Paris,2025-03-23T18:00,19.1,28.8,50.9,31.4
0,Paris,2025-03-23T19:00,21.9,28.6,30.4,27.3
0,Paris,2025-03-23T20:00,24,28.1,17.3,24.9
0,Paris,2025-03-23T21:00,24.6,28,13.8,24.3
0,Paris,2025-03-23T22:00,24.6,28.1,13.9,24.3
0,Paris,2025-03-23T23:00,25.8,28,8.5,23.2
0,Paris,2025-03-24T00:00,27.8,28.9,4,21.5
0,Paris,2025-03-24T01:00,27.3,27.3,0.3,21.9
0,Paris,2025-03-24T02:00,27.2,26.5,0,22
0,Paris,2025-03-24T03:00,29.2,27.9,0,20.5
0,Paris,2025-03-24T04:00,32.3,30.1,0,18.5
0,Paris,2025-03-24T05:00,32.5,31.1,0,18.4
0,Paris,2025-03-24T06:00,28.3,31.7,11.7,21.1
0,Paris,2025-03-24T07:00,22.1,30.8,39.1,27
0,Paris,2025-03-24T08:00,18.3,29.6,61.9,32.7
0,Paris,2025-03-24T09:00,19.5,29.5,51.6,30.7
0,Paris,2025-03-24T10:00,19.8,29.1,46.4,30.1
0,Paris,2025-03-24T11:00,19.8,28.6,44,30.2
0,Paris,2025-03-24T12:00,19.8,28.2,42.7,30.2
0,Paris,2025-03-24T13:00,20,28.3,41.1,29.8
0,Paris,2025-03-24T14:00,19.9,28.4,42.6,30.1
0,Paris,2025-03-24T15:00,19.1,28.4,48.2,31.2
0,Paris,2025-03-24T16:00,18,28.1,55.8,33.2
0,Paris,2025-03-24T17:00,18,28.1,56,33.1
0,Paris,2025-03-24T18:00,19.1,28.3,48,31.3
0,Paris,2025-03-24T19:00,22,28.2,27.7,27.1
0,Paris,2025-03-24T20:00,23.8,27.7,16.4,25.2
0,Paris,2025-03-24T21:00,23.9,27.1,13.5,25
0,Paris,2025-03-24T22:00,23.4,26.8,14.3,25.5
0,Paris,2025-03-24T23:00,24.2,26.6,10.1,24.7
0,Paris,2025-03-25T00:00,24.9,25.9,4,24
0,Paris,2025-03-25T01:00,25.6,25.5,0,23.4
0,Paris,2025-03-25T02:00,26.4,25.5,0,22.6
0,Paris,2025-03-25T03:00,28.7,27.3,0,20.8
0,Paris,2025-03-25T04:00,31.8,30,0,18.8
0,Paris,2025-03-25T05:00,32,31,0,18.6
0,Paris,2025-03-25T06:00,27.7,31.3,12.7,21.6
0,Paris,2025-03-25T07:00,21.5,30.6,42,27.8
0,Paris,2025-03-25T08:00,17.2,29.5,71.3,34.8
0,Paris,2025-03-25T09:00,17.6,29.3,65.6,33.9
0,Paris,2025-03-25T10:00,18.2,28.9,58.5,32.8
0,Paris,2025-03-25T11:00,18.2,28.5,56.4,32.8
0,Paris,2025-03-25T12:00,18.1,28.1,54.9,32.9
0,Paris,2025-03-25T13:00,18.9,28.3,49.6,31.7
0,Paris,2025-03-25T14:00,19,28.4,49.4,31.5
0,Paris,2025-03-25T15:00,18,28.1,55.9,33.1
0,Paris,2025-03-25T16:00,17,27.9,64.5,35.2
0,Paris,2025-03-25T17:00,16.3,27.6,69.3,36.7
0,Paris,2025-03-25T18:00,16.8,27.8,65.2,35.6
0,Paris,2025-03-25T19:00,19.2,27.8,44.7,31.1
0,Paris,2025-03-25T20:00,22.2,27.7,24.8,26.9
0,Paris,2025-03-25T21:00,23.4,27.1,15.9,25.5
0,Paris,2025-03-25T22:00,23,27.1,17.6,26
0,Paris,2025-03-25T23:00,23.6,26.8,13.5,25.3
0,Paris,2025-03-26T00:00,24.8,26.2,5.6,24.1
0,Paris,2025-03-26T01:00,25,25.3,1.1,23.9
0,Paris,2025-03-26T02:00,25.9,25.3,0,23.1
0,Paris,2025-03-26T03:00,27.4,26.3,0,21.8
0,Paris,2025-03-26T04:00,30.8,29.2,0,19.4
0,Paris,2025-03-26T05:00,31.1,30.3,0,19.2
0,Paris,2025-03-26T06:00,28,31.6,12.7,21.4
0,Paris,2025-03-26T07:00,21.7,30.7,41.5,27.6
0,Paris,2025-03-26T08:00,18,29.6,64.5,33.3
0,Paris,2025-03-26T09:00,18.4,29.3,59.1,32.5
0,Paris,2025-03-26T10:00,18.4,28.9,56.6,32.4
0,Paris,2025-03-26T11:00,18.4,28.6,55.1,32.4
0,Paris,2025-03-26T12:00,18.2,28.3,55.5,32.8
0,Paris,2025-03-26T13:00,19,28.5,50,31.5
0,Paris,2025-03-26T14:00,18.8,28.5,51.4,31.8
0,Paris,2025-03-26T15:00,17.7,28.2,58.8,33.7
0,Paris,2025-03-26T16:00,16.9,27.9,65.2,35.4
0,Paris,2025-03-26T17:00,16,27.6,72.2,37.3
0,Paris,2025-03-26T18:00,16,27.6,71.9,37.3
0,Paris,2025-03-26T19:00,18.1,27.8,52.8,32.9
0,Paris,2025-03-26T20:00,21.9,27.5,25.4,27.2
0,Paris,2025-03-26T21:00,23.1,27.1,17.3,25.8
0,Paris,2025-03-26T22:00,23.5,27.3,16.1,25.4
0,Paris,2025-03-26T23:00,23.3,27.2,16.7,25.7
0,Paris,2025-03-27T00:00,24.4,26.9,10.4,24.5
0,Paris,2025-03-27T01:00,25.6,26,1.5,23.4
0,Paris,2025-03-27T02:00,26.3,25.6,0,22.7
0,Paris,2025-03-27T03:00,29.2,27.7,0,20.5
0,Paris,2025-03-27T04:00,31.6,29.6,0,18.9
0,Paris,2025-03-27T05:00,31.3,30.4,0,19.1
0,Paris,2025-03-27T06:00,28,31.2,11.3,21.3
0,Paris,2025-03-27T07:00,22.6,30.8,36,26.4
0,Paris,2025-03-27T08:00,18.3,29.8,62.1,32.6
0,Paris,2025-03-27T09:00,17.5,29.1,65.9,34.1
0,Paris,2025-03-27T10:00,18,28.8,59.8,33.2
0,Paris,2025-03-27T11:00,18.1,28.6,58.3,33.1
0,Paris,2025-03-27T12:00,18.1,28.3,56.1,33
0,Paris,2025-03-27T13:00,18.6,28.3,52,32.1
0,Paris,2025-03-27T14:00,17.8,28.2,58.1,33.5
0,Paris,2025-03-27T15:00,16.8,27.9,65.7,35.5
0,Paris,2025-03-27T16:00,15,27.1,80.1,39.7
0,Paris,2025-03-27T17:00,14,27,92.6,42.8
0,Paris,2025-03-27T18:00,14.3,27.2,89.5,41.6
0,Paris,2025-03-27T19:00,17.1,27.7,62.2,35
0,Paris,2025-03-27T20:00,21,27.7,31.6,28.4
0,Paris,2025-03-27T21:00,22.3,27.2,21.7,26.8
0,Paris,2025-03-27T22:00,22.4,27.3,21.7,26.6
0,Paris,2025-03-27T23:00,22.5,27.2,21.2,26.6
0,Paris,2025-03-28T00:00,23.3,26.9,15.2,25.6
0,Paris,2025-03-28T01:00,24.5,25.9,5.6,24.4
0,Paris,2025-03-28T02:00,24.9,25.2,1.1,24
0,Paris,2025-03-28T03:00,26.7,26,0,22.4
0,Paris,2025-03-28T04:00,30,28.1,0,19.9
0,Paris,2025-03-28T05:00,30.7,29.8,0,19.5
0,Paris,2025-03-28T06:00,28,31,10.7,21.3
0,Paris,2025-03-28T07:00,23.6,31.1,31.6,25.3
0,Paris,2025-03-28T08:00,20.1,29.9,48.8,29.8
0,Paris,2025-03-28T09:00,19.3,29.4,51.6,30.9
0,Paris,2025-03-28T10:00,19.1,28.9,51,31.2
0,Paris,2025-03-28T11:00,18.7,28.6,53.1,32
0,Paris,2025-03-28T12:00,18.6,28.4,52.3,32.1
0,Paris,2025-03-28T13:00,19.5,28.4,46,30.7
0,Paris,2025-03-28T14:00,18.8,28.3,50,31.7
0,Paris,2025-03-28T15:00,17.9,28.2,58,33.5
0,Paris,2025-03-28T16:00,17,28.1,64.6,35.1
0,Paris,2025-03-28T17:00,15.7,27.8,76.1,38
0,Paris,2025-03-28T18:00,15.1,27.4,80.7,39.4
0,Paris,2025-03-28T19:00,17.8,27.6,55.4,33.6
0,Paris,2025-03-28T20:00,21,27.6,31.3,28.5
0,Paris,2025-03-28T21:00,22.3,27.8,24.5,26.8
0,Paris,2025-03-28T22:00,23.1,28.8,24.5,25.9
0,Paris,2025-03-28T23:00,22.1,27.7,25.3,27.1
0,Paris,2025-03-29T00:00,23.2,27.3,17.6,25.8
0,Paris,2025-03-29T01:00,23.7,26.5,11.6,25.2
0,Paris,2025-03-29T02:00,23.9,25.7,7.6,25.1
0,Paris,2025-03-29T03:00,25.6,25.9,1.1,23.3
0,Paris,2025-03-29T04:00,27.6,26.7,0,21.6
0,Paris,2025-03-29T05:00,28.6,27.8,0,20.9
0,Paris,2025-03-29T06:00,28.5,28.7,0.7,21
0,Paris,2025-03-29T07:00,28.6,29.9,4.7,20.9
0,Paris,2025-03-29T08:00,27.7,30.4,10,21.6
0,Paris,2025-03-29T09:00,25.3,30.2,19,23.6
0,Paris,2025-03-29T10:00,23.1,29.5,27.6,25.8
0,Paris,2025-03-29T11:00,21.6,29.2,35.3,27.7
0,Paris,2025-03-29T12:00,20.5,28.8,40.2,29.2
0,Paris,2025-03-29T13:00,21.3,28.8,35.2,28.1
0,Paris,2025-03-29T14:00,19.9,28.5,43.5,30.1
0,Paris,2025-03-29T15:00,18.8,28.7,53,31.8
0,Paris,2025-03-29T16:00,18.4,28.8,56.1,32.5
0,Paris,2025-03-29T17:00,18.3,28.7,56.7,32.6
0,Paris,2025-03-29T18:00,17.9,28.5,59,33.4
0,Paris,2025-03-29T19:00,19,28.3,49.1,31.5
0,Paris,2025-03-29T20:00,21.1,28.1,33.1,28.4
0,Paris,2025-03-29T21:00,21.6,27.7,27.7,27.6
0,Paris,2025-03-29T22:00,21.9,27.8,27.1,27.3
0,Paris,2025-03-29T23:00,22,28.1,27.8,27.2
0,Paris,2025-03-30T00:00,22.5,27.9,23.7,26.5
0,Paris,2025-03-30T01:00,23.9,27.4,14.6,25
0,Paris,2025-03-30T03:00,24.4,26.7,9.2,24.5
0,Paris,2025-03-30T04:00,26.2,26.8,2.1,22.8
0,Paris,2025-03-30T05:00,27.4,27.1,0,21.8
0,Paris,2025-03-30T06:00,29.4,28.7,0,20.3
0,Paris,2025-03-30T07:00,30.6,30.5,0,19.6
0,Paris,2025-03-30T08:00,30.6,30.8,0.5,19.5
0,Paris,2025-03-30T09:00,28.7,30.7,6.7,20.8
0,Paris,2025-03-30T10:00,26.2,30.1,15,22.8
0,Paris,2025-03-30T11:00,24.7,30.3,22.7,24.2
0,Paris,2025-03-30T12:00,21.9,29.9,36.2,27.2
0,Paris,2025-03-30T13:00,22.4,29.8,33.2,26.7
0,Paris,2025-03-30T14:00,21.9,29.6,35.2,27.3
0,Paris,2025-03-30T15:00,21,29.4,40.3,28.5
0,Paris,2025-03-30T16:00,20,29.2,45.9,29.8
0,Paris,2025-03-30T17:00,19.2,29.1,51.2,31
0,Paris,2025-03-30T18:00,18.9,29,53.2,31.6
0,Paris,2025-03-30T19:00,19.2,28.7,49.4,31.2
0,Paris,2025-03-30T20:00,21.6,28.9,33.9,27.7
0,Paris,2025-03-30T21:00,23.3,29.3,25.7,25.7
0,Paris,2025-03-30T22:00,24.4,29.2,19.6,24.5
0,Paris,2025-03-30T23:00,26,29.2,12.3,23
0,Paris,2025-03-31T00:00,27.8,28.8,3.6,21.5
0,Paris,2025-03-31T01:00,28,27.7,0,21.3
0,Paris,2025-03-31T02:00,28.4,27.5,0,21
0,Paris,2025-03-31T03:00,30,28.6,0,19.9
0,Paris,2025-03-31T04:00,32.5,30.4,0,18.4
0,Paris,2025-03-31T05:00,32.5,31.1,0,18.4
0,Paris,2025-03-31T06:00,29.3,32,9.2,20.4
0,Paris,2025-03-31T07:00,23.7,31.4,32.3,25.2
0,Paris,2025-03-31T08:00,18.9,29.9,58.4,31.6
0,Paris,2025-03-31T09:00,19.4,29.6,52.7,30.9
0,Paris,2025-03-31T10:00,20.4,29.4,43.8,29.3
0,Paris,2025-03-31T11:00,20,28.8,43.8,29.8
0,Paris,2025-03-31T12:00,20.1,28.5,41.3,29.7
0,Paris,2025-03-31T13:00,20.5,28.5,38.9,29.1
0,Paris,2025-03-31T14:00,20.4,28.5,39.5,29.2
0,Paris,2025-03-31T15:00,19.4,28.6,47,30.7
0,Paris,2025-03-31T16:00,18.2,28.5,55.8,32.7
0,Paris,2025-03-31T17:00,17.3,28.1,61.9,34.4
0,Paris,2025-03-31T18:00,17.9,28.2,57.7,33.4
0,Paris,2025-03-31T19:00,19.9,28.3,42.4,30.1
0,Paris,2025-03-31T20:00,22.6,28,23.9,26.5
0,Paris,2025-03-31T21:00,24,27.8,15.6,24.9
0,Paris,2025-03-31T22:00,24.7,27.8,12.3,24.2
0,Paris,2025-03-31T23:00,25.3,27.7,9.6,23.7
0,Paris,2025-04-01T00:00,26.3,27,2.7,22.8
0,Paris,2025-04-01T01:00,27.1,26.7,0,22.1
0,Paris,2025-04-01T02:00,27.7,26.5,0,21.6
0,Paris,2025-04-01T03:00,28.9,27.4,0,20.7
0,Paris,2025-04-01T04:00,31.3,29.5,0,19.1
0,Paris,2025-04-01T05:00,31.7,30.6,0,18.8
0,Paris,2025-04-01T06:00,28.5,31.7,11.2,21
0,Paris,2025-04-01T07:00,21.3,30.6,43.1,28
0,Paris,2025-04-01T08:00,16.2,29,78.2,36.8
0,Paris,2025-04-01T09:00,17,29.2,71.2,35.1
0,Paris,2025-04-01T10:00,18.4,29,57.4,32.4
0,Paris,2025-04-01T11:00,18.1,29,60.3,33
0,Paris,2025-04-01T12:00,17.9,28.4,58,33.3
0,Paris,2025-04-01T13:00,17.9,28.3,57.5,33.3
0,Paris,2025-04-01T14:00,18,28.2,56.4,33.1
0,Paris,2025-04-01T15:00,17.6,28.4,61.4,34
0,Paris,2025-04-01T16:00,16.3,28,71.7,36.7
0,Paris,2025-04-01T17:00,15.1,27.4,80.8,39.5
0,Paris,2025-04-01T18:00,15.1,27.4,81.8,39.6
0,Paris,2025-04-01T19:00,17.2,27.6,60.5,34.8
0,Paris,2025-04-01T20:00,21.3,27.9,30.7,28
0,Paris,2025-04-01T21:00,22.9,27.3,19.1,26.1
0,Paris,2025-04-01T22:00,23.9,27.5,15.1,25
0,Paris,2025-04-01T23:00,24.4,27.4,12.2,24.4
0,Paris,2025-04-02T00:00,25.7,27,5,23.2
0,Paris,2025-04-02T01:00,26.3,26.2,0,22.8
0,Paris,2025-04-02T02:00,26.9,25.9,0,22.2
0,Paris,2025-04-02T03:00,28.5,27.2,0,21
0,Paris,2025-04-02T04:00,30.9,29.1,0,19.3
0,Paris,2025-04-02T05:00,31.9,30.7,0,18.7
0,Paris,2025-04-02T06:00,28.8,31.8,10.6,20.8
0,Paris,2025-04-02T07:00,22.5,31,37.8,26.6
0,Paris,2025-04-02T08:00,17.3,29.3,68.6,34.5
0,Paris,2025-04-02T09:00,17.6,29.2,65.8,34
0,Paris,2025-04-02T10:00,18.2,28.9,58.3,32.8
0,Paris,2025-04-02T11:00,17.8,28.6,60.1,33.5
0,Paris,2025-04-02T12:00,17.8,28.3,58.7,33.6
0,Paris,2025-04-02T13:00,18.3,28.2,54.3,32.7
0,Paris,2025-04-02T14:00,18.3,28.3,54.5,32.7
0,Paris,2025-04-02T15:00,17,28.1,64.7,35.1
0,Paris,2025-04-02T16:00,15.1,27.3,80.5,39.5
0,Paris,2025-04-02T17:00,14.5,27,86,41.2
0,Paris,2025-04-02T18:00,14.4,26.8,85.7,41.5
0,Paris,2025-04-02T19:00,16.1,27.3,69.6,37.2
0,Paris,2025-04-02T20:00,19.7,27.4,39.2,30.4
0,Paris,2025-04-02T21:00,22.2,27.3,23.3,27
0,Paris,2025-04-02T22:00,23.2,27.4,18,25.7
0,Paris,2025-04-02T23:00,23.8,27.5,15.6,25.1
0,Paris,2025-04-03T00:00,25.1,26.9,7,23.8
0,Paris,2025-04-03T01:00,25.9,26.2,1.3,23.1
0,Paris,2025-04-03T02:00,26.3,25.8,0,22.7
0,Paris,2025-04-03T03:00,27.8,26.7,0,21.5
0,Paris,2025-04-03T04:00,30.5,28.7,0,19.6
0,Paris,2025-04-03T05:00,31.3,30.3,0,19.1
0,Paris,2025-04-03T06:00,28.7,31.7,10.6,20.9
0,Paris,2025-04-03T07:00,22.6,30.9,36.8,26.5
0,Paris,2025-04-03T08:00,17.7,29.3,65.5,33.8
0,Paris,2025-04-03T09:00,17.7,29.2,64.8,33.7
0,Paris,2025-04-03T10:00,18.4,29,57,32.4
0,Paris,2025-04-03T11:00,17.8,28.7,60.6,33.5
0,Paris,2025-04-03T12:00,17,28.1,64.5,35.1
0,Paris,2025-04-03T13:00,17.7,28.2,58.9,33.7
0,Paris,2025-04-03T14:00,17.6,28.2,59.4,33.9
0,Paris,2025-04-03T15:00,16.7,27.9,66.8,35.7
0,Paris,2025-04-03T16:00,15.9,27.8,74.2,37.5
0,Paris,2025-04-03T17:00,15.1,27.5,81.6,39.6
0,Paris,2025-04-03T18:00,15.6,27.6,76.4,38.3
0,Paris,2025-04-03T19:00,16.9,27.6,62.9,35.3
0,Paris,2025-04-03T20:00,19.8,27.4,38.3,30.1
0,Paris,2025-04-03T21:00,21.2,27,27.2,28.2
0,Paris,2025-04-03T22:00,21.3,27,26.9,28.1
0,Paris,2025-04-03T23:00,22.1,27.2,23.4,27.1
0,Paris,2025-04-04T00:00,23.6,26.8,13.5,25.3
0,Paris,2025-04-04T01:00,24.3,25.8,6.2,24.6
0,Paris,2025-04-04T02:00,24.9,25.3,1.6,24
0,Paris,2025-04-04T03:00,26.4,25.7,0,22.7
0,Paris,2025-04-04T04:00,29.1,27.7,0,20.6
0,Paris,2025-04-04T05:00,30.6,29.6,0,19.5
0,Paris,2025-04-04T06:00,28.4,31.4,10.7,21.1
0,Paris,2025-04-04T07:00,23.4,31.1,32.8,25.5
0,Paris,2025-04-04T08:00,20,30,50.3,29.9
0,Paris,2025-04-04T09:00,19.7,29.7,50.7,30.4
0,Paris,2025-04-04T10:00,18.9,29.1,53.9,31.6
0,Paris,2025-04-04T11:00,18.3,28.7,56.5,32.7
0,Paris,2025-04-04T12:00,17.6,28.1,59.7,33.9
0,Paris,2025-04-04T13:00,17.8,27.9,56.8,33.6
0,Paris,2025-04-04T14:00,18.3,28.2,54,32.6
0,Paris,2025-04-04T15:00,17.3,28,61.4,34.4
0,Paris,2025-04-04T16:00,16.2,27.7,71.4,37
0,Paris,2025-04-04T17:00,15.4,27.6,78.3,38.7
0,Paris,2025-04-04T18:00,15.8,27.6,74.6,37.9
0,Paris,2025-04-04T19:00,17,27.5,61.4,35.1
0,Paris,2025-04-04T20:00,19.4,27.6,41.9,30.8
0,Paris,2025-04-04T21:00,20.8,27.4,31.9,28.8
0,Paris,2025-04-04T22:00,20.8,27.3,31,28.7
0,Paris,2025-04-04T23:00,20.5,27.6,34.8,29.2
0,Paris,2025-04-05T00:00,21.6,27.6,27.6,27.6
0,Paris,2025-04-05T01:00,23,27,17.3,26
0,Paris,2025-04-05T02:00,23.1,26.2,13.5,25.9
0,Paris,2025-04-05T03:00,24.2,26,7.5,24.7
0,Paris,2025-04-05T04:00,26.2,26.5,1.3,22.8
0,Paris,2025-04-05T05:00,27.8,27.8,0,21.5
0,Paris,2025-04-05T06:00,29,29.4,1.3,20.6
0,Paris,2025-04-05T07:00,29,30.6,5.5,20.6
0,Paris,2025-04-05T08:00,27.8,30.7,10.4,21.5
0,Paris,2025-04-05T09:00,25.2,30.4,20.8,23.8
0,Paris,2025-04-05T10:00,22.5,29.6,31.4,26.6
0,Paris,2025-04-05T11:00,21,29.2,38.9,28.5
0,Paris,2025-04-05T12:00,19.8,28.8,45.3,30.2
0,Paris,2025-04-05T13:00,19.8,28.5,44.4,30.2
0,Paris,2025-04-05T14:00,19.3,28.4,47.4,31
0,Paris,2025-04-05T15:00,17.6,28.2,59.8,33.9
0,Paris,2025-04-05T16:00,16.8,28,66.1,35.5
0,Paris,2025-04-05T17:00,17.3,28.2,63.1,34.6
0,Paris,2025-04-05T18:00,17.4,28.3,62.4,34.3
0,Paris,2025-04-05T19:00,17,28.1,65.3,35.2
0,Paris,2025-04-05T20:00,17.5,27.5,57.1,34.2
0,Paris,2025-04-05T21:00,19.2,27.7,44,31.1
0,Paris,2025-04-05T22:00,20.2,27.9,38,29.6
0,Paris,2025-04-05T23:00,19.3,27.9,44,30.9
0,Paris,2025-04-06T00:00,20.3,28,38,29.5
0,Paris,2025-04-06T01:00,22.1,27.8,25.4,27
0,Paris,2025-04-06T02:00,23,27,17.4,26
0,Paris,2025-04-06T03:00,24.5,26.7,9.1,24.4
0,Paris,2025-04-06T04:00,25.9,26.9,3.5,23
0,Paris,2025-04-06T05:00,27.8,27.9,0,21.5
0,Paris,2025-04-06T06:00,29.3,29,0,20.4
0,Paris,2025-04-06T07:00,29.8,29.8,0,20
0,Paris,2025-04-06T08:00,29.7,30.6,2.9,20.1
0,Paris,2025-04-06T09:00,27.6,30.5,10.1,21.6
0,Paris,2025-04-06T10:00,25.2,30.2,19.8,23.7
0,Paris,2025-04-06T11:00,23,29.8,29.6,26
0,Paris,2025-04-06T12:00,21.2,29.4,38.2,28.1
0,Paris,2025-04-06T13:00,21.2,29.1,37.1,28.2
0,Paris,2025-04-06T14:00,20.7,29.1,40.4,28.9
0,Paris,2025-04-06T15:00,19.6,29.1,48.7,30.5
0,Paris,2025-04-06T16:00,18.9,29.1,53.7,31.6
0,Paris,2025-04-06T17:00,18.1,28.9,59.7,33.1
0,Paris,2025-04-06T18:00,18.1,28.5,57,32.9
0,Paris,2025-04-06T19:00,18.9,28.1,48.3,31.6
0,Paris,2025-04-06T20:00,21,28.3,34.2,28.4
0,Paris,2025-04-06T21:00,22.2,28.4,27.8,26.9
0,Paris,2025-04-06T22:00,23.5,28.4,20.7,25.4
0,Paris,2025-04-06T23:00,25.6,28.3,10.6,23.3
0,Paris,2025-04-07T00:00,26.7,27.9,4.2,22.4
0,Paris,2025-04-07T01:00,27.4,27.3,0,21.8
0,Paris,2025-04-07T02:00,27.8,27.1,0,21.5
0,Paris,2025-04-07T03:00,29.2,27.8,0,20.5
0,Paris,2025-04-07T04:00,32.2,30.2,0,18.5
0,Paris,2025-04-07T05:00,32.4,31.1,0,18.5
0,Paris,2025-04-07T06:00,28.8,31.9,10.4,20.7
0,Paris,2025-04-07T07:00,22.2,30.9,39,26.9
0,Paris,2025-04-07T08:00,16.5,29,75.2,36.2
0,Paris,2025-04-07T09:00,16.6,28.8,73.3,36
0,Paris,2025-04-07T10:00,18.4,28.9,57,32.5
0,Paris,2025-04-07T11:00,18.4,28.7,55.9,32.5
0,Paris,2025-04-07T12:00,18.3,28.3,54.6,32.6
0,Paris,2025-04-07T13:00,19.1,28.3,48.5,31.3
0,Paris,2025-04-07T14:00,19.2,28.4,48,31.1
0,Paris,2025-04-07T15:00,18.6,28.4,52.7,32.2
0,Paris,2025-04-07T16:00,17.4,28,60.9,34.4
0,Paris,2025-04-07T17:00,16.7,27.9,66.6,35.7
0,Paris,2025-04-07T18:00,16.5,27.9,68.9,36.2
0,Paris,2025-04-07T19:00,18.3,27.8,51.9,32.7
0,Paris,2025-04-07T20:00,21.2,27.5,29.7,28.2
0,Paris,2025-04-07T21:00,22.7,27.2,19.5,26.3
0,Paris,2025-04-07T22:00,22.1,26,17.8,27
0,Paris,2025-04-07T23:00,23.7,26.6,12.4,25.2
0,Paris,2025-04-08T00:00,25.2,26.6,5.2,23.7
0,Paris,2025-04-08T01:00,25.1,25.4,1.2,23.8
0,Paris,2025-04-08T02:00,26.8,26,0,22.3
0,Paris,2025-04-08T03:00,28.6,27.1,0,20.9
0,Paris,2025-04-08T04:00,31.4,29.5,0,19.1
0,Paris,2025-04-08T05:00,31.8,30.8,0,18.8
0,Paris,2025-04-08T06:00,28.5,31.8,11.6,21
0,Paris,2025-04-08T07:00,21.1,30.4,44.4,28.4
0,Paris,2025-04-08T08:00,15.7,28.7,82.3,38
0,Paris,2025-04-08T09:00,15.9,28.5,79.5,37.6
0,Paris,2025-04-08T10:00,17,28.6,68.2,35.2
0,Paris,2025-04-08T11:00,16.9,28.2,66.4,35.3
0,Paris,2025-04-08T12:00,16.9,28.1,65.4,35.2
0,Paris,2025-04-08T13:00,17.7,28,58.4,33.8
0,Paris,2025-04-08T14:00,17.6,28.1,59.3,34
0,Paris,2025-04-08T15:00,17,28.1,65.2,35.2
0,Paris,2025-04-08T16:00,16,27.6,72.8,37.4
0,Paris,2025-04-08T17:00,15.2,27.5,80.3,39.2
0,Paris,2025-04-08T18:00,15.2,27.4,79.4,39.2
0,Paris,2025-04-08T19:00,16,27.2,70.1,37.4
0,Paris,2025-04-08T20:00,19.9,27.7,39.3,30.1
0,Paris,2025-04-08T21:00,22.7,27.3,19.9,26.3
0,Paris,2025-04-08T22:00,22.5,26.6,18.2,26.6
0,Paris,2025-04-08T23:00,22.1,26.2,18.8,27.1
0,Paris,2025-04-09T00:00,23.8,26.1,9.8,25.1
0,Paris,2025-04-09T01:00,24.9,25.2,1,24
0,Paris,2025-04-09T02:00,25.5,24.8,0,23.4
0,Paris,2025-04-09T03:00,27,25.7,0,22.1
0,Paris,2025-04-09T04:00,29.8,28,0,20
0,Paris,2025-04-09T05:00,30.9,30,0,19.3
0,Paris,2025-04-09T06:00,28.7,32,11.3,20.8
0,Paris,2025-04-09T07:00,21.2,30.6,44.1,28.2
0,Paris,2025-04-09T08:00,16.8,29,72.4,35.6
0,Paris,2025-04-09T09:00,17,28.7,68.9,35.2
0,Paris,2025-04-09T10:00,18,28.8,60.2,33.3
0,Paris,2025-04-09T11:00,17.2,28.5,65.7,34.8
0,Paris,2025-04-09T12:00,16.8,28.1,66.9,35.5
0,Paris,2025-04-09T13:00,17.4,28.1,61.1,34.3
0,Paris,2025-04-09T14:00,17.5,28.1,60.2,34.1
0,Paris,2025-04-09T15:00,16.8,27.8,65.4,35.6
0,Paris,2025-04-09T16:00,15.9,27.7,74.3,37.7
0,Paris,2025-04-09T17:00,15.1,27.6,82.2,39.5
0,Paris,2025-04-09T18:00,15.3,27.7,80.8,39.1
0,Paris,2025-04-09T19:00,16.1,27.6,70.8,37.1
0,Paris,2025-04-09T20:00,19.5,27.9,43.2,30.7
0,Paris,2025-04-09T21:00,22.3,27.2,21.6,26.8
0,Paris,2025-04-09T22:00,22,26.5,20.2,27.1
0,Paris,2025-04-09T23:00,21.4,27.4,27.9,28
0,Paris,2025-04-10T00:00,23.2,26.7,15.1,25.8
0,Paris,2025-04-10T01:00,24.9,25.7,3.2,24
0,Paris,2025-04-10T02:00,25.8,25.4,0,23.2
0,Paris,2025-04-10T03:00,27.3,26.3,0,21.9
0,Paris,2025-04-10T04:00,30.5,28.8,0,19.6
0,Paris,2025-04-10T05:00,31.4,30.3,0,19
0,Paris,2025-04-10T06:00,28.6,31.6,10.7,20.9
0,Paris,2025-04-10T07:00,22,30.8,40,27.2
0,Paris,2025-04-10T08:00,16.8,29.1,73.1,35.5
0,Paris,2025-04-10T09:00,17.1,29.1,69.3,34.8
0,Paris,2025-04-10T10:00,17.8,29.1,62.8,33.5
0,Paris,2025-04-10T11:00,17.3,28.6,64.9,34.5
0,Paris,2025-04-10T12:00,16.8,28.2,67.1,35.5
0,Paris,2025-04-10T13:00,17.5,28.1,60.6,34.2
0,Paris,2025-04-10T14:00,17.2,28,63.3,34.8
0,Paris,2025-04-10T15:00,16.6,28,68.3,35.9
0,Paris,2025-04-10T16:00,15.6,27.7,77.6,38.3
0,Paris,2025-04-10T17:00,14.6,27.2,85.4,40.8
0,Paris,2025-04-10T18:00,13.9,26.8,92,42.9
0,Paris,2025-04-10T19:00,14.6,26.9,84.7,41
0,Paris,2025-04-10T20:00,18.1,27.1,49.6,33.1
0,Paris,2025-04-10T21:00,21.2,27.1,28,28.3
0,Paris,2025-04-10T22:00,21.4,27,26.2,27.9
0,Paris,2025-04-10T23:00,20.5,26.6,29.7,29.1
0,Paris,2025-04-11T00:00,22.7,26.3,15.8,26.3
0,Paris,2025-04-11T01:00,23.8,25.4,6.6,25.1
0,Paris,2025-04-11T02:00,24.5,24.9,1.7,24.4
0,Paris,2025-04-11T03:00,26.2,25.6,0,22.8
0,Paris,2025-04-11T04:00,28.8,27.5,0,20.7
0,Paris,2025-04-11T05:00,30.4,29.4,0,19.7
0,Paris,2025-04-11T06:00,28,31.3,11.9,21.3
0,Paris,2025-04-11T07:00,23.3,31.3,33.9,25.6
0,Paris,2025-04-11T08:00,19.3,29.5,52.3,30.9
0,Paris,2025-04-11T09:00,19.2,29.2,52.1,31.1
0,Paris,2025-04-11T10:00,18.9,29,53.5,31.7
0,Paris,2025-04-11T11:00,17.8,28.5,60.1,33.6
0,Paris,2025-04-11T12:00,17.6,28.1,59.9,34
0,Paris,2025-04-11T13:00,18.4,28.2,52.7,32.4
0,Paris,2025-04-11T14:00,18.1,28.2,55.2,33
0,Paris,2025-04-11T15:00,16.9,27.8,63.5,35.3
0,Paris,2025-04-11T16:00,16.1,27.6,71.2,37.1
0,Paris,2025-04-11T17:00,15.2,27.4,80.5,39.3
0,Paris,2025-04-11T18:00,15,27.3,81.5,39.9
0,Paris,2025-04-11T19:00,16.1,27.3,69.1,37
0,Paris,2025-04-11T20:00,18.8,27.4,45.7,31.8
0,Paris,2025-04-11T21:00,20.3,27.5,35.3,29.4
0,Paris,2025-04-11T22:00,20.8,27.5,32,28.7
0,Paris,2025-04-11T23:00,20.8,27.7,33,28.7
0,Paris,2025-04-12T00:00,21.5,27.4,27.2,27.7
0,Paris,2025-04-12T01:00,23.4,27.1,16,25.6
0,Paris,2025-04-12T02:00,23.4,26.3,12.6,25.6
0,Paris,2025-04-12T03:00,24.9,26.2,5.3,24
0,Paris,2025-04-12T04:00,26.6,26.9,0.9,22.5
0,Paris,2025-04-12T05:00,28.2,28,0,21.2
0,Paris,2025-04-12T06:00,28.6,29.3,2.3,20.9
0,Paris,2025-04-12T07:00,28.4,30.4,6.9,21
0,Paris,2025-04-12T08:00,26.7,30.4,13.9,22.4
0,Paris,2025-04-12T09:00,24.2,30.2,24.8,24.7
0,Paris,2025-04-12T10:00,21.8,29.5,35.3,27.4
0,Paris,2025-04-12T11:00,19.8,28.9,45.8,30.1
0,Paris,2025-04-12T12:00,18.8,28.2,49.7,31.8
0,Paris,2025-04-12T13:00,19.7,28.4,44.2,30.4
0,Paris,2025-04-12T14:00,18.7,28.1,49.8,31.9
0,Paris,2025-04-12T15:00,17.5,28,59.5,34.1
0,Paris,2025-04-12T16:00,17.2,28.1,63.1,34.7
0,Paris,2025-04-12T17:00,17.9,28.3,58.2,33.4
0,Paris,2025-04-12T18:00,17.1,28.2,64.6,34.9
0,Paris,2025-04-12T19:00,16.4,27.5,67.1,36.3
0,Paris,2025-04-12T20:00,17.7,27.5,54.7,33.7
0,Paris,2025-04-12T21:00,19.7,27.5,39.3,30.3
0,Paris,2025-04-12T22:00,20.9,27.5,31.5,28.6
0,Paris,2025-04-12T23:00,20.8,28.1,34.6,28.7
0,Paris,2025-04-13T00:00,20.9,28,34.1,28.6
0,Paris,2025-04-13T01:00,22.6,27.5,21.7,26.5
0,Paris,2025-04-13T02:00,23.6,26.8,13.1,25.3
0,Paris,2025-04-13T03:00,25.2,26.6,5.5,23.7
0,Paris,2025-04-13T04:00,26.7,27,1,22.4
0,Paris,2025-04-13T05:00,28.4,28.1,0,21.1
0,Paris,2025-04-13T06:00,29.5,29.6,0.1,20.2
0,Paris,2025-04-13T07:00,29.2,30.4,4.1,20.5
0,Paris,2025-04-13T08:00,29.2,31.2,6.8,20.4
0,Paris,2025-04-13T09:00,26.6,31.1,16.8,22.5
0,Paris,2025-04-13T10:00,24.3,30.8,26.8,24.6
0,Paris,2025-04-13T11:00,21.1,30.1,42.6,28.3
0,Paris,2025-04-13T12:00,19.3,29.5,52.1,30.9
0,Paris,2025-04-13T13:00,19.3,29.1,51.1,31
0,Paris,2025-04-13T14:00,18.8,28.8,53.1,31.8
0,Paris,2025-04-13T15:00,18,28.6,58.8,33.2
0,Paris,2025-04-13T16:00,18,28.7,59.6,33.2
0,Paris,2025-04-13T17:00,18.4,28.5,55,32.6
0,Paris,2025-04-13T18:00,19.3,28.5,47.6,30.9
0,Paris,2025-04-13T19:00,20.5,28.3,38.1,29.2
0,Paris,2025-04-13T20:00,22.1,28.1,27,27
0,Paris,2025-04-13T21:00,23.3,28.1,20.6,25.7
0,Paris,2025-04-13T22:00,24.1,28.2,16.8,24.8
0,Paris,2025-04-13T23:00,24.9,28,12.4,24
0,Paris,2025-04-14T00:00,26.5,27.8,4.7,22.5
0,Paris,2025-04-14T01:00,27.4,27.4,0.1,21.8
0,Paris,2025-04-14T02:00,28,27.3,0,21.3
0,Paris,2025-04-14T03:00,29.3,27.9,0,20.4
0,Paris,2025-04-14T04:00,32.2,30.1,0,18.6
0,Paris,2025-04-14T05:00,31.7,30.8,0,18.8
0,Paris,2025-04-14T06:00,28.9,31.8,9.8,20.6
0,Paris,2025-04-14T07:00,24,31.4,30.7,24.9
0,Paris,2025-04-14T08:00,20.4,30,47.1,29.3
0,Paris,2025-04-14T09:00,20.3,29.5,45.6,29.5
0,Paris,2025-04-14T10:00,20,29.2,46.2,29.9
0,Paris,2025-04-14T11:00,19.6,28.9,47.3,30.5
0,Paris,2025-04-14T12:00,19.8,28.4,43.1,30.1
0,Paris,2025-04-14T13:00,20.7,28.5,37.8,28.9
0,Paris,2025-04-14T14:00,20.4,28.5,39.6,29.2
0,Paris,2025-04-14T15:00,19.9,28.6,43.3,30
0,Paris,2025-04-14T16:00,18.8,28.4,50.7,31.7
0,Paris,2025-04-14T17:00,17.1,27.8,62.7,35
0,Paris,2025-04-14T18:00,17.2,28,62.4,34.6
0,Paris,2025-04-14T19:00,19,28.1,47.8,31.4
0,Paris,2025-04-14T20:00,22.4,27.7,23.5,26.7
0,Paris,2025-04-14T21:00,23.4,27.4,17.3,25.6
0,Paris,2025-04-14T22:00,22.9,27.3,19.2,26.1
0,Paris,2025-04-14T23:00,23.4,27.1,15.7,25.6
0,Paris,2025-04-15T00:00,25.3,26.8,5.8,23.6
0,Paris,2025-04-15T01:00,26.2,26.3,0.6,22.8
0,Paris,2025-04-15T02:00,27.1,26.4,0,22
0,Paris,2025-04-15T03:00,29,27.7,0,20.6
0,Paris,2025-04-15T04:00,31.4,29.9,0,19
0,Paris,2025-04-15T05:00,31.3,30.6,0,19.1
0,Paris,2025-04-15T06:00,28.5,31.7,11.1,21
0,Paris,2025-04-15T07:00,23,31.1,35.2,26
0,Paris,2025-04-15T08:00,19.6,29.9,52.4,30.5
0,Paris,2025-04-15T09:00,19.1,29.4,53.4,31.3
0,Paris,2025-04-15T10:00,19,29,52.4,31.5
0,Paris,2025-04-15T11:00,18.1,28.5,57.1,32.9
0,Paris,2025-04-15T12:00,18.5,28.3,52.8,32.3
0,Paris,2025-04-15T13:00,18.9,28.2,48.7,31.5
0,Paris,2025-04-15T14:00,18.9,28.5,50.1,31.5
0,Paris,2025-04-15T15:00,18.2,28.4,55.9,32.9
0,Paris,2025-04-15T16:00,17.3,28.2,62.9,34.6
0,Paris,2025-04-15T17:00,16.3,27.8,70.8,36.7
0,Paris,2025-04-15T18:00,16.6,27.9,67.9,36
0,Paris,2025-04-15T19:00,18.5,27.9,50.2,32.2
0,Paris,2025-04-15T20:00,21.9,28.1,28.1,27.2
0,Paris,2025-04-15T21:00,23.1,27.1,17,25.9
0,Paris,2025-04-15T22:00,22.6,26.6,17.5,26.4
0,Paris,2025-04-15T23:00,22,27.1,23.1,27.2
0,Paris,2025-04-16T00:00,24.2,26.7,10.2,24.7
0,Paris,2025-04-16T01:00,25.5,25.9,1.5,23.4
0,Paris,2025-04-16T02:00,26.5,25.8,0,22.6
0,Paris,2025-04-16T03:00,28.1,26.9,0,21.3
0,Paris,2025-04-16T04:00,30.6,29,0,19.6
0,Paris,2025-04-16T05:00,31.1,30,0,19.2
0,Paris,2025-04-16T06:00,28.7,31.6,10.1,20.8
0,Paris,2025-04-16T07:00,22.9,30.8,34.7,26.1
0,Paris,2025-04-16T08:00,20.2,29.9,48.2,29.6
0,Paris,2025-04-16T09:00,19.6,29.6,51.1,30.5
0,Paris,2025-04-16T10:00,19.2,29.1,51.7,31.2
0,Paris,2025-04-16T11:00,18.6,28.8,54.6,32.1
0,Paris,2025-04-16T12:00,18.4,28.3,53.4,32.5
0,Paris,2025-04-16T13:00,19,28.4,49.3,31.5
0,Paris,2025-04-16T14:00,18.9,28.5,50.9,31.7
0,Paris,2025-04-16T15:00,18.3,28.3,54.7,32.7
0,Paris,2025-04-16T16:00,17.3,28,62,34.6
0,Paris,2025-04-16T17:00,16.6,27.8,67.7,36.1
0,Paris,2025-04-16T18:00,16.9,28,65.4,35.3
0,Paris,2025-04-16T19:00,18.1,27.8,53.3,33
0,Paris,2025-04-16T20:00,21.5,27.9,29.5,27.8
0,Paris,2025-04-16T21:00,22.5,27.1,20.4,26.6
0,Paris,2025-04-16T22:00,23.1,27.4,18.8,25.9
0,Paris,2025-04-16T23:00,22.7,27.6,21.8,26.4
0,Paris,2025-04-17T00:00,24.8,27.3,10.2,24.1
0,Paris,2025-04-17T01:00,25.8,26.5,2.8,23.2
0,Paris,2025-04-17T02:00,26.3,26.2,0,22.7
0,Paris,2025-04-17T03:00,28.2,27.3,0,21.2
0,Paris,2025-04-17T04:00,31,29.5,0,19.3
0,Paris,2025-04-17T05:00,31,30,0,19.3
0,Paris,2025-04-17T06:00,28.6,31.5,9.9,20.9
0,Paris,2025-04-17T07:00,23.8,31.1,30.5,25.1
0,Paris,2025-04-17T08:00,20.7,29.9,44.2,28.9
0,Paris,2025-04-17T09:00,19.4,29.3,50.6,30.7
0,Paris,2025-04-17T10:00,17.5,28.2,60.2,34
0,Paris,2025-04-17T11:00,16.2,27.3,68.6,36.9
0,Paris,2025-04-17T12:00,16.3,27.3,67.2,36.6
0,Paris,2025-04-17T13:00,16.9,27.6,63,35.3
0,Paris,2025-04-17T14:00,18.1,28.1,55.3,33
0,Paris,2025-04-17T15:00,17.3,28,61.2,34.5
0,Paris,2025-04-17T16:00,16.7,27.8,66.5,35.8
0,Paris,2025-04-17T17:00,15.8,27.4,72.9,37.8
0,Paris,2025-04-17T18:00,15.8,27.5,74.3,37.9
0,Paris,2025-04-17T19:00,17.1,27.6,61,34.9
0,Paris,2025-04-17T20:00,19.8,27.5,38.7,30.2
0,Paris,2025-04-17T21:00,21.7,27.4,26.2,27.6
0,Paris,2025-04-17T22:00,22.7,28,23.1,26.3
0,Paris,2025-04-17T23:00,23.4,28.3,20.5,25.5
0,Paris,2025-04-18T00:00,25,27.9,11.4,23.9
0,Paris,2025-04-18T01:00,25.6,26.9,5.2,23.3
0,Paris,2025-04-18T02:00,26,26.4,1.6,23
0,Paris,2025-04-18T03:00,27.2,26.8,0,21.9
0,Paris,2025-04-18T04:00,30.3,29.1,0,19.7
0,Paris,2025-04-18T05:00,31,30,0,19.3
0,Paris,2025-04-18T06:00,28.6,31.2,9,20.9
0,Paris,2025-04-18T07:00,24.7,31.1,26,24.2
0,Paris,2025-04-18T08:00,23,30.5,32.3,26
0,Paris,2025-04-18T09:00,21.2,29.8,40.3,28.2
0,Paris,2025-04-18T10:00,19.4,29.2,50,30.7
0,Paris,2025-04-18T11:00,18.8,28.9,53.3,31.7
0,Paris,2025-04-18T12:00,18.3,28.2,54.5,32.7
0,Paris,2025-04-18T13:00,18.9,28.3,49.8,31.7
0,Paris,2025-04-18T14:00,18.8,28.3,49.9,31.7
0,Paris,2025-04-18T15:00,17.8,28,57.2,33.6
0,Paris,2025-04-18T16:00,17.2,27.9,62.1,34.7
0,Paris,2025-04-18T17:00,16.9,28,65.9,35.4
0,Paris,2025-04-18T18:00,17.2,28,62.7,34.8
0,Paris,2025-04-18T19:00,18.2,28,53.1,32.8
0,Paris,2025-04-18T20:00,19.9,27.9,39.8,30
0,Paris,2025-04-18T21:00,20.4,27.5,34.6,29.2
0,Paris,2025-04-18T22:00,20.9,27.5,31.3,28.6
0,Paris,2025-04-18T23:00,21.6,27.9,29.2,27.7
0,Paris,2025-04-19T00:00,23.8,28.5,19.4,25.1
0,Paris,2025-04-19T01:00,23.7,27.2,14.5,25.2
0,Paris,2025-04-19T02:00,23.8,26.4,10.5,25.1
0,Paris,2025-04-19T03:00,25.1,26.4,5.2,23.8
0,Paris,2025-04-19T04:00,27.7,27.6,0,21.6
0,Paris,2025-04-19T05:00,29.3,28.5,0,20.4
0,Paris,2025-04-19T06:00,29.6,29.9,0.7,20.2
0,Paris,2025-04-19T07:00,29.2,30.5,4.2,20.5
0,Paris,2025-04-19T08:00,28.7,31,8,20.8
0,Paris,2025-04-19T09:00,26,30.6,17.9,23
0,Paris,2025-04-19T10:00,23,30,29.9,25.9
0,Paris,2025-04-19T11:00,20.9,29.3,39.9,28.6
0,Paris,2025-04-19T12:00,20.4,28.7,40.5,29.3
0,Paris,2025-04-19T13:00,20.5,28.7,39.8,29.1
0,Paris,2025-04-19T14:00,19.9,28.7,44.3,30
0,Paris,2025-04-19T15:00,18.9,28.6,51.1,31.6
0,Paris,2025-04-19T16:00,19.2,28.7,49,31.1
0,Paris,2025-04-19T17:00,19,28.6,50.5,31.5
0,Paris,2025-04-19T18:00,18.8,28.3,50.9,31.9
0,Paris,2025-04-19T19:00,18.5,28.3,52.9,32.4
0,Paris,2025-04-19T20:00,18.4,27.7,50.4,32.5
0,Paris,2025-04-19T21:00,19.9,27.4,37.4,30
0,Paris,2025-04-19T22:00,21.5,27.5,28.1,27.8
0,Paris,2025-04-19T23:00,21.4,27.7,29.2,27.9
0,Paris,2025-04-20T00:00,22.2,27.9,25.7,26.9
0,Paris,2025-04-20T01:00,23.3,27.6,18,25.6
0,Paris,2025-04-20T02:00,24.4,27,10.9,24.5
0,Paris,2025-04-20T03:00,25.1,26.7,6.5,23.9
0,Paris,2025-04-20T04:00,26.9,27.1,0.8,22.2
0,Paris,2025-04-20T05:00,28.8,28.3,0,20.8
0,Paris,2025-04-20T06:00,29.7,29.1,0,20.1
0,Paris,2025-04-20T07:00,29.7,29.6,0,20.1
0,Paris,2025-04-20T08:00,29.5,29.9,1.5,20.3
0,Paris,2025-04-20T09:00,28.1,30.1,7,21.2
0,Paris,2025-04-20T10:00,26.3,30.2,14.6,22.7
0,Paris,2025-04-20T11:00,24.1,29.9,24.3,24.8
0,Paris,2025-04-20T12:00,22.9,29.5,28.8,26.1
0,Paris,2025-04-20T13:00,23.1,29.3,26.8,25.9
0,Paris,2025-04-20T14:00,23,29.2,26.8,26
0,Paris,2025-04-20T15:00,21.4,29,35.6,27.9
0,Paris,2025-04-20T16:00,20.2,28.8,42.4,29.5
0,Paris,2025-04-20T17:00,19.7,28.7,45.3,30.3
0,Paris,2025-04-20T18:00,20.3,28.7,41.2,29.4
0,Paris,2025-04-20T19:00,20.7,28.6,38.2,28.9
0,Paris,2025-04-20T20:00,21.8,28.4,30,27.4
0,Paris,2025-04-20T21:00,22,28.3,29,27.2
0,Paris,2025-04-20T22:00,22.8,28.1,23.6,26.3
0,Paris,2025-04-20T23:00,24.5,28.6,16.8,24.4
0,Paris,2025-04-21T00:00,26.1,28.7,9.8,22.9
0,Paris,2025-04-21T01:00,26.9,28,3.7,22.2
0,Paris,2025-04-21T02:00,27.7,27.5,0,21.6
0,Paris,2025-04-21T03:00,28.5,27.5,0,20.9
0,Paris,2025-04-21T04:00,30.3,28.5,0,19.7
0,Paris,2025-04-21T05:00,31.2,29.5,0,19.1
0,Paris,2025-04-21T06:00,30.8,30,0,19.4
0,Paris,2025-04-21T07:00,29.8,29.9,0.5,20.1
0,Paris,2025-04-21T08:00,28.8,29.8,3.3,20.7
0,Paris,2025-04-21T09:00,27.3,29.5,8,21.9
0,Paris,2025-04-21T10:00,26.3,29.8,13,22.7
0,Paris,2025-04-21T11:00,24.6,29.5,19.6,24.2
0,Paris,2025-04-21T12:00,23.9,29.3,22.6,25
0,Paris,2025-04-21T13:00,23.5,29,23.2,25.4
0,Paris,2025-04-21T14:00,23.2,29,24.7,25.7
0,Paris,2025-04-21T15:00,22.2,29.2,31.6,26.9
0,Paris,2025-04-21T16:00,21.7,29.2,34.2,27.5
0,Paris,2025-04-21T17:00,20.7,29,40.1,28.9
0,Paris,2025-04-21T18:00,21.4,28.8,34.9,28
0,Paris,2025-04-21T19:00,21.8,28.5,30.3,27.4
0,Paris,2025-04-21T20:00,23.4,28.4,21.2,25.5
0,Paris,2025-04-21T21:00,24.6,28.7,16.5,24.3
0,Paris,2025-04-21T22:00,25.6,28.6,11.4,23.3
0,Paris,2025-04-21T23:00,26.5,28.4,6.9,22.5
0,Paris,2025-04-22T00:00,26.9,27.8,3,22.2
0,Paris,2025-04-22T01:00,27.3,27,0,21.9
0,Paris,2025-04-22T02:00,28,26.9,0,21.3
0,Paris,2025-04-22T03:00,29.4,28.1,0,20.3
0,Paris,2025-04-22T04:00,32.4,30.4,0,18.5
0,Paris,2025-04-22T05:00,32.5,31.3,0,18.4
0,Paris,2025-04-22T06:00,28.7,31.6,9.9,20.8
0,Paris,2025-04-22T07:00,24.3,31.3,28.8,24.6
0,Paris,2025-04-22T08:00,21.2,30.5,43.8,28.2
0,Paris,2025-04-22T09:00,19.7,29.6,50.6,30.4
0,Paris,2025-04-22T10:00,20.1,29.3,45.7,29.7
0,Paris,2025-04-22T11:00,20.2,29,43.4,29.6
0,Paris,2025-04-22T12:00,19.3,28.1,45.8,31
0,Paris,2025-04-22T13:00,20.3,28.4,39.9,29.4
0,Paris,2025-04-22T14:00,20,28.5,42,29.8
0,Paris,2025-04-22T15:00,18.4,28,52.4,32.5
0,Paris,2025-04-22T16:00,17.2,28,62.9,34.8
0,Paris,2025-04-22T17:00,16.7,27.9,67.1,35.8
0,Paris,2025-04-22T18:00,18,28.1,56.2,33.3
0,Paris,2025-04-22T19:00,20,28.1,40.6,29.9
0,Paris,2025-04-22T20:00,22.1,27.7,24.8,27
0,Paris,2025-04-22T21:00,22.9,27.3,19.5,26.1
0,Paris,2025-04-22T22:00,23.3,27.7,18.5,25.6
0,Paris,2025-04-22T23:00,24.2,28,15.3,24.6
0,Paris,2025-04-23T00:00,25.5,28,9.5,23.4
0,Paris,2025-04-23T01:00,26.5,27,1.6,22.5
0,Paris,2025-04-23T02:00,27.1,26.7,0,22
0,Paris,2025-04-23T03:00,28.9,27.8,0,20.7
0,Paris,2025-04-23T04:00,31.8,30.2,0,18.8
0,Paris,2025-04-23T05:00,31.3,30.4,0,19.1
0,Paris,2025-04-23T06:00,28.4,31.6,11.1,21.1
0,Paris,2025-04-23T07:00,23.1,31,34.2,25.9
0,Paris,2025-04-23T08:00,19.1,29.8,55.6,31.3
0,Paris,2025-04-23T09:00,17.8,29.1,63.2,33.6
0,Paris,2025-04-23T10:00,17.7,28.7,61.6,33.7
0,Paris,2025-04-23T11:00,17.4,28.3,62.8,34.4
0,Paris,2025-04-23T12:00,17.5,27.9,59.7,34.2
0,Paris,2025-04-23T13:00,18.2,27.9,52.8,32.8
0,Paris,2025-04-23T14:00,18.6,28.1,50.7,32.1
0,Paris,2025-04-23T15:00,17.7,27.9,57.7,33.8
0,Paris,2025-04-23T16:00,17.6,27.8,58.2,34
0,Paris,2025-04-23T17:00,17.1,27.8,62.6,35
0,Paris,2025-04-23T18:00,18.1,28.2,55,32.9
0,Paris,2025-04-23T19:00,19.4,27.8,43.6,30.9
0,Paris,2025-04-23T20:00,21.1,27.4,29.7,28.3
0,Paris,2025-04-23T21:00,22.4,27.2,21.8,26.7
0,Paris,2025-04-23T22:00,22.2,27.2,22.1,26.9
0,Paris,2025-04-23T23:00,22.3,27.1,21.5,26.9
0,Paris,2025-04-24T00:00,24.7,27,9.2,24.2
0,Paris,2025-04-24T01:00,25.6,26.2,2.3,23.4
0,Paris,2025-04-24T02:00,26.4,26.1,0,22.6
0,Paris,2025-04-24T03:00,27.8,26.9,0,21.5
0,Paris,2025-04-24T04:00,30.7,29.1,0,19.5
0,Paris,2025-04-24T05:00,31.5,30.4,0,18.9
0,Paris,2025-04-24T06:00,28.7,31.4,9.2,20.8
0,Paris,2025-04-24T07:00,24.4,31.1,27.3,24.5
0,Paris,2025-04-24T08:00,21.5,30.3,41,27.8
0,Paris,2025-04-24T09:00,20.3,29.6,45.6,29.4
0,Paris,2025-04-24T10:00,19.2,28.9,50.4,31.1
0,Paris,2025-04-24T11:00,19.1,28.7,50.3,31.3
0,Paris,2025-04-24T12:00,18.8,28.3,50,31.7
0,Paris,2025-04-24T13:00,19.4,28.3,45.6,30.8
0,Paris,2025-04-24T14:00,19.4,28.5,46.4,30.7
0,Paris,2025-04-24T15:00,18.2,28.2,55.3,32.9
0,Paris,2025-04-24T16:00,17.4,28,60.3,34.3
0,Paris,2025-04-24T17:00,16.7,28,66.9,35.7
0,Paris,2025-04-24T18:00,16.7,27.8,66,35.7
0,Paris,2025-04-24T19:00,17.3,27.6,59.4,34.5
0,Paris,2025-04-24T20:00,20,27.5,37.5,29.9
0,Paris,2025-04-24T21:00,21.7,27.3,25.6,27.5
0,Paris,2025-04-24T22:00,21.9,27.1,23.8,27.3
0,Paris,2025-04-24T23:00,22.6,27.1,19.9,26.5
0,Paris,2025-04-25T00:00,23.8,26.7,12,25.1
0,Paris,2025-04-25T01:00,24.7,25.9,4.7,24.1
0,Paris,2025-04-25T02:00,25.4,25.5,0.2,23.5
0,Paris,2025-04-25T03:00,26.7,26,0,22.4
0,Paris,2025-04-25T04:00,29.1,27.7,0,20.5
0,Paris,2025-04-25T05:00,30.7,29.5,0,19.5
0,Paris,2025-04-25T06:00,28.8,31.3,8.4,20.7
0,Paris,2025-04-25T07:00,25.3,31.1,22.5,23.6
0,Paris,2025-04-25T08:00,22.8,30.5,33.6,26.2
0,Paris,2025-04-25T09:00,21.3,29.8,39.6,28
0,Paris,2025-04-25T10:00,19.9,29.1,46.1,30
0,Paris,2025-04-25T11:00,19,28.6,50.5,31.5
0,Paris,2025-04-25T12:00,18.9,28.4,49.7,31.6
0,Paris,2025-04-25T13:00,20.2,28.7,42,29.6
0,Paris,2025-04-25T14:00,19.8,28.7,45,30.2
0,Paris,2025-04-25T15:00,18.7,28.4,51.8,32
0,Paris,2025-04-25T16:00,17.7,28,57.9,33.7
0,Paris,2025-04-25T17:00,17.3,28,61,34.4
0,Paris,2025-04-25T18:00,17.6,28.2,60.7,34
0,Paris,2025-04-25T19:00,18.3,28,52.6,32.6
0,Paris,2025-04-25T20:00,20.5,28.1,37.3,29.2
0,Paris,2025-04-25T21:00,21.3,27.7,29.7,28
0,Paris,2025-04-25T22:00,21.7,27.7,27.9,27.6
0,Paris,2025-04-25T23:00,21.8,28.4,29.8,27.4
0,Paris,2025-04-26T00:00,22.4,27.5,22.3,26.6
0,Paris,2025-04-26T01:00,23.5,26.9,14.7,25.5
0,Paris,2025-04-26T02:00,23.3,26.1,11.8,25.6
0,Paris,2025-04-26T03:00,24.9,26.1,4.5,24
0,Paris,2025-04-26T04:00,26.9,26.9,0,22.2
0,Paris,2025-04-26T05:00,28.4,28,0,21
0,Paris,2025-04-26T06:00,29.2,29.5,0.7,20.4
0,Paris,2025-04-26T07:00,29.5,30.8,4.2,20.2
0,Paris,2025-04-26T08:00,28.7,31,8.1,20.9
0,Paris,2025-04-26T09:00,26,30.3,16.2,23
0,Paris,2025-04-26T10:00,23.8,29.7,24.5,25.1
0,Paris,2025-04-26T11:00,21.6,28.9,33.5,27.6
0,Paris,2025-04-26T12:00,20.9,28.5,36.3,28.6
0,Paris,2025-04-26T13:00,21.7,28.9,33.4,27.6
0,Paris,2025-04-26T14:00,21,28.8,37,28.5
0,Paris,2025-04-26T15:00,20,28.8,43.8,29.9
0,Paris,2025-04-26T16:00,18.9,28.7,51.4,31.6
0,Paris,2025-04-26T17:00,18.6,28.8,54.3,32.1
0,Paris,2025-04-26T18:00,18.4,28.7,55.7,32.4
0,Paris,2025-04-26T19:00,18.1,27.9,54.2,33.1
0,Paris,2025-04-26T20:00,19.5,27.7,42,30.6
0,Paris,2025-04-26T21:00,20.5,27.6,34.4,29.1
0,Paris,2025-04-26T22:00,21.7,27.9,28.5,27.6
0,Paris,2025-04-26T23:00,22.4,28.2,25.8,26.6
0,Paris,2025-04-27T00:00,23.9,28.8,20.9,25.1
0,Paris,2025-04-27T01:00,23.8,28.6,19.9,25.1
0,Paris,2025-04-27T02:00,22.8,26.8,17.6,26.2
0,Paris,2025-04-27T03:00,24.3,26.6,9.4,24.6
0,Paris,2025-04-27T04:00,26,27,3.8,23
0,Paris,2025-04-27T05:00,27.9,27.6,0,21.4
0,Paris,2025-04-27T06:00,29.3,28.8,0,20.4
0,Paris,2025-04-27T07:00,30.2,29.8,0,19.8
0,Paris,2025-04-27T08:00,30.1,30.6,1.5,19.9
0,Paris,2025-04-27T09:00,28.2,30.3,7.3,21.2
0,Paris,2025-04-27T10:00,26,29.9,14.9,23
0,Paris,2025-04-27T11:00,23.7,29.5,24.2,25.2
0,Paris,2025-04-27T12:00,22.6,29,28.6,26.5
0,Paris,2025-04-27T13:00,22.4,28.8,28.5,26.7
0,Paris,2025-04-27T14:00,21.6,28.9,33.9,27.7
0,Paris,2025-04-27T15:00,19.6,28.5,45.5,30.5
0,Paris,2025-04-27T16:00,18.9,28.4,50.1,31.6
0,Paris,2025-04-27T17:00,19,28.5,49.5,31.4
0,Paris,2025-04-27T18:00,19.4,28.5,46.9,30.8
0,Paris,2025-04-27T19:00,20.7,28.3,36.2,28.8
0,Paris,2025-04-27T20:00,21.8,27.8,27.1,27.4
0,Paris,2025-04-27T21:00,23.7,28.2,19,25.3
0,Paris,2025-04-27T22:00,24.5,28.1,14.7,24.4
0,Paris,2025-04-27T23:00,25.2,28.1,11.6,23.7
0,Paris,2025-04-28T00:00,26.4,27.7,4.9,22.6
0,Paris,2025-04-28T01:00,26.9,27,0.2,22.2
0,Paris,2025-04-28T02:00,27.4,26.7,0,21.8
0,Paris,2025-04-28T03:00,29,27.8,0,20.6
0,Paris,2025-04-28T04:00,32,30.1,0,18.7
0,Paris,2025-04-28T05:00,32.2,31,0,18.6
0,Paris,2025-04-28T06:00,28.9,31.5,9.2,20.7
0,Paris,2025-04-28T07:00,22.5,30.9,36.8,26.5
0,Paris,2025-04-28T08:00,16.9,29.1,71.4,35.3
0,Paris,2025-04-28T09:00,16.7,28.6,70.5,35.7
0,Paris,2025-04-28T10:00,18.7,28.8,53.9,31.9
0,Paris,2025-04-28T11:00,18.9,28.5,51,31.7
0,Paris,2025-04-28T12:00,19,28.1,48.2,31.5
0,Paris,2025-04-28T13:00,19.7,28.2,43.1,30.3
0,Paris,2025-04-28T14:00,19.7,28.2,42.6,30.3
0,Paris,2025-04-28T15:00,19.2,28.2,47.2,31.2
0,Paris,2025-04-28T16:00,18.4,28,52.2,32.5
0,Paris,2025-04-28T17:00,17.7,28,58.2,33.8
0,Paris,2025-04-28T18:00,17.9,28.1,56.3,33.3
0,Paris,2025-04-28T19:00,19.3,27.8,44.1,31
0,Paris,2025-04-28T20:00,22,27.4,24.7,27.2
0,Paris,2025-04-28T21:00,23.3,27.3,17.1,25.6
0,Paris,2025-04-28T22:00,23.5,27.3,16,25.4
0,Paris,2025-04-28T23:00,24.6,27.5,11.8,24.3
0,Paris,2025-04-29T00:00,25.8,27.1,4.8,23.1
0,Paris,2025-04-29T01:00,26.7,26.6,0,22.3
0,Paris,2025-04-29T02:00,27.5,26.6,0,21.8
0,Paris,2025-04-29T03:00,29.1,27.9,0,20.6
0,Paris,2025-04-29T04:00,31.5,29.7,0,19
0,Paris,2025-04-29T05:00,31.5,30.4,0,19
0,Paris,2025-04-29T06:00,28.5,31.5,10.6,21
0,Paris,2025-04-29T07:00,21.7,30.6,40.9,27.6
0,Paris,2025-04-29T08:00,16.5,29.2,76.3,36.1
0,Paris,2025-04-29T09:00,17.2,29,68.4,34.7
0,Paris,2025-04-29T10:00,18.6,29,55.3,32.1
0,Paris,2025-04-29T11:00,18.2,28.6,56.9,32.8
0,Paris,2025-04-29T12:00,17.5,28.1,59.8,34.1
0,Paris,2025-04-29T13:00,18,28,55.6,33.3
0,Paris,2025-04-29T14:00,18.1,28,54.8,33
0,Paris,2025-04-29T15:00,17.4,28,60.7,34.4
0,Paris,2025-04-29T16:00,15.8,27.6,74.4,37.8
0,Paris,2025-04-29T17:00,14.9,27.3,82.4,40.1
0,Paris,2025-04-29T18:00,14.7,27.1,83.6,40.5
0,Paris,2025-04-29T19:00,16.6,27.6,66,36
0,Paris,2025-04-29T20:00,20.6,27.9,35,29
0,Paris,2025-04-29T21:00,23.1,27.4,18.6,25.9
0,Paris,2025-04-29T22:00,22.9,26.8,17.1,26.1
0,Paris,2025-04-29T23:00,21.7,27,24.2,27.5
0,Paris,2025-04-30T00:00,24.2,26.8,10.9,24.7
0,Paris,2025-04-30T01:00,25.5,26.2,2.4,23.4
0,Paris,2025-04-30T02:00,26.1,25.8,0,22.9
0,Paris,2025-04-30T03:00,27.5,26.5,0,21.7
0,Paris,2025-04-30T04:00,30.4,28.9,0,19.7
0,Paris,2025-04-30T05:00,31,30,0,19.3
0,Paris,2025-04-30T06:00,27.5,31.1,13,21.7
0,Paris,2025-04-30T07:00,21.9,30.6,39.1,27.2
0,Paris,2025-04-30T08:00,17.8,29.5,65.2,33.6
0,Paris,2025-04-30T09:00,17.6,29.1,65.3,34
0,Paris,2025-04-30T10:00,17.4,28.9,65.6,34.3
0,Paris,2025-04-30T11:00,16.8,28.4,68.5,35.5
0,Paris,2025-04-30T12:00,16.8,28.1,67.1,35.6
0,Paris,2025-04-30T13:00,16.8,27.9,65.6,35.5
0,Paris,2025-04-30T14:00,16.8,27.8,65.7,35.6
0,Paris,2025-04-30T15:00,15.8,27.5,73.7,37.7
0,Paris,2025-04-30T16:00,15.1,27.4,81,39.6
0,Paris,2025-04-30T17:00,13.9,26.9,93.5,43
0,Paris,2025-04-30T18:00,13.4,26.9,100.1,44.5
0,Paris,2025-04-30T19:00,13.9,26.8,91.9,42.9
0,Paris,2025-04-30T20:00,16.6,27,62.5,36
0,Paris,2025-04-30T21:00,21,27.8,32.6,28.5
0,Paris,2025-04-30T22:00,22.8,27.9,22.4,26.2
0,Paris,2025-04-30T23:00,22.4,27.8,24.2,26.7
0,Paris,2025-05-01T00:00,23,27.8,21,26
0,Paris,2025-05-01T01:00,23.7,27.1,14.3,25.2
0,Paris,2025-05-01T02:00,24.4,26.3,7.7,24.5
0,Paris,2025-05-01T03:00,26,26.4,1.7,23
0,Paris,2025-05-01T04:00,28,27.4,0,21.3
0,Paris,2025-05-01T05:00,29.4,28.3,0,20.3
0,Paris,2025-05-01T06:00,30,29.2,0,19.9
0,Paris,2025-05-01T07:00,29.5,29.8,1,20.3
0,Paris,2025-05-01T08:00,28.8,30.1,4.5,20.7
0,Paris,2025-05-01T09:00,27,30,11,22.1
0,Paris,2025-05-01T10:00,25.2,30.1,19.4,23.8
0,Paris,2025-05-01T11:00,22.9,29.6,29.2,26.1
0,Paris,2025-05-01T12:00,22.3,29.3,31.3,26.8
0,Paris,2025-05-01T13:00,22.4,28.7,28.5,26.7
0,Paris,2025-05-01T14:00,22,28.6,29.9,27.2
0,Paris,2025-05-01T15:00,20.5,28.5,38.6,29.1
0,Paris,2025-05-01T16:00,19.5,28.3,45.1,30.7
0,Paris,2025-05-01T17:00,19.6,28.2,43.9,30.5
0,Paris,2025-05-01T18:00,20.2,28.1,39,29.6
0,Paris,2025-05-01T19:00,21.1,27.9,32.1,28.3
0,Paris,2025-05-01T20:00,21.9,27.7,26.2,27.2
0,Paris,2025-05-01T21:00,22.7,27.7,21.6,26.3
0,Paris,2025-05-01T22:00,23.2,27.7,19.2,25.7
0,Paris,2025-05-01T23:00,23.7,27.6,16.4,25.2
0,Paris,2025-05-02T00:00,24.1,27.1,12.2,24.8
0,Paris,2025-05-02T01:00,25.1,26.6,5.7,23.8
0,Paris,2025-05-02T02:00,25.8,26.1,1.4,23.2
0,Paris,2025-05-02T03:00,26.8,26.5,0,22.3
0,Paris,2025-05-02T04:00,29.8,28.5,0,20.1
0,Paris,2025-05-02T05:00,30.9,30.1,0,19.3
0,Paris,2025-05-02T06:00,29.6,31.4,5.9,20.2
0,Paris,2025-05-02T07:00,26.2,30.8,17.8,22.8
0,Paris,2025-05-02T08:00,22.3,29.7,33,26.8
0,Paris,2025-05-02T09:00,20.5,29.1,41.8,29.1
0,Paris,2025-05-02T10:00,19.9,29,45.6,30
0,Paris,2025-05-02T11:00,19,28.5,49.4,31.4
0,Paris,2025-05-02T12:00,19.3,28.2,46.2,31
0,Paris,2025-05-02T13:00,20.3,28.3,39.6,29.5
0,Paris,2025-05-02T14:00,19.8,28.4,43.5,30.2
0,Paris,2025-05-02T15:00,18.7,28.2,50.3,31.9
0,Paris,2025-05-02T16:00,18,28.1,56.3,33.2
0,Paris,2025-05-02T17:00,17.5,28,59.4,34.1
0,Paris,2025-05-02T18:00,18.5,28.3,52.6,32.3
0,Paris,2025-05-02T19:00,19.4,28.2,45,30.8
0,Paris,2025-05-02T20:00,21.1,27.8,31.9,28.3
0,Paris,2025-05-02T21:00,21.4,27.4,27.7,27.9
0,Paris,2025-05-02T22:00,21.3,27.6,29.1,28
0,Paris,2025-05-02T23:00,21.2,28.1,32.2,28.2
0,Paris,2025-05-03T00:00,23.3,28.8,23.6,25.7
0,Paris,2025-05-03T01:00,23.6,27.7,17.3,25.4
0,Paris,2025-05-03T02:00,23.6,26.8,13.5,25.3
0,Paris,2025-05-03T03:00,25.3,27,6.9,23.6
0,Paris,2025-05-03T04:00,27.4,28,2.1,21.8
0,Paris,2025-05-03T05:00,28.6,28.9,1.3,20.9
0,Paris,2025-05-03T06:00,28.8,30,4.3,20.8
0,Paris,2025-05-03T07:00,29,31,6.8,20.6
0,Paris,2025-05-03T08:00,27.3,30.9,12.8,21.9
0,Paris,2025-05-03T09:00,24.7,30.3,22.6,24.2
0,Paris,2025-05-03T10:00,22.7,29.6,30.3,26.3
0,Paris,2025-05-03T11:00,21.2,29,36.5,28.1
0,Paris,2025-05-03T12:00,21.1,28.7,36,28.4
0,Paris,2025-05-03T13:00,21,28.5,35.7,28.5
0,Paris,2025-05-03T14:00,20.6,28.6,38.6,29
0,Paris,2025-05-03T15:00,19.6,28.5,45.4,30.5
0,Paris,2025-05-03T16:00,16.9,27.9,65.2,35.4
0,Paris,2025-05-03T17:00,16.7,27.9,66.4,35.7
0,Paris,2025-05-03T18:00,18,28.1,56.1,33.2
0,Paris,2025-05-03T19:00,18.4,27.8,51.4,32.6
0,Paris,2025-05-03T20:00,20.6,27.8,35.3,29.1
0,Paris,2025-05-03T21:00,21.6,27.6,27.5,27.7
0,Paris,2025-05-03T22:00,22.1,27.9,26.2,27.1
0,Paris,2025-05-03T23:00,22.7,28.4,25.4,26.4
0,Paris,2025-05-04T00:00,23.1,28.8,24.7,25.9
0,Paris,2025-05-04T01:00,23.4,27.8,18.7,25.5
0,Paris,2025-05-04T02:00,24.1,27.2,12.8,24.8
0,Paris,2025-05-04T03:00,24.9,26.9,8,24
0,Paris,2025-05-04T04:00,27.1,27.8,2.3,22
0,Paris,2025-05-04T05:00,28.6,28.4,0,20.9
0,Paris,2025-05-04T06:00,29.7,29.3,0,20.1
0,Paris,2025-05-04T07:00,29.7,29.7,0.1,20.1
0,Paris,2025-05-04T08:00,29.5,30.2,2.6,20.3
0,Paris,2025-05-04T09:00,27.4,30,9.6,21.8
0,Paris,2025-05-04T10:00,25.6,30,17.3,23.4
0,Paris,2025-05-04T11:00,23.3,29.5,26.8,25.7
0,Paris,2025-05-04T12:00,21.8,29.1,33.3,27.4
0,Paris,2025-05-04T13:00,21.7,28.8,32.4,27.5
0,Paris,2025-05-04T14:00,21.3,28.9,35.8,28.1
0,Paris,2025-05-04T15:00,19.9,28.7,44.2,30.1
0,Paris,2025-05-04T16:00,19.6,28.8,46.7,30.5
0,Paris,2025-05-04T17:00,19.6,29,47.7,30.5
0,Paris,2025-05-04T18:00,20,28.6,42.4,29.8
0,Paris,2025-05-04T19:00,20.5,28.2,37.4,29.2
0,Paris,2025-05-04T20:00,22.1,28,26.6,27
0,Paris,2025-05-04T21:00,23.7,28.1,18.3,25.2
0,Paris,2025-05-04T22:00,24.6,28.2,14.6,24.3
0,Paris,2025-05-04T23:00,25.7,28.1,9.4,23.3
0,Paris,2025-05-05T00:00,26.2,27.5,4.9,22.8
0,Paris,2025-05-05T01:00,27.2,27.3,0.2,21.9
0,Paris,2025-05-05T02:00,27.8,27.1,0,21.5
0,Paris,2025-05-05T03:00,28.9,27.9,0,20.7
0,Paris,2025-05-05T04:00,32.5,30.6,0,18.4
0,Paris,2025-05-05T05:00,32.3,31.2,0,18.5
0,Paris,2025-05-05T06:00,29.4,32.1,9.2,20.4
0,Paris,2025-05-05T07:00,22.7,31.2,37.4,26.3
0,Paris,2025-05-05T08:00,17,29.3,71.7,35.1
0,Paris,2025-05-05T09:00,17.6,29.2,65.8,34
0,Paris,2025-05-05T10:00,18.4,28.8,56.2,32.5
0,Paris,2025-05-05T11:00,18.3,28.6,55.7,32.6
0,Paris,2025-05-05T12:00,18.5,28.1,52,32.3
0,Paris,2025-05-05T13:00,19,28.3,48.9,31.5
0,Paris,2025-05-05T14:00,19.1,28.3,47.4,31.2
0,Paris,2025-05-05T15:00,18.8,28.4,51.3,31.9
0,Paris,2025-05-05T16:00,17.5,28,59.9,34.1
0,Paris,2025-05-05T17:00,16.6,27.7,66.6,36
0,Paris,2025-05-05T18:00,17,27.6,62.3,35.1
0,Paris,2025-05-05T19:00,19.1,27.8,45.5,31.3
0,Paris,2025-05-05T20:00,23.1,27.9,20.8,25.9
0,Paris,2025-05-05T21:00,24.1,27.5,14.1,24.8
0,Paris,2025-05-05T22:00,24.2,27.6,14,24.7
0,Paris,2025-05-05T23:00,25.3,27.7,9.4,23.6
0,Paris,2025-05-06T00:00,26.1,27.2,4.1,22.9
0,Paris,2025-05-06T01:00,27.1,26.9,0,22
0,Paris,2025-05-06T02:00,27.8,26.8,0,21.5
0,Paris,2025-05-06T03:00,29.3,28,0,20.4
0,Paris,2025-05-06T04:00,32.4,30.5,0,18.4
0,Paris,2025-05-06T05:00,32.4,31.2,0,18.5
0,Paris,2025-05-06T06:00,28.4,31.5,11,21.1
0,Paris,2025-05-06T07:00,22,30.5,38.6,27.2
0,Paris,2025-05-06T08:00,17.5,29.3,67,34.1
0,Paris,2025-05-06T09:00,17.5,29,65.7,34.2
0,Paris,2025-05-06T10:00,17.9,28.8,60.8,33.4
0,Paris,2025-05-06T11:00,17.8,28.4,59.2,33.6
0,Paris,2025-05-06T12:00,17.6,28.2,59.9,34
0,Paris,2025-05-06T13:00,18.3,28.1,52.9,32.6
0,Paris,2025-05-06T14:00,18.5,28.3,52.2,32.2
0,Paris,2025-05-06T15:00,17.6,28.1,59.1,33.9
0,Paris,2025-05-06T16:00,16,27.6,72,37.3
0,Paris,2025-05-06T17:00,15.3,27.5,79,39
0,Paris,2025-05-06T18:00,16,27.6,72.7,37.4
0,Paris,2025-05-06T19:00,17.7,27.7,56.2,33.7
0,Paris,2025-05-06T20:00,21.5,27.7,28.9,27.8
0,Paris,2025-05-06T21:00,23.5,27.3,16,25.4
0,Paris,2025-05-06T22:00,24,27.4,14.4,24.9
0,Paris,2025-05-06T23:00,24.6,27.4,11.3,24.3
0,Paris,2025-05-07T00:00,25.9,27.5,6.3,23.1
0,Paris,2025-05-07T01:00,26.3,26.6,1,22.7
0,Paris,2025-05-07T02:00,27,26.5,0,22.1
0,Paris,2025-05-07T03:00,28.4,27.4,0,21
0,Paris,2025-05-07T04:00,32.4,30.4,0,18.5
0,Paris,2025-05-07T05:00,32,30.9,0,18.7
0,Paris,2025-05-07T06:00,28.3,31.5,11.2,21.1
0,Paris,2025-05-07T07:00,22.8,30.8,35,26.2
0,Paris,2025-05-07T08:00,18.9,29.6,56.6,31.6
0,Paris,2025-05-07T09:00,18.5,29.2,57.6,32.3
0,Paris,2025-05-07T10:00,18.7,29,54.9,32
0,Paris,2025-05-07T11:00,17.9,28.6,60,33.5
0,Paris,2025-05-07T12:00,17.4,28.2,62.1,34.4
0,Paris,2025-05-07T13:00,17.5,28,59.6,34.1
0,Paris,2025-05-07T14:00,17.3,28.1,62.4,34.6
0,Paris,2025-05-07T15:00,16.2,27.9,71.9,36.9
0,Paris,2025-05-07T16:00,15.1,27.6,82.3,39.5
0,Paris,2025-05-07T17:00,13.8,27.3,97.7,43.3
0,Paris,2025-05-07T18:00,13.6,27.3,100.2,43.9
0,Paris,2025-05-07T19:00,13.8,26.9,95.2,43.4
0,Paris,2025-05-07T20:00,16.3,27.2,66.7,36.6
0,Paris,2025-05-07T21:00,21.4,27.6,29.2,28
0,Paris,2025-05-07T22:00,23.7,28.3,19.3,25.2
0,Paris,2025-05-07T23:00,20.2,28.5,41.3,29.6
0,Paris,2025-05-08T00:00,19.8,27.9,40.7,30.1
0,Paris,2025-05-08T01:00,22.9,27.9,21.5,26.1
0,Paris,2025-05-08T02:00,23.1,27,16.7,25.8
0,Paris,2025-05-08T03:00,25.6,27,5.3,23.4
0,Paris,2025-05-08T04:00,28.1,27.5,0,21.3
0,Paris,2025-05-08T05:00,29.3,28.2,0,20.4
0,Paris,2025-05-08T06:00,29.8,29.4,0,20.1
0,Paris,2025-05-08T07:00,29.5,30.1,2.1,20.3
0,Paris,2025-05-08T08:00,27.8,29.9,7.4,21.5
0,Paris,2025-05-08T09:00,26,29.9,14.8,23
0,Paris,2025-05-08T10:00,23.9,29.8,24.5,25
0,Paris,2025-05-08T11:00,22.5,29.6,31.2,26.5
0,Paris,2025-05-08T12:00,21.6,28.9,34.1,27.7
0,Paris,2025-05-08T13:00,21.5,28.6,33,27.8
0,Paris,2025-05-08T14:00,20.8,28.7,37.8,28.7
0,Paris,2025-05-08T15:00,19.6,28.8,47,30.5
0,Paris,2025-05-08T16:00,19.1,28.6,49.9,31.3
0,Paris,2025-05-08T17:00,19.3,28.6,48.1,31
0,Paris,2025-05-08T18:00,19.6,28.6,45.4,30.4
0,Paris,2025-05-08T19:00,19.8,28.2,42.4,30.2
0,Paris,2025-05-08T20:00,21,27.9,32.5,28.4
0,Paris,2025-05-08T21:00,22.4,27.4,22.3,26.7
0,Paris,2025-05-08T22:00,22.8,27.6,20.7,26.2
0,Paris,2025-05-08T23:00,23.6,27.5,16.4,25.3
0,Paris,2025-05-09T00:00,24.5,27,10.1,24.4
0,Paris,2025-05-09T01:00,25.3,26.4,4.1,23.6
0,Paris,2025-05-09T02:00,26.2,26.2,0,22.8
0,Paris,2025-05-09T03:00,27.4,26.7,0,21.8
0,Paris,2025-05-09T04:00,30.1,28.7,0,19.8
0,Paris,2025-05-09T05:00,31.1,30,0,19.2
0,Paris,2025-05-09T06:00,29.8,31.5,5.4,20
0,Paris,2025-05-09T07:00,26.1,31,18.3,22.9
0,Paris,2025-05-09T08:00,23.1,29.8,29,25.9
0,Paris,2025-05-09T09:00,21.5,29.4,36.1,27.7
0,Paris,2025-05-09T10:00,20.4,29.1,42.8,29.3
0,Paris,2025-05-09T11:00,19,28.4,49.3,31.4
0,Paris,2025-05-09T12:00,19.5,28.3,44.8,30.6
0,Paris,2025-05-09T13:00,20.7,28.5,37.5,28.9
0,Paris,2025-05-09T14:00,20.2,28.4,40.4,29.5
0,Paris,2025-05-09T15:00,19.2,28.3,47.1,31.1
0,Paris,2025-05-09T16:00,18.7,28.2,50.8,32
0,Paris,2025-05-09T17:00,18.5,28.2,52.1,32.3
0,Paris,2025-05-09T18:00,19.4,28,44.7,30.9
0,Paris,2025-05-09T19:00,20.1,27.7,37.9,29.8
0,Paris,2025-05-09T20:00,21.1,27.4,29.7,28.3
0,Paris,2025-05-09T21:00,21.7,27.1,24.8,27.5
0,Paris,2025-05-09T22:00,22.1,27.5,24.6,27.1
0,Paris,2025-05-09T23:00,22.2,27.6,24,26.9
0,Paris,2025-05-10T00:00,23,27.4,19.4,26
0,Paris,2025-05-10T01:00,23.5,26.9,14.5,25.5
0,Paris,2025-05-10T02:00,23.8,26.4,10.5,25.1
0,Paris,2025-05-10T03:00,25,26.3,4.9,23.9
0,Paris,2025-05-10T04:00,27.2,27.2,0,22
0,Paris,2025-05-10T05:00,28.6,28.3,0,20.9
0,Paris,2025-05-10T06:00,29.6,29.8,0.6,20.2
0,Paris,2025-05-10T07:00,29.2,30.9,5.8,20.5
0,Paris,2025-05-10T08:00,27,30.5,12.8,22.1
0,Paris,2025-05-10T09:00,25.9,30.5,17.4,23.1
0,Paris,2025-05-10T10:00,23.3,29.6,26.7,25.6
0,Paris,2025-05-10T11:00,21.9,29.1,32.9,27.3
0,Paris,2025-05-10T12:00,21.2,28.8,35.6,28.1
0,Paris,2025-05-10T13:00,21.6,28.8,33.1,27.6
0,Paris,2025-05-10T14:00,21.1,28.8,36.1,28.3
0,Paris,2025-05-10T15:00,19.4,28.3,45.4,30.7
0,Paris,2025-05-10T16:00,18.7,28.3,51.3,32
0,Paris,2025-05-10T17:00,19.1,28.6,49.6,31.3
0,Paris,2025-05-10T18:00,19.2,28.6,48.4,31.1
0,Paris,2025-05-10T19:00,19.2,28.2,46.9,31.1
0,Paris,2025-05-10T20:00,20,27.9,39.2,29.8
0,Paris,2025-05-10T21:00,20.7,27.3,31.7,28.9
0,Paris,2025-05-10T22:00,21,27.8,32.1,28.5
0,Paris,2025-05-10T23:00,21.4,28.4,32.7,28
0,Paris,2025-05-11T00:00,22.5,28.9,28.6,26.6
0,Paris,2025-05-11T01:00,23.2,27.9,20.4,25.8
0,Paris,2025-05-11T02:00,23.7,27.2,14.8,25.2
0,Paris,2025-05-11T03:00,24.7,26.8,8.8,24.2
0,Paris,2025-05-11T04:00,26.8,27.8,3.8,22.3
0,Paris,2025-05-11T05:00,28.2,28.3,0.3,21.2
0,Paris,2025-05-11T06:00,30,29.3,0,19.9
0,Paris,2025-05-11T07:00,29.8,29.8,0,20
0,Paris,2025-05-11T08:00,29.3,30.5,3.8,20.4
0,Paris,2025-05-11T09:00,26.9,30.2,12.3,22.2
0,Paris,2025-05-11T10:00,24.9,29.9,19.7,24
0,Paris,2025-05-11T11:00,23.3,29.5,26.3,25.6
0,Paris,2025-05-11T12:00,22.6,29.2,29.3,26.4
0,Paris,2025-05-11T13:00,22.5,29.1,29.3,26.6
0,Paris,2025-05-11T14:00,21.8,29,33.4,27.5
0,Paris,2025-05-11T15:00,20.4,29,41.9,29.3
0,Paris,2025-05-11T16:00,20,28.9,44.2,29.9
0,Paris,2025-05-11T17:00,19.9,29,45.6,30.1
0,Paris,2025-05-11T18:00,20.5,28.7,40.1,29.2
0,Paris,2025-05-11T19:00,21,28.4,34.9,28.4
0,Paris,2025-05-11T20:00,22.4,28.4,26.9,26.7
0,Paris,2025-05-11T21:00,23.1,28.4,23,25.9
0,Paris,2025-05-11T22:00,23.5,28.2,19.9,25.4
0,Paris,2025-05-11T23:00,25.6,28.5,11,23.3
0,Paris,2025-05-12T00:00,26.8,28.1,4.8,22.3
0,Paris,2025-05-12T01:00,27.8,27.7,0,21.5
0,Paris,2025-05-12T02:00,28.4,27.8,0,21
0,Paris,2025-05-12T03:00,28.9,28.1,0,20.7
0,Paris,2025-05-12T04:00,31.8,30.4,0,18.8
0,Paris,2025-05-12T05:00,31.6,31.2,0,18.9
0,Paris,2025-05-12T06:00,27.9,31.6,13.2,21.4
0,Paris,2025-05-12T07:00,21.8,30.9,42,27.5
0,Paris,2025-05-12T08:00,16.9,29.3,72.6,35.3
0,Paris,2025-05-12T09:00,17.7,29.1,64.6,33.8
0,Paris,2025-05-12T10:00,19.1,29,51.7,31.3
0,Paris,2025-05-12T11:00,18.9,28.6,51.2,31.6
0,Paris,2025-05-12T12:00,19,28.2,48.3,31.4
0,Paris,2025-05-12T13:00,19.4,28.3,45.7,30.8
0,Paris,2025-05-12T14:00,19.2,28.2,46.3,31
0,Paris,2025-05-12T15:00,18.4,28,51.7,32.5
0,Paris,2025-05-12T16:00,17.1,27.8,62.2,34.9
0,Paris,2025-05-12T17:00,16.1,27.5,70.7,37.2
0,Paris,2025-05-12T18:00,17.1,28,63.1,34.8
0,Paris,2025-05-12T19:00,18.6,27.6,48.6,32.2
0,Paris,2025-05-12T20:00,22.3,27.6,23.5,26.8
0,Paris,2025-05-12T21:00,23.5,27.1,15.1,25.4
0,Paris,2025-05-12T22:00,22.7,26.5,16.6,26.3
0,Paris,2025-05-12T23:00,23.9,26.8,11.8,25
0,Paris,2025-05-13T00:00,25.4,26.7,4.8,23.5
0,Paris,2025-05-13T01:00,25.9,26,0.2,23
0,Paris,2025-05-13T02:00,26.7,25.9,0,22.4
0,Paris,2025-05-13T03:00,28.4,27.3,0,21
0,Paris,2025-05-13T04:00,30.8,29.2,0,19.4
0,Paris,2025-05-13T05:00,30.8,30.4,0,19.4
0,Paris,2025-05-13T06:00,28.1,31.3,11.2,21.3
0,Paris,2025-05-13T07:00,21.5,30.4,41.1,27.8
0,Paris,2025-05-13T08:00,16.5,29,75,36.1
0,Paris,2025-05-13T09:00,16.4,28.7,74.3,36.4
0,Paris,2025-05-13T10:00,17.8,28.7,61.1,33.6
0,Paris,2025-05-13T11:00,17.2,28.1,62.6,34.6
0,Paris,2025-05-13T12:00,17,27.6,62.1,35.2
0,Paris,2025-05-13T13:00,18.1,28.1,54.8,33
0,Paris,2025-05-13T14:00,18.4,28.2,53.2,32.5
0,Paris,2025-05-13T15:00,17.3,28.1,62.2,34.5
0,Paris,2025-05-13T16:00,16,27.6,72,37.3
0,Paris,2025-05-13T17:00,14.1,27,91.3,42.4
0,Paris,2025-05-13T18:00,13.5,26.4,95.6,44.3
0,Paris,2025-05-13T19:00,15.3,26.8,75.6,39.1
0,Paris,2025-05-13T20:00,19.8,27.3,37.5,30.1
0,Paris,2025-05-13T21:00,22.3,26.6,19.3,26.8
0,Paris,2025-05-13T22:00,21.5,26.5,23.1,27.8
0,Paris,2025-05-13T23:00,22.3,26.3,18.1,26.8
0,Paris,2025-05-14T00:00,24.8,26.6,7,24.1
0,Paris,2025-05-14T01:00,26,26.2,0.6,23
0,Paris,2025-05-14T02:00,26.6,26,0,22.5
0,Paris,2025-05-14T03:00,27.1,26.1,0,22.1
0,Paris,2025-05-14T04:00,29.6,28.3,0,20.2
0,Paris,2025-05-14T05:00,30.6,30,0,19.5
0,Paris,2025-05-14T06:00,28.2,31.4,11.3,21.2
0,Paris,2025-05-14T07:00,21.8,30.5,39.7,27.4
0,Paris,2025-05-14T08:00,17.1,29.1,70.4,35
0,Paris,2025-05-14T09:00,17.6,29.1,65.4,34
0,Paris,2025-05-14T10:00,17.3,28.6,65.5,34.6
0,Paris,2025-05-14T11:00,17.1,28.2,64.5,34.8
0,Paris,2025-05-14T12:00,17.3,28.1,62.2,34.6
0,Paris,2025-05-14T13:00,17.7,27.9,57.6,33.8
0,Paris,2025-05-14T14:00,17.9,28.1,56.8,33.4
0,Paris,2025-05-14T15:00,17.4,27.9,60.7,34.4
0,Paris,2025-05-14T16:00,16.4,27.5,67.6,36.5
0,Paris,2025-05-14T17:00,15.5,27.4,77,38.6
0,Paris,2025-05-14T18:00,15.5,27.4,76.6,38.5
0,Paris,2025-05-14T19:00,16.8,27.2,62,35.6
0,Paris,2025-05-14T20:00,19.6,27,37.9,30.5
0,Paris,2025-05-14T21:00,22,26.9,22.2,27.2
0,Paris,2025-05-14T22:00,20.8,26.1,25.3,28.7
0,Paris,2025-05-14T23:00,21.3,26.2,22.9,28.1
0,Paris,2025-05-15T00:00,23.2,26,12.2,25.8
0,Paris,2025-05-15T01:00,24.4,25.4,3.9,24.5
0,Paris,2025-05-15T02:00,25,24.9,0,23.9
0,Paris,2025-05-15T03:00,26.4,25.8,0,22.7
0,Paris,2025-05-15T04:00,29.6,28.1,0,20.2
0,Paris,2025-05-15T05:00,30.5,29.9,0,19.6
0,Paris,2025-05-15T06:00,28.3,31.6,11.5,21.1
0,Paris,2025-05-15T07:00,21.5,30.6,42.1,27.8
0,Paris,2025-05-15T08:00,16.8,29.2,73.7,35.5
0,Paris,2025-05-15T09:00,17.1,29.2,71,35
0,Paris,2025-05-15T10:00,17.8,28.9,62.1,33.5
0,Paris,2025-05-15T11:00,17.6,28.6,61.5,33.8
0,Paris,2025-05-15T12:00,17.2,28.2,64.1,34.8
0,Paris,2025-05-15T13:00,17.6,28,58.7,33.9
0,Paris,2025-05-15T14:00,17.9,28.2,56.8,33.3
0,Paris,2025-05-15T15:00,16.5,27.8,68.3,36.3
0,Paris,2025-05-15T16:00,15.8,27.8,75.1,37.7
0,Paris,2025-05-15T17:00,14.7,27.1,83.7,40.5
0,Paris,2025-05-15T18:00,15.4,27.4,78,38.8
0,Paris,2025-05-15T19:00,16.9,27.5,63.1,35.4
0,Paris,2025-05-15T20:00,19.6,27.5,39.8,30.4
0,Paris,2025-05-15T21:00,21.8,26.9,23.5,27.4
0,Paris,2025-05-15T22:00,20.9,26.8,28.3,28.6
0,Paris,2025-05-15T23:00,20.8,27,29.7,28.7
0,Paris,2025-05-16T00:00,23,27,17.3,26
0,Paris,2025-05-16T01:00,24.4,26,6.7,24.5
0,Paris,2025-05-16T02:00,24.6,25.3,2.5,24.2
0,Paris,2025-05-16T03:00,25.6,25.3,0,23.3
0,Paris,2025-05-16T04:00,28.9,27.6,0,20.7
0,Paris,2025-05-16T05:00,30.5,29.5,0,19.6
0,Paris,2025-05-16T06:00,28.6,31.3,9.4,20.9
0,Paris,2025-05-16T07:00,22.7,30.7,35.3,26.3
0,Paris,2025-05-16T08:00,19,29.7,55.6,31.4
0,Paris,2025-05-16T09:00,19,29.5,55.4,31.5
0,Paris,2025-05-16T10:00,18.1,28.9,59.8,33
0,Paris,2025-05-16T11:00,17.3,28.3,63.6,34.6
0,Paris,2025-05-16T12:00,17,28,64.2,35
0,Paris,2025-05-16T13:00,17.5,27.9,58.8,34.1
0,Paris,2025-05-16T14:00,17.7,28.1,58.4,33.7
0,Paris,2025-05-16T15:00,16.2,27.7,70.7,36.9
0,Paris,2025-05-16T16:00,15.1,27.3,81,39.6
0,Paris,2025-05-16T17:00,14.4,27.2,89,41.5
0,Paris,2025-05-16T18:00,15.1,27.6,83.2,39.7
0,Paris,2025-05-16T19:00,15.8,27.3,72.6,37.8
0,Paris,2025-05-16T20:00,18.7,27.5,47.1,32
0,Paris,2025-05-16T21:00,21,27.6,31.5,28.5
0,Paris,2025-05-16T22:00,21.3,27.5,29.4,28.1
0,Paris,2025-05-16T23:00,21.2,27.6,30.2,28.2
0,Paris,2025-05-17T00:00,22.3,27.8,24.2,26.7
0,Paris,2025-05-17T01:00,23.3,27,15.9,25.7
0,Paris,2025-05-17T02:00,23.4,26.1,11.8,25.6
0,Paris,2025-05-17T03:00,25,26.2,4.5,23.9
0,Paris,2025-05-17T04:00,26.8,26.8,0,22.3
0,Paris,2025-05-17T05:00,28.5,28.1,0,21
0,Paris,2025-05-17T06:00,29.3,29.4,0.4,20.4
0,Paris,2025-05-17T07:00,29.1,30.7,5.4,20.6
0,Paris,2025-05-17T08:00,27.6,30.9,11.9,21.7
0,Paris,2025-05-17T09:00,25,30.2,20.9,23.9
0,Paris,2025-05-17T10:00,22.5,29.4,30.5,26.5
0,Paris,2025-05-17T11:00,21,29,37.6,28.4
0,Paris,2025-05-17T12:00,20.4,28.8,40.5,29.2
0,Paris,2025-05-17T13:00,21.2,28.9,36.1,28.1
0,Paris,2025-05-17T14:00,20.9,28.9,37.9,28.6
0,Paris,2025-05-17T15:00,19.8,28.8,45.3,30.2
0,Paris,2025-05-17T16:00,18.9,28.7,51.5,31.6
0,Paris,2025-05-17T17:00,18.4,28.5,54.4,32.5
0,Paris,2025-05-17T18:00,18.4,28.4,53.9,32.4
0,Paris,2025-05-17T19:00,18.1,28.1,54.5,32.9
0,Paris,2025-05-17T20:00,19.4,27.9,43.8,30.9
0,Paris,2025-05-17T21:00,20.3,27.3,33.9,29.4
0,Paris,2025-05-17T22:00,21,27.7,31.9,28.4
0,Paris,2025-05-17T23:00,20.6,28.2,36.3,28.9
0,Paris,2025-05-18T00:00,20.6,28.5,38.4,29
0,Paris,2025-05-18T01:00,21.8,27.6,26.7,27.4
0,Paris,2025-05-18T02:00,23.1,27.1,17.6,25.9
0,Paris,2025-05-18T03:00,24.5,26.7,9.1,24.4
0,Paris,2025-05-18T04:00,26.5,27.2,2.5,22.5
0,Paris,2025-05-18T05:00,28.2,28.2,0,21.2
0,Paris,2025-05-18T06:00,29.7,29.2,0,20.1
0,Paris,2025-05-18T07:00,30,30.2,0.9,19.9
0,Paris,2025-05-18T08:00,28.4,30.4,7,21.1
0,Paris,2025-05-18T09:00,26.3,30.3,15.3,22.8
0,Paris,2025-05-18T10:00,25.2,30,19.1,23.7
0,Paris,2025-05-18T11:00,23.7,29.7,25.2,25.2
0,Paris,2025-05-18T12:00,22,29.3,33.4,27.2
0,Paris,2025-05-18T13:00,22,29,31.9,27.2
0,Paris,2025-05-18T14:00,21.3,29,35.6,28
0,Paris,2025-05-18T15:00,20,28.8,43.8,29.8
0,Paris,2025-05-18T16:00,19.2,28.6,48.9,31.1
0,Paris,2025-05-18T17:00,19.3,28.8,49.4,31
0,Paris,2025-05-18T18:00,19.2,28.7,49.4,31.1
0,Paris,2025-05-18T19:00,19.1,28.1,46.9,31.2
0,Paris,2025-05-18T20:00,20.4,27.7,35.7,29.3
0,Paris,2025-05-18T21:00,22.9,28.2,22.8,26
0,Paris,2025-05-18T22:00,23.7,28.4,19.7,25.2
0,Paris,2025-05-18T23:00,25,28.3,13.3,23.9
0,Paris,2025-05-19T00:00,26.3,28.1,7,22.7
0,Paris,2025-05-19T01:00,27,27.4,1.4,22.2
0,Paris,2025-05-19T02:00,27.1,26.7,0,22.1
0,Paris,2025-05-19T03:00,28.7,27.8,0,20.8
0,Paris,2025-05-19T04:00,32,30.3,0,18.7
0,Paris,2025-05-19T05:00,32.3,31.4,0,18.5
0,Paris,2025-05-19T06:00,28.6,31.7,10.9,20.9
0,Paris,2025-05-19T07:00,22.6,30.8,36.1,26.4
0,Paris,2025-05-19T08:00,16.6,29.1,74.8,36
0,Paris,2025-05-19T09:00,16.3,28.7,75.5,36.6
0,Paris,2025-05-19T10:00,18.1,28.7,58.7,33
0,Paris,2025-05-19T11:00,18.1,28.3,56,32.9
0,Paris,2025-05-19T12:00,18.9,28.3,49.6,31.6
0,Paris,2025-05-19T13:00,18.8,28.3,50.4,31.8
0,Paris,2025-05-19T14:00,19.1,28.3,48,31.2
0,Paris,2025-05-19T15:00,18.8,28.4,50.8,31.8
0,Paris,2025-05-19T16:00,17.7,28,58.2,33.8
0,Paris,2025-05-19T17:00,16.7,27.6,65.6,35.8
0,Paris,2025-05-19T18:00,16.9,27.8,64.7,35.4
0,Paris,2025-05-19T19:00,18.6,28.1,50.5,32.1
0,Paris,2025-05-19T20:00,22.4,28,25,26.7
0,Paris,2025-05-19T21:00,23.8,27.6,16.1,25.1
0,Paris,2025-05-19T22:00,23.4,27.3,16.9,25.6
0,Paris,2025-05-19T23:00,24.5,27.7,12.8,24.4
0,Paris,2025-05-20T00:00,25.8,27.4,6.3,23.2
0,Paris,2025-05-20T01:00,26.4,27,1.9,22.6
0,Paris,2025-05-20T02:00,27.1,26.8,0,22.1
0,Paris,2025-05-20T03:00,28.8,28.1,0,20.8
0,Paris,2025-05-20T04:00,31.9,30.8,0,18.8
0,Paris,2025-05-20T05:00,31.7,31,0,18.8
0,Paris,2025-05-20T06:00,28.2,31.7,12.5,21.2
0,Paris,2025-05-20T07:00,21.2,30.6,43.9,28.2
0,Paris,2025-05-20T08:00,16.5,28.9,75.1,36.3
0,Paris,2025-05-20T09:00,17,28.9,70,35.2
0,Paris,2025-05-20T10:00,17.6,28.9,64,33.9
0,Paris,2025-05-20T11:00,17.3,28.5,63.9,34.4
0,Paris,2025-05-20T12:00,17.4,28.3,62.3,34.4
0,Paris,2025-05-20T13:00,18.5,28.5,54,32.3
0,Paris,2025-05-20T14:00,18.2,28.3,55.7,32.9
0,Paris,2025-05-20T15:00,17,28,64,35.1
0,Paris,2025-05-20T16:00,16.5,27.9,68.5,36.1
0,Paris,2025-05-20T17:00,15.4,27.5,77.9,38.7
0,Paris,2025-05-20T18:00,15.6,27.5,76,38.2
0,Paris,2025-05-20T19:00,16.6,27.6,66,35.9
0,Paris,2025-05-20T20:00,20.1,27.6,37.2,29.8
0,Paris,2025-05-20T21:00,22.4,27.1,20.8,26.7
0,Paris,2025-05-20T22:00,21.4,26.8,25,27.9
0,Paris,2025-05-20T23:00,22.3,27,21.3,26.8
0,Paris,2025-05-21T00:00,23.2,26.3,13.1,25.8
0,Paris,2025-05-21T01:00,25.3,26,3.1,23.7
0,Paris,2025-05-21T02:00,25.8,25.8,0,23.2
0,Paris,2025-05-21T03:00,27.2,26.7,0,22
0,Paris,2025-05-21T04:00,30.2,29,0,19.8
0,Paris,2025-05-21T05:00,30.9,30.3,0,19.3
0,Paris,2025-05-21T06:00,28.3,31.6,11.5,21.1
0,Paris,2025-05-21T07:00,22.2,30.8,38.7,26.9
0,Paris,2025-05-21T08:00,17.8,29.5,66.1,33.6
0,Paris,2025-05-21T09:00,17.8,29.2,64.4,33.6
0,Paris,2025-05-21T10:00,18.1,28.7,58.4,33
0,Paris,2025-05-21T11:00,18,28.6,58.7,33.2
0,Paris,2025-05-21T12:00,17.3,28,62.2,34.6
0,Paris,2025-05-21T13:00,17.5,28.1,60.5,34.2
0,Paris,2025-05-21T14:00,17,27.9,63.5,35.1
0,Paris,2025-05-21T15:00,17.4,28,60.5,34.3
0,Paris,2025-05-21T16:00,15.3,27,76.1,39
0,Paris,2025-05-21T17:00,13.3,26.4,97.2,44.8
0,Paris,2025-05-21T18:00,13.4,26.8,99.6,44.6
0,Paris,2025-05-21T19:00,14.2,26.8,88.5,42.1
0,Paris,2025-05-21T20:00,18.4,27.4,48.6,32.5
0,Paris,2025-05-21T21:00,21.7,27.3,25.6,27.6
0,Paris,2025-05-21T22:00,21.7,26.6,22.6,27.5
0,Paris,2025-05-21T23:00,22.4,27,20.4,26.7
0,Paris,2025-05-22T00:00,23.7,26.5,11.7,25.2
0,Paris,2025-05-22T01:00,25.1,25.9,3.3,23.8
0,Paris,2025-05-22T02:00,25.7,25.6,0,23.2
0,Paris,2025-05-22T03:00,27.4,26.5,0,21.8
0,Paris,2025-05-22T04:00,30.2,28.7,0,19.8
0,Paris,2025-05-22T05:00,31.1,30.3,0,19.2
0,Paris,2025-05-22T06:00,28.3,31.4,10.9,21.1
0,Paris,2025-05-22T07:00,21.4,30.5,42.6,28
0,Paris,2025-05-22T08:00,17.3,29.2,68.9,34.6
0,Paris,2025-05-22T09:00,17.4,29.1,67.2,34.3
0,Paris,2025-05-22T10:00,18.2,29,59.2,32.8
0,Paris,2025-05-22T11:00,17.8,28.6,60.7,33.6
0,Paris,2025-05-22T12:00,17.8,28.2,58.6,33.6
0,Paris,2025-05-22T13:00,18.8,28.2,50,31.8
0,Paris,2025-05-22T14:00,18.5,28.1,51.7,32.3
0,Paris,2025-05-22T15:00,16.9,27.7,63.8,35.3
0,Paris,2025-05-22T16:00,16.1,27.8,72,37
0,Paris,2025-05-22T17:00,14.5,27.2,87.7,41.3
0,Paris,2025-05-22T18:00,14.3,27.2,90.3,41.8
0,Paris,2025-05-22T19:00,16.2,27.4,68.8,36.9
0,Paris,2025-05-22T20:00,19.8,27.7,40,30.2
0,Paris,2025-05-22T21:00,21.8,27.2,24.7,27.5
0,Paris,2025-05-22T22:00,21.1,26.8,27.1,28.3
0,Paris,2025-05-22T23:00,21,26.8,27.6,28.4
0,Paris,2025-05-23T00:00,22.2,26.5,19.3,26.9
0,Paris,2025-05-23T01:00,23.7,25.8,8.5,25.2
0,Paris,2025-05-23T02:00,24.8,25.4,2.7,24.1
0,Paris,2025-05-23T03:00,25.7,25.5,0,23.2
0,Paris,2025-05-23T04:00,28.5,27.2,0,21
0,Paris,2025-05-23T05:00,30.3,29.4,0,19.7
0,Paris,2025-05-23T06:00,28.8,31.6,9.4,20.7
0,Paris,2025-05-23T07:00,22.9,31,35.4,26.1
0,Paris,2025-05-23T08:00,18.6,29.6,59.1,32.2
0,Paris,2025-05-23T09:00,18.3,29.4,60.5,32.7
0,Paris,2025-05-23T10:00,18.1,29.1,60.1,33
0,Paris,2025-05-23T11:00,18.2,28.8,58.2,32.9
0,Paris,2025-05-23T12:00,17.4,28,60.7,34.3
0,Paris,2025-05-23T13:00,18.5,28.2,52.1,32.3
0,Paris,2025-05-23T14:00,18.1,28.2,55.3,33
0,Paris,2025-05-23T15:00,16.6,27.8,67.6,36
0,Paris,2025-05-23T16:00,15.7,27.6,75.6,38.1
0,Paris,2025-05-23T17:00,15.2,27.4,80.1,39.4
0,Paris,2025-05-23T18:00,15.2,27.4,79.4,39.2
0,Paris,2025-05-23T19:00,16.7,27.5,64.4,35.8
0,Paris,2025-05-23T20:00,19.5,27.8,42.6,30.7
0,Paris,2025-05-23T21:00,20.6,27.2,31.8,29
0,Paris,2025-05-23T22:00,21.4,27.4,27.8,27.9
0,Paris,2025-05-23T23:00,21.6,27.8,28.7,27.7
0,Paris,2025-05-24T00:00,22.2,27.6,24.2,26.9
0,Paris,2025-05-24T01:00,22.8,26.8,17.4,26.2
0,Paris,2025-05-24T02:00,23.2,26.1,12.5,25.8
0,Paris,2025-05-24T03:00,25.1,26.2,4.6,23.8
0,Paris,2025-05-24T04:00,26.9,27.2,0.9,22.2
0,Paris,2025-05-24T05:00,28.4,28.4,0,21
0,Paris,2025-05-24T06:00,29.1,29.5,1.3,20.5
0,Paris,2025-05-24T07:00,29.2,30.7,5.1,20.5
0,Paris,2025-05-24T08:00,27.5,30.8,12,21.7
0,Paris,2025-05-24T09:00,24.3,30.2,24.1,24.6
0,Paris,2025-05-24T10:00,21.6,29.4,35.6,27.6
0,Paris,2025-05-24T11:00,20.3,29.2,43.4,29.4
0,Paris,2025-05-24T12:00,19.2,28.7,49.1,31.1
0,Paris,2025-05-24T13:00,19.6,28.7,46.6,30.5
0,Paris,2025-05-24T14:00,19.2,28.6,49.1,31.1
0,Paris,2025-05-24T15:00,17.9,28.5,58.5,33.3
0,Paris,2025-05-24T16:00,17.9,28.5,59.2,33.4
0,Paris,2025-05-24T17:00,18.2,28.4,55.9,32.8
0,Paris,2025-05-24T18:00,18,28.7,58.9,33.2
0,Paris,2025-05-24T19:00,17.6,27.8,57.6,33.9
0,Paris,2025-05-24T20:00,19.3,27.6,43,31
0,Paris,2025-05-24T21:00,21.4,27.4,27.7,27.9
0,Paris,2025-05-24T22:00,21.6,27.6,27.5,27.6
0,Paris,2025-05-24T23:00,22,28.7,30.6,27.2
0,Paris,2025-05-25T00:00,22.3,28.9,29.2,26.7
0,Paris,2025-05-25T01:00,22.4,27.7,23.5,26.7
0,Paris,2025-05-25T02:00,22.8,27,18.2,26.2
0,Paris,2025-05-25T03:00,24.6,26.9,9.4,24.3
0,Paris,2025-05-25T04:00,26.5,27.4,3.4,22.6
0,Paris,2025-05-25T05:00,28.1,28.2,0.4,21.3
0,Paris,2025-05-25T06:00,29.9,29.3,0,20
0,Paris,2025-05-25T07:00,30.6,30.4,0,19.6
0,Paris,2025-05-25T08:00,29.6,30.8,3.7,20.2
0,Paris,2025-05-25T09:00,27.3,30.3,10.8,21.9
0,Paris,2025-05-25T10:00,25.3,30,18.7,23.7
0,Paris,2025-05-25T11:00,22.7,29.8,30.8,26.3
0,Paris,2025-05-25T12:00,20,29.1,44.9,29.8
0,Paris,2025-05-25T13:00,20.8,28.8,38.6,28.8
0,Paris,2025-05-25T14:00,20.5,28.7,39.9,29.2
0,Paris,2025-05-25T15:00,19.8,28.8,45.6,30.2
0,Paris,2025-05-25T16:00,19.2,28.8,50.1,31.2
0,Paris,2025-05-25T17:00,18.9,28.8,52.3,31.7
0,Paris,2025-05-25T18:00,18.8,28.7,53,31.8
0,Paris,2025-05-25T19:00,19.4,28.2,45.4,30.9
0,Paris,2025-05-25T20:00,21.6,28.3,31.3,27.7
0,Paris,2025-05-25T21:00,23.5,28.2,20,25.4
0,Paris,2025-05-25T22:00,24.2,28.2,16.4,24.7
0,Paris,2025-05-25T23:00,25.3,28.3,11.9,23.6
0,Paris,2025-05-26T00:00,26.3,28.2,7,22.7
0,Paris,2025-05-26T01:00,26.8,27.3,1.8,22.3
0,Paris,2025-05-26T02:00,27,26.8,0,22.1
0,Paris,2025-05-26T03:00,28.7,27.9,0,20.8
0,Paris,2025-05-26T04:00,32.1,30.5,0,18.6
0,Paris,2025-05-26T05:00,32.6,31.5,0,18.3
0,Paris,2025-05-26T06:00,29.1,32,10,20.6
0,Paris,2025-05-26T07:00,22.1,30.8,39.6,27.1
0,Paris,2025-05-26T08:00,17.7,29.3,65,33.7
0,Paris,2025-05-26T09:00,18.4,29.3,59.5,32.6
0,Paris,2025-05-26T10:00,19.2,29,50.9,31.1
0,Paris,2025-05-26T11:00,19.4,28.8,48.7,30.9
0,Paris,2025-05-26T12:00,19.5,28.4,45.5,30.7
0,Paris,2025-05-26T13:00,19.6,28.2,44.1,30.5
0,Paris,2025-05-26T14:00,19.5,28.4,45.6,30.7
0,Paris,2025-05-26T15:00,19.4,28.7,47.9,30.9
0,Paris,2025-05-26T16:00,18.3,28.3,54.3,32.6
0,Paris,2025-05-26T17:00,17.8,28.3,59,33.6
0,Paris,2025-05-26T18:00,18.6,28.5,53.3,32.1
0,Paris,2025-05-26T19:00,19.5,28.1,43.8,30.6
0,Paris,2025-05-26T20:00,22.3,27.8,24.5,26.8
0,Paris,2025-05-26T21:00,23.5,27.4,16.2,25.4
0,Paris,2025-05-26T22:00,23.4,27.5,17,25.5
0,Paris,2025-05-26T23:00,24.7,27.9,12.8,24.2
0,Paris,2025-05-27T00:00,25.7,27.3,6.1,23.2
0,Paris,2025-05-27T01:00,26.5,26.7,0.9,22.6
0,Paris,2025-05-27T02:00,27.2,26.7,0,22
0,Paris,2025-05-27T03:00,28.9,28.1,0,20.6
0,Paris,2025-05-27T04:00,32.2,30.7,0,18.5
0,Paris,2025-05-27T05:00,31.9,31.1,0,18.8
0,Paris,2025-05-27T06:00,28.7,31.8,10.9,20.8
0,Paris,2025-05-27T07:00,22.1,30.9,39.8,27.1
0,Paris,2025-05-27T08:00,17.1,29.4,71.7,34.9
0,Paris,2025-05-27T09:00,17.4,29.3,67.4,34.2
0,Paris,2025-05-27T10:00,17.4,28.8,65.1,34.3
0,Paris,2025-05-27T11:00,17.2,28.3,64.8,34.8
0,Paris,2025-05-27T12:00,17.7,28.2,59.2,33.8
0,Paris,2025-05-27T13:00,18.5,28.4,52.9,32.3
0,Paris,2025-05-27T14:00,18.2,28.3,55.3,32.9
0,Paris,2025-05-27T15:00,17.6,28.3,60.6,34
0,Paris,2025-05-27T16:00,16.1,27.7,71.7,37.1
0,Paris,2025-05-27T17:00,15.3,27.5,79.3,39
0,Paris,2025-05-27T18:00,15.1,27.5,81.9,39.5
0,Paris,2025-05-27T19:00,16.1,27.3,69.6,37.1
0,Paris,2025-05-27T20:00,20.2,27.5,35.7,29.5
0,Paris,2025-05-27T21:00,22.7,27.3,20.4,26.3
0,Paris,2025-05-27T22:00,22.1,27.2,23.1,27.1
0,Paris,2025-05-27T23:00,21.9,27,23.3,27.3
0,Paris,2025-05-28T00:00,24.7,27.3,10.1,24.2
0,Paris,2025-05-28T01:00,25.3,26.1,3,23.6
0,Paris,2025-05-28T02:00,26.1,25.9,0,22.9
0,Paris,2025-05-28T03:00,27.8,26.9,0,21.5
0,Paris,2025-05-28T04:00,30.7,29.2,0,19.5
0,Paris,2025-05-28T05:00,30.3,29.9,0,19.7
0,Paris,2025-05-28T06:00,28.3,31.3,10.5,21.1
0,Paris,2025-05-28T07:00,22.4,30.8,37.3,26.6
0,Paris,2025-05-28T08:00,18.3,29.7,62.1,32.7
0,Paris,2025-05-28T09:00,17.7,29.2,64.3,33.7
0,Paris,2025-05-28T10:00,17.6,28.9,64.3,34
0,Paris,2025-05-28T11:00,16.8,28.5,69.3,35.5
0,Paris,2025-05-28T12:00,16.3,28.2,73.1,36.7
0,Paris,2025-05-28T13:00,16.4,27.9,70,36.5
0,Paris,2025-05-28T14:00,16,27.8,73,37.2
0,Paris,2025-05-28T15:00,15,27.4,82.7,39.9
0,Paris,2025-05-28T16:00,14.4,27.3,89.1,41.4
0,Paris,2025-05-28T17:00,13.3,27,101.8,44.8
0,Paris,2025-05-28T18:00,13.2,26.9,102.9,45.1
0,Paris,2025-05-28T19:00,14,26.7,91,42.8
0,Paris,2025-05-28T20:00,16.9,27.2,60.8,35.4
0,Paris,2025-05-28T21:00,20.9,27.9,33.5,28.6
0,Paris,2025-05-28T22:00,22.4,27.9,24.4,26.7
0,Paris,2025-05-28T23:00,22.7,28,22.9,26.3
0,Paris,2025-05-29T00:00,23.8,27.7,16.3,25.1
0,Paris,2025-05-29T01:00,24.7,27,9.3,24.2
0,Paris,2025-05-29T02:00,25.3,26.5,4.8,23.6
0,Paris,2025-05-29T03:00,26.6,26.6,0,22.4
0,Paris,2025-05-29T04:00,28.5,27.6,0,21
0,Paris,2025-05-29T05:00,30.1,29,0,19.8
0,Paris,2025-05-29T06:00,30.5,30.1,0,19.6
0,Paris,2025-05-29T07:00,29.2,30.5,4.2,20.4
0,Paris,2025-05-29T08:00,27.4,30.2,10.2,21.8
0,Paris,2025-05-29T09:00,26.1,30.5,17,22.9
0,Paris,2025-05-29T10:00,23.2,29.9,28.6,25.8
0,Paris,2025-05-29T11:00,21.3,29.2,37.2,28.1
0,Paris,2025-05-29T12:00,21,28.6,36,28.4
0,Paris,2025-05-29T13:00,21.5,28.5,32.5,27.8
0,Paris,2025-05-29T14:00,20.7,28.6,37.9,28.8
0,Paris,2025-05-29T15:00,19.6,28.4,44.7,30.4
0,Paris,2025-05-29T16:00,19.6,28.6,45.6,30.5
0,Paris,2025-05-29T17:00,19.8,28.8,45.8,30.3
0,Paris,2025-05-29T18:00,20.1,28.7,42.7,29.8
0,Paris,2025-05-29T19:00,20.4,28,37.4,29.3
0,Paris,2025-05-29T20:00,21.3,27.6,29.2,28
0,Paris,2025-05-29T21:00,22.5,27.6,22.4,26.5
0,Paris,2025-05-29T22:00,22.6,27.7,22.5,26.4
0,Paris,2025-05-29T23:00,23,28,21.7,26
0,Paris,2025-05-30T00:00,24.6,28.2,14.7,24.3
0,Paris,2025-05-30T01:00,25.1,27,7.5,23.8
0,Paris,2025-05-30T02:00,25.4,26.4,3.9,23.5
0,Paris,2025-05-30T03:00,26.9,26.8,0,22.3
0,Paris,2025-05-30T04:00,29.5,28.6,0,20.3
0,Paris,2025-05-30T05:00,30.7,29.8,0,19.4
0,Paris,2025-05-30T06:00,30.4,31.4,3.2,19.7
0,Paris,2025-05-30T07:00,27,31,14.4,22.1
0,Paris,2025-05-30T08:00,25,30.3,21.4,23.9
0,Paris,2025-05-30T09:00,22.9,30.2,32,26.1
0,Paris,2025-05-30T10:00,20.7,29.8,43.6,28.8
0,Paris,2025-05-30T11:00,19.7,29.1,47.5,30.4
0,Paris,2025-05-30T12:00,19.4,28.3,45.8,30.8
0,Paris,2025-05-30T13:00,20.6,28.7,38.7,28.9
0,Paris,2025-05-30T14:00,20.2,28.5,41.3,29.7
0,Paris,2025-05-30T15:00,19.2,28.4,47.8,31.2
0,Paris,2025-05-30T16:00,18.6,28.3,51.4,32.1
0,Paris,2025-05-30T17:00,18.2,28.1,54,32.8
0,Paris,2025-05-30T18:00,19,28.1,47.8,31.4
0,Paris,2025-05-30T19:00,19.1,27.8,45.6,31.3
0,Paris,2025-05-30T20:00,20.7,27.9,35.1,28.9
0,Paris,2025-05-30T21:00,21.7,27.8,28.2,27.5
0,Paris,2025-05-30T22:00,21.8,27.9,27.6,27.4
0,Paris,2025-05-30T23:00,21.7,28.1,29.4,27.5
0,Paris,2025-05-31T00:00,22.8,28.3,24.3,26.2
0,Paris,2025-05-31T01:00,23.3,27.5,17.6,25.6
0,Paris,2025-05-31T02:00,23.6,26.8,13.6,25.3
0,Paris,2025-05-31T03:00,25.3,26.9,6.3,23.6
0,Paris,2025-05-31T04:00,27,27.5,1.9,22.1
0,Paris,2025-05-31T05:00,28.9,28.9,0,20.7
0,Paris,2025-05-31T06:00,30,30.1,0.2,19.9
0,Paris,2025-05-31T07:00,29.9,31,3.7,20
0,Paris,2025-05-31T08:00,28.7,31,7.9,20.8
0,Paris,2025-05-31T09:00,26,30.3,16.4,22.9
0,Paris,2025-05-31T10:00,24.2,29.9,23.3,24.7
0,Paris,2025-05-31T11:00,22.6,29.4,30.3,26.5
0,Paris,2025-05-31T12:00,21.6,28.9,34,27.7
0,Paris,2025-05-31T13:00,21.4,28.9,35.1,28
0,Paris,2025-05-31T14:00,21.3,28.8,35.4,28.1
0,Paris,2025-05-31T15:00,20.6,29,40.2,29
0,Paris,2025-05-31T16:00,20.5,28.9,40.8,29.1
0,Paris,2025-05-31T17:00,20.3,29.2,43.3,29.4
0,Paris,2025-05-31T18:00,20,29.4,46.7,29.9
0,Paris,2025-05-31T19:00,19.8,29,46.6,30.2
0,Paris,2025-05-31T20:00,22,29,31.7,27.2
0,Paris,2025-05-31T21:00,24.6,28.5,15.6,24.2
0,Paris,2025-05-31T22:00,25.3,28.7,13.4,23.6
0,Paris,2025-05-31T23:00,20.7,29.1,40.3,28.8
0,Paris,2025-06-01T00:00,19.5,28.3,44.7,30.6
0,Paris,2025-06-01T01:00,21.3,28.7,34.2,28
0,Paris,2025-06-01T02:00,22.2,28.4,28.2,27
0,Paris,2025-06-01T03:00,24.1,28.2,17.2,24.8
0,Paris,2025-06-01T04:00,25.6,27.8,8.6,23.4
0,Paris,2025-06-01T05:00,27.3,28.3,3.6,21.9
0,Paris,2025-06-01T06:00,29.6,29.6,0,20.2
0,Paris,2025-06-01T07:00,30.5,30.4,0,19.6
0,Paris,2025-06-01T08:00,29.9,30.8,2.9,20
0,Paris,2025-06-01T09:00,28.5,31,8.8,21
0,Paris,2025-06-01T10:00,25.9,30.7,18.4,23.1
0,Paris,2025-06-01T11:00,23.6,30.2,28.2,25.4
0,Paris,2025-06-01T12:00,21.9,29.6,34.9,27.2
0,Paris,2025-06-01T13:00,22.1,29.4,33.2,27.1
0,Paris,2025-06-01T14:00,21.8,29.6,36.1,27.5
0,Paris,2025-06-01T15:00,21.1,29.6,40.3,28.4
0,Paris,2025-06-01T16:00,19.9,29.1,46.1,30
0,Paris,2025-06-01T17:00,19,28.7,51.1,31.5
0,Paris,2025-06-01T18:00,19.6,29.4,49.8,30.5
0,Paris,2025-06-01T19:00,19.1,28.8,50.4,31.3
0,Paris,2025-06-01T20:00,21,28.7,36.6,28.5
0,Paris,2025-06-01T21:00,23.4,29.1,24,25.5
0,Paris,2025-06-01T22:00,24.8,29.1,17.4,24.1
0,Paris,2025-06-01T23:00,25.7,29.7,15.7,23.3
0,Paris,2025-06-02T00:00,26.7,29.4,10,22.4
0,Paris,2025-06-02T01:00,26.1,27.9,6.7,22.9
0,Paris,2025-06-02T02:00,26.4,27.5,4.2,22.6
0,Paris,2025-06-02T03:00,27.4,28,2.2,21.8
0,Paris,2025-06-02T04:00,31.7,30.3,0,18.8
0,Paris,2025-06-02T05:00,32,31.1,0,18.7
0,Paris,2025-06-02T06:00,29.1,31.9,9.5,20.5
0,Paris,2025-06-02T07:00,23.1,31.1,34.9,25.9
0,Paris,2025-06-02T08:00,18.5,29.5,58.9,32.3
0,Paris,2025-06-02T09:00,19,29.3,54.2,31.5
0,Paris,2025-06-02T10:00,19.8,29.1,46.9,30.2
0,Paris,2025-06-02T11:00,19.7,28.9,46.3,30.3
0,Paris,2025-06-02T12:00,19.3,28.2,46.3,31
0,Paris,2025-06-02T13:00,19.9,28.4,42.3,30
0,Paris,2025-06-02T14:00,20.4,28.6,40.1,29.3
0,Paris,2025-06-02T15:00,19.7,28.5,44.5,30.3
0,Paris,2025-06-02T16:00,18.4,28.2,52.8,32.4
0,Paris,2025-06-02T17:00,17.3,27.9,61.2,34.5
0,Paris,2025-06-02T18:00,17.5,28,60.2,34.2
0,Paris,2025-06-02T19:00,19.4,28.1,44.6,30.8
0,Paris,2025-06-02T20:00,22.7,27.9,22.6,26.3
0,Paris,2025-06-02T21:00,23.7,27.2,14.7,25.2
0,Paris,2025-06-02T22:00,23.1,26.9,16.4,25.8
0,Paris,2025-06-02T23:00,23.7,26.8,12.9,25.2
0,Paris,2025-06-03T00:00,25.1,26.5,5.2,23.8
0,Paris,2025-06-03T01:00,25.7,26,0.9,23.2
0,Paris,2025-06-03T02:00,26.1,25.5,0,22.9
0,Paris,2025-06-03T03:00,27.4,26.4,0,21.8
0,Paris,2025-06-03T04:00,30.4,28.8,0,19.7
0,Paris,2025-06-03T05:00,31.5,30.7,0,19
0,Paris,2025-06-03T06:00,28.8,31.8,10.3,20.7
0,Paris,2025-06-03T07:00,21.8,30.7,40.5,27.4
0,Paris,2025-06-03T08:00,17.1,29.2,70.3,34.9
0,Paris,2025-06-03T09:00,16.2,28.3,74.4,36.9
0,Paris,2025-06-03T10:00,17.1,28.3,64.8,34.9
0,Paris,2025-06-03T11:00,18.2,28.8,58.2,32.9
0,Paris,2025-06-03T12:00,18.4,28.3,53.7,32.5
0,Paris,2025-06-03T13:00,18.9,28.4,49.8,31.6
0,Paris,2025-06-03T14:00,18.8,28.2,49.7,31.8
0,Paris,2025-06-03T15:00,17.7,28.1,58.5,33.7
0,Paris,2025-06-03T16:00,16.7,27.8,65.8,35.7
0,Paris,2025-06-03T17:00,15.8,27.5,73.3,37.7
0,Paris,2025-06-03T18:00,16,27.4,71.3,37.4
0,Paris,2025-06-03T19:00,17.6,27.7,56.8,33.9
0,Paris,2025-06-03T20:00,21.4,27.7,29.3,27.9
0,Paris,2025-06-03T21:00,23.4,27.5,17.4,25.5
0,Paris,2025-06-03T22:00,23.4,27.5,17.8,25.6
0,Paris,2025-06-03T23:00,23.8,27.5,15.8,25.1
0,Paris,2025-06-04T00:00,25.2,27.2,8.2,23.8
0,Paris,2025-06-04T01:00,26,26.4,1.8,23
0,Paris,2025-06-04T02:00,26.9,26.4,0,22.2
0,Paris,2025-06-04T03:00,28.3,27.3,0,21.1
0,Paris,2025-06-04T04:00,31,29.5,0,19.3
0,Paris,2025-06-04T05:00,32.1,31.2,0,18.6
0,Paris,2025-06-04T06:00,28.8,31.6,9.6,20.7
0,Paris,2025-06-04T07:00,22.2,30.8,38.4,26.9
0,Paris,2025-06-04T08:00,17.3,29.3,69.1,34.5
0,Paris,2025-06-04T09:00,16.5,28.9,75.2,36.3
0,Paris,2025-06-04T10:00,16.7,28.7,72.1,35.8
0,Paris,2025-06-04T11:00,17,28.7,68.6,35.2
0,Paris,2025-06-04T12:00,16.3,28.2,72.6,36.6
0,Paris,2025-06-04T13:00,16.2,27.9,71.9,36.9
0,Paris,2025-06-04T14:00,16.5,27.9,69.1,36.2
0,Paris,2025-06-04T15:00,16.3,27.9,70.4,36.6
0,Paris,2025-06-04T16:00,15.3,27.4,79.4,39.1
0,Paris,2025-06-04T17:00,14.2,27,90.4,42.2
0,Paris,2025-06-04T18:00,14.5,27.3,87.6,41.1
0,Paris,2025-06-04T19:00,16.1,27.3,69.5,37.1
0,Paris,2025-06-04T20:00,20.4,27.6,34.9,29.3
0,Paris,2025-06-04T21:00,22.6,27.4,20.9,26.4
0,Paris,2025-06-04T22:00,21.7,26.6,22.4,27.6
0,Paris,2025-06-04T23:00,21.4,26.2,22.2,27.9
0,Paris,2025-06-05T00:00,23.4,26.4,13,25.6
0,Paris,2025-06-05T01:00,24.2,25.3,4.6,24.7
0,Paris,2025-06-05T02:00,25.6,25.2,0,23.4
0,Paris,2025-06-05T03:00,27.2,26,0,22
0,Paris,2025-06-05T04:00,29.6,27.8,0,20.2
0,Paris,2025-06-05T05:00,30.4,29.7,0,19.6
0,Paris,2025-06-05T06:00,28.6,31.4,9.7,20.9
0,Paris,2025-06-05T07:00,21.8,30.7,40.8,27.4
0,Paris,2025-06-05T08:00,16.7,29.2,74.7,35.8
0,Paris,2025-06-05T09:00,16.2,29.1,79,36.8
0,Paris,2025-06-05T10:00,17.1,29,69.6,35
0,Paris,2025-06-05T11:00,16.5,28.7,73.7,36.2
0,Paris,2025-06-05T12:00,17.1,28.4,66.4,35
0,Paris,2025-06-05T13:00,17.4,28.3,62.4,34.3
0,Paris,2025-06-05T14:00,16.9,28.3,67.4,35.4
0,Paris,2025-06-05T15:00,15,27.7,84.2,39.8
0,Paris,2025-06-05T16:00,13.9,27.2,96.1,43.1
0,Paris,2025-06-05T17:00,12.9,26.9,108.6,46.4
0,Paris,2025-06-05T18:00,12.4,26.9,115.7,48
0,Paris,2025-06-05T19:00,12.9,26.7,105.8,46.2
0,Paris,2025-06-05T20:00,15.9,27.2,71.2,37.6
0,Paris,2025-06-05T21:00,20.7,27.7,33.8,28.8
0,Paris,2025-06-05T22:00,22.4,27.4,22.1,26.6
0,Paris,2025-06-05T23:00,22.3,27.4,23.1,26.9
0,Paris,2025-06-06T00:00,24,27.5,14.3,24.9
0,Paris,2025-06-06T01:00,24.9,26.5,6.6,24
0,Paris,2025-06-06T02:00,25.5,26.1,2.3,23.4
0,Paris,2025-06-06T03:00,27.5,26.9,0,21.7
0,Paris,2025-06-06T04:00,30.1,28.6,0,19.8
0,Paris,2025-06-06T05:00,30.7,30.1,0,19.5
0,Paris,2025-06-06T06:00,27.8,31.4,13,21.5
0,Paris,2025-06-06T07:00,22.1,30.6,38,27
0,Paris,2025-06-06T08:00,18.6,29.3,57,32.1
0,Paris,2025-06-06T09:00,17.1,28.2,64.9,35
0,Paris,2025-06-06T10:00,17.7,28.4,59.9,33.7
0,Paris,2025-06-06T11:00,17.7,28.3,59.4,33.7
0,Paris,2025-06-06T12:00,18.2,28.5,56.6,32.8
0,Paris,2025-06-06T13:00,18.9,28.6,51.2,31.6
0,Paris,2025-06-06T14:00,18.6,28.2,52.1,32.2
0,Paris,2025-06-06T15:00,17.6,28.2,59.6,33.9
0,Paris,2025-06-06T16:00,17,28,64.4,35.1
0,Paris,2025-06-06T17:00,16.4,28.1,71.2,36.5
0,Paris,2025-06-06T18:00,15.7,27.5,74.9,38.1
0,Paris,2025-06-06T19:00,17.5,28,59.2,34.1
0,Paris,2025-06-06T20:00,20.6,28.5,38.3,29
0,Paris,2025-06-06T21:00,22.9,28.5,24.5,26.1
0,Paris,2025-06-06T22:00,23.7,28.6,20.5,25.2
0,Paris,2025-06-06T23:00,23.3,28.8,23.5,25.7
0,Paris,2025-06-07T00:00,23.7,28.6,20.8,25.2
0,Paris,2025-06-07T01:00,25.2,28,11,23.7
0,Paris,2025-06-07T02:00,25.4,27.2,7,23.5
0,Paris,2025-06-07T03:00,26.3,26.9,2,22.7
0,Paris,2025-06-07T04:00,27.6,27.3,0,21.7
0,Paris,2025-06-07T05:00,29,28.6,0,20.6
0,Paris,2025-06-07T06:00,29.9,29.9,0.2,20
0,Paris,2025-06-07T07:00,29.8,31.1,4.3,20
0,Paris,2025-06-07T08:00,28.6,31.4,10,20.9
0,Paris,2025-06-07T09:00,25.3,30.7,21.3,23.6
0,Paris,2025-06-07T10:00,22.7,29.7,30.7,26.3
0,Paris,2025-06-07T11:00,20.4,29,42,29.3
0,Paris,2025-06-07T12:00,20.5,28.9,40.4,29.1
0,Paris,2025-06-07T13:00,21.2,29.1,36.8,28.2
0,Paris,2025-06-07T14:00,19.9,28.8,44.3,30
0,Paris,2025-06-07T15:00,19.2,28.6,49,31.2
0,Paris,2025-06-07T16:00,18.8,28.6,52.1,31.8
0,Paris,2025-06-07T17:00,19.5,28.8,47.5,30.6
0,Paris,2025-06-07T18:00,19.7,28.8,46.2,30.4
0,Paris,2025-06-07T19:00,19.4,28.3,45.6,30.8
0,Paris,2025-06-07T20:00,20.3,27.8,36.6,29.4
0,Paris,2025-06-07T21:00,21.6,27.7,27.8,27.6
0,Paris,2025-06-07T22:00,21.6,27.8,28.4,27.6
0,Paris,2025-06-07T23:00,21.4,28.4,32.2,27.9
0,Paris,2025-06-08T00:00,22.2,28.2,27.1,26.9
0,Paris,2025-06-08T01:00,23.5,28,19,25.4
0,Paris,2025-06-08T02:00,24.6,27.7,12.7,24.3
0,Paris,2025-06-08T03:00,24.9,27,8.2,24
0,Paris,2025-06-08T04:00,26.5,27.1,1.9,22.5
0,Paris,2025-06-08T05:00,28.8,28.3,0,20.8
0,Paris,2025-06-08T06:00,30.5,29.6,0,19.6
0,Paris,2025-06-08T07:00,30,30.4,1.4,19.9
0,Paris,2025-06-08T08:00,29,30.7,5.7,20.6
0,Paris,2025-06-08T09:00,26.4,30.6,15.8,22.6
0,Paris,2025-06-08T10:00,24.1,30.3,25.4,24.7
0,Paris,2025-06-08T11:00,22,30,36.1,27.1
0,Paris,2025-06-08T12:00,20.3,29.4,45,29.5
0,Paris,2025-06-08T13:00,21,29.2,38.7,28.4
0,Paris,2025-06-08T14:00,22.1,29.3,32.7,27.1
0,Paris,2025-06-08T15:00,21.6,29.2,35.4,27.7
0,Paris,2025-06-08T16:00,21.4,29.1,36.2,28
0,Paris,2025-06-08T17:00,21.4,29.3,36.5,27.9
0,Paris,2025-06-08T18:00,20.3,28.8,41.5,29.4
0,Paris,2025-06-08T19:00,20.8,28.7,37.8,28.7
0,Paris,2025-06-08T20:00,22.6,28.7,27.1,26.5
0,Paris,2025-06-08T21:00,23.9,28.8,20.1,25
0,Paris,2025-06-08T22:00,24.3,28.6,17.6,24.6
0,Paris,2025-06-08T23:00,24.7,28.6,15.8,24.2
0,Paris,2025-06-09T00:00,25.7,29.1,13.1,23.2
0,Paris,2025-06-09T01:00,26.8,28.7,6.8,22.3
0,Paris,2025-06-09T02:00,27.2,27.8,2.2,22
0,Paris,2025-06-09T03:00,28.3,27.7,0,21.1
0,Paris,2025-06-09T04:00,30.2,28.7,0,19.8
0,Paris,2025-06-09T05:00,32.2,30.4,0,18.6
0,Paris,2025-06-09T06:00,32.2,31.3,0,18.5
0,Paris,2025-06-09T07:00,29.3,30.9,5.2,20.4
0,Paris,2025-06-09T08:00,27.8,30.3,8.7,21.5
0,Paris,2025-06-09T09:00,25.9,29.8,14.8,23
0,Paris,2025-06-09T10:00,24.3,29.5,21.2,24.6
0,Paris,2025-06-09T11:00,22.6,29.1,28.8,26.5
0,Paris,2025-06-09T12:00,21.8,28.7,31.4,27.4
0,Paris,2025-06-09T13:00,21.7,28.5,30.9,27.5
0,Paris,2025-06-09T14:00,20.8,28.5,36.4,28.7
0,Paris,2025-06-09T15:00,19.5,28.5,45.7,30.6
0,Paris,2025-06-09T16:00,19.5,28.7,46.8,30.6
0,Paris,2025-06-09T17:00,19.7,28.9,46.4,30.3
0,Paris,2025-06-09T18:00,20.1,28.8,43.5,29.8
0,Paris,2025-06-09T19:00,20.5,28.3,38,29.2
0,Paris,2025-06-09T20:00,22.3,28.3,26.6,26.8
0,Paris,2025-06-09T21:00,24.2,28.3,16.9,24.7
0,Paris,2025-06-09T22:00,24.7,28.6,15.3,24.1
0,Paris,2025-06-09T23:00,25.4,28.4,11.9,23.6
0,Paris,2025-06-10T00:00,26.2,27.7,5.8,22.8
0,Paris,2025-06-10T01:00,27,27.2,0.8,22.1
0,Paris,2025-06-10T02:00,27.3,26.9,0,21.9
0,Paris,2025-06-10T03:00,29.1,27.9,0,20.5
0,Paris,2025-06-10T04:00,32.1,30.4,0,18.6
0,Paris,2025-06-10T05:00,32,31.4,0,18.7
0,Paris,2025-06-10T06:00,28.6,32,11.7,20.9
0,Paris,2025-06-10T07:00,19.7,30,52.5,30.4
0,Paris,2025-06-10T08:00,14.5,28.1,93.4,41.2
0,Paris,2025-06-10T09:00,14.8,28.1,89,40.3
0,Paris,2025-06-10T10:00,16.2,28.3,74.3,36.9
0,Paris,2025-06-10T11:00,16.3,28,71,36.6
0,Paris,2025-06-10T12:00,16.9,28,64.7,35.3
0,Paris,2025-06-10T13:00,17.7,28.1,58.7,33.8
0,Paris,2025-06-10T14:00,17.3,28,61.2,34.4
0,Paris,2025-06-10T15:00,16.2,27.7,70,36.8
0,Paris,2025-06-10T16:00,15.2,27.3,79.8,39.4
0,Paris,2025-06-10T17:00,14.2,27,90.1,42.2
0,Paris,2025-06-10T18:00,13.7,26.6,93.7,43.6
0,Paris,2025-06-10T19:00,14.8,26.6,79.6,40.4
0,Paris,2025-06-10T20:00,19.8,27.6,39.2,30.2
0,Paris,2025-06-10T21:00,23,27.8,20.8,26
0,Paris,2025-06-10T22:00,21.9,27.2,24.2,27.3
0,Paris,2025-06-10T23:00,22.2,27,21.7,27
0,Paris,2025-06-11T00:00,24.4,27,10.5,24.5
0,Paris,2025-06-11T01:00,25.9,26.5,2.3,23.1
0,Paris,2025-06-11T02:00,27,26.6,0,22.2
0,Paris,2025-06-11T03:00,28.6,27.5,0,20.9
0,Paris,2025-06-11T04:00,31.5,30,0,18.9
0,Paris,2025-06-11T05:00,31.6,30.6,0,18.9
0,Paris,2025-06-11T06:00,28.7,31.9,11.4,20.9
0,Paris,2025-06-11T07:00,21.5,30.6,42.3,27.8
0,Paris,2025-06-11T08:00,17.1,29.1,70,34.9
0,Paris,2025-06-11T09:00,16.9,28.8,69.7,35.3
0,Paris,2025-06-11T10:00,18.3,28.8,56.6,32.6
0,Paris,2025-06-11T11:00,18.2,28.1,54.3,32.8
0,Paris,2025-06-11T12:00,16.8,27.4,63.1,35.7
0,Paris,2025-06-11T13:00,16,27,68.2,37.3
0,Paris,2025-06-11T14:00,16.2,26.9,65.7,36.8
0,Paris,2025-06-11T15:00,15.6,26.9,72.8,38.4
0,Paris,2025-06-11T16:00,14.4,26.6,83.8,41.4
0,Paris,2025-06-11T17:00,13.5,26.4,96,44.4
0,Paris,2025-06-11T18:00,13,26.3,102.6,46
0,Paris,2025-06-11T19:00,13.8,26.5,91.1,43.2
0,Paris,2025-06-11T20:00,18.7,27.6,47.2,31.9
0,Paris,2025-06-11T21:00,22.4,27.5,23,26.7
0,Paris,2025-06-11T22:00,21.7,27.4,26,27.5
0,Paris,2025-06-11T23:00,21.5,27.3,26.9,27.8
0,Paris,2025-06-12T00:00,23.7,27.1,14.3,25.2
0,Paris,2025-06-12T01:00,24.9,26.3,5.5,24
0,Paris,2025-06-12T02:00,26,26.3,1,23
0,Paris,2025-06-12T03:00,27.6,27.1,0,21.6
0,Paris,2025-06-12T04:00,30.1,29,0,19.9
0,Paris,2025-06-12T05:00,30.4,30,0,19.6
0,Paris,2025-06-12T06:00,28.2,31.4,11.1,21.2
0,Paris,2025-06-12T07:00,21.2,30.5,43.7,28.2
0,Paris,2025-06-12T08:00,16.6,29.1,74.8,36
0,Paris,2025-06-12T09:00,16.6,28.9,73.9,36
0,Paris,2025-06-12T10:00,17.3,28.8,66.6,34.6
0,Paris,2025-06-12T11:00,17,28.5,67.5,35.2
0,Paris,2025-06-12T12:00,17,28.1,65,35.1
0,Paris,2025-06-12T13:00,17.2,28.1,63.2,34.8
0,Paris,2025-06-12T14:00,16.9,27.8,65,35.4
0,Paris,2025-06-12T15:00,15.5,27.3,75.6,38.4
0,Paris,2025-06-12T16:00,14.9,27.1,81.1,40
0,Paris,2025-06-12T17:00,13.9,26.8,92.4,43
0,Paris,2025-06-12T18:00,14.1,27,91,42.3
0,Paris,2025-06-12T19:00,15.2,27.2,78.4,39.3
0,Paris,2025-06-12T20:00,18.2,27.6,51.6,32.8
0,Paris,2025-06-12T21:00,21.8,27.7,26.7,27.3
0,Paris,2025-06-12T22:00,22.3,27.6,23.5,26.7
0,Paris,2025-06-12T23:00,21.5,27.7,28.8,27.8
0,Paris,2025-06-13T00:00,23.3,27.6,18.4,25.7
0,Paris,2025-06-13T01:00,24.5,26.7,9,24.4
0,Paris,2025-06-13T02:00,25.3,26.3,3.8,23.6
0,Paris,2025-06-13T03:00,27.2,26.9,0,21.9
0,Paris,2025-06-13T04:00,29.9,28.7,0,20
0,Paris,2025-06-13T05:00,30.9,30.2,0,19.4
0,Paris,2025-06-13T06:00,28.3,31.5,11.1,21.1
0,Paris,2025-06-13T07:00,21.8,30.4,39.6,27.4
0,Paris,2025-06-13T08:00,17.9,29.2,63.3,33.5
0,Paris,2025-06-13T09:00,17.6,28.9,63.5,33.9
0,Paris,2025-06-13T10:00,17.7,28.7,61.6,33.7
0,Paris,2025-06-13T11:00,17.3,28.3,63.3,34.5
0,Paris,2025-06-13T12:00,17,27.9,64.2,35.2
0,Paris,2025-06-13T13:00,17.2,27.8,61.1,34.7
0,Paris,2025-06-13T14:00,17.3,27.6,60,34.6
0,Paris,2025-06-13T15:00,16.3,27.3,67,36.6
0,Paris,2025-06-13T16:00,15.8,27.2,72.4,37.9
0,Paris,2025-06-13T17:00,14.4,26.7,85.4,41.5
0,Paris,2025-06-13T18:00,14.8,26.9,81.5,40.4
0,Paris,2025-06-13T19:00,16.4,27.3,65.9,36.3
0,Paris,2025-06-13T20:00,19.3,27.8,44,31
0,Paris,2025-06-13T21:00,21.2,27.5,30,28.2
0,Paris,2025-06-13T22:00,21.5,27.7,28.3,27.7
0,Paris,2025-06-13T23:00,21,27.7,31.9,28.5
0,Paris,2025-06-14T00:00,22.3,27.7,24,26.8
0,Paris,2025-06-14T01:00,23.2,27.1,16.8,25.8
0,Paris,2025-06-14T02:00,24.3,26.7,9.7,24.6
0,Paris,2025-06-14T03:00,25.8,26.6,3.1,23.1
0,Paris,2025-06-14T04:00,27.5,27.2,0,21.8
0,Paris,2025-06-14T05:00,29.6,28.9,0,20.2
0,Paris,2025-06-14T06:00,29.9,30,0.2,20
0,Paris,2025-06-14T07:00,29.5,31,4.9,20.2
0,Paris,2025-06-14T08:00,28,31.2,11.1,21.3
0,Paris,2025-06-14T09:00,24.7,30.3,22.6,24.2
0,Paris,2025-06-14T10:00,22.3,29.4,32,26.8
0,Paris,2025-06-14T11:00,20.5,28.8,40.2,29.1
0,Paris,2025-06-14T12:00,19.9,28.6,43.3,30
0,Paris,2025-06-14T13:00,20.2,28.5,40.7,29.5
0,Paris,2025-06-14T14:00,19.8,28.4,43.3,30.2
0,Paris,2025-06-14T15:00,18.4,28,51.6,32.4
0,Paris,2025-06-14T16:00,18.5,28.3,52.9,32.3
0,Paris,2025-06-14T17:00,18.4,28.4,53.9,32.4
0,Paris,2025-06-14T18:00,18.2,28.2,55,32.9
0,Paris,2025-06-14T19:00,18.2,28,53.4,32.8
0,Paris,2025-06-14T20:00,19,27.4,44.7,31.5
0,Paris,2025-06-14T21:00,20.7,27.5,32.9,28.9
0,Paris,2025-06-14T22:00,21.5,27.9,29.6,27.8
0,Paris,2025-06-14T23:00,21.1,28.2,33.2,28.3
0,Paris,2025-06-15T00:00,22.1,28.4,28.5,27
0,Paris,2025-06-15T01:00,23,28.1,22.2,26
0,Paris,2025-06-15T02:00,23.6,27.4,16.1,25.3
0,Paris,2025-06-15T03:00,25.2,27.3,8.3,23.8
0,Paris,2025-06-15T04:00,26.6,27.5,3.3,22.5
0,Paris,2025-06-15T05:00,28.9,28.8,0,20.7
0,Paris,2025-06-15T06:00,30.5,29.6,0,19.6
0,Paris,2025-06-15T07:00,30.1,30.1,0,19.8
0,Paris,2025-06-15T08:00,29.9,30.9,3.5,20
0,Paris,2025-06-15T09:00,27.3,30.5,11.7,21.9
0,Paris,2025-06-15T10:00,25.1,30.1,19.7,23.8
0,Paris,2025-06-15T11:00,22.6,29.6,30.7,26.4
0,Paris,2025-06-15T12:00,20,28.7,43.3,29.9
0,Paris,2025-06-15T13:00,20.6,28.4,38.1,29.1
0,Paris,2025-06-15T14:00,20.9,28.7,37.5,28.7
0,Paris,2025-06-15T15:00,19.6,28.6,45.3,30.4
0,Paris,2025-06-15T16:00,18.8,28.6,51.9,31.7
0,Paris,2025-06-15T17:00,18.2,28.5,56.5,32.8
0,Paris,2025-06-15T18:00,17.7,28.1,59,33.8
0,Paris,2025-06-15T19:00,18.7,28.1,50,31.9
0,Paris,2025-06-15T20:00,20.9,28.2,34.8,28.6
0,Paris,2025-06-15T21:00,23.1,28.6,23.5,25.9
0,Paris,2025-06-15T22:00,24.3,28.8,18.4,24.5
0,Paris,2025-06-15T23:00,25,28.5,13.9,23.9
0,Paris,2025-06-16T00:00,26.2,28,6.7,22.8
0,Paris,2025-06-16T01:00,27.3,27.7,1.5,21.9
0,Paris,2025-06-16T02:00,28.2,27.7,0,21.2
0,Paris,2025-06-16T03:00,29.7,28.6,0,20.1
0,Paris,2025-06-16T04:00,32.6,30.6,0,18.3
0,Paris,2025-06-16T05:00,32.2,31.1,0,18.5
0,Paris,2025-06-16T06:00,28.2,31.7,12.3,21.2
0,Paris,2025-06-16T07:00,20,30.2,50.9,29.9
0,Paris,2025-06-16T08:00,15.1,28.6,88.9,39.6
0,Paris,2025-06-16T09:00,15.4,28.4,83.8,38.7
0,Paris,2025-06-16T10:00,17,28.4,66.6,35.1
0,Paris,2025-06-16T11:00,17.1,28,63.6,34.9
0,Paris,2025-06-16T12:00,17.5,27.9,59.5,34.1
0,Paris,2025-06-16T13:00,18.1,27.9,54.3,33.1
0,Paris,2025-06-16T14:00,18.3,27.9,52.1,32.6
0,Paris,2025-06-16T15:00,17.4,27.6,58.6,34.4
0,Paris,2025-06-16T16:00,16.5,27.5,67,36.3
0,Paris,2025-06-16T17:00,15.3,27,76.2,39
0,Paris,2025-06-16T18:00,16,27.3,70.6,37.3
0,Paris,2025-06-16T19:00,17.8,27.6,55.1,33.6
0,Paris,2025-06-16T20:00,21.3,27.7,29.7,28
0,Paris,2025-06-16T21:00,23.5,27.5,17,25.4
0,Paris,2025-06-16T22:00,23.2,27.4,17.9,25.7
0,Paris,2025-06-16T23:00,23.7,27.2,14.7,25.2
0,Paris,2025-06-17T00:00,25.7,27.6,7.3,23.2
0,Paris,2025-06-17T01:00,26.7,27.1,1.7,22.4
0,Paris,2025-06-17T02:00,27.5,27.1,0,21.7
0,Paris,2025-06-17T03:00,28.9,28.1,0,20.6
0,Paris,2025-06-17T04:00,31.5,30,0,19
0,Paris,2025-06-17T05:00,31.7,31,0,18.8
0,Paris,2025-06-17T06:00,28.1,31.7,12.8,21.3
0,Paris,2025-06-17T07:00,19.7,30,51.9,30.3
0,Paris,2025-06-17T08:00,14.7,28.2,91.8,40.7
0,Paris,2025-06-17T09:00,15.2,28.4,87.1,39.4
0,Paris,2025-06-17T10:00,17,28.7,68.6,35.1
0,Paris,2025-06-17T11:00,17.3,28.5,64.7,34.5
0,Paris,2025-06-17T12:00,17.2,28.2,63.5,34.7
0,Paris,2025-06-17T13:00,17.6,28.1,59.4,33.9
0,Paris,2025-06-17T14:00,17.7,28.2,58.9,33.7
0,Paris,2025-06-17T15:00,16.5,27.8,68.6,36.3
0,Paris,2025-06-17T16:00,15.7,27.6,75.7,38.1
0,Paris,2025-06-17T17:00,15,27.1,81.1,39.9
0,Paris,2025-06-17T18:00,15,26.9,79.3,39.9
0,Paris,2025-06-17T19:00,16.2,27,66.3,36.9
0,Paris,2025-06-17T20:00,20.1,27.7,37.5,29.7
0,Paris,2025-06-17T21:00,22.2,27.2,22.5,26.9
0,Paris,2025-06-17T22:00,21.6,27.1,25.5,27.7
0,Paris,2025-06-17T23:00,21.5,27.2,26.5,27.8
0,Paris,2025-06-18T00:00,22.7,26.9,18.6,26.3
0,Paris,2025-06-18T01:00,25.3,26.4,4.1,23.6
0,Paris,2025-06-18T02:00,26.8,26.5,0,22.3
0,Paris,2025-06-18T03:00,28.4,27.4,0,21.1
0,Paris,2025-06-18T04:00,31.2,29.5,0,19.2
0,Paris,2025-06-18T05:00,31.5,30.7,0,18.9
0,Paris,2025-06-18T06:00,28,31.4,12.2,21.3
0,Paris,2025-06-18T07:00,20.6,30.3,46.5,29
0,Paris,2025-06-18T08:00,16.3,28.9,76.7,36.6
0,Paris,2025-06-18T09:00,16.6,28.8,73.1,35.9
0,Paris,2025-06-18T10:00,16.9,28.4,68.1,35.4
0,Paris,2025-06-18T11:00,16.9,28.4,67.4,35.3
0,Paris,2025-06-18T12:00,16.6,28.1,68.6,36
0,Paris,2025-06-18T13:00,16.8,27.8,65.1,35.6
0,Paris,2025-06-18T14:00,16.6,27.6,66,36
0,Paris,2025-06-18T15:00,16.1,27.4,70.2,37.1
0,Paris,2025-06-18T16:00,15.4,27.3,77.3,38.9
0,Paris,2025-06-18T17:00,14.4,26.8,86.6,41.6
0,Paris,2025-06-18T18:00,14.6,27,84.5,40.9
0,Paris,2025-06-18T19:00,16,27.1,69.4,37.4
0,Paris,2025-06-18T20:00,19.7,27.5,39.7,30.4
0,Paris,2025-06-18T21:00,22,27.3,24,27.2
0,Paris,2025-06-18T22:00,21.1,26.9,27.5,28.3
0,Paris,2025-06-18T23:00,19.9,26.4,32.5,30.1
0,Paris,2025-06-19T00:00,21,26.2,24.9,28.5
0,Paris,2025-06-19T01:00,23.9,25.8,8.1,25
0,Paris,2025-06-19T02:00,25.2,25.7,1.8,23.7
0,Paris,2025-06-19T03:00,27.1,26.4,0,22.1
0,Paris,2025-06-19T04:00,29.6,28.3,0,20.2
0,Paris,2025-06-19T05:00,30.6,29.9,0,19.5
0,Paris,2025-06-19T06:00,28.3,31.6,11.7,21.1
0,Paris,2025-06-19T07:00,19.6,29.9,52.2,30.4
0,Paris,2025-06-19T08:00,14.4,28,94.1,41.5
0,Paris,2025-06-19T09:00,14.4,27.9,93,41.4
0,Paris,2025-06-19T10:00,15.9,28.4,78.1,37.5
0,Paris,2025-06-19T11:00,16.5,28.2,71,36.2
0,Paris,2025-06-19T12:00,16.2,27.8,71.6,37
0,Paris,2025-06-19T13:00,16.7,27.7,65.4,35.7
0,Paris,2025-06-19T14:00,16.7,27.6,65.5,35.8
0,Paris,2025-06-19T15:00,15.9,27.4,72.3,37.6
0,Paris,2025-06-19T16:00,14.7,27,83.1,40.6
0,Paris,2025-06-19T17:00,13.8,26.7,93.9,43.4
0,Paris,2025-06-19T18:00,13.3,26.6,99.1,44.9
0,Paris,2025-06-19T19:00,14.1,26.6,88.2,42.3
0,Paris,2025-06-19T20:00,18.1,27.3,50.9,33
0,Paris,2025-06-19T21:00,21.9,27.7,26.3,27.3
0,Paris,2025-06-19T22:00,22.5,28,24.4,26.6
0,Paris,2025-06-19T23:00,22.5,28.2,25.5,26.6
0,Paris,2025-06-20T00:00,24.3,28.6,17.4,24.6
0,Paris,2025-06-20T01:00,24.6,27.2,10.5,24.3
0,Paris,2025-06-20T02:00,25,26.6,6,23.9
0,Paris,2025-06-20T03:00,27.2,27,0,22
0,Paris,2025-06-20T04:00,29.8,28.5,0,20
0,Paris,2025-06-20T05:00,30.3,29.6,0,19.8
0,Paris,2025-06-20T06:00,27.6,31.2,12.9,21.6
0,Paris,2025-06-20T07:00,22,30.5,38.4,27.2
0,Paris,2025-06-20T08:00,18.3,29.3,60,32.7
0,Paris,2025-06-20T09:00,17.3,28.9,66.5,34.5
0,Paris,2025-06-20T10:00,16.2,28.1,73,36.9
0,Paris,2025-06-20T11:00,16.3,28.2,73.1,36.7
0,Paris,2025-06-20T12:00,16.1,27.8,72,37.1
0,Paris,2025-06-20T13:00,16.4,27.6,67.3,36.3
0,Paris,2025-06-20T14:00,16.2,27.4,69.3,36.9
0,Paris,2025-06-20T15:00,14.6,26.7,82.1,40.9
0,Paris,2025-06-20T16:00,13.8,26.4,91.3,43.3
0,Paris,2025-06-20T17:00,13.9,26.8,91.6,42.8
0,Paris,2025-06-20T18:00,14.7,26.9,83.4,40.8
0,Paris,2025-06-20T19:00,16.1,27.2,68.7,37.1
0,Paris,2025-06-20T20:00,18.3,27.3,49.1,32.6
0,Paris,2025-06-20T21:00,20.3,27.5,35.2,29.4
0,Paris,2025-06-20T22:00,21.3,27.9,30.9,28.1
0,Paris,2025-06-20T23:00,20.6,27.9,35.3,29
0,Paris,2025-06-21T00:00,20.7,27.7,33.8,28.8
0,Paris,2025-06-21T01:00,22,27.4,24.7,27.2
0,Paris,2025-06-21T02:00,22.5,26.7,18.6,26.6
0,Paris,2025-06-21T03:00,24.5,26.8,9.4,24.4
0,Paris,2025-06-21T04:00,26.3,27.2,3.5,22.7
0,Paris,2025-06-21T05:00,28.6,28.7,0.5,20.9
0,Paris,2025-06-21T06:00,29.9,30.1,0.7,20
0,Paris,2025-06-21T07:00,29.4,31.2,6,20.3
0,Paris,2025-06-21T08:00,28,31.2,11.5,21.4
0,Paris,2025-06-21T09:00,24.5,30.3,23.4,24.4
0,Paris,2025-06-21T10:00,22.3,29.8,33.4,26.8
0,Paris,2025-06-21T11:00,20.5,29,41.1,29.1
0,Paris,2025-06-21T12:00,19.4,28.2,45.1,30.8
0,Paris,2025-06-21T13:00,19.8,28.1,42.3,30.2
0,Paris,2025-06-21T14:00,19.9,28,40.5,30
0,Paris,2025-06-21T15:00,19.6,28,42.7,30.5
0,Paris,2025-06-21T16:00,19.4,28,44.2,30.8
0,Paris,2025-06-21T17:00,19.1,28.1,47.4,31.3
0,Paris,2025-06-21T18:00,18.6,28.1,50.3,32
0,Paris,2025-06-21T19:00,18.5,27.9,50.8,32.4
0,Paris,2025-06-21T20:00,18.7,28,49.1,31.9
0,Paris,2025-06-21T21:00,18,27.6,52.6,33.1
0,Paris,2025-06-21T22:00,18.5,28,51.5,32.4
0,Paris,2025-06-21T23:00,18.6,28.6,53.5,32.1
0,Paris,2025-06-22T00:00,18.3,28.9,57.9,32.7
0,Paris,2025-06-22T01:00,18.4,28.3,53.8,32.5
0,Paris,2025-06-22T02:00,19.1,27.8,44.9,31.2
0,Paris,2025-06-22T03:00,19.8,27.1,36.9,30.2
0,Paris,2025-06-22T04:00,21.4,27.2,27.2,28
0,Paris,2025-06-22T05:00,23.9,28,17.2,25
0,Paris,2025-06-22T06:00,27.6,29.1,5.1,21.6
0,Paris,2025-06-22T07:00,29,30,3.5,20.6
0,Paris,2025-06-22T08:00,28.5,30.2,5.8,20.9
0,Paris,2025-06-22T09:00,26.5,30,13.1,22.5
0,Paris,2025-06-22T10:00,25.1,30,19.5,23.8
0,Paris,2025-06-22T11:00,23.2,29.9,28.4,25.7
0,Paris,2025-06-22T12:00,20.9,29,38.9,28.6
0,Paris,2025-06-22T13:00,21.5,28.9,34.1,27.8
0,Paris,2025-06-22T14:00,21.5,28.9,34.2,27.8
0,Paris,2025-06-22T15:00,20.2,28.5,41.2,29.6
0,Paris,2025-06-22T16:00,19.8,28.6,44.1,30.1
0,Paris,2025-06-22T17:00,19.5,28.7,46.9,30.6
0,Paris,2025-06-22T18:00,19.3,28.8,48.8,30.9
0,Paris,2025-06-22T19:00,19.6,28.2,43.5,30.5
0,Paris,2025-06-22T20:00,21.3,28.2,32.3,28
0,Paris,2025-06-22T21:00,23.1,28.4,23,25.9
0,Paris,2025-06-22T22:00,23.8,28.6,20,25.1
0,Paris,2025-06-22T23:00,25,28.9,15.3,23.9
0,Paris,2025-06-23T00:00,26,28.7,10.3,23
0,Paris,2025-06-23T01:00,25.9,27.1,4.9,23.1
0,Paris,2025-06-23T02:00,25.8,26.7,3.3,23.1
0,Paris,2025-06-23T03:00,28.3,27.8,0,21.1
0,Paris,2025-06-23T04:00,30.8,29.3,0,19.4
0,Paris,2025-06-23T05:00,31.5,30.6,0,19
0,Paris,2025-06-23T06:00,28.4,31.6,11.4,21.1
0,Paris,2025-06-23T07:00,21,30.7,46.1,28.5
0,Paris,2025-06-23T08:00,16.2,28.9,78,36.9
0,Paris,2025-06-23T09:00,16,28.5,78.2,37.4
0,Paris,2025-06-23T10:00,17.2,28.3,64.6,34.8
0,Paris,2025-06-23T11:00,17.9,28.5,59.7,33.5
0,Paris,2025-06-23T12:00,17.8,28.3,58.7,33.6
0,Paris,2025-06-23T13:00,18.1,28.2,55.3,33
0,Paris,2025-06-23T14:00,18.2,28.1,54.4,32.8
0,Paris,2025-06-23T15:00,17,27.9,63.6,35.1
0,Paris,2025-06-23T16:00,15.6,27.3,74.9,38.3
0,Paris,2025-06-23T17:00,14.6,27,83.9,40.8
0,Paris,2025-06-23T18:00,14.8,27.1,82.3,40.3
0,Paris,2025-06-23T19:00,16.8,27.4,62.4,35.5
0,Paris,2025-06-23T20:00,21.2,27.8,31,28.2
0,Paris,2025-06-23T21:00,23.5,27.6,17,25.4
0,Paris,2025-06-23T22:00,23,27.6,19.9,26
0,Paris,2025-06-23T23:00,22.4,27.4,22.1,26.6
0,Paris,2025-06-24T00:00,24.8,27.3,9.9,24.1
0,Paris,2025-06-24T01:00,26.3,26.7,1.7,22.8
0,Paris,2025-06-24T02:00,27.2,26.6,0,22
0,Paris,2025-06-24T03:00,29.2,27.9,0,20.5
0,Paris,2025-06-24T04:00,32.3,30.3,0,18.5
0,Paris,2025-06-24T05:00,31.8,31,0,18.8
0,Paris,2025-06-24T06:00,27.8,31.4,12.7,21.5
0,Paris,2025-06-24T07:00,20.4,30.2,47.8,29.3
0,Paris,2025-06-24T08:00,15.8,28.7,81,37.8
0,Paris,2025-06-24T09:00,15.5,28.5,83.7,38.6
0,Paris,2025-06-24T10:00,16.7,28.5,70.4,35.8
0,Paris,2025-06-24T11:00,16.9,28.3,67.7,35.4
0,Paris,2025-06-24T12:00,16.4,27.9,69.6,36.3
0,Paris,2025-06-24T13:00,16.4,27.7,68.6,36.5
0,Paris,2025-06-24T14:00,15.9,27.3,70.9,37.5
0,Paris,2025-06-24T15:00,15.4,27.1,76.5,38.9
0,Paris,2025-06-24T16:00,15,27.2,80.4,39.7
0,Paris,2025-06-24T17:00,14.5,27,86.6,41.3
0,Paris,2025-06-24T18:00,14.1,26.5,87.5,42.4
0,Paris,2025-06-24T19:00,15.5,26.8,72.1,38.5
0,Paris,2025-06-24T20:00,19.6,27.5,40.2,30.5
0,Paris,2025-06-24T21:00,22.3,27.5,23.3,26.8
0,Paris,2025-06-24T22:00,23,27.9,21,25.9
0,Paris,2025-06-24T23:00,22.6,28,23.7,26.4
0,Paris,2025-06-25T00:00,24.1,27.9,15.3,24.8
0,Paris,2025-06-25T01:00,25.5,26.9,5.7,23.5
0,Paris,2025-06-25T02:00,26.7,26.9,0.9,22.4
0,Paris,2025-06-25T03:00,28.5,27.8,0,21
0,Paris,2025-06-25T04:00,30.9,29.6,0,19.3
0,Paris,2025-06-25T05:00,31.2,30.6,0,19.2
0,Paris,2025-06-25T06:00,27.7,31.2,12.8,21.6
0,Paris,2025-06-25T07:00,20.7,30.2,45.8,28.9
0,Paris,2025-06-25T08:00,16.3,28.8,76.5,36.6
0,Paris,2025-06-25T09:00,16.1,28.7,77.6,37.1
0,Paris,2025-06-25T10:00,16.4,28.7,74.4,36.4
0,Paris,2025-06-25T11:00,16.4,28.4,72.8,36.4
0,Paris,2025-06-25T12:00,16,27.9,73.9,37.4
0,Paris,2025-06-25T13:00,16.2,27.6,70.1,36.9
0,Paris,2025-06-25T14:00,16.2,27.6,69.9,36.9
0,Paris,2025-06-25T15:00,15.4,27.3,76.5,38.7
0,Paris,2025-06-25T16:00,14.8,26.9,81.4,40.3
0,Paris,2025-06-25T17:00,13.6,26.3,92.4,43.8
0,Paris,2025-06-25T18:00,13.1,26,97.7,45.4
0,Paris,2025-06-25T19:00,14.5,26.4,81.7,41.2
0,Paris,2025-06-25T20:00,18.4,27.1,46.9,32.4
0,Paris,2025-06-25T21:00,18,26.6,47.2,33.1
0,Paris,2025-06-25T22:00,20,26.8,33.8,29.9
0,Paris,2025-06-25T23:00,21.4,27.3,27.7,28
0,Paris,2025-06-26T00:00,23.5,27.3,16.2,25.4
0,Paris,2025-06-26T01:00,25.3,26.7,5.6,23.6
0,Paris,2025-06-26T02:00,26,26.4,1.6,23
0,Paris,2025-06-26T03:00,27.4,26.9,0,21.8
0,Paris,2025-06-26T04:00,29.7,28.7,0,20.1
0,Paris,2025-06-26T05:00,30,29.7,0,19.9
0,Paris,2025-06-26T06:00,26.8,30.9,15.4,22.3
0,Paris,2025-06-26T07:00,20.3,30,47.4,29.4
0,Paris,2025-06-26T08:00,15,28.3,88.1,39.8
0,Paris,2025-06-26T09:00,15.2,28.2,85.9,39.4
0,Paris,2025-06-26T10:00,16.1,28.2,75.2,37.2
0,Paris,2025-06-26T11:00,15.5,27.8,79.4,38.6
0,Paris,2025-06-26T12:00,15.2,27.5,81.2,39.4
0,Paris,2025-06-26T13:00,15.9,27.6,73.5,37.7
0,Paris,2025-06-26T14:00,16,27.6,72.7,37.4
0,Paris,2025-06-26T15:00,14.9,27.2,81.9,40
0,Paris,2025-06-26T16:00,14.2,27.1,90.7,42.2
0,Paris,2025-06-26T17:00,13.2,26.7,101.4,45.2
0,Paris,2025-06-26T18:00,13.4,26.9,100,44.6
0,Paris,2025-06-26T19:00,14.6,26.8,82.7,40.8
0,Paris,2025-06-26T20:00,18.1,27.2,49.9,33
0,Paris,2025-06-26T21:00,21.4,27.5,28.2,27.9
0,Paris,2025-06-26T22:00,22.2,28.1,26.2,26.9
0,Paris,2025-06-26T23:00,20.8,27.8,33.6,28.8
0,Paris,2025-06-27T00:00,23.2,27.8,19.5,25.7
0,Paris,2025-06-27T01:00,24.4,26.8,9.7,24.4
0,Paris,2025-06-27T02:00,25,26.5,5.8,23.9
0,Paris,2025-06-27T03:00,26.7,26.8,0.3,22.4
0,Paris,2025-06-27T04:00,29.1,28.2,0,20.5
0,Paris,2025-06-27T05:00,29.6,29.3,0,20.2
0,Paris,2025-06-27T06:00,27.8,31,11.5,21.5
0,Paris,2025-06-27T07:00,21.7,30.4,40,27.6
0,Paris,2025-06-27T08:00,18.1,29.2,60.9,32.9
0,Paris,2025-06-27T09:00,16.7,28.5,70.8,35.8
0,Paris,2025-06-27T10:00,17,28.4,66.9,35.1
0,Paris,2025-06-27T11:00,16.7,28.3,68.9,35.7
0,Paris,2025-06-27T12:00,16.2,27.7,71,36.9
0,Paris,2025-06-27T13:00,16.6,27.6,66.1,36
0,Paris,2025-06-27T14:00,16.7,27.6,65.1,35.8
0,Paris,2025-06-27T15:00,15.3,27.4,78.9,39
0,Paris,2025-06-27T16:00,14.3,27.1,88.9,41.7
0,Paris,2025-06-27T17:00,13.9,27,94.1,43.1
0,Paris,2025-06-27T18:00,14.3,27,87.7,41.6
0,Paris,2025-06-27T19:00,15.3,26.8,74.6,39
0,Paris,2025-06-27T20:00,18.5,27.4,48.2,32.4
0,Paris,2025-06-27T21:00,21.1,27.7,31.1,28.3
0,Paris,2025-06-27T22:00,21.9,27.7,26.5,27.3
0,Paris,2025-06-27T23:00,21.2,27.8,31.2,28.2
0,Paris,2025-06-28T00:00,21.9,28,27.7,27.3
0,Paris,2025-06-28T01:00,23.2,27.6,18.7,25.7
0,Paris,2025-06-28T02:00,24.1,27.4,13.4,24.8
0,Paris,2025-06-28T03:00,25.7,27.6,7,23.2
0,Paris,2025-06-28T04:00,27.3,27.8,1.9,21.9
0,Paris,2025-06-28T05:00,28.7,28.8,0,20.8
0,Paris,2025-06-28T06:00,29.6,29.8,0.6,20.2
0,Paris,2025-06-28T07:00,28.7,30.8,7.2,20.8
0,Paris,2025-06-28T08:00,27.4,30.8,12.2,21.8
0,Paris,2025-06-28T09:00,23.9,30.1,25.6,25
0,Paris,2025-06-28T10:00,21.2,29.3,38.1,28.2
0,Paris,2025-06-28T11:00,19.2,28.6,48.6,31.1
0,Paris,2025-06-28T12:00,18.3,28.2,53.5,32.6
0,Paris,2025-06-28T13:00,18.4,28.1,52.2,32.4
0,Paris,2025-06-28T14:00,17.7,28.1,59.1,33.8
0,Paris,2025-06-28T15:00,17.4,28.3,62.5,34.4
0,Paris,2025-06-28T16:00,16.8,28.2,67.7,35.6
0,Paris,2025-06-28T17:00,17,28.3,66.5,35.1
0,Paris,2025-06-28T18:00,17,28.3,65.7,35.1
0,Paris,2025-06-28T19:00,17,27.9,63.6,35.1
0,Paris,2025-06-28T20:00,17.7,27.1,52.7,33.7
0,Paris,2025-06-28T21:00,19.6,27.3,38.8,30.4
0,Paris,2025-06-28T22:00,21.5,28,29.7,27.7
0,Paris,2025-06-28T23:00,20.7,28.1,35.7,28.9
0,Paris,2025-06-29T00:00,20.3,28.5,40.2,29.4
0,Paris,2025-06-29T01:00,22.2,28.5,28.3,26.9
0,Paris,2025-06-29T02:00,23,27.7,20.7,26
0,Paris,2025-06-29T03:00,24.4,27.5,12.6,24.5
0,Paris,2025-06-29T04:00,26.1,27.6,5.6,22.9
0,Paris,2025-06-29T05:00,28.1,28.6,1.9,21.3
0,Paris,2025-06-29T06:00,30,29.6,0,19.9
0,Paris,2025-06-29T07:00,29.8,30.2,1.3,20
0,Paris,2025-06-29T08:00,29.2,30.6,4.7,20.4
0,Paris,2025-06-29T09:00,27.2,30.5,11.7,21.9
0,Paris,2025-06-29T10:00,24.8,30,21.1,24.1
0,Paris,2025-06-29T11:00,22.5,29.4,30.6,26.6
0,Paris,2025-06-29T12:00,20.6,28.8,39.5,29
0,Paris,2025-06-29T13:00,21,28.7,36.4,28.4
0,Paris,2025-06-29T14:00,20.7,28.5,37.3,28.8
0,Paris,2025-06-29T15:00,19.4,28.4,46.7,30.9
0,Paris,2025-06-29T16:00,19.2,28.3,47.2,31.1
0,Paris,2025-06-29T17:00,18.6,28.4,52.1,32
0,Paris,2025-06-29T18:00,18.7,28.3,50.8,31.9
0,Paris,2025-06-29T19:00,18.8,27.9,47.9,31.7
0,Paris,2025-06-29T20:00,20.7,28,35,28.9
0,Paris,2025-06-29T21:00,23,28.5,23.7,26
0,Paris,2025-06-29T22:00,23.7,29,22.2,25.2
0,Paris,2025-06-29T23:00,23.9,29,21.2,25
0,Paris,2025-06-30T00:00,25.1,29,15.3,23.8
0,Paris,2025-06-30T01:00,26.1,27.6,5.5,22.9
0,Paris,2025-06-30T02:00,27.3,27.4,0.3,21.9
0,Paris,2025-06-30T03:00,28.8,27.9,0,20.7
0,Paris,2025-06-30T04:00,31.6,29.8,0,18.9
0,Paris,2025-06-30T05:00,31.9,30.8,0,18.8
0,Paris,2025-06-30T06:00,28.4,31.6,11.1,21
0,Paris,2025-06-30T07:00,21.2,30.5,43.6,28.1
0,Paris,2025-06-30T08:00,16.5,28.8,74.5,36.2
0,Paris,2025-06-30T09:00,16.2,28.3,74.1,36.9
0,Paris,2025-06-30T10:00,17.1,28.3,65,34.9
0,Paris,2025-06-30T11:00,16.2,27.5,69.5,36.9
0,Paris,2025-06-30T12:00,16.3,27.3,67.3,36.7
0,Paris,2025-06-30T13:00,16.5,27.4,65.8,36.3
0,Paris,2025-06-30T14:00,16.6,27.4,64.1,35.9
0,Paris,2025-06-30T15:00,16.3,27.4,67.6,36.6
0,Paris,2025-06-30T16:00,15.5,27.1,74.3,38.5
0,Paris,2025-06-30T17:00,15,26.8,78.7,39.9
0,Paris,2025-06-30T18:00,15.4,26.9,74.8,38.9
0,Paris,2025-06-30T19:00,16.6,27,62.8,36
0,Paris,2025-06-30T20:00,20.6,27.7,34.6,29
0,Paris,2025-06-30T21:00,23,27.5,19.4,26
0,Paris,2025-06-30T22:00,22.6,27.1,19.6,26.4
0,Paris,2025-06-30T23:00,22.3,26.9,20.2,26.8
